latitude,longitude,date,Mean_estimated_fire_brightness,Mean_confidence,Temperature,Precipitation,WindSpeed,SoilWaterContent,SolarRadiation,RelativeHumidity
-35.5034,141.092,2012-10-19,320.5,61,20.1,0.0,25.2,0.059,27.12,42
-35.492,141.0903,2012-10-19,379.7,100,20.1,0.0,25.2,0.059,27.12,42
-35.484,141.0524,2012-10-19,341.5,70,20.0,0.0,25.2,0.059,27.12,42
-34.8495,145.787,2012-10-19,338.7,86,23.1,0.0,20.1,0.14,26.02,41
-34.851,145.7759,2012-10-19,330.3,75,22.9,0.0,20.1,0.14,26.02,42
-35.575,141.0544,2012-10-19,326.3,68,19.9,0.0,25.2,0.042,27.12,42
-35.566,141.0456,2012-10-19,323.5,39,19.7,0.0,25.2,0.044,27.12,43
-35.5298,141.059,2012-10-19,336.8,68,20.0,0.0,25.2,0.059,27.12,42
-31.549,152.0853,2012-10-19,326.0,78,20.1,0.0,11.6,0.242,22.83,57
-33.671,151.1098,2012-10-19,318.9,73,19.5,0.0,11.7,0.217,25.1,65
-33.6738,151.0947,2012-10-19,324.3,79,19.7,0.0,11.7,0.217,25.1,65
-32.7247,150.7586,2012-10-19,321.4,62,20.8,0.0,15.2,0.218,20.64,54
-31.7402,151.9937,2012-10-19,322.8,63,19.9,0.0,11.6,0.221,22.83,54
-31.7438,151.9753,2012-10-19,323.7,65,19.6,0.0,15.4,0.228,23.61,56
-32.6509,146.3227,2012-10-19,331.0,73,25.7,0.2,29.8,0.128,25.37,24
-32.6524,146.312,2012-10-19,340.1,85,25.7,0.2,29.8,0.128,25.37,24
-31.5455,152.1033,2012-10-19,347.0,93,20.3,0.0,11.6,0.242,22.83,57
-29.0044,152.2862,2012-10-19,321.5,66,19.1,2.0,13.9,0.287,26.22,62
-29.5245,152.6062,2012-10-19,317.5,48,21.7,0.5,11.5,0.293,25.3,69
-29.0152,152.2941,2012-10-19,321.1,58,18.9,2.0,13.9,0.287,26.22,62
-29.7496,151.9461,2012-10-19,328.4,81,17.8,1.2,14.7,0.282,25.65,67
-29.7375,151.9431,2012-10-19,327.2,80,17.5,2.2,14.7,0.282,26.2,67
-29.7422,151.9586,2012-10-19,327.9,65,17.3,2.2,14.7,0.364,26.2,66
-29.7462,151.938,2012-10-19,325.6,73,17.5,2.2,14.7,0.282,26.2,67
-29.539,152.5922,2012-10-19,327.1,65,21.8,0.5,11.5,0.293,25.3,69
-30.8767,152.2868,2012-10-19,364.9,100,17.5,0.0,17.9,0.244,22.74,58
-30.8791,152.2497,2012-10-19,354.5,100,17.4,0.0,17.9,0.244,22.74,58
-30.8816,152.2107,2012-10-19,325.9,100,17.6,0.0,17.9,0.244,22.74,58
-30.8739,152.2035,2012-10-19,312.1,60,17.6,0.0,17.9,0.244,23.99,58
-30.8607,152.285,2012-10-19,331.5,100,17.5,0.0,17.9,0.244,23.99,58
-30.8631,152.2479,2012-10-19,306.3,39,17.5,0.0,17.9,0.244,23.99,58
-30.8685,152.2792,2012-10-19,345.9,100,17.4,0.0,17.9,0.244,23.99,58
-30.8712,152.2417,2012-10-19,323.5,100,17.7,0.2,16.6,0.244,23.95,58
-30.8526,152.2773,2012-10-19,316.7,94,17.6,0.2,16.6,0.244,23.95,58
-31.3795,146.7254,2012-10-19,305.2,63,24.9,0.0,20.4,0.12,23.32,26
-31.3899,146.7069,2012-10-19,302.7,51,24.9,0.0,20.4,0.12,23.32,26
-28.5218,143.7119,2012-10-19,329.1,100,31.3,0.0,26.8,0.024,23.86,16
-29.2309,145.8156,2012-10-19,309.7,78,29.0,0.8,22.3,0.039,22.12,21
-29.2174,145.8118,2012-10-19,306.7,19,29.0,0.8,22.3,0.039,22.12,21
-29.2009,145.7537,2012-10-19,347.4,100,29.0,0.8,22.3,0.039,22.12,21
-29.2062,145.7286,2012-10-19,332.9,100,29.0,0.8,22.3,0.07,22.12,21
-29.1875,145.75,2012-10-19,314.7,15,29.0,0.8,22.3,0.039,22.12,21
-29.1443,145.7846,2012-10-19,305.1,60,29.2,0.8,22.3,0.059,22.12,21
-29.1114,145.669,2012-10-19,300.1,13,29.2,0.0,21.8,0.062,22.78,21
-28.5419,143.7628,2012-10-19,321.2,100,31.5,0.0,26.8,0.024,23.86,16
-28.5457,143.7437,2012-10-19,324.9,94,31.4,0.0,26.8,0.024,23.86,16
-28.5494,143.7247,2012-10-19,322.4,100,31.4,0.0,26.8,0.024,23.86,16
-28.5531,143.7057,2012-10-19,306.4,60,31.4,0.0,26.8,0.025,23.86,16
-28.53,143.7597,2012-10-19,310.4,27,31.5,0.0,26.8,0.024,23.86,16
-28.5375,143.7216,2012-10-19,314.6,53,31.4,0.0,26.8,0.024,23.86,16
-28.5412,143.7026,2012-10-19,310.1,39,31.3,0.0,26.8,0.024,23.86,16
-28.5348,143.7755,2012-10-19,310.2,74,31.6,0.0,26.8,0.024,23.86,16
-28.5384,143.7563,2012-10-19,325.1,100,31.5,0.0,26.8,0.024,23.86,16
-28.542,143.7372,2012-10-19,325.3,100,31.4,0.0,26.8,0.024,23.86,16
-28.5456,143.7182,2012-10-19,323.2,100,31.4,0.0,26.8,0.024,23.86,16
-28.5492,143.6992,2012-10-19,301.6,41,31.3,0.0,26.8,0.024,23.86,16
-28.5265,143.7532,2012-10-19,311.7,83,31.4,0.0,26.8,0.024,23.86,16
-28.5301,143.7341,2012-10-19,311.9,17,31.4,0.0,26.8,0.024,23.86,16
-28.5337,143.715,2012-10-19,323.9,100,31.3,0.0,26.8,0.024,23.86,16
-28.5182,143.731,2012-10-19,334.1,100,31.3,0.0,26.8,0.024,23.86,16
-29.2256,145.8411,2012-10-19,303.0,13,29.0,0.8,22.3,0.039,22.12,21
-28.5026,143.747,2012-10-19,336.7,100,31.3,0.0,26.8,0.024,23.86,16
-28.5063,143.7278,2012-10-19,356.2,100,31.2,0.0,26.8,0.024,23.86,16
-28.5099,143.7088,2012-10-19,313.0,86,31.2,0.0,26.8,0.024,23.86,16
-28.4869,143.763,2012-10-19,308.0,34,31.4,0.0,26.8,0.024,23.86,16
-29.223,145.8188,2012-10-19,309.4,52,29.0,0.8,22.3,0.039,22.12,21
-28.4906,143.7438,2012-10-19,376.7,100,31.2,0.0,26.8,0.024,23.86,16
-28.4943,143.7247,2012-10-19,352.6,100,31.1,0.0,26.8,0.024,23.86,16
-28.4787,143.7406,2012-10-19,369.7,100,31.1,0.0,26.8,0.024,23.86,16
-28.4824,143.7217,2012-10-19,320.7,100,31.2,0.0,26.8,0.024,23.86,16
-28.6062,145.3968,2012-10-19,342.0,100,30.3,0.0,25.2,0.109,24.85,19
-28.6098,145.415,2012-10-19,328.8,100,30.2,0.0,25.2,0.109,24.85,19
-28.6132,145.4329,2012-10-19,313.5,35,30.2,0.0,25.2,0.109,24.85,19
-28.6167,145.4508,2012-10-19,318.4,97,30.5,0.0,25.2,0.105,24.85,19
-28.6201,145.4686,2012-10-19,312.5,65,30.5,0.0,25.2,0.105,24.85,19
-28.6179,145.3939,2012-10-19,304.9,41,30.3,0.0,25.2,0.109,24.85,19
-28.6214,145.412,2012-10-19,312.2,43,30.2,0.0,25.2,0.109,24.85,19
-28.6482,145.4243,2012-10-19,309.7,21,30.1,0.0,23.9,0.109,23.53,19
-28.6516,145.4423,2012-10-19,312.3,50,30.1,0.0,23.9,0.098,23.53,19
-28.6585,145.478,2012-10-19,315.1,66,30.2,0.0,23.9,0.046,23.53,19
-28.6618,145.4958,2012-10-19,309.8,10,30.2,0.0,23.9,0.046,23.53,19
-28.6633,145.4395,2012-10-19,312.0,31,30.0,0.0,23.9,0.098,23.53,19
-28.4603,143.7433,2012-10-19,309.5,78,31.1,0.0,26.8,0.024,23.86,16
-28.4652,143.7666,2012-10-19,305.7,45,31.2,0.0,26.8,0.024,23.86,16
-28.4735,143.7399,2012-10-19,329.8,100,31.1,0.0,26.8,0.024,23.86,16
-28.4782,143.7631,2012-10-19,312.9,49,31.3,0.0,26.8,0.024,23.86,16
-28.4817,143.7127,2012-10-19,367.3,100,31.4,0.0,26.8,0.024,23.86,16
-28.4865,143.7364,2012-10-19,357.7,100,31.2,0.0,26.8,0.024,23.86,16
-28.4913,143.7595,2012-10-19,319.8,45,31.4,0.0,26.8,0.024,23.86,16
-28.4948,143.7094,2012-10-19,354.5,100,31.1,0.0,26.8,0.024,23.86,16
-28.4996,143.7328,2012-10-19,355.6,100,31.2,0.0,26.8,0.024,23.86,16
-28.5043,143.7559,2012-10-19,320.8,38,31.4,0.0,26.8,0.024,23.86,16
-28.9488,146.0345,2012-10-19,303.0,44,29.7,0.0,22.0,0.041,23.39,20
-28.508,143.7059,2012-10-19,328.8,100,31.2,0.0,26.8,0.024,23.86,16
-28.5127,143.7292,2012-10-19,347.2,100,31.3,0.0,26.8,0.024,23.86,16
-28.5211,143.7023,2012-10-19,320.2,91,31.2,0.0,26.8,0.024,23.86,16
-28.5258,143.7256,2012-10-19,336.7,100,31.3,0.0,26.8,0.024,23.86,16
-28.5389,143.722,2012-10-19,320.7,27,31.4,0.0,26.8,0.024,23.86,16
-28.5091,143.725,2012-10-19,342.4,100,31.2,0.0,26.8,0.024,23.86,16
-28.5222,143.7214,2012-10-19,343.7,100,31.3,0.0,26.8,0.024,23.86,16
-28.5353,143.7179,2012-10-19,323.2,33,31.4,0.0,26.8,0.024,23.86,16
-28.5484,143.7143,2012-10-19,315.2,30,31.4,0.0,26.8,0.024,23.86,16
-28.5353,143.7179,2012-10-19,323.2,33,31.4,0.0,26.8,0.024,23.86,16
-28.5484,143.7143,2012-10-19,315.2,30,31.4,0.0,26.8,0.024,23.86,16
-29.1445,145.7787,2012-10-19,308.6,75,29.2,0.8,22.3,0.059,22.12,21
-29.1477,145.7954,2012-10-19,304.8,62,29.2,0.8,22.3,0.059,22.12,21
-29.1883,145.6974,2012-10-19,306.2,25,29.0,0.8,22.3,0.07,22.12,21
-29.2244,145.8287,2012-10-19,309.4,20,29.0,0.8,22.3,0.039,22.12,21
-29.2117,145.7726,2012-10-19,312.3,58,29.0,0.8,22.3,0.039,22.12,21
-29.2244,145.839,2012-10-19,310.1,12,29.0,0.8,22.3,0.039,22.12,21
-29.2356,145.8362,2012-10-19,310.1,63,29.0,0.8,22.3,0.039,22.12,21
-29.0,152.3032,2012-10-19,304.7,55,21.6,0.7,12.0,0.288,26.19,61
-29.009,152.3015,2012-10-19,308.3,74,20.6,1.1,12.3,0.354,26.12,63
-28.5945,145.3997,2012-10-19,329.0,100,30.3,0.0,25.2,0.109,24.85,19
-28.5981,145.4178,2012-10-19,335.3,100,30.3,0.0,25.2,0.109,24.85,19
-28.6016,145.4358,2012-10-19,327.9,100,30.2,0.0,25.2,0.109,24.85,19
-29.5194,152.6046,2012-10-19,305.0,54,21.8,0.5,11.5,0.293,25.3,69
-28.5899,145.4077,2012-10-19,317.3,95,30.3,0.0,25.2,0.109,24.85,19
-28.5933,145.4258,2012-10-19,323.0,100,30.2,0.0,25.2,0.109,24.85,19
-28.5967,145.4438,2012-10-19,306.6,69,30.2,0.0,25.2,0.109,24.85,19
-30.8975,152.2103,2012-10-19,308.1,68,17.8,0.0,17.9,0.244,22.74,58
-31.3804,146.7194,2012-10-19,303.8,57,24.9,0.0,20.4,0.12,23.32,26
-31.3828,146.7331,2012-10-19,306.0,66,25.0,0.0,20.4,0.12,23.32,26
-33.6455,151.1754,2012-10-19,304.9,53,20.0,0.0,15.7,0.198,25.76,68
-30.8776,152.2027,2012-10-19,334.7,100,17.6,0.0,17.9,0.244,22.74,58
-30.8791,152.2135,2012-10-19,325.4,99,17.5,0.0,17.9,0.244,22.74,58
-30.8806,152.2244,2012-10-19,395.1,100,17.4,0.0,17.9,0.244,22.74,58
-30.8821,152.2352,2012-10-19,388.5,100,17.5,0.0,17.9,0.244,22.74,58
-30.8836,152.2461,2012-10-19,377.2,100,17.4,0.0,17.9,0.244,22.74,58
-30.899,152.2211,2012-10-19,309.6,78,17.7,0.0,17.9,0.244,22.74,58
-30.885,152.2569,2012-10-19,370.3,100,17.4,0.0,17.9,0.244,22.74,58
-30.8865,152.2678,2012-10-19,376.2,100,17.3,0.0,17.9,0.244,22.74,58
-30.888,152.2787,2012-10-19,369.9,100,17.3,0.0,17.9,0.244,22.74,58
-30.8895,152.2895,2012-10-19,380.7,100,17.2,0.0,17.9,0.244,22.74,58
-30.8883,152.212,2012-10-19,319.8,56,17.9,0.0,17.9,0.244,22.74,58
-30.8898,152.2228,2012-10-19,361.9,100,17.7,0.0,17.9,0.244,22.74,58
-30.8913,152.2336,2012-10-19,350.8,100,17.5,0.0,17.9,0.244,22.74,58
-30.8972,152.2769,2012-10-19,328.1,100,17.2,0.0,17.9,0.244,22.74,58
-30.7187,152.0507,2012-10-19,311.6,45,18.8,0.0,17.2,0.24,22.91,56
-30.7385,152.0579,2012-10-19,318.5,61,18.2,0.2,16.6,0.24,23.95,56
-30.7399,152.0687,2012-10-19,314.8,50,18.5,0.0,17.9,0.24,23.87,56
-30.7476,152.0562,2012-10-19,309.7,45,18.3,0.0,17.9,0.24,23.87,56
-30.8377,152.2546,2012-10-19,328.8,100,18.0,0.0,17.2,0.251,22.91,58
-30.8391,152.2653,2012-10-19,328.4,100,17.7,0.2,16.6,0.251,23.95,58
-30.8406,152.2762,2012-10-19,315.3,63,17.3,0.2,16.6,0.251,23.95,58
-30.8619,152.2945,2012-10-19,336.2,100,17.5,0.0,17.9,0.244,23.99,58
-30.8634,152.3058,2012-10-19,323.9,100,18.0,0.2,16.6,0.244,23.95,58
-30.8652,152.2494,2012-10-19,312.6,19,17.6,0.0,17.9,0.244,23.99,58
-30.8711,152.2929,2012-10-19,348.8,100,17.6,0.0,17.9,0.244,23.99,58
-30.8726,152.3039,2012-10-19,344.9,100,17.6,0.2,16.6,0.244,23.95,58
-30.8627,152.1622,2012-10-19,303.9,46,20.5,0.3,8.7,0.241,23.33,58
-30.8641,152.1725,2012-10-19,308.7,66,19.9,0.0,14.1,0.241,23.37,58
-30.8699,152.2152,2012-10-19,322.7,100,17.6,0.0,17.9,0.244,23.99,58
-30.8714,152.226,2012-10-19,340.9,100,17.5,0.0,17.9,0.244,23.99,58
-30.8729,152.2369,2012-10-19,322.4,96,17.8,0.2,16.6,0.244,23.95,58
-30.8744,152.2477,2012-10-19,326.9,100,17.5,0.0,17.9,0.244,23.99,58
-30.8788,152.2803,2012-10-19,323.2,81,17.4,0.0,17.9,0.244,22.74,58
-30.8803,152.2912,2012-10-19,398.5,100,17.4,0.0,17.9,0.244,22.74,58
-30.8818,152.3021,2012-10-19,357.5,100,17.5,0.0,17.9,0.244,22.74,58
-30.8762,152.1919,2012-10-19,316.4,59,17.5,0.0,17.9,0.244,22.74,58
-34.4598,150.8809,2012-10-19,312.5,85,18.8,0.0,15.5,0.27,25.93,74
-28.5977,145.4136,2012-10-20,334.9,73,30.7,0.0,13.9,0.109,27.83,18
-28.355,149.6104,2012-10-20,328.8,72,29.3,0.0,25.5,0.204,27.08,24
-28.1903,145.7239,2012-10-20,335.0,74,31.2,0.0,16.3,0.094,27.77,19
-28.1918,145.7348,2012-10-20,336.0,76,31.2,0.0,16.3,0.094,27.77,19
-28.6034,148.1387,2012-10-20,330.6,60,30.0,0.0,23.7,0.135,27.07,22
-28.3464,145.6631,2012-10-20,346.6,89,31.3,0.0,16.3,0.039,27.77,18
-28.3557,145.6615,2012-10-20,336.7,77,31.3,0.0,16.3,0.038,27.77,18
-28.5777,145.4059,2012-10-20,339.2,81,30.6,0.0,13.9,0.109,27.83,18
-28.5791,145.4167,2012-10-20,335.1,64,30.6,0.0,13.9,0.109,27.83,18
-28.5806,145.4275,2012-10-20,332.0,45,30.6,0.0,13.9,0.109,27.83,18
-28.582,145.4384,2012-10-20,357.8,98,30.6,0.0,13.9,0.109,27.83,18
-28.5835,145.4492,2012-10-20,349.1,92,30.7,0.0,13.9,0.109,27.83,18
-28.5855,145.3936,2012-10-20,360.8,100,30.7,0.0,13.9,0.109,27.83,18
-28.5869,145.4044,2012-10-20,408.3,100,30.6,0.0,13.9,0.109,27.83,18
-28.5884,145.4152,2012-10-20,355.4,96,30.6,0.0,13.9,0.109,27.83,18
-28.5933,145.3813,2012-10-20,345.5,89,30.7,0.0,13.9,0.109,27.83,18
-28.5947,145.392,2012-10-20,420.2,100,30.7,0.0,13.9,0.109,27.83,18
-28.5962,145.4028,2012-10-20,384.4,100,30.7,0.0,13.9,0.109,27.83,18
-28.5991,145.4244,2012-10-20,335.7,76,30.6,0.0,13.9,0.109,27.83,18
-28.6006,145.4352,2012-10-20,330.7,41,30.6,0.0,13.9,0.109,27.83,18
-28.6133,145.3889,2012-10-20,434.8,100,30.7,0.0,13.9,0.109,27.83,18
-28.6147,145.3997,2012-10-20,376.8,100,30.7,0.0,13.9,0.109,27.83,18
-28.6235,145.4646,2012-10-20,334.1,64,30.9,0.0,13.9,0.106,27.83,17
-28.625,145.4754,2012-10-20,328.3,36,30.9,0.0,13.9,0.106,27.83,17
-28.621,145.3766,2012-10-20,369.0,100,30.8,0.0,13.9,0.109,27.83,18
-28.6225,145.3873,2012-10-20,400.1,100,30.7,0.0,13.9,0.109,27.83,18
-28.624,145.3981,2012-10-20,380.7,100,30.7,0.0,13.9,0.109,27.83,18
-28.6254,145.4089,2012-10-20,329.8,60,30.7,0.0,14.7,0.109,27.9,18
-28.6269,145.4197,2012-10-20,327.7,38,30.6,0.0,14.7,0.109,27.9,18
-28.6303,145.375,2012-10-20,385.5,100,30.7,0.0,14.7,0.109,27.9,18
-28.6318,145.3858,2012-10-20,415.5,100,30.7,0.0,14.7,0.109,27.9,18
-28.6332,145.3965,2012-10-20,417.9,100,30.7,0.0,14.7,0.109,27.9,18
-28.6347,145.4073,2012-10-20,354.0,96,30.7,0.0,14.7,0.109,27.9,18
-28.6395,145.3734,2012-10-20,336.7,78,30.7,0.0,12.1,0.109,27.71,18
-28.641,145.3842,2012-10-20,344.7,88,30.7,0.0,14.7,0.109,27.9,18
-28.6425,145.395,2012-10-20,328.6,53,30.7,0.0,14.7,0.109,27.9,18
-28.644,145.4057,2012-10-20,342.6,85,30.7,0.0,14.7,0.109,27.9,18
-28.6454,145.4165,2012-10-20,344.7,88,30.6,0.0,14.7,0.109,27.9,18
-28.6528,145.4707,2012-10-20,345.8,87,30.4,0.0,14.7,0.046,27.9,18
-28.6543,145.4815,2012-10-20,346.2,89,30.3,0.0,14.7,0.046,27.9,18
-28.6644,145.4401,2012-10-20,327.8,29,30.2,0.0,14.7,0.098,27.9,18
-28.4629,143.7493,2012-10-20,331.5,48,30.7,0.0,21.4,0.024,26.64,15
-28.4645,143.7594,2012-10-20,331.5,50,30.9,0.0,21.4,0.024,26.64,15
-28.4735,143.7578,2012-10-20,339.6,69,30.9,0.0,21.4,0.024,26.64,15
-28.4825,143.7561,2012-10-20,340.0,57,31.0,0.0,21.4,0.024,26.64,15
-28.5413,143.781,2012-10-20,336.4,78,31.3,0.0,21.4,0.024,26.64,15
-28.5457,143.7487,2012-10-20,340.5,73,31.0,0.0,21.4,0.024,26.64,15
-28.5472,143.7589,2012-10-20,343.3,87,31.2,0.0,21.4,0.024,26.64,15
-28.5488,143.7691,2012-10-20,367.2,100,31.3,0.0,21.4,0.024,26.64,15
-28.5503,143.7793,2012-10-20,360.4,100,31.4,0.0,21.4,0.025,26.64,15
-28.5381,143.635,2012-10-20,333.8,54,30.8,0.0,21.4,0.025,26.64,16
-28.5396,143.6452,2012-10-20,343.4,80,30.7,0.0,21.4,0.025,26.64,16
-28.5532,143.7369,2012-10-20,334.8,76,31.1,0.0,21.4,0.025,26.64,15
-28.5547,143.7471,2012-10-20,393.6,100,31.1,0.0,21.4,0.025,26.64,15
-28.5563,143.7573,2012-10-20,415.7,100,31.3,0.0,21.4,0.025,26.64,15
-28.5578,143.7675,2012-10-20,361.5,100,31.4,0.0,21.4,0.025,26.64,15
-28.5471,143.6333,2012-10-20,345.7,89,30.8,0.0,21.4,0.025,26.64,16
-28.5562,143.6944,2012-10-20,336.2,62,31.0,0.0,21.4,0.025,26.64,15
-28.5577,143.7046,2012-10-20,341.4,69,31.1,0.0,21.4,0.025,26.64,15
-28.5592,143.7148,2012-10-20,341.5,68,31.1,0.0,21.4,0.025,26.64,15
-28.5607,143.725,2012-10-20,341.7,69,31.1,0.0,21.4,0.025,26.64,15
-28.5622,143.7352,2012-10-20,397.3,100,31.1,0.0,21.4,0.025,26.64,15
-28.5637,143.7454,2012-10-20,422.9,100,31.1,0.0,21.4,0.025,26.64,15
-28.5653,143.7556,2012-10-20,368.4,100,31.3,0.0,21.4,0.025,26.64,15
-28.5561,143.6316,2012-10-20,339.0,60,30.8,0.0,21.4,0.025,26.64,16
-28.5576,143.6418,2012-10-20,342.5,38,30.8,0.0,21.4,0.025,26.64,16
-28.5591,143.652,2012-10-20,352.3,78,31.0,0.0,21.4,0.025,26.64,15
-28.5667,143.7029,2012-10-20,357.3,92,31.1,0.0,21.4,0.025,26.64,15
-28.5682,143.7131,2012-10-20,378.5,100,31.2,0.0,21.4,0.025,26.64,15
-28.5697,143.7233,2012-10-20,375.8,100,31.2,0.0,21.4,0.025,26.64,15
-28.5712,143.7335,2012-10-20,430.8,100,31.2,0.0,21.4,0.025,26.64,15
-28.5728,143.7437,2012-10-20,392.4,100,31.1,0.0,21.4,0.025,26.64,15
-28.5636,143.6197,2012-10-20,353.3,95,30.8,0.0,20.0,0.025,26.57,16
-28.5651,143.6299,2012-10-20,358.4,99,30.8,0.0,21.4,0.025,26.64,16
-28.5666,143.6401,2012-10-20,363.4,100,30.9,0.0,21.4,0.025,26.64,16
-28.5681,143.6503,2012-10-20,411.3,100,31.1,0.0,21.4,0.025,26.64,15
-28.5697,143.6605,2012-10-20,376.7,100,31.1,0.0,21.4,0.025,26.64,15
-28.5712,143.6707,2012-10-20,378.9,100,31.1,0.0,21.4,0.025,26.64,15
-28.5727,143.6809,2012-10-20,383.2,100,31.1,0.0,21.4,0.025,26.64,15
-28.5742,143.6911,2012-10-20,394.3,100,31.1,0.0,21.4,0.025,26.64,15
-28.5757,143.7013,2012-10-20,397.2,100,31.1,0.0,21.4,0.025,26.64,15
-28.5772,143.7115,2012-10-20,377.5,100,31.2,0.0,21.4,0.025,26.64,15
-28.5787,143.7217,2012-10-20,387.2,100,31.2,0.0,21.4,0.025,26.64,15
-28.5802,143.7319,2012-10-20,332.7,71,31.2,0.0,21.4,0.025,26.64,15
-28.5726,143.618,2012-10-20,336.5,79,30.9,0.0,20.0,0.025,26.57,16
-28.5741,143.6282,2012-10-20,366.3,100,30.9,0.0,21.4,0.025,26.64,16
-28.5756,143.6384,2012-10-20,354.5,96,30.9,0.0,21.4,0.025,26.64,16
-28.5771,143.6486,2012-10-20,348.2,91,30.9,0.0,21.4,0.025,26.64,16
-28.5787,143.6588,2012-10-20,355.4,97,31.1,0.0,21.4,0.025,26.64,15
-28.5802,143.669,2012-10-20,373.0,100,31.2,0.0,21.4,0.025,26.64,15
-28.5817,143.6792,2012-10-20,359.1,99,31.1,0.0,21.4,0.025,26.64,15
-28.5832,143.6894,2012-10-20,399.7,100,31.1,0.0,21.4,0.025,26.64,15
-28.5847,143.6996,2012-10-20,440.9,100,31.1,0.0,21.4,0.025,26.64,15
-28.5862,143.7098,2012-10-20,342.8,86,31.2,0.0,21.4,0.025,26.64,15
-29.132,146.6335,2012-10-20,327.8,50,29.5,0.0,16.6,0.111,27.64,21
-29.242,145.834,2012-10-20,334.3,42,28.7,0.0,10.9,0.04,27.65,22
-30.7377,152.0448,2012-10-20,338.9,87,23.0,0.0,20.9,0.205,28.58,39
-30.74,152.0729,2012-10-20,321.2,38,21.8,0.0,22.0,0.231,28.68,36
-30.752,152.0421,2012-10-20,319.2,26,20.4,0.0,27.4,0.259,28.84,38
-30.7544,152.0713,2012-10-20,330.9,80,20.1,0.0,22.0,0.241,28.68,43
-30.726,152.0423,2012-10-20,316.1,29,22.7,0.0,23.4,0.205,28.72,39
-30.7403,152.0396,2012-10-20,333.6,83,21.9,0.0,22.0,0.231,28.68,36
-30.7423,152.0669,2012-10-20,332.5,82,21.4,0.0,27.4,0.231,28.84,35
-30.7567,152.0652,2012-10-20,326.7,76,20.3,0.0,22.0,0.241,28.68,43
-30.8455,152.2632,2012-10-20,328.4,55,19.8,0.0,23.1,0.241,28.59,43
-30.848,152.2938,2012-10-20,360.4,100,19.2,0.0,27.0,0.241,28.81,43
-30.8626,152.2922,2012-10-20,338.9,87,19.7,0.0,23.1,0.234,28.59,42
-30.8484,152.286,2012-10-20,359.0,99,19.5,0.0,23.1,0.241,28.59,43
-30.869,152.1695,2012-10-20,342.0,90,23.0,0.0,20.9,0.231,28.58,42
-30.8838,152.1712,2012-10-20,337.7,85,23.7,0.0,19.1,0.231,28.3,42
-30.8856,152.1944,2012-10-20,331.2,52,20.1,0.0,22.0,0.234,28.61,42
-30.8877,152.2216,2012-10-20,327.7,32,19.7,0.0,22.0,0.234,28.61,42
-30.9024,152.2207,2012-10-20,327.1,56,19.9,0.0,22.0,0.234,28.61,42
-30.9046,152.2489,2012-10-20,328.1,18,18.9,0.0,22.0,0.234,28.61,42
-30.9069,152.2784,2012-10-20,334.6,84,18.7,0.0,22.0,0.234,28.61,42
-30.9098,152.315,2012-10-20,324.1,62,21.9,0.0,20.2,0.235,28.51,45
-30.9105,152.3083,2012-10-20,328.2,35,21.5,0.0,20.2,0.235,28.51,45
-31.5512,152.0935,2012-10-20,315.1,35,23.7,0.0,19.9,0.219,28.32,41
-31.5543,152.1145,2012-10-20,317.4,52,22.4,0.0,20.5,0.22,28.49,40
-33.6513,151.1869,2012-10-20,351.7,84,19.9,0.0,17.2,0.182,28.07,66
-33.6415,151.1814,2012-10-20,321.2,45,20.6,0.0,17.2,0.188,28.07,64
-33.6556,151.1796,2012-10-20,346.8,94,19.9,0.0,17.2,0.182,28.07,66
-33.6577,151.2083,2012-10-20,324.9,79,20.3,0.0,17.2,0.182,28.07,66
-36.721,142.2091,2012-10-20,314.3,53,15.6,0.0,18.9,0.29,24.95,68
-34.154,142.0287,2012-10-20,319.8,57,19.8,0.0,15.7,0.121,27.15,46
-34.8391,141.1956,2012-10-20,318.0,48,18.1,0.0,18.0,0.081,26.6,54
-34.8464,141.1825,2012-10-20,338.1,86,18.1,0.0,18.0,0.081,26.6,54
-34.8481,141.1936,2012-10-20,346.4,92,18.2,0.0,18.0,0.081,26.6,54
-34.8853,141.2016,2012-10-20,324.5,70,17.9,0.0,17.6,0.105,26.22,55
-34.8944,141.1996,2012-10-20,330.7,79,17.9,0.0,17.6,0.105,26.22,55
-34.9034,141.1976,2012-10-20,323.3,67,17.9,0.0,17.6,0.105,26.22,55
-36.392,143.6202,2012-10-20,323.0,76,16.4,0.0,17.5,0.189,26.14,60
-36.3935,143.6321,2012-10-20,333.3,85,16.3,0.0,17.2,0.189,26.36,60
-30.9075,152.2612,2012-10-20,332.5,76,18.4,0.0,22.0,0.234,28.61,42
-30.8776,152.1574,2012-10-20,350.0,95,25.0,0.0,18.8,0.231,28.24,43
-30.8729,152.2105,2012-10-20,342.3,81,19.5,0.0,27.0,0.234,28.81,42
-30.8925,152.1373,2012-10-20,335.1,85,24.2,0.0,18.8,0.232,28.24,42
-30.8906,152.1589,2012-10-20,351.8,96,24.1,0.0,18.8,0.231,28.24,42
-30.8884,152.1842,2012-10-20,345.6,86,23.4,0.0,19.1,0.231,28.3,42
-30.9055,152.1391,2012-10-20,347.4,93,24.1,0.0,18.8,0.232,28.24,42
-30.9035,152.1613,2012-10-20,386.1,100,23.4,0.0,19.1,0.231,28.3,42
-30.9013,152.1864,2012-10-20,383.6,100,21.0,0.0,23.4,0.241,28.72,43
-30.9184,152.1422,2012-10-20,344.2,89,22.3,0.0,20.2,0.239,28.51,42
-30.9165,152.1629,2012-10-20,409.0,100,23.9,0.0,18.8,0.231,28.24,42
-30.9146,152.1844,2012-10-20,429.0,100,24.8,0.0,18.8,0.231,28.24,42
-30.9122,152.2105,2012-10-20,388.7,100,22.9,0.0,20.9,0.231,28.58,42
-30.9097,152.2372,2012-10-20,332.8,73,19.2,0.0,22.0,0.234,28.61,42
-30.8796,152.1348,2012-10-20,344.7,91,24.6,0.0,18.8,0.232,28.24,42
-30.9055,152.2838,2012-10-20,333.5,83,18.4,0.0,22.0,0.234,28.61,42
-30.9294,152.1653,2012-10-20,416.6,100,22.4,0.0,20.2,0.232,28.51,41
-30.9275,152.186,2012-10-20,386.5,100,24.7,0.0,18.8,0.231,28.24,42
-30.9254,152.2095,2012-10-20,353.5,96,24.4,0.0,18.8,0.231,28.24,42
-30.9158,152.1467,2012-10-20,366.7,100,21.1,0.0,23.4,0.241,28.72,43
-30.9141,152.1666,2012-10-20,420.2,100,23.2,0.0,19.1,0.231,28.3,42
-30.9122,152.1889,2012-10-20,425.3,100,24.5,0.0,18.8,0.231,28.24,42
-30.9099,152.2165,2012-10-20,378.2,100,21.3,0.0,20.2,0.241,28.51,43
-30.9077,152.2423,2012-10-20,339.8,87,19.2,0.0,22.0,0.234,28.61,42
-30.9057,152.2658,2012-10-20,336.6,86,18.8,0.0,22.0,0.234,28.61,42
-30.9287,152.1486,2012-10-20,338.8,88,21.1,0.0,23.4,0.244,28.72,42
-30.9231,152.2147,2012-10-20,352.0,96,23.5,0.0,19.1,0.231,28.3,42
-30.94,152.1702,2012-10-20,318.6,54,22.5,0.0,20.2,0.232,28.51,41
-30.9382,152.192,2012-10-20,318.1,43,24.0,0.0,18.8,0.231,28.24,42
-31.565,152.0961,2012-10-20,318.4,56,23.5,0.0,19.9,0.219,28.32,41
-31.7541,152.0254,2012-10-20,332.4,83,24.2,0.0,18.0,0.21,28.38,41
-31.7522,152.0472,2012-10-20,331.3,82,25.0,0.0,19.7,0.215,28.1,43
-31.7507,152.0307,2012-10-20,341.2,89,24.6,0.0,19.7,0.215,28.1,43
-31.7488,152.0534,2012-10-20,319.3,54,24.9,0.0,19.7,0.214,28.1,43
-31.7803,152.457,2012-10-20,359.9,99,24.7,0.0,18.6,0.2,28.08,48
-33.3281,150.9556,2012-10-20,324.4,79,23.1,0.0,20.5,0.175,28.09,49
-33.6405,151.1541,2012-10-20,319.8,0,20.7,0.0,17.2,0.188,28.07,64
-33.6555,151.1932,2012-10-20,318.4,0,20.1,0.0,17.2,0.182,28.07,66
-33.713,151.1987,2012-10-20,312.6,63,20.3,0.0,17.2,0.182,28.07,66
-30.8442,152.2443,2012-10-20,329.4,66,19.8,0.0,23.1,0.241,28.59,43
-30.8421,152.2669,2012-10-20,337.0,86,19.6,0.0,23.1,0.241,28.59,43
-30.8432,152.2517,2012-10-20,346.7,93,19.9,0.0,23.1,0.241,28.59,43
-30.8413,152.2746,2012-10-20,326.8,48,19.3,0.0,27.0,0.241,28.81,43
-33.715,151.2034,2012-10-20,313.1,65,20.2,0.0,17.2,0.182,28.07,66
-28.4722,150.0291,2012-10-20,327.2,68,28.9,0.0,25.1,0.175,27.12,25
-28.4736,150.0361,2012-10-20,326.1,67,28.9,0.0,25.1,0.175,27.12,25
-29.0077,152.285,2012-10-20,323.9,68,20.8,0.0,22.7,0.288,28.44,41
-29.1181,152.6032,2012-10-20,325.3,72,25.7,0.0,19.2,0.216,27.21,43
-29.1161,152.6236,2012-10-20,327.7,76,25.3,0.0,19.2,0.216,27.21,43
-29.4082,152.4146,2012-10-20,323.8,61,23.3,0.0,16.6,0.286,27.89,45
-29.5306,152.599,2012-10-20,318.1,43,23.9,0.0,16.6,0.286,27.89,45
-29.5287,152.6179,2012-10-20,318.8,57,25.0,0.0,19.2,0.24,27.33,45
-29.5211,152.6045,2012-10-20,319.8,48,24.0,0.0,16.6,0.286,27.89,45
-29.5335,152.6059,2012-10-20,319.1,10,24.2,0.0,16.6,0.24,27.89,45
-29.5583,152.6075,2012-10-20,335.7,85,24.7,0.0,19.2,0.291,27.21,46
-29.5565,152.6273,2012-10-20,320.5,63,25.4,0.0,19.2,0.244,27.33,47
-29.7344,151.9529,2012-10-20,319.4,25,20.6,0.0,22.4,0.361,28.6,40
-30.7576,152.0674,2012-10-20,363.4,100,20.6,0.0,23.4,0.241,28.72,43
-30.7598,152.0444,2012-10-20,344.8,92,20.2,0.0,23.1,0.259,28.59,38
-30.7446,152.0663,2012-10-20,335.5,67,21.4,0.0,27.4,0.231,28.84,35
-30.7467,152.0425,2012-10-20,332.5,58,22.0,0.0,27.4,0.209,28.84,34
-30.7339,152.0389,2012-10-20,338.5,87,22.9,0.0,20.9,0.205,28.58,39
-30.7209,152.0358,2012-10-20,321.5,52,23.4,0.0,20.9,0.232,28.58,41
-30.2934,152.4837,2012-10-20,322.6,70,20.4,0.0,22.3,0.255,28.56,39
-30.2557,152.4779,2012-10-20,319.6,41,21.2,0.0,22.3,0.259,28.56,39
-30.2576,152.4571,2012-10-20,322.5,65,20.8,0.0,22.3,0.259,28.56,39
-30.2671,152.4723,2012-10-20,328.5,79,21.0,0.0,22.3,0.259,28.56,39
-30.2691,152.4519,2012-10-20,315.7,47,20.8,0.0,22.3,0.259,28.56,39
-30.2545,152.4708,2012-10-20,317.2,57,21.2,0.0,22.3,0.259,28.56,39
-30.043,152.1179,2012-10-20,327.1,76,22.0,0.0,18.8,0.246,28.35,40
-29.9527,152.6627,2012-10-20,320.7,66,23.7,0.0,18.9,0.348,27.63,41
-29.9548,152.641,2012-10-20,317.3,49,24.9,0.0,17.4,0.233,27.33,42
-29.7342,152.6622,2012-10-20,334.8,84,24.8,0.0,18.9,0.292,27.5,46
-29.7361,152.6422,2012-10-20,352.8,96,24.5,0.0,18.9,0.355,27.5,46
-29.7237,152.6404,2012-10-20,320.4,64,24.7,0.0,18.9,0.355,27.5,46
-29.7473,151.9544,2012-10-20,320.5,56,20.3,0.0,22.4,0.361,28.6,40
-29.7255,152.6212,2012-10-20,328.4,78,24.1,0.0,18.9,0.355,27.5,46
-30.7516,152.1336,2012-10-20,320.9,50,22.1,0.0,20.9,0.232,28.58,41
-30.7436,152.0473,2012-10-20,339.4,88,22.1,0.0,22.0,0.209,28.68,34
-30.759,152.0217,2012-10-20,328.4,67,22.4,0.0,20.9,0.199,28.58,42
-30.7567,152.0495,2012-10-20,349.8,94,20.1,0.0,23.1,0.259,28.59,38
-30.7548,152.0719,2012-10-20,372.5,100,20.1,0.0,27.4,0.241,28.84,43
-30.753,152.0926,2012-10-20,363.3,100,22.4,0.0,20.9,0.232,28.58,41
-30.7679,152.0724,2012-10-20,340.6,72,20.6,0.0,23.4,0.241,28.72,43
-30.766,152.0947,2012-10-20,443.4,100,21.3,0.0,23.4,0.241,28.72,43
-30.7643,152.1148,2012-10-20,407.1,100,24.0,0.0,20.9,0.232,28.58,42
-30.7623,152.1374,2012-10-20,327.6,66,23.7,0.0,19.1,0.232,28.3,41
-30.7791,152.0947,2012-10-20,323.9,65,22.0,0.0,23.4,0.232,28.72,41
-30.7496,152.1557,2012-10-20,324.4,72,23.6,0.0,19.1,0.24,28.3,42
-30.7557,152.0889,2012-10-20,381.5,100,21.0,0.0,23.4,0.241,28.72,43
-30.7537,152.1102,2012-10-20,346.4,93,22.2,0.0,20.2,0.232,28.51,41
-36.4002,143.6225,2012-10-20,322.0,79,16.4,0.0,17.5,0.189,26.14,60
-36.4122,143.6266,2012-10-20,339.2,91,16.4,0.0,17.2,0.189,26.36,60
-34.8959,141.1787,2012-10-20,338.9,86,17.9,0.0,17.6,0.105,26.22,55
-34.8819,141.192,2012-10-20,331.0,46,17.9,0.0,17.6,0.105,26.22,55
-34.8851,141.1756,2012-10-20,331.0,48,17.9,0.0,17.6,0.105,26.22,55
-34.8916,141.1878,2012-10-20,339.8,88,17.9,0.0,17.6,0.105,26.22,55
-34.8808,141.1848,2012-10-20,340.0,88,17.9,0.0,17.6,0.105,26.22,55
-34.87,141.1817,2012-10-20,352.2,96,17.9,0.0,18.0,0.105,26.6,55
-34.8591,141.1787,2012-10-20,333.7,82,18.0,0.0,18.0,0.105,26.6,55
-34.9639,141.1807,2012-10-20,377.4,100,17.7,0.0,17.6,0.05,26.22,56
-34.9608,141.197,2012-10-20,351.9,95,17.6,0.0,17.6,0.05,26.22,56
-34.95,141.194,2012-10-20,405.2,100,17.9,0.0,17.6,0.105,26.22,55
-34.9531,141.1776,2012-10-20,410.2,100,17.6,0.0,17.6,0.05,26.22,56
-34.9392,141.191,2012-10-20,396.9,100,17.9,0.0,17.6,0.105,26.22,55
-34.9423,141.1746,2012-10-20,373.4,100,17.9,0.0,17.6,0.105,26.22,55
-34.9284,141.1879,2012-10-20,370.6,100,17.9,0.0,17.6,0.105,26.22,55
-34.9315,141.1716,2012-10-20,344.1,91,17.9,0.0,17.6,0.105,26.22,55
-34.9175,141.1849,2012-10-20,344.4,91,17.9,0.0,17.6,0.105,26.22,55
-34.9067,141.1818,2012-10-20,341.7,89,17.9,0.0,17.6,0.105,26.22,55
-34.8928,141.1951,2012-10-20,337.3,79,17.9,0.0,17.6,0.105,26.22,55
-34.4634,150.8809,2012-10-20,307.9,73,19.1,0.0,28.3,0.257,27.47,70
-33.6452,151.171,2012-10-20,301.2,39,20.3,0.0,17.2,0.188,28.07,64
-33.636,151.1692,2012-10-20,300.6,18,20.6,0.0,21.0,0.128,28.01,69
-31.7756,152.4651,2012-10-20,303.7,57,24.9,0.0,18.6,0.2,28.08,48
-31.7285,152.0958,2012-10-20,306.8,56,23.2,0.0,19.1,0.219,28.39,41
-31.7346,152.0536,2012-10-20,309.1,22,24.7,0.0,19.7,0.214,28.1,43
-31.7271,152.0413,2012-10-20,313.6,39,24.4,0.0,18.0,0.213,28.25,43
-31.7165,152.05,2012-10-20,316.4,41,25.1,0.0,19.7,0.213,28.1,43
-31.709,152.0377,2012-10-20,302.1,47,24.7,0.0,19.7,0.213,28.1,43
-31.6565,151.8909,2012-10-20,306.3,68,23.5,0.0,18.0,0.211,28.38,40
-31.5694,152.1118,2012-10-20,303.3,20,23.5,0.0,19.9,0.219,28.32,41
-31.5146,152.4259,2012-10-20,309.6,78,24.2,0.0,19.2,0.226,28.19,45
-31.5619,152.0995,2012-10-20,312.5,85,23.5,0.0,19.9,0.219,28.32,41
-31.5634,152.089,2012-10-20,300.3,4,24.1,0.0,18.0,0.21,28.38,40
-31.5409,152.1218,2012-10-20,305.9,66,22.4,0.0,20.5,0.22,28.49,40
-30.9435,152.1818,2012-10-20,316.5,62,23.8,0.0,19.1,0.231,28.3,42
-30.945,152.1713,2012-10-20,327.0,100,24.2,0.0,18.8,0.231,28.24,42
-30.936,152.1694,2012-10-20,315.3,49,21.7,0.0,20.2,0.241,28.51,43
-30.9375,152.159,2012-10-20,336.4,100,22.8,0.0,20.9,0.231,28.58,42
-30.9102,152.2824,2012-10-20,307.7,56,18.9,0.0,22.0,0.234,28.61,42
-30.9118,152.2719,2012-10-20,320.0,100,18.7,0.0,22.0,0.234,28.61,42
-30.9209,152.2095,2012-10-20,317.5,64,22.8,0.0,20.9,0.231,28.58,42
-30.9285,152.1571,2012-10-20,333.9,100,22.7,0.0,20.2,0.232,28.51,41
-30.93,152.1467,2012-10-20,339.1,100,21.4,0.0,20.2,0.239,28.51,42
-30.9043,152.2597,2012-10-20,304.7,28,18.7,0.0,22.0,0.234,28.61,42
-30.9058,152.2492,2012-10-20,309.4,77,19.0,0.0,22.0,0.234,28.61,42
-30.9073,152.2388,2012-10-20,313.0,68,19.2,0.0,22.0,0.234,28.61,42
-30.9089,152.2284,2012-10-20,311.0,31,19.2,0.0,22.0,0.234,28.61,42
-30.9015,152.1518,2012-10-20,319.5,75,22.3,0.0,20.2,0.208,28.51,42
-30.894,152.144,2012-10-20,325.4,100,23.2,0.0,19.1,0.232,28.3,41
-30.885,152.1422,2012-10-20,325.1,100,24.7,0.0,18.8,0.232,28.24,42
-30.876,152.1404,2012-10-20,325.3,100,24.2,0.0,18.8,0.232,28.24,42
-30.8366,152.2829,2012-10-20,320.6,99,19.7,0.0,23.1,0.241,28.59,43
-30.8428,152.2411,2012-10-20,306.9,70,19.6,0.0,23.1,0.241,28.59,43
-30.8322,152.2498,2012-10-20,326.1,100,20.3,0.0,22.0,0.241,28.68,43
-30.8338,152.2393,2012-10-20,312.1,74,19.9,0.0,23.1,0.241,28.59,43
-30.8353,152.2288,2012-10-20,335.3,100,20.0,0.0,23.1,0.241,28.59,43
-30.8368,152.2184,2012-10-20,338.7,100,19.7,0.0,23.1,0.241,28.59,43
-30.8383,152.2079,2012-10-20,337.3,100,19.4,0.0,23.1,0.241,28.59,43
-30.7799,152.1692,2012-10-20,314.1,26,24.4,0.0,19.1,0.24,28.3,43
-30.7814,152.1587,2012-10-20,334.2,100,23.0,0.0,20.9,0.231,28.58,42
-30.7693,152.1779,2012-10-20,313.0,42,24.6,0.0,19.1,0.24,28.3,43
-30.0323,152.1217,2012-10-20,302.4,13,22.7,0.0,18.8,0.239,28.35,41
-30.7709,152.1674,2012-10-20,320.0,28,24.5,0.0,19.1,0.24,28.3,43
-30.7527,152.2283,2012-10-20,328.3,100,24.5,0.0,19.1,0.24,28.3,43
-30.7542,152.2179,2012-10-20,311.6,39,25.4,0.0,19.1,0.24,28.3,43
-30.7695,152.1133,2012-10-20,319.1,38,22.4,0.0,20.9,0.232,28.58,41
-30.7422,152.237,2012-10-20,303.5,36,25.2,0.0,19.1,0.24,28.3,43
-30.7437,152.2265,2012-10-20,320.9,100,24.5,0.0,19.1,0.24,28.3,43
-30.7468,152.2056,2012-10-20,328.8,100,23.7,0.0,19.1,0.24,28.3,42
-30.7483,152.1952,2012-10-20,315.0,53,24.0,0.0,19.1,0.24,28.3,42
-30.762,152.101,2012-10-20,314.0,34,21.3,0.0,23.4,0.241,28.72,43
-30.7635,152.0905,2012-10-20,313.0,67,20.0,0.0,27.4,0.241,28.84,43
-30.7347,152.2247,2012-10-20,318.7,97,24.4,0.0,19.1,0.24,28.3,43
-30.7362,152.2142,2012-10-20,325.3,100,23.6,0.0,19.1,0.24,28.3,42
-30.7377,152.2038,2012-10-20,324.4,100,23.9,0.0,19.1,0.24,28.3,42
-30.7454,152.1515,2012-10-20,316.3,17,23.1,0.0,20.9,0.231,28.58,42
-30.753,152.0992,2012-10-20,320.6,52,23.4,0.0,20.9,0.232,28.58,41
-30.7545,152.0887,2012-10-20,312.1,72,21.3,0.0,23.4,0.241,28.72,43
-30.756,152.0783,2012-10-20,338.1,100,20.0,0.0,27.4,0.241,28.84,43
-30.7575,152.0678,2012-10-20,330.8,100,20.5,0.0,22.0,0.241,28.68,43
-30.7605,152.047,2012-10-20,323.4,100,20.3,0.0,27.4,0.259,28.84,38
-30.7425,152.1078,2012-10-20,319.8,58,21.5,0.0,27.4,0.231,28.84,36
-30.744,152.0974,2012-10-20,326.1,92,22.5,0.0,23.4,0.203,28.72,36
-30.7455,152.087,2012-10-20,312.3,44,23.0,0.0,20.9,0.2,28.58,41
-30.747,152.0765,2012-10-20,325.2,100,21.7,0.0,22.0,0.243,28.68,38
-30.7485,152.066,2012-10-20,311.5,45,21.6,0.0,27.4,0.231,28.84,36
-30.738,152.0747,2012-10-20,323.8,75,21.8,0.0,22.0,0.231,28.68,36
-30.7395,152.0643,2012-10-20,319.5,32,21.3,0.0,23.1,0.231,28.59,35
-30.7441,152.033,2012-10-20,336.9,100,21.5,0.0,23.4,0.209,28.72,39
-30.7455,152.0227,2012-10-20,319.5,80,24.1,0.0,20.9,0.232,28.58,42
-31.3813,146.7226,2012-10-20,304.9,48,25.5,0.0,18.1,0.119,28.14,25
-30.726,152.034,2012-10-20,327.5,100,24.0,0.0,20.9,0.232,28.58,42
-30.7139,152.053,2012-10-20,308.6,31,22.6,0.0,20.2,0.2,28.51,41
-30.4922,152.4324,2012-10-20,306.0,67,20.3,0.0,22.3,0.248,28.56,40
-30.2908,152.4918,2012-10-20,303.0,53,20.4,0.0,22.3,0.255,28.56,39
-30.0896,153.0912,2012-10-20,349.7,100,24.5,0.0,17.4,0.256,27.33,50
-30.0913,153.0803,2012-10-20,338.4,100,23.7,0.0,18.9,0.256,27.63,50
-30.0804,153.0895,2012-10-20,402.2,100,25.3,0.0,15.5,0.253,27.23,51
-30.0821,153.0785,2012-10-20,344.0,100,23.9,0.0,18.9,0.256,27.63,50
-29.9652,152.6361,2012-10-20,305.4,57,24.0,0.0,18.9,0.348,27.63,42
-30.0398,152.1338,2012-10-20,309.2,37,21.8,0.0,19.4,0.243,28.43,40
-30.0413,152.1235,2012-10-20,312.1,62,22.3,0.0,18.8,0.239,28.35,41
-29.9498,152.6762,2012-10-20,311.7,57,23.8,0.0,18.9,0.348,27.63,42
-29.9513,152.6657,2012-10-20,325.4,100,23.5,0.0,18.9,0.348,27.63,41
-30.0293,152.1425,2012-10-20,314.6,77,22.1,0.0,18.8,0.239,28.35,41
-30.0308,152.1321,2012-10-20,308.0,60,22.3,0.0,18.8,0.239,28.35,41
-29.9407,152.6744,2012-10-20,306.1,28,23.6,0.0,18.9,0.348,27.63,41
-29.9423,152.6639,2012-10-20,313.9,88,23.8,0.0,18.9,0.348,27.63,42
-29.9438,152.6535,2012-10-20,316.1,79,24.7,0.0,17.4,0.233,27.33,42
-29.745,152.6881,2012-10-20,332.3,100,25.1,0.0,18.9,0.292,27.5,46
-29.7434,152.6987,2012-10-20,341.3,100,25.2,0.0,18.9,0.292,27.5,46
-29.7418,152.7094,2012-10-20,332.0,100,25.4,0.0,18.8,0.292,26.95,46
-28.6566,150.6143,2012-10-20,304.1,58,28.0,0.0,26.9,0.084,27.7,27
-28.658,150.604,2012-10-20,315.0,90,28.0,0.0,26.9,0.084,27.7,27
-28.1773,150.7603,2012-10-20,328.8,100,27.7,0.0,24.1,0.152,27.26,28
-28.1787,150.75,2012-10-20,305.8,66,27.7,0.0,24.1,0.152,27.26,28
-28.5926,151.7748,2012-10-20,315.8,92,22.7,0.0,23.1,0.275,28.35,40
-28.5911,151.785,2012-10-20,317.5,95,22.6,0.0,23.1,0.275,28.35,40
-29.0028,152.2995,2012-10-20,312.9,86,22.7,0.0,19.9,0.351,28.23,42
-29.0012,152.3101,2012-10-20,307.6,56,23.7,0.0,18.9,0.284,27.61,42
-29.0118,152.3011,2012-10-20,330.0,100,21.7,0.0,19.9,0.351,28.23,41
-29.0102,152.3119,2012-10-20,309.6,50,23.7,0.0,18.9,0.284,27.61,42
-29.1112,152.6147,2012-10-20,317.8,96,25.5,0.0,19.2,0.216,27.21,43
-29.1097,152.6251,2012-10-20,326.7,100,25.2,0.0,18.3,0.216,27.06,43
-29.1081,152.6356,2012-10-20,311.9,82,24.6,0.0,18.3,0.216,27.06,43
-29.1204,152.6166,2012-10-20,302.6,25,25.4,0.0,19.2,0.216,27.21,43
-29.4106,152.401,2012-10-20,327.1,100,24.1,0.0,16.6,0.317,27.89,45
-29.4091,152.4114,2012-10-20,313.8,76,23.2,0.0,17.0,0.355,27.95,44
-29.4197,152.4026,2012-10-20,314.4,89,22.0,0.0,18.8,0.355,28.35,44
-29.415,152.434,2012-10-20,306.8,38,23.1,0.0,17.0,0.355,27.95,44
-29.4241,152.436,2012-10-20,313.9,88,22.8,0.0,17.0,0.355,27.95,44
-29.4225,152.4464,2012-10-20,312.8,86,23.0,0.0,17.0,0.355,27.95,44
-29.5176,152.6124,2012-10-20,316.3,93,24.3,0.0,16.6,0.317,27.89,45
-29.516,152.623,2012-10-20,317.5,95,24.3,0.0,16.6,0.317,27.89,45
-29.5267,152.6143,2012-10-20,315.1,90,24.3,0.0,18.9,0.24,27.5,45
-29.5251,152.625,2012-10-20,319.1,98,24.7,0.0,19.2,0.24,27.33,45
-29.5531,152.6152,2012-10-20,310.2,56,24.7,0.0,19.2,0.291,27.21,46
-29.5515,152.6258,2012-10-20,312.3,60,25.5,0.0,19.2,0.244,27.33,47
-29.5638,152.6066,2012-10-20,302.1,18,24.9,0.0,19.2,0.291,27.33,47
-29.5622,152.6171,2012-10-20,305.2,43,25.3,0.0,19.2,0.244,27.33,47
-29.5606,152.6277,2012-10-20,311.9,72,25.2,0.0,19.2,0.244,27.33,47
-29.7157,151.9601,2012-10-20,325.0,100,20.1,0.0,23.0,0.361,28.66,40
-29.7142,151.9704,2012-10-20,309.8,78,19.9,0.0,24.2,0.361,28.72,40
-29.7277,151.9412,2012-10-20,309.8,78,20.0,0.0,24.2,0.279,28.72,39
-29.7262,151.9515,2012-10-20,320.3,100,20.3,0.0,22.4,0.361,28.6,40
-29.7084,152.6308,2012-10-20,316.8,94,24.3,0.0,18.9,0.355,27.5,46
-29.7068,152.6414,2012-10-20,316.2,93,24.6,0.0,18.9,0.355,27.5,46
-29.719,152.622,2012-10-20,312.8,86,24.4,0.0,18.9,0.355,27.5,46
-29.7174,152.6326,2012-10-20,324.3,100,24.5,0.0,18.9,0.355,27.5,46
-29.7143,152.6538,2012-10-20,310.4,80,24.9,0.0,18.9,0.292,27.5,46
-29.7258,152.6297,2012-10-20,315.1,45,24.3,0.0,18.9,0.355,27.5,46
-29.7242,152.6403,2012-10-20,342.3,100,24.5,0.0,18.9,0.355,27.5,46
-29.7225,152.6509,2012-10-20,349.1,100,24.9,0.0,18.9,0.292,27.5,46
-29.7209,152.6615,2012-10-20,346.2,100,24.7,0.0,18.9,0.292,27.5,46
-29.7193,152.6721,2012-10-20,340.5,100,25.2,0.0,18.9,0.292,27.5,46
-29.7177,152.6826,2012-10-20,313.8,88,25.1,0.0,18.9,0.292,27.5,46
-29.7349,152.6316,2012-10-20,312.1,13,24.5,0.0,18.9,0.355,27.5,46
-29.7332,152.6421,2012-10-20,311.6,23,24.7,0.0,18.9,0.355,27.5,46
-29.7316,152.6527,2012-10-20,318.1,96,24.5,0.0,18.9,0.292,27.5,46
-29.73,152.6633,2012-10-20,315.6,92,24.8,0.0,18.9,0.292,27.5,46
-29.7284,152.6739,2012-10-20,334.3,100,24.8,0.0,18.9,0.292,27.5,46
-29.7268,152.6845,2012-10-20,310.5,80,25.2,0.0,18.9,0.292,27.5,46
-29.744,152.6333,2012-10-20,322.4,89,24.0,0.0,18.9,0.355,27.5,46
-29.7423,152.6439,2012-10-20,337.2,100,24.4,0.0,18.9,0.355,27.5,46
-29.7407,152.6545,2012-10-20,322.3,100,24.1,0.0,18.9,0.355,27.5,46
-29.7391,152.6651,2012-10-20,321.5,100,24.4,0.0,18.9,0.292,27.5,46
-29.7375,152.6757,2012-10-20,346.0,100,24.5,0.0,18.9,0.292,27.5,46
-29.7359,152.6862,2012-10-20,374.6,100,25.0,0.0,18.9,0.292,27.5,46
-29.7343,152.6968,2012-10-20,310.8,81,24.9,0.0,18.9,0.292,27.5,46
-29.7327,152.7075,2012-10-20,314.7,90,25.3,0.0,18.9,0.292,27.5,46
-29.7514,152.6458,2012-10-20,307.9,51,24.4,0.0,18.9,0.279,27.5,44
-29.7498,152.6564,2012-10-20,326.3,100,24.5,0.0,18.9,0.292,27.5,46
-29.7482,152.6669,2012-10-20,328.7,100,24.2,0.0,18.9,0.355,27.5,46
-29.7466,152.6775,2012-10-20,334.8,100,24.6,0.0,18.9,0.292,27.5,46
-29.7105,152.6411,2012-10-20,310.5,71,24.5,0.0,18.9,0.355,27.5,46
-29.7216,152.6868,2012-10-20,307.8,56,25.3,0.0,18.9,0.292,27.5,46
-29.7105,152.6371,2012-10-20,309.8,68,24.6,0.0,18.9,0.355,27.5,46
-29.7219,152.6827,2012-10-20,308.5,61,25.1,0.0,18.9,0.292,27.5,46
-30.082,153.0874,2012-10-20,308.1,58,25.1,0.0,15.5,0.253,27.23,51
-28.6103,143.7212,2012-10-20,315.4,77,31.3,0.0,21.4,0.025,26.64,15
-28.6043,143.6718,2012-10-20,310.2,49,31.2,0.0,21.4,0.025,26.64,15
-28.6058,143.6841,2012-10-20,316.5,86,31.2,0.0,21.4,0.025,26.64,15
-28.6088,143.7088,2012-10-20,305.3,6,31.2,0.0,21.4,0.025,26.64,15
-29.7191,152.674,2012-10-20,305.0,15,25.2,0.0,18.9,0.292,27.5,46
-30.7186,152.0479,2012-10-20,300.3,25,21.5,0.0,23.4,0.209,28.72,39
-30.7366,152.042,2012-10-20,304.2,20,22.8,0.0,20.9,0.232,28.58,41
-30.2606,152.4537,2012-10-20,319.0,64,20.6,0.0,22.3,0.259,28.56,39
-30.0892,153.1006,2012-10-20,315.5,64,25.1,0.0,15.5,0.319,27.23,48
-30.0868,153.0872,2012-10-20,315.5,64,24.7,0.0,17.4,0.256,27.33,50
-29.9419,152.6772,2012-10-20,316.8,66,23.5,0.0,14.7,0.348,27.73,41
-29.9391,152.6618,2012-10-20,320.3,72,23.9,0.0,18.9,0.293,27.63,42
-29.7383,151.9506,2012-10-20,334.1,86,20.9,0.0,22.4,0.361,28.6,40
-29.9151,152.5916,2012-10-20,311.1,45,21.8,0.0,18.8,0.315,28.35,40
-29.7397,151.9614,2012-10-20,314.7,53,19.8,0.0,24.2,0.199,28.72,39
-29.7366,151.9452,2012-10-20,336.6,88,20.4,0.0,22.4,0.279,28.6,40
-29.7254,151.9479,2012-10-20,326.8,80,19.9,0.0,24.2,0.279,28.72,39
-30.8249,152.2367,2012-10-20,348.7,81,20.0,0.0,23.1,0.241,28.59,43
-30.7679,152.0553,2012-10-20,329.7,54,20.1,0.0,22.0,0.241,28.68,43
-30.7647,152.047,2012-10-20,340.6,69,20.4,0.0,27.4,0.259,28.84,38
-30.2633,152.4685,2012-10-20,317.4,51,21.1,0.0,22.3,0.259,28.56,39
-29.1118,152.625,2012-10-20,319.9,33,25.2,0.0,18.3,0.216,27.06,43
-29.1107,152.6316,2012-10-20,316.8,65,24.8,0.0,18.3,0.216,27.06,43
-29.1078,152.6156,2012-10-20,324.9,77,25.5,0.0,19.2,0.216,27.21,43
-29.7189,151.972,2012-10-20,325.4,78,20.5,0.0,22.4,0.361,28.6,40
-29.0312,152.3243,2012-10-20,320.4,57,23.2,0.0,18.9,0.279,27.61,42
-29.7158,151.9558,2012-10-20,314.8,38,20.3,0.0,22.4,0.361,28.6,40
-29.7499,152.6409,2012-10-20,331.6,68,24.3,0.0,18.9,0.355,27.5,46
-29.7177,152.648,2012-10-20,330.6,58,24.7,0.0,18.9,0.355,27.5,46
-29.715,152.6332,2012-10-20,331.1,76,24.4,0.0,18.9,0.355,27.5,46
-29.6963,152.653,2012-10-20,339.0,89,24.9,0.0,18.9,0.292,27.5,46
-29.727,151.953,2012-10-20,331.9,84,20.7,0.0,22.4,0.361,28.6,40
-29.5177,152.63,2012-10-20,318.4,66,24.8,0.0,19.2,0.24,27.33,45
-35.6586,147.9184,2012-10-21,309.6,66,11.4,0.0,15.5,0.33,26.5,63
-36.8991,147.8993,2012-10-21,320.0,80,10.3,1.3,18.0,0.37,25.42,59
-28.3315,141.3088,2012-10-21,305.0,40,30.1,0.0,26.1,0.041,12.39,21
-28.8643,141.0086,2012-10-21,309.1,36,28.8,0.0,21.6,0.027,15.51,23
-28.8372,141.0033,2012-10-21,315.2,31,29.1,0.0,21.6,0.026,15.51,23
-28.8162,141.0247,2012-10-21,309.2,31,29.0,0.0,21.6,0.026,15.51,23
-28.7997,141.0109,2012-10-21,316.1,11,29.0,0.0,21.6,0.026,15.51,23
-28.339,141.321,2012-10-21,302.5,16,30.1,0.0,26.1,0.041,12.39,21
-28.3405,141.3106,2012-10-21,304.6,37,30.1,0.0,26.1,0.041,12.39,21
-31.7192,152.0847,2012-10-21,305.2,15,20.4,1.9,15.7,0.213,21.62,59
-31.721,152.0959,2012-10-21,303.2,23,19.7,1.9,15.7,0.213,21.62,59
-31.7228,152.1073,2012-10-21,306.4,35,19.7,2.1,18.3,0.218,22.22,57
-28.8309,141.0062,2012-10-21,303.1,51,29.0,0.0,21.6,0.026,15.51,23
-30.033,142.185,2012-10-22,333.2,73,22.3,0.0,26.5,0.03,29.31,23
-29.0946,152.6295,2012-10-22,321.2,71,21.4,0.5,23.7,0.204,26.72,58
-29.7086,152.658,2012-10-22,327.6,52,20.1,1.5,25.7,0.284,25.25,60
-29.7244,152.6941,2012-10-22,331.8,73,20.0,1.5,25.7,0.284,25.25,60
-29.7636,152.6635,2012-10-22,314.3,25,19.7,1.5,25.7,0.228,25.25,60
-29.9398,152.671,2012-10-22,322.7,76,18.1,1.5,27.5,0.345,24.63,62
-29.9419,152.691,2012-10-22,312.4,55,19.2,4.4,28.8,0.224,21.86,61
-29.9329,152.6666,2012-10-22,316.7,52,19.0,4.4,28.8,0.224,21.86,61
-29.9348,152.6858,2012-10-22,316.2,55,19.2,4.4,28.8,0.224,21.86,61
-28.7733,141.0004,2012-10-22,323.8,63,25.4,0.0,25.5,0.026,28.8,23
-28.7766,141.0179,2012-10-22,332.5,80,25.3,0.0,25.5,0.026,28.8,23
-28.7881,141.0151,2012-10-22,340.4,87,25.3,0.0,25.5,0.026,28.8,23
-28.7982,141.024,2012-10-22,332.7,80,25.3,0.0,25.5,0.026,28.8,23
-28.8016,141.0413,2012-10-22,329.6,76,25.3,0.0,25.5,0.026,28.8,23
-30.7435,152.2444,2012-10-22,325.8,80,18.8,5.0,22.5,0.232,23.68,63
-30.1287,147.0955,2012-10-22,326.8,43,21.7,0.0,27.1,0.043,29.07,29
-30.7711,152.0517,2012-10-22,309.2,37,13.8,0.0,25.0,0.231,28.86,61
-30.781,152.1461,2012-10-22,314.1,30,18.8,5.0,22.5,0.224,23.68,61
-30.7899,152.1573,2012-10-22,315.0,29,18.5,5.0,22.5,0.232,23.68,63
-30.8254,152.277,2012-10-22,311.9,45,15.0,0.2,21.7,0.231,28.5,61
-30.8698,152.1282,2012-10-22,318.7,63,18.3,5.0,22.5,0.224,23.68,60
-30.8813,152.125,2012-10-22,354.4,97,16.2,0.4,20.8,0.229,26.18,61
-30.8833,152.144,2012-10-22,332.7,85,18.2,3.8,25.5,0.224,22.55,60
-30.877,152.1203,2012-10-22,328.2,71,18.1,0.7,19.6,0.224,27.18,60
-30.8788,152.1387,2012-10-22,326.1,65,18.6,3.8,25.5,0.224,22.55,61
-30.8886,152.118,2012-10-22,321.8,71,17.8,0.7,19.6,0.224,27.18,60
-30.8904,152.1364,2012-10-22,337.3,88,17.3,5.0,22.5,0.224,23.68,60
-29.9914,142.1949,2012-10-22,340.1,87,22.3,0.0,26.5,0.03,29.31,23
-29.9939,142.2091,2012-10-22,345.5,91,22.3,0.0,26.5,0.03,29.31,23
-30.0043,142.2066,2012-10-22,325.8,48,22.3,0.0,26.5,0.03,29.31,23
-30.0069,142.2208,2012-10-22,326.5,53,22.3,0.0,26.5,0.03,29.31,23
-30.0226,142.1875,2012-10-22,346.0,92,22.3,0.0,26.5,0.03,29.31,23
-30.0271,142.1803,2012-10-22,333.9,72,22.3,0.0,26.5,0.03,29.31,23
-31.0381,148.3044,2012-10-22,325.2,75,19.2,0.0,31.4,0.253,29.05,32
-31.5688,152.0977,2012-10-22,311.0,31,15.9,0.8,25.7,0.215,21.34,64
-30.4397,141.6044,2012-10-22,320.1,37,21.5,0.0,26.0,0.028,29.2,26
-35.0449,146.8663,2012-10-22,311.6,51,13.6,0.0,21.9,0.148,28.8,46
-35.9629,145.6613,2012-10-22,331.7,86,13.4,0.0,18.7,0.186,28.35,51
-35.9645,145.6725,2012-10-22,308.1,54,13.4,0.0,18.7,0.186,28.35,51
-34.8881,141.1792,2012-10-22,321.0,64,15.3,0.0,15.1,0.103,27.9,44
-35.7678,145.4503,2012-10-22,310.9,44,13.9,0.0,18.5,0.149,28.42,47
-35.7769,145.4484,2012-10-22,312.5,52,13.9,0.0,18.5,0.147,28.42,47
-33.6507,151.2064,2012-10-22,310.5,34,13.9,1.7,31.8,0.181,21.1,66
-30.888,152.1401,2012-10-22,319.1,44,18.2,3.8,25.5,0.224,22.55,60
-30.8721,152.1363,2012-10-22,318.7,57,18.2,5.0,22.5,0.224,23.68,60
-30.8742,152.1031,2012-10-22,321.8,74,15.5,0.2,21.7,0.229,28.5,61
-30.8263,152.2157,2012-10-22,313.2,41,13.4,1.8,23.1,0.231,27.78,61
-30.7721,152.0573,2012-10-22,314.2,52,13.6,0.0,25.0,0.231,28.86,61
-30.7448,152.2326,2012-10-22,321.8,74,18.4,5.0,22.5,0.232,23.68,63
-30.7586,152.0137,2012-10-22,310.3,19,16.9,0.7,19.6,0.224,27.18,60
-30.7355,152.2263,2012-10-22,318.1,68,17.6,5.0,22.5,0.232,23.68,63
-30.2796,152.4977,2012-10-22,328.1,83,14.2,1.5,21.9,0.267,27.77,69
-30.2851,152.4946,2012-10-22,328.8,84,13.8,1.5,21.9,0.267,27.77,69
-30.0516,152.1386,2012-10-22,332.6,87,15.7,0.5,18.5,0.252,27.26,62
-30.0583,152.1314,2012-10-22,321.3,54,15.0,1.9,21.7,0.252,27.76,62
-30.0424,152.1282,2012-10-22,326.8,68,16.1,0.5,18.5,0.273,27.26,61
-29.5223,152.6385,2012-10-22,323.3,76,20.9,1.1,24.8,0.231,25.93,60
-29.5262,152.6345,2012-10-22,323.4,78,20.9,1.1,24.8,0.231,25.93,59
-29.1055,152.6392,2012-10-22,328.7,82,21.0,0.5,23.7,0.204,26.72,58
-29.0903,152.6372,2012-10-22,319.7,72,21.1,0.5,23.7,0.204,26.72,58
-29.1079,152.6325,2012-10-22,324.6,73,20.7,0.5,23.7,0.204,26.72,58
-37.3832,145.6839,2012-10-22,302.9,54,11.1,0.9,11.3,0.336,23.62,64
-35.6263,144.2863,2012-10-22,326.5,79,14.4,0.0,16.2,0.268,28.31,46
-34.8808,141.1698,2012-10-22,331.5,81,15.3,0.0,15.1,0.103,27.9,44
-34.8827,141.158,2012-10-22,327.0,74,15.3,0.0,15.1,0.103,27.9,44
-33.7152,145.2342,2012-10-22,315.0,46,15.9,0.0,22.4,0.099,28.88,35
-32.059,146.0761,2012-10-22,320.0,66,16.7,0.0,22.9,0.137,28.97,30
-29.8549,141.0776,2012-10-22,329.6,67,22.7,0.0,27.3,0.026,29.2,23
-30.1264,147.0883,2012-10-22,327.2,73,21.7,0.0,27.1,0.043,29.07,29
-30.1213,147.1135,2012-10-22,321.7,63,21.7,0.0,28.2,0.043,29.08,29
-30.4345,141.5967,2012-10-22,328.3,56,21.4,0.0,26.0,0.028,29.2,25
-30.0493,142.2002,2012-10-22,332.5,55,22.3,0.0,26.5,0.03,29.31,23
-30.0519,142.1855,2012-10-22,333.5,61,21.9,0.0,26.5,0.05,29.31,25
-30.0414,142.183,2012-10-22,339.0,65,22.3,0.0,26.5,0.03,29.31,23
-30.0123,142.2218,2012-10-22,334.9,19,22.3,0.0,26.5,0.03,29.31,23
-29.9887,142.2106,2012-10-22,338.6,32,22.3,0.0,26.5,0.03,29.31,23
-30.1649,141.1946,2012-10-22,328.7,62,22.2,0.0,25.8,0.082,29.18,23
-29.9781,142.208,2012-10-22,357.2,98,22.3,0.0,26.5,0.03,29.31,23
-29.8925,141.0995,2012-10-22,343.1,87,22.7,0.0,26.5,0.026,29.2,23
-29.8825,141.0972,2012-10-22,329.2,66,22.7,0.0,26.5,0.026,29.2,23
-28.7768,141.014,2012-10-22,331.6,41,25.3,0.0,25.5,0.026,28.8,23
-28.7869,141.0162,2012-10-22,341.3,84,25.3,0.0,25.5,0.026,28.8,23
-28.7846,141.0293,2012-10-22,343.8,87,25.3,0.0,25.5,0.026,28.8,23
-34.4606,150.8805,2012-10-22,308.6,75,13.2,6.4,43.6,0.306,19.36,72
-30.0199,152.1492,2012-10-22,308.7,24,18.1,1.2,24.0,0.263,26.01,60
-30.1795,149.4599,2012-10-22,358.7,100,20.3,0.0,28.9,0.266,28.79,48
-30.1682,149.4583,2012-10-22,327.7,100,20.4,0.0,28.9,0.266,28.79,48
-30.1699,149.4416,2012-10-22,302.6,50,20.4,0.0,28.9,0.24,28.79,47
-30.1809,149.4544,2012-10-22,325.7,100,20.4,0.0,28.9,0.266,28.79,48
-30.1678,149.4696,2012-10-22,309.5,77,20.4,0.0,28.9,0.266,28.79,48
-30.1696,149.4529,2012-10-22,353.8,100,20.4,0.0,28.9,0.266,28.79,48
-30.1812,149.4431,2012-10-22,317.5,95,20.4,0.0,28.9,0.24,28.79,47
-30.935,152.1409,2012-10-22,310.3,20,15.1,0.4,20.8,0.229,26.18,61
-30.9267,152.1275,2012-10-22,341.5,100,13.9,1.8,21.7,0.234,26.45,61
-30.9172,152.1251,2012-10-22,333.9,100,15.5,0.4,20.8,0.229,26.18,61
-30.8881,152.1196,2012-10-22,308.6,75,17.5,0.7,19.6,0.224,27.18,60
-30.773,152.0523,2012-10-22,309.6,61,13.9,0.4,21.3,0.231,27.67,61
-30.0486,152.1552,2012-10-22,311.3,40,14.3,1.5,21.9,0.252,27.77,62
-30.0532,152.1188,2012-10-22,301.4,26,15.7,0.5,18.5,0.252,27.26,62
-30.0184,152.1618,2012-10-22,308.3,27,15.2,1.9,21.7,0.252,27.76,62
-28.1663,149.3723,2012-10-22,309.1,76,23.3,0.3,26.5,0.164,28.18,46
-28.168,149.3566,2012-10-22,323.4,100,23.3,0.3,26.5,0.164,28.18,46
-30.7508,152.024,2012-10-22,300.0,5,17.0,0.7,19.6,0.224,27.18,60
-30.169,149.4583,2012-10-22,343.6,100,20.4,0.0,28.9,0.266,28.79,48
-30.1709,149.4773,2012-10-22,313.8,88,20.4,0.0,28.9,0.266,28.79,48
-30.0422,142.181,2012-10-22,322.4,100,22.3,0.0,26.5,0.03,29.31,23
-30.0513,142.1791,2012-10-22,310.7,81,22.0,0.0,26.5,0.05,29.31,25
-30.0405,142.1703,2012-10-22,334.4,100,22.3,0.0,26.5,0.03,29.31,23
-30.053,142.1897,2012-10-22,301.1,38,21.9,0.0,26.5,0.05,29.31,25
-30.178,149.4681,2012-10-22,320.4,74,20.4,0.0,28.9,0.266,28.79,48
-30.1879,149.4726,2012-10-22,310.4,64,20.4,0.0,28.9,0.266,28.79,48
-30.172,149.4776,2012-10-22,310.0,56,20.4,0.0,28.9,0.266,28.79,48
-29.9151,141.0779,2012-10-23,373.7,100,22.8,0.0,31.6,0.025,29.6,15
-29.8959,141.1146,2012-10-23,328.1,58,22.8,0.0,31.6,0.025,29.6,15
-29.9038,141.0794,2012-10-23,360.8,100,22.8,0.0,31.6,0.025,29.6,15
-29.9055,141.0962,2012-10-23,362.4,100,22.8,0.0,31.6,0.025,29.6,15
-29.9133,141.0611,2012-10-23,351.7,95,22.8,0.0,31.6,0.025,29.6,15
-36.9811,143.7738,2012-10-23,327.3,85,14.3,0.0,25.5,0.295,26.62,43
-36.9795,143.7455,2012-10-23,349.7,96,14.2,0.0,25.5,0.184,26.62,44
-36.979,143.7402,2012-10-23,340.8,92,14.3,0.0,25.5,0.184,26.62,44
-36.9818,143.7791,2012-10-23,321.9,81,14.4,0.0,25.5,0.295,26.62,43
-33.9353,150.8824,2012-10-23,312.5,64,14.7,0.5,23.5,0.124,23.36,56
-33.7584,150.9073,2012-10-23,315.4,67,14.6,0.6,20.2,0.148,22.6,55
-30.773,152.054,2012-10-23,322.4,54,9.3,0.0,22.5,0.229,21.54,61
-30.7745,152.0435,2012-10-23,333.8,86,9.9,0.0,18.7,0.197,18.55,62
-30.7349,152.2511,2012-10-23,323.2,60,14.4,0.0,19.4,0.224,17.33,61
-30.7671,152.0314,2012-10-23,330.0,74,11.1,0.0,17.6,0.186,18.5,61
-30.7596,152.0192,2012-10-23,338.7,89,11.3,0.1,18.4,0.186,17.19,61
-30.7611,152.0088,2012-10-23,327.5,62,13.3,0.0,17.2,0.221,16.92,62
-30.723,152.2056,2012-10-23,365.2,100,13.5,0.0,19.4,0.233,17.33,64
-30.7415,152.0157,2012-10-23,318.1,52,13.1,0.0,17.2,0.221,16.92,62
-30.0643,152.1216,2012-10-23,324.3,73,9.5,0.0,21.2,0.244,25.85,64
-30.0658,152.1112,2012-10-23,319.1,29,10.3,0.0,20.2,0.259,22.02,63
-30.0476,152.1717,2012-10-23,324.2,30,9.2,0.0,21.2,0.244,25.85,64
-30.0491,152.1613,2012-10-23,335.8,86,9.0,0.0,21.2,0.244,25.85,64
-30.0296,152.1681,2012-10-23,338.7,58,8.9,0.0,21.4,0.244,24.16,64
-30.0206,152.1664,2012-10-23,351.4,96,9.9,0.0,20.2,0.264,22.02,61
-30.0115,152.1646,2012-10-23,365.1,100,10.1,0.0,20.2,0.264,22.02,61
-30.0131,152.1543,2012-10-23,362.6,100,9.8,0.0,26.5,0.264,18.69,61
-30.0025,152.1629,2012-10-23,321.6,31,9.9,0.0,20.2,0.264,22.02,61
-29.9153,152.5714,2012-10-23,315.0,59,13.7,0.0,22.7,0.284,22.47,53
-29.9752,151.9166,2012-10-23,312.3,61,7.8,0.0,25.3,0.216,24.44,65
-29.7691,152.6773,2012-10-23,327.2,72,15.4,0.0,25.1,0.226,21.7,52
-29.7225,151.9441,2012-10-23,325.2,79,9.1,0.0,22.9,0.294,28.15,59
-29.724,151.9338,2012-10-23,318.2,70,9.3,0.0,22.9,0.294,28.15,60
-30.004,152.1525,2012-10-23,342.3,92,9.9,0.0,20.2,0.264,22.02,61
-30.9185,152.1273,2012-10-23,343.0,75,10.4,0.1,18.4,0.229,17.19,62
-30.901,152.1292,2012-10-23,324.7,45,11.7,0.0,17.2,0.226,16.92,63
-30.8935,152.117,2012-10-23,346.3,91,12.1,0.0,17.2,0.221,16.92,62
-30.8137,152.2192,2012-10-23,323.8,74,9.1,0.0,20.6,0.229,17.36,61
-30.8152,152.2087,2012-10-23,350.2,90,8.5,0.0,22.4,0.229,19.45,61
-29.9238,141.0601,2012-10-23,349.4,93,22.8,0.0,31.6,0.025,29.6,15
-29.9265,141.0223,2012-10-23,371.2,100,23.0,0.0,31.6,0.025,29.6,15
-29.905,141.0965,2012-10-23,326.7,62,22.8,0.0,31.6,0.025,29.6,15
-29.9076,141.0588,2012-10-23,347.0,92,22.8,0.0,31.6,0.025,29.6,15
-29.9103,141.021,2012-10-23,348.0,93,23.0,0.0,31.6,0.025,29.6,15
-28.8931,148.1074,2012-10-23,321.6,41,19.2,0.0,26.5,0.137,29.61,29
-28.8945,148.0949,2012-10-23,327.2,69,19.2,0.0,26.5,0.137,29.61,29
-28.8831,148.1058,2012-10-23,345.2,90,19.2,0.0,26.5,0.137,29.61,29
-28.8846,148.0933,2012-10-23,335.2,81,19.2,0.0,26.5,0.137,29.61,29
-29.9121,141.102,2012-10-23,327.1,70,22.8,0.0,31.6,0.025,29.6,15
-29.917,141.0264,2012-10-23,378.5,100,23.0,0.0,31.6,0.025,29.6,15
-29.896,141.1006,2012-10-23,323.7,50,22.8,0.0,31.6,0.025,29.6,15
-29.9211,141.0978,2012-10-23,325.0,49,22.8,0.0,31.6,0.025,29.6,15
-29.9333,141.0278,2012-10-23,362.2,100,23.0,0.0,31.6,0.025,29.6,15
-29.9146,141.0643,2012-10-23,352.8,96,22.8,0.0,31.6,0.025,29.6,15
-29.9308,141.0657,2012-10-23,342.0,88,22.8,0.0,31.6,0.025,29.6,15
-31.643,142.2821,2012-10-23,300.9,35,19.9,0.0,29.6,0.069,28.78,19
-30.9181,152.0798,2012-10-23,302.0,46,9.3,0.0,18.7,0.232,18.55,62
-29.938,152.7012,2012-10-23,300.4,27,15.0,1.0,30.4,0.222,19.28,53
-30.8117,152.2868,2012-10-23,302.7,51,12.2,0.0,17.2,0.218,16.92,61
-30.8143,152.3015,2012-10-23,301.1,37,12.9,0.0,19.4,0.218,17.33,61
-30.8178,152.2961,2012-10-23,303.7,56,11.5,0.0,17.2,0.19,16.92,61
-30.812,152.2054,2012-10-23,303.2,54,8.5,0.0,22.4,0.229,19.45,61
-30.8148,152.2202,2012-10-23,310.9,81,9.0,0.0,20.6,0.229,17.36,61
-30.9134,152.0751,2012-10-23,303.6,56,10.0,0.0,18.7,0.232,18.55,62
-30.9191,152.1061,2012-10-23,313.4,56,10.2,0.0,18.7,0.232,18.55,62
-30.93,152.1042,2012-10-23,317.1,91,8.8,0.0,22.5,0.232,21.54,62
-29.4179,152.7073,2012-10-24,315.7,67,16.9,0.0,11.8,0.222,26.15,57
-29.0911,152.3924,2012-10-24,311.7,45,14.7,0.0,17.1,0.328,29.26,58
-30.8856,152.1094,2012-10-24,340.8,90,16.7,0.0,8.7,0.217,28.9,59
-30.8873,152.1027,2012-10-24,351.7,96,16.4,0.0,8.7,0.217,28.9,59
-30.8888,152.1146,2012-10-24,336.9,61,15.5,0.0,8.7,0.217,28.9,59
-30.8969,152.1003,2012-10-24,336.2,40,14.5,0.0,8.7,0.222,28.9,60
-30.8984,152.112,2012-10-24,351.4,96,13.8,0.0,8.8,0.222,29.49,60
-30.908,152.11,2012-10-24,357.9,99,13.0,0.0,8.4,0.228,29.37,61
-30.8166,152.2872,2012-10-24,316.2,41,13.5,0.0,8.8,0.224,29.49,61
-29.7443,152.7247,2012-10-24,318.6,43,16.9,0.0,10.9,0.277,25.84,57
-29.7541,152.7233,2012-10-24,338.4,90,17.3,0.0,14.2,0.214,24.97,57
-29.7624,152.7092,2012-10-24,326.2,51,17.1,0.0,10.9,0.22,25.84,58
-29.764,152.7218,2012-10-24,345.2,93,17.4,0.0,14.2,0.214,24.97,57
-29.9079,152.5712,2012-10-24,309.8,34,14.6,0.0,10.3,0.338,27.26,61
-29.9094,152.5833,2012-10-24,308.9,20,14.5,0.0,10.3,0.338,27.26,61
-29.9432,152.6928,2012-10-24,327.7,65,16.5,0.0,13.4,0.216,24.48,58
-29.9547,152.7039,2012-10-24,320.1,44,16.5,0.0,13.4,0.226,24.48,59
-29.955,152.6978,2012-10-24,323.5,79,16.6,0.0,13.4,0.216,24.48,59
-29.8488,151.4829,2012-10-24,327.7,80,14.6,0.0,17.7,0.225,29.67,55
-29.9984,152.1512,2012-10-24,315.9,69,12.9,0.0,9.7,0.254,28.59,64
-30.0514,152.1066,2012-10-24,311.0,38,14.0,0.0,10.2,0.254,28.61,64
-30.0589,152.1646,2012-10-24,318.2,72,12.6,0.0,11.7,0.262,29.29,65
-30.1787,149.4597,2012-10-24,329.4,76,19.7,0.0,13.2,0.258,29.21,37
-30.7619,152.0134,2012-10-24,318.7,67,15.7,0.0,8.7,0.217,28.9,59
-30.7634,152.0247,2012-10-24,310.2,24,15.8,0.0,8.7,0.217,28.9,59
-30.7648,152.0356,2012-10-24,314.6,30,14.0,0.0,8.8,0.192,29.49,59
-30.7709,152.0835,2012-10-24,317.2,69,13.0,0.0,8.8,0.224,29.49,61
-30.807,152.2897,2012-10-24,321.8,65,15.4,0.0,10.0,0.22,28.11,62
-30.8087,152.206,2012-10-24,314.7,41,11.8,0.0,10.3,0.224,29.65,60
-30.9115,152.0592,2012-10-24,324.1,78,11.9,0.0,11.7,0.228,29.67,61
-30.9131,152.0719,2012-10-24,318.9,29,13.4,0.0,8.4,0.228,29.37,61
-30.9385,152.1169,2012-10-24,334.0,54,13.0,0.0,8.4,0.228,29.37,61
-30.94,152.1292,2012-10-24,331.7,75,12.3,0.0,9.2,0.228,29.23,61
-33.8457,150.8933,2012-10-24,317.2,52,16.7,0.0,18.2,0.139,28.83,61
-33.2826,149.1029,2012-10-24,314.2,56,13.7,0.0,17.4,0.186,29.72,55
-33.752,150.9103,2012-10-24,315.0,67,16.7,0.0,18.2,0.139,28.83,61
-33.7711,150.95,2012-10-24,315.1,38,16.9,0.0,18.2,0.172,28.83,63
-33.7919,150.885,2012-10-24,314.3,46,16.6,0.0,18.2,0.139,28.83,61
-33.8157,150.8441,2012-10-24,311.9,27,16.4,0.0,15.7,0.171,29.02,61
-33.9371,151.0001,2012-10-24,316.7,41,16.9,0.0,19.5,0.129,28.75,63
-33.9326,150.8901,2012-10-24,314.2,65,16.7,0.0,19.5,0.113,28.75,62
-34.0408,150.7601,2012-10-24,312.9,57,16.3,0.0,15.4,0.221,28.94,63
-34.4613,150.8812,2012-10-24,317.2,57,16.6,0.0,23.4,0.288,28.66,65
-35.8033,148.7268,2012-10-24,323.2,81,10.1,0.0,14.2,0.357,29.25,60
-35.8049,148.7381,2012-10-24,316.6,75,10.5,0.0,14.2,0.357,29.25,60
-36.4456,145.3247,2012-10-24,310.0,66,18.1,0.0,18.0,0.214,23.46,46
-35.8121,148.7253,2012-10-24,306.9,64,10.5,0.0,14.2,0.357,29.25,60
-34.5043,146.3564,2012-10-24,312.2,51,19.9,0.0,18.4,0.139,28.05,35
-36.7512,144.4012,2012-10-24,335.4,59,17.4,0.0,18.4,0.174,21.87,43
-30.905,152.088,2012-10-24,319.5,58,15.3,0.0,8.7,0.217,28.9,59
-29.7585,152.7206,2012-10-24,312.0,27,17.2,0.0,10.9,0.22,25.84,58
-29.7592,152.7168,2012-10-24,313.1,42,17.1,0.0,10.9,0.22,25.84,58
-28.6366,145.4316,2012-10-24,334.7,76,23.9,0.0,26.5,0.11,29.46,22
-29.9019,141.0865,2012-10-24,347.6,90,27.0,0.0,27.3,0.025,28.67,12
-29.8929,141.0848,2012-10-24,342.7,85,27.0,0.0,27.3,0.025,28.67,12
-29.8944,141.0744,2012-10-24,335.3,62,27.0,0.0,27.3,0.025,28.67,12
-29.1012,152.3776,2012-10-24,311.2,82,15.8,0.0,14.6,0.215,28.3,57
-30.8884,152.0863,2012-10-24,311.6,70,15.5,0.0,8.7,0.217,28.9,59
-30.813,152.2912,2012-10-24,311.6,83,14.0,0.0,8.7,0.217,28.9,61
-29.8982,152.576,2012-10-24,303.6,56,14.9,0.0,10.3,0.338,27.26,61
-29.7603,152.6963,2012-10-24,300.5,28,16.7,0.0,10.9,0.22,25.84,58
-29.1078,152.4207,2012-10-24,314.5,87,13.8,0.0,13.4,0.342,28.95,59
-29.1001,152.3838,2012-10-24,307.7,28,15.6,0.0,14.6,0.215,28.3,57
-29.1019,152.3669,2012-10-24,314.7,86,15.8,0.0,16.6,0.215,28.69,57
-29.1086,152.4142,2012-10-24,321.5,100,14.1,0.0,17.1,0.342,29.26,60
-29.103,152.3605,2012-10-24,306.9,70,16.4,0.0,14.6,0.215,28.3,56
-30.9025,152.0669,2012-10-24,301.1,24,12.6,0.0,8.4,0.228,29.37,61
-30.9391,152.1156,2012-10-24,316.3,66,12.6,0.0,8.4,0.228,29.37,61
-30.9441,152.1062,2012-10-24,312.4,54,12.3,0.0,12.5,0.228,29.76,61
-37.0754,148.7118,2012-10-25,313.1,70,15.2,0.4,24.8,0.349,27.79,62
-37.0652,148.7058,2012-10-25,316.5,76,15.4,1.0,22.1,0.349,26.87,62
-35.7995,148.7428,2012-10-25,313.5,46,12.9,0.0,29.6,0.349,28.7,54
-35.8141,148.7218,2012-10-25,323.7,81,12.0,0.0,31.3,0.351,28.56,56
-35.8131,148.7261,2012-10-25,328.6,85,12.4,0.0,29.6,0.351,28.7,56
-35.8122,148.7443,2012-10-25,310.4,65,13.0,0.0,29.6,0.349,28.7,54
-35.8003,148.7253,2012-10-25,333.7,88,12.0,0.0,31.3,0.351,28.56,56
-35.8013,148.721,2012-10-25,329.7,85,11.6,0.0,31.3,0.362,28.56,57
-29.9696,152.6121,2012-10-25,312.9,40,17.4,0.0,13.7,0.331,29.18,63
-32.2498,151.7173,2012-10-25,342.3,68,20.7,0.0,12.3,0.225,29.11,50
-32.2514,151.7034,2012-10-25,319.3,37,21.4,0.0,10.4,0.212,29.15,48
-32.2503,151.7259,2012-10-25,317.0,45,20.1,0.0,12.3,0.223,29.11,51
-32.2519,151.7122,2012-10-25,333.0,63,21.1,0.0,12.3,0.212,29.11,48
-31.5262,152.4445,2012-10-25,321.8,55,19.0,0.0,16.1,0.213,28.95,66
-30.9504,152.1585,2012-10-25,319.7,47,19.0,0.0,7.0,0.215,29.51,50
-30.9519,152.1461,2012-10-25,334.5,84,20.0,0.0,10.3,0.215,29.25,51
-30.9561,152.1117,2012-10-25,390.8,100,16.9,0.0,14.8,0.229,29.99,53
-30.9576,152.0989,2012-10-25,323.3,48,17.7,0.0,13.0,0.229,29.76,53
-30.945,152.1214,2012-10-25,335.4,71,18.0,0.0,13.0,0.221,29.76,53
-30.9464,152.1099,2012-10-25,375.4,100,16.9,0.0,14.8,0.221,29.99,53
-30.9479,152.0974,2012-10-25,332.4,47,17.4,0.0,13.0,0.221,29.76,53
-30.9367,152.1084,2012-10-25,345.4,88,17.3,0.0,13.0,0.221,29.76,53
-30.9119,152.1341,2012-10-25,322.2,40,20.3,0.0,10.3,0.211,29.25,50
-30.9096,152.0729,2012-10-25,340.6,89,17.5,0.0,13.0,0.221,29.76,53
-30.9109,152.0616,2012-10-25,356.8,98,16.6,0.0,14.8,0.221,29.99,53
-30.9125,152.0492,2012-10-25,364.7,100,17.4,0.0,14.8,0.222,29.99,47
-30.897,152.0946,2012-10-25,384.9,100,20.3,0.0,9.7,0.211,29.64,50
-30.8985,152.0827,2012-10-25,363.7,100,18.7,0.0,7.0,0.215,29.51,50
-30.9013,152.0597,2012-10-25,346.2,92,17.0,0.0,13.0,0.221,29.76,53
-30.9028,152.0474,2012-10-25,325.0,59,17.3,0.0,14.8,0.222,29.99,47
-30.8874,152.0927,2012-10-25,341.3,89,20.6,0.0,9.7,0.211,29.64,50
-30.8775,152.0921,2012-10-25,324.0,63,17.7,0.0,13.0,0.221,29.76,53
-30.8097,152.2941,2012-10-25,336.2,84,19.6,0.0,10.3,0.206,29.25,55
-30.8184,152.2245,2012-10-25,316.3,37,16.5,0.0,11.5,0.218,29.69,53
-30.8002,152.2921,2012-10-25,340.8,89,19.8,0.0,10.3,0.206,29.25,55
-30.8016,152.2809,2012-10-25,335.9,83,18.6,0.0,9.7,0.206,29.64,54
-30.7868,152.082,2012-10-25,327.2,77,19.2,0.0,9.7,0.211,29.64,50
-30.7883,152.0701,2012-10-25,328.9,79,19.2,0.0,9.7,0.211,29.64,50
-30.7897,152.0585,2012-10-25,349.1,94,18.7,0.0,14.0,0.211,29.83,50
-30.7732,152.0309,2012-10-25,324.0,42,19.0,0.0,14.0,0.175,29.83,48
-30.7569,152.0019,2012-10-25,322.8,20,21.2,0.0,9.7,0.211,29.64,50
-30.7273,152.2262,2012-10-25,328.5,49,19.4,0.0,10.3,0.22,29.25,56
-30.7192,152.2127,2012-10-25,321.2,32,19.3,0.0,9.7,0.211,29.64,53
-30.7257,152.0808,2012-10-25,344.8,92,17.3,0.0,14.8,0.221,29.99,51
-30.7272,152.0688,2012-10-25,328.9,77,17.1,0.0,14.8,0.221,29.99,51
-30.0994,153.0998,2012-10-25,312.7,46,17.7,0.0,15.5,0.239,28.79,71
-29.9611,152.6794,2012-10-25,323.0,74,17.7,0.0,13.8,0.272,28.99,64
-29.9625,152.6683,2012-10-25,324.3,75,17.7,0.0,13.8,0.331,28.99,63
-29.9711,152.6008,2012-10-25,314.9,55,17.8,0.0,14.3,0.331,29.14,63
-29.9963,152.1415,2012-10-25,322.4,72,18.8,0.0,13.7,0.237,29.18,57
-29.9145,152.6313,2012-10-25,322.9,69,17.7,0.0,13.8,0.272,28.99,62
-29.9159,152.6203,2012-10-25,321.6,69,17.8,0.0,14.3,0.272,29.14,62
-29.9173,152.6094,2012-10-25,324.5,62,17.6,0.0,13.7,0.3,29.18,62
-29.9029,152.5724,2012-10-25,323.3,62,17.2,0.0,13.7,0.3,29.18,62
-29.9044,152.5608,2012-10-25,334.9,85,17.4,0.0,13.7,0.331,29.18,63
-29.7562,152.7,2012-10-25,322.1,40,18.5,0.0,14.2,0.214,29.0,64
-29.7505,152.7047,2012-10-25,320.8,69,18.9,0.0,14.2,0.214,29.0,64
-29.7261,151.9474,2012-10-25,318.0,48,15.7,0.0,11.9,0.271,29.57,56
-29.7165,151.9456,2012-10-25,318.6,48,16.9,0.0,10.9,0.356,29.47,56
-29.8318,149.5596,2012-10-25,333.1,78,23.3,0.0,17.8,0.131,29.11,36
-29.8335,149.5435,2012-10-25,342.1,88,23.4,0.0,17.8,0.122,29.11,36
-29.4161,152.7192,2012-10-25,338.2,88,18.8,0.0,14.0,0.216,29.03,60
-29.4175,152.7081,2012-10-25,362.5,100,19.3,0.0,14.0,0.216,29.03,60
-29.419,152.697,2012-10-25,323.9,74,19.3,0.0,14.0,0.216,29.03,60
-29.4518,152.4412,2012-10-25,317.8,28,18.9,0.0,13.4,0.263,29.15,59
-29.4082,152.7064,2012-10-25,318.4,45,19.5,0.0,14.0,0.216,29.03,60
-29.3473,152.396,2012-10-25,316.5,52,18.1,0.0,7.6,0.34,29.2,55
-29.1374,152.4113,2012-10-25,326.2,53,16.9,0.0,8.0,0.336,29.24,55
-29.1281,152.4094,2012-10-25,337.6,84,17.6,0.0,8.0,0.336,29.24,55
-31.7044,152.0959,2012-10-25,303.9,45,20.7,0.0,12.5,0.211,29.29,50
-31.7069,152.0817,2012-10-25,301.6,19,20.7,0.0,10.4,0.208,29.15,50
-30.9616,152.182,2012-10-25,304.4,60,19.6,0.0,9.7,0.215,29.64,50
-30.9602,152.1745,2012-10-25,313.8,88,19.4,0.0,9.7,0.215,29.64,50
-30.804,152.2756,2012-10-25,313.9,88,18.6,0.0,9.7,0.211,29.64,53
-30.78,152.084,2012-10-25,308.2,74,18.0,0.0,14.0,0.218,29.83,53
-30.7826,152.0693,2012-10-25,301.7,43,19.1,0.0,9.7,0.211,29.64,50
-30.775,152.0496,2012-10-25,311.5,23,18.3,0.0,14.0,0.185,29.83,47
-30.7777,152.0347,2012-10-25,327.8,100,18.3,0.0,14.0,0.185,29.83,48
-30.7693,152.0194,2012-10-25,307.6,72,21.3,0.0,9.7,0.211,29.64,50
-29.1105,152.407,2012-10-25,308.3,71,18.4,0.0,9.3,0.322,29.13,55
-30.9004,152.0545,2012-10-25,321.5,100,16.7,0.0,14.8,0.221,29.99,53
-30.9522,152.1564,2012-10-25,315.3,88,19.3,0.0,7.0,0.215,29.51,50
-30.9581,152.1235,2012-10-25,322.7,100,17.4,0.0,13.0,0.229,29.76,53
-30.961,152.1075,2012-10-25,325.7,100,17.2,0.0,14.8,0.229,29.99,53
-30.9473,152.1213,2012-10-25,305.1,15,18.8,0.0,8.1,0.215,29.37,50
-30.9503,152.1049,2012-10-25,316.3,93,17.3,0.0,13.0,0.229,29.76,53
-30.8993,152.0779,2012-10-25,316.6,75,18.7,0.0,14.0,0.246,29.83,48
-30.9024,152.061,2012-10-25,320.0,96,16.8,0.0,14.8,0.221,29.99,53
-30.9052,152.0461,2012-10-25,304.7,44,18.1,0.0,13.0,0.185,29.76,47
-30.8885,152.0755,2012-10-25,306.8,17,19.2,0.0,9.7,0.215,29.64,50
-30.8944,152.088,2012-10-25,313.3,87,18.4,0.0,7.0,0.215,29.51,50
-30.8975,152.071,2012-10-25,319.4,98,17.4,0.0,13.0,0.221,29.76,53
-30.9493,152.1726,2012-10-25,314.6,90,19.7,0.0,10.3,0.206,29.25,55
-30.8838,152.085,2012-10-25,302.5,50,19.3,0.0,9.7,0.215,29.64,50
-30.8007,152.2934,2012-10-25,308.3,74,19.2,0.0,10.3,0.214,29.25,59
-30.7951,152.2975,2012-10-25,308.9,74,19.8,0.0,10.3,0.211,29.25,58
-30.8038,152.2736,2012-10-25,303.9,20,18.8,0.0,9.7,0.177,29.64,53
-30.8085,152.2955,2012-10-25,303.9,19,19.3,0.0,10.3,0.206,29.25,55
-30.7714,152.0558,2012-10-25,301.1,11,16.8,0.0,14.8,0.218,29.99,53
-30.7845,152.0513,2012-10-25,302.7,35,18.0,0.0,14.0,0.218,29.83,53
-30.8934,152.0652,2012-10-25,311.9,83,17.9,0.0,13.0,0.221,29.76,53
-30.8981,152.0873,2012-10-25,305.1,63,19.2,0.0,9.7,0.215,29.64,50
-30.944,152.1735,2012-10-25,309.1,38,19.5,0.0,10.3,0.206,29.25,55
-30.9613,152.1233,2012-10-25,316.1,58,17.2,0.0,13.0,0.229,29.76,53
-30.9574,152.1197,2012-10-25,317.1,94,17.3,0.0,13.0,0.229,29.76,53
-30.7937,152.2794,2012-10-25,316.9,94,18.6,0.0,9.7,0.206,29.64,54
-30.7983,152.3015,2012-10-25,309.8,77,20.1,0.0,10.3,0.211,29.25,58
-30.7903,152.2751,2012-10-25,303.2,29,19.2,0.0,10.3,0.214,29.25,59
-30.1017,153.1002,2012-10-25,312.6,54,17.8,0.0,15.5,0.239,28.79,71
-29.9672,152.6206,2012-10-25,312.5,28,17.1,0.0,13.7,0.331,29.18,63
-29.1067,152.4083,2012-10-25,320.6,59,18.6,0.0,9.3,0.322,29.13,55
-29.1082,152.4187,2012-10-25,321.1,64,17.9,0.0,7.6,0.336,29.2,55
-29.4433,152.3817,2012-10-25,320.2,68,18.4,0.0,14.3,0.335,29.14,58
-29.4542,152.4537,2012-10-25,324.8,75,18.4,0.0,13.4,0.263,29.15,59
-29.4557,152.464,2012-10-25,323.4,72,19.2,0.0,13.1,0.217,29.04,60
-29.4523,152.3799,2012-10-25,325.2,76,18.4,0.0,13.4,0.334,29.15,60
-28.8878,148.1103,2012-10-25,326.2,67,24.9,0.0,17.3,0.13,29.33,28
-29.7571,152.6946,2012-10-25,323.7,75,18.3,0.0,14.2,0.214,29.0,64
-29.8935,152.5604,2012-10-25,318.0,22,17.8,0.0,14.3,0.272,29.14,62
-29.895,152.5708,2012-10-25,319.7,46,17.6,0.0,13.7,0.331,29.18,63
-29.9025,152.5587,2012-10-25,323.0,61,18.2,0.0,13.8,0.272,28.99,62
-29.9102,152.6104,2012-10-25,315.4,56,17.1,0.0,13.7,0.331,29.18,63
-29.9132,152.631,2012-10-25,317.2,60,18.2,0.0,13.8,0.272,28.99,62
-29.9147,152.6413,2012-10-25,317.2,59,18.5,0.0,13.8,0.272,28.99,62
-29.9659,152.674,2012-10-25,317.6,27,17.3,0.0,13.8,0.272,28.99,64
-30.1002,153.0897,2012-10-25,313.5,57,16.7,0.0,13.8,0.249,28.99,71
-30.7999,152.279,2012-10-26,327.9,66,21.2,0.0,10.2,0.204,27.61,46
-30.803,152.2998,2012-10-26,320.8,38,21.7,0.0,13.0,0.204,27.14,55
-30.8074,152.2669,2012-10-26,346.9,93,19.6,0.0,18.3,0.212,27.18,47
-30.8089,152.2773,2012-10-26,348.9,94,20.9,0.0,10.2,0.199,27.61,51
-30.7925,152.2912,2012-10-26,332.7,64,21.9,0.0,13.0,0.204,27.14,55
-30.6954,152.4406,2012-10-26,314.2,28,20.3,0.0,12.7,0.213,27.84,57
-30.7182,152.1622,2012-10-26,318.1,63,21.9,0.0,13.0,0.213,27.14,50
-30.7909,152.2808,2012-10-26,334.4,71,21.2,0.0,13.0,0.199,27.14,51
-35.7961,148.736,2012-10-26,321.1,58,8.3,0.0,20.4,0.346,29.8,66
-35.8178,148.7406,2012-10-26,334.5,89,8.2,0.0,20.4,0.346,29.8,66
-35.8201,148.7274,2012-10-26,316.5,54,8.2,0.0,20.4,0.346,29.8,66
-35.8182,148.7352,2012-10-26,329.0,57,8.4,0.0,20.4,0.346,29.8,66
-35.8062,148.7461,2012-10-26,313.8,47,9.0,0.0,20.4,0.344,29.8,64
-35.8085,148.7326,2012-10-26,316.5,66,8.0,0.0,20.4,0.346,29.8,65
-35.7988,148.7297,2012-10-26,325.9,84,7.9,0.0,21.9,0.346,28.27,65
-34.879,145.9879,2012-10-26,337.2,87,14.7,0.0,28.0,0.126,26.63,47
-34.8807,145.9768,2012-10-26,337.6,87,14.7,0.0,28.0,0.126,26.63,47
-29.895,152.5753,2012-10-26,316.3,46,21.1,0.0,10.9,0.324,28.35,55
-29.3451,151.5407,2012-10-26,301.1,38,22.0,0.0,19.9,0.25,29.07,39
-31.7161,152.1115,2012-10-26,300.2,15,19.8,0.0,12.6,0.21,21.03,51
-35.8158,148.7193,2012-10-27,305.2,59,6.9,0.0,11.8,0.342,29.81,60
-35.8097,148.7146,2012-10-27,301.6,38,7.2,0.0,11.8,0.342,29.81,60
-35.8117,148.7423,2012-10-27,304.7,58,7.7,0.0,13.7,0.34,29.49,59
-31.1198,152.7926,2012-10-27,320.0,72,17.9,0.9,18.6,0.28,27.08,62
-31.118,152.8092,2012-10-27,342.3,91,17.9,0.9,18.6,0.28,27.08,62
-33.6981,150.5249,2012-10-27,332.5,86,13.4,0.0,18.4,0.214,29.45,50
-33.695,150.8317,2012-10-27,315.2,71,16.1,0.0,19.5,0.172,28.97,47
-31.0106,152.1625,2012-10-27,318.3,69,14.1,0.1,14.9,0.221,27.19,58
-30.9758,152.2013,2012-10-27,323.0,48,18.2,0.3,16.9,0.207,26.97,58
-30.8275,152.3031,2012-10-27,345.7,93,17.5,0.5,15.8,0.194,27.38,58
-30.8313,152.2992,2012-10-27,329.4,77,16.7,0.7,15.3,0.194,27.79,58
-30.7854,152.29,2012-10-27,329.9,83,18.1,0.5,15.8,0.199,27.38,60
-29.1987,148.0936,2012-10-27,330.0,80,20.4,0.0,23.0,0.19,25.77,30
-29.2514,150.7978,2012-10-27,322.9,75,20.3,0.0,16.7,0.271,20.86,37
-29.2061,148.0846,2012-10-27,323.7,72,20.4,0.0,23.0,0.19,25.77,30
-29.1929,148.0881,2012-10-27,332.5,82,20.4,0.0,23.0,0.19,25.77,30
-29.1878,148.0642,2012-10-27,337.0,86,20.4,0.0,23.0,0.19,25.77,30
-31.9372,148.0958,2012-10-27,326.9,79,17.3,0.0,18.2,0.102,29.84,32
-35.8147,148.7226,2012-10-27,311.8,70,7.3,0.0,11.8,0.342,29.81,60
-37.399,143.3367,2012-10-28,326.6,84,11.4,0.0,9.8,0.262,28.6,75
-37.3861,143.3531,2012-10-28,315.3,75,11.4,0.0,9.8,0.284,28.6,75
-37.3878,143.3349,2012-10-28,353.8,97,11.5,0.0,9.8,0.262,28.6,75
-37.2587,142.9116,2012-10-28,329.5,85,11.2,0.0,11.0,0.188,28.71,72
-37.2604,142.8936,2012-10-28,314.6,72,10.9,0.0,11.0,0.193,28.71,73
-37.1002,143.7118,2012-10-28,324.2,81,13.2,0.0,11.2,0.162,28.54,66
-37.0892,143.7103,2012-10-28,334.6,88,13.1,0.0,11.2,0.162,28.54,66
-36.9636,144.7008,2012-10-28,328.6,84,13.6,0.0,15.9,0.16,28.4,66
-36.7748,143.1076,2012-10-28,321.4,77,13.3,0.0,12.0,0.146,28.71,64
-36.7635,143.1059,2012-10-28,336.0,88,13.3,0.0,12.0,0.146,28.71,64
-36.6997,143.6425,2012-10-28,310.8,50,13.9,0.0,11.3,0.158,28.58,61
-36.6373,143.2448,2012-10-28,312.5,45,13.6,0.0,11.6,0.137,28.65,62
-36.6261,143.2432,2012-10-28,313.3,52,13.4,0.0,11.6,0.137,28.65,62
-35.8222,148.7282,2012-10-28,342.3,92,10.0,0.0,6.3,0.337,27.55,64
-35.8148,148.7152,2012-10-28,343.0,93,9.6,0.0,6.6,0.337,28.12,64
-34.4616,150.8827,2012-10-28,316.6,0,15.1,0.0,16.9,0.241,18.55,64
-31.9389,148.0902,2012-10-28,348.5,93,19.4,0.0,22.4,0.102,28.58,41
-31.0102,152.1452,2012-10-28,322.7,39,12.1,0.0,14.3,0.218,19.13,65
-30.9753,152.0907,2012-10-28,324.9,67,13.9,0.0,13.0,0.206,18.94,66
-30.9678,152.0706,2012-10-28,326.1,43,11.4,0.0,18.8,0.218,24.45,65
-30.9462,152.1066,2012-10-28,321.1,40,11.2,0.0,18.8,0.211,24.45,64
-30.9488,152.0924,2012-10-28,327.3,52,12.6,0.3,15.2,0.206,21.29,65
-30.8001,152.0345,2012-10-28,322.0,73,13.7,0.0,13.0,0.165,18.94,65
-30.8026,152.0213,2012-10-28,313.1,34,15.5,0.0,13.0,0.203,18.94,66
-30.9871,152.2075,2012-10-28,311.7,83,15.1,0.0,14.8,0.206,17.21,66
-29.8727,152.5697,2012-10-28,303.4,55,16.6,0.2,15.6,0.198,15.74,62
-30.9345,152.0958,2012-10-28,310.8,53,11.7,0.0,14.2,0.211,20.19,65
-30.9361,152.1063,2012-10-28,308.5,40,11.4,0.0,18.8,0.211,24.45,64
-30.9429,152.0981,2012-10-28,309.1,25,11.4,0.0,18.8,0.211,24.45,64
-30.9668,152.0718,2012-10-28,318.0,54,11.7,0.0,14.2,0.218,20.19,65
-30.9684,152.0822,2012-10-28,320.0,42,12.3,0.0,14.2,0.261,20.19,68
-30.9699,152.0926,2012-10-28,305.0,18,13.5,0.0,13.0,0.222,18.94,66
-30.9715,152.1031,2012-10-28,306.8,51,13.3,0.0,13.6,0.222,17.51,66
-30.9809,152.1659,2012-10-28,317.1,88,11.8,0.0,14.3,0.218,19.13,65
-30.9899,152.1641,2012-10-28,315.7,49,11.6,0.0,14.3,0.218,19.13,65
-31.0094,152.171,2012-10-28,355.1,100,10.8,0.0,14.3,0.218,19.13,65
-31.011,152.1814,2012-10-28,332.2,94,11.6,0.0,14.3,0.218,19.13,65
-31.0274,152.1675,2012-10-28,320.5,53,10.6,0.0,14.3,0.218,19.13,65
-37.3871,143.3631,2012-10-29,326.3,83,15.5,0.0,13.3,0.274,26.78,64
-37.1351,143.5305,2012-10-29,321.1,79,16.7,0.0,13.1,0.15,27.08,60
-37.3839,143.3405,2012-10-29,325.9,82,15.9,0.0,13.3,0.252,26.78,64
-37.3929,143.3385,2012-10-29,324.0,81,15.9,0.0,13.3,0.252,26.78,64
-37.1255,143.5133,2012-10-29,383.7,100,16.8,0.0,13.1,0.15,27.08,60
-37.0703,142.7822,2012-10-29,324.9,79,16.9,0.0,11.7,0.171,24.92,59
-37.0757,142.7772,2012-10-29,325.3,64,17.1,0.0,11.7,0.171,24.92,59
-36.9856,143.1467,2012-10-29,323.0,61,16.4,0.0,12.0,0.17,26.87,60
-36.6984,144.2679,2012-10-29,325.3,73,18.6,0.0,11.9,0.185,26.81,53
-37.1224,143.5299,2012-10-29,318.6,58,16.7,0.0,11.8,0.15,27.19,60
-36.687,144.2644,2012-10-29,334.2,81,18.5,0.0,11.9,0.185,26.81,53
-36.6959,144.3014,2012-10-29,325.0,67,18.7,0.0,11.9,0.185,26.81,53
-36.6996,144.2825,2012-10-29,337.8,77,18.6,0.0,11.9,0.185,26.81,53
-36.6846,144.2978,2012-10-29,327.4,79,18.7,0.0,11.9,0.185,26.81,53
-36.6883,144.2788,2012-10-29,343.1,91,18.5,0.0,11.9,0.185,26.81,53
-36.692,144.26,2012-10-29,332.5,84,18.4,0.0,11.9,0.185,26.81,53
-37.3909,143.3505,2012-10-29,367.2,100,15.7,0.0,13.3,0.274,26.78,64
-37.1377,143.5237,2012-10-29,316.3,46,16.9,0.0,13.1,0.15,27.08,60
-37.1269,143.5204,2012-10-29,382.5,100,16.8,0.0,13.1,0.15,27.08,60
-34.4596,150.8766,2012-10-29,302.0,46,16.2,0.0,24.0,0.23,26.3,72
-31.037,152.1386,2012-10-29,334.8,85,11.4,0.1,11.3,0.219,16.75,74
-36.7986,144.244,2012-10-30,313.3,28,20.8,0.0,12.6,0.162,29.05,41
-36.0896,145.9337,2012-10-30,328.9,80,22.7,0.0,14.3,0.134,25.98,41
-36.0914,145.9155,2012-10-30,353.3,96,22.7,0.0,14.3,0.134,25.98,41
-34.5365,146.2704,2012-10-30,337.1,85,23.7,0.0,15.5,0.128,25.5,38
-36.0983,145.9399,2012-10-30,317.5,55,22.6,0.0,14.3,0.134,25.98,41
-36.1,145.9217,2012-10-30,396.5,100,22.6,0.0,14.3,0.134,25.98,41
-36.101,145.9354,2012-10-30,342.8,91,22.6,0.0,14.3,0.134,25.98,41
-37.008,143.153,2012-10-30,328.6,80,20.1,0.0,17.1,0.158,29.41,43
-36.9879,143.1445,2012-10-30,321.8,69,19.7,0.0,17.1,0.15,29.41,42
-37.0067,143.1653,2012-10-30,316.0,92,19.8,0.0,17.1,0.158,29.41,43
-36.9975,143.1635,2012-10-30,317.0,94,19.1,0.0,16.9,0.158,29.36,43
-36.9884,143.1616,2012-10-30,308.6,69,19.0,0.0,16.9,0.174,29.36,44
-36.99,143.15,2012-10-30,315.8,92,19.9,0.0,17.1,0.158,29.41,43
-31.5065,152.6774,2012-10-30,302.1,47,16.7,0.6,10.4,0.216,22.67,77
-34.457,150.8839,2012-10-30,307.4,71,17.8,0.0,21.7,0.22,26.51,76
-28.4894,147.3414,2012-10-31,332.8,73,24.9,0.0,9.7,0.11,29.12,41
-30.9791,152.0914,2012-10-31,312.0,40,17.2,0.1,8.6,0.264,25.42,67
-31.0138,152.2059,2012-10-31,312.1,19,17.6,0.2,10.8,0.264,25.79,67
-31.0231,152.1493,2012-10-31,345.1,92,14.8,0.3,11.5,0.277,24.11,69
-31.0246,152.1635,2012-10-31,332.3,84,14.1,0.3,11.5,0.277,24.11,69
-30.9935,152.0784,2012-10-31,315.6,52,15.8,0.0,8.0,0.292,24.61,68
-31.0405,152.1292,2012-10-31,326.8,36,15.2,0.3,11.5,0.277,24.11,69
-32.0589,146.0177,2012-10-31,328.4,68,25.3,0.0,12.6,0.114,27.8,34
-31.0433,152.126,2012-10-31,326.8,46,14.6,0.3,11.5,0.277,24.11,69
-30.9474,152.0633,2012-10-31,316.7,66,14.5,0.4,9.1,0.262,24.39,68
-30.949,152.049,2012-10-31,314.1,42,14.2,0.6,12.0,0.297,24.0,69
-30.9508,152.0325,2012-10-31,319.0,92,16.1,0.4,9.1,0.335,24.39,68
-30.9383,152.0473,2012-10-31,314.4,89,14.1,0.6,12.0,0.297,24.0,69
-30.9401,152.0315,2012-10-31,301.6,7,14.6,0.6,10.7,0.297,24.22,69
-28.6807,152.7205,2012-10-31,301.2,29,18.9,0.0,10.5,0.208,24.51,63
-30.9511,152.0691,2012-10-31,316.0,92,14.8,0.6,10.7,0.277,24.22,69
-31.3032,152.5697,2012-10-31,306.2,67,17.7,0.1,10.2,0.222,25.65,72
-31.0388,152.1012,2012-10-31,305.4,10,17.6,0.1,8.6,0.264,25.42,67
-31.0171,152.2027,2012-10-31,306.6,69,17.5,0.2,10.8,0.264,25.79,67
-31.0265,152.1149,2012-10-31,325.3,98,16.7,0.1,8.6,0.264,25.42,66
-31.0217,152.2113,2012-10-31,300.6,16,17.8,0.1,10.2,0.264,25.65,67
-31.0332,152.1097,2012-10-31,320.1,58,16.6,0.1,8.6,0.264,25.42,66
-31.0127,152.1962,2012-10-31,303.9,57,16.1,0.2,8.3,0.264,25.14,66
-31.0226,152.1076,2012-10-31,323.2,64,16.0,0.2,8.3,0.292,25.14,68
-31.0101,152.1224,2012-10-31,313.9,22,15.4,0.4,9.1,0.277,24.39,69
-30.9906,152.1039,2012-10-31,319.8,33,15.7,0.0,8.0,0.292,24.61,68
-30.9923,152.0879,2012-10-31,331.6,97,17.2,0.1,8.6,0.264,25.42,67
-30.994,152.0731,2012-10-31,320.2,100,16.7,0.1,8.6,0.292,25.42,68
-30.9781,152.1192,2012-10-31,308.7,33,14.3,0.6,12.0,0.277,24.0,69
-30.9526,152.0551,2012-10-31,309.5,58,14.5,0.6,10.7,0.277,24.22,69
-30.9542,152.0398,2012-10-31,318.2,96,15.2,0.6,10.7,0.329,24.22,69
-30.9419,152.0536,2012-10-31,314.2,57,14.0,0.6,10.7,0.262,24.22,68
-30.9435,152.0385,2012-10-31,325.6,100,14.5,0.6,10.7,0.297,24.22,69
-28.4905,150.5013,2012-10-31,303.0,52,23.1,0.0,10.5,0.038,26.82,43
-31.0202,152.1183,2012-10-31,308.1,8,17.3,0.1,8.6,0.264,25.42,67
-30.9447,152.0491,2012-10-31,315.0,66,14.2,0.6,12.0,0.297,24.0,69
-30.9431,152.0431,2012-10-31,313.2,60,14.2,0.6,12.0,0.297,24.0,69
-31.4575,152.3517,2012-11-01,321.6,79,22.4,0.0,14.7,0.216,27.38,54
-31.3086,152.5719,2012-11-01,372.7,100,21.8,0.0,14.3,0.203,27.72,59
-31.31,152.5612,2012-11-01,338.0,90,22.0,0.0,14.3,0.203,27.72,59
-31.2995,152.5703,2012-11-01,365.5,100,22.0,0.0,14.3,0.213,27.72,56
-31.3009,152.5596,2012-11-01,393.2,100,21.9,0.0,14.3,0.213,27.72,56
-29.0727,152.3395,2012-11-01,321.4,68,21.0,0.0,13.9,0.318,28.98,50
-28.6797,152.7163,2012-11-01,325.7,79,22.2,0.0,13.1,0.202,28.25,55
-29.1928,148.0443,2012-11-01,329.6,62,28.0,0.0,32.0,0.197,27.34,29
-29.1907,148.0546,2012-11-01,328.3,39,27.7,0.0,32.0,0.191,27.34,29
-34.4641,150.888,2012-11-01,303.0,53,22.0,0.0,29.6,0.2,18.65,52
-32.9311,151.6041,2012-11-01,315.1,90,25.2,0.0,20.1,0.182,22.89,48
-28.1944,147.7622,2012-11-01,308.3,74,28.3,0.0,31.3,0.051,28.28,28
-28.1848,147.7602,2012-11-01,309.8,78,28.3,0.0,31.3,0.051,28.28,28
-31.2783,152.5599,2012-11-01,307.0,36,21.9,0.0,14.3,0.22,27.72,55
-31.2816,152.577,2012-11-01,348.0,100,22.2,0.0,14.3,0.213,27.72,56
-31.2898,152.5571,2012-11-01,310.3,51,21.8,0.0,14.3,0.213,27.72,56
-31.2932,152.5745,2012-11-01,369.0,100,21.8,0.0,14.3,0.22,27.72,55
-31.2963,152.5909,2012-11-01,322.9,82,22.4,0.0,13.5,0.203,28.0,59
-31.2992,152.5661,2012-11-01,320.9,100,21.8,0.0,14.3,0.213,27.72,56
-31.3024,152.5826,2012-11-01,326.8,100,22.3,0.0,13.5,0.203,28.0,59
-32.9383,151.6052,2012-11-01,301.2,39,25.2,0.0,20.1,0.182,22.89,48
-29.062,152.3362,2012-11-02,320.9,51,18.9,0.0,16.6,0.268,25.41,54
-29.071,152.3344,2012-11-02,348.1,94,17.8,0.0,17.0,0.325,26.69,54
-29.0726,152.3452,2012-11-02,325.3,63,19.8,0.0,16.0,0.268,25.06,54
-29.2749,152.0822,2012-11-02,317.7,36,16.8,0.0,18.8,0.348,28.91,56
-30.924,152.0491,2012-11-02,327.8,53,16.2,0.0,14.3,0.26,25.35,58
-30.1172,152.3924,2012-11-02,324.0,71,14.3,0.0,15.5,0.272,29.08,58
-30.1187,152.4031,2012-11-02,361.8,100,14.1,0.0,15.5,0.272,29.08,58
-30.1201,152.4138,2012-11-02,333.0,85,14.0,0.0,15.5,0.272,29.08,58
-30.1278,152.4014,2012-11-02,331.2,84,13.9,0.0,15.5,0.272,29.08,58
-30.5354,150.9483,2012-11-02,316.2,49,18.3,0.0,19.5,0.093,30.87,43
-30.9255,152.0595,2012-11-02,327.7,48,13.6,0.0,18.5,0.24,29.49,58
-30.9285,152.081,2012-11-02,338.3,88,14.2,0.0,14.5,0.24,24.51,58
-30.9349,152.0733,2012-11-02,328.0,80,13.4,0.0,18.5,0.24,29.49,58
-30.9473,152.0275,2012-11-02,322.3,30,15.3,0.0,14.5,0.26,24.51,58
-30.9712,152.133,2012-11-02,322.5,74,14.1,0.3,14.7,0.252,21.2,60
-30.9727,152.1439,2012-11-02,313.6,38,15.4,0.0,13.8,0.261,21.95,59
-30.9671,152.0349,2012-11-02,325.4,31,16.0,0.4,14.8,0.275,18.53,60
-30.9777,152.0443,2012-11-02,321.9,65,17.3,0.0,14.3,0.24,25.35,58
-30.9792,152.0548,2012-11-02,319.5,39,15.8,0.0,13.8,0.261,21.95,60
-31.0005,152.0734,2012-11-02,356.6,98,17.6,0.0,14.3,0.24,25.35,58
-31.0168,152.1914,2012-11-02,326.7,57,14.6,0.0,14.5,0.24,24.51,58
-31.0126,152.0931,2012-11-02,332.4,80,17.0,0.0,14.3,0.24,25.35,58
-31.0276,152.201,2012-11-02,328.0,68,16.5,0.0,13.8,0.24,21.95,58
-31.0351,152.1879,2012-11-02,334.8,86,14.0,0.3,14.7,0.252,21.2,60
-31.0367,152.1991,2012-11-02,356.7,98,15.4,0.0,13.8,0.221,21.95,58
-31.0382,152.2102,2012-11-02,334.1,85,16.9,0.3,16.9,0.24,20.58,58
-31.0398,152.2213,2012-11-02,324.2,71,17.8,0.6,18.4,0.24,17.66,59
-31.0462,152.1463,2012-11-02,321.5,56,12.9,0.3,14.7,0.252,21.2,60
-31.051,152.1132,2012-11-02,314.5,38,16.3,0.0,14.3,0.261,25.35,60
-31.0525,152.124,2012-11-02,336.0,87,16.3,0.0,14.3,0.261,25.35,60
-31.0539,152.1347,2012-11-02,342.2,91,15.9,0.0,13.8,0.261,21.95,60
-31.0554,152.1451,2012-11-02,327.5,79,14.3,0.3,14.7,0.274,21.2,61
-31.2859,152.5642,2012-11-02,347.0,77,16.2,0.6,18.4,0.21,17.66,61
-31.2874,152.5755,2012-11-02,360.7,94,16.3,0.6,18.4,0.21,17.66,61
-31.2889,152.587,2012-11-02,323.6,62,17.4,0.3,22.3,0.201,19.25,59
-31.2967,152.5738,2012-11-02,328.6,36,16.1,0.6,18.4,0.21,17.66,61
-33.7486,150.9078,2012-11-02,317.3,69,16.8,0.0,19.5,0.157,27.6,50
-33.7729,150.948,2012-11-02,316.4,68,16.9,0.0,19.5,0.113,27.6,50
-33.7745,150.9589,2012-11-02,315.9,65,16.9,0.0,19.5,0.137,27.6,51
-33.8023,150.8351,2012-11-02,314.9,43,16.6,0.0,18.7,0.136,28.29,49
-34.4619,150.8856,2012-11-02,318.8,57,15.9,0.1,27.4,0.191,26.9,60
-35.5396,148.1215,2012-11-02,305.8,23,10.7,0.0,12.0,0.281,29.65,64
-36.4789,144.2845,2012-11-02,326.9,78,14.1,0.0,16.8,0.153,26.59,57
-35.309,144.2242,2012-11-02,352.4,96,15.7,0.0,18.2,0.258,29.52,48
-35.3106,144.2132,2012-11-02,352.4,96,15.7,0.0,18.2,0.258,29.52,48
-30.5826,150.9226,2012-11-02,331.4,81,19.5,0.0,18.9,0.16,30.77,42
-30.5873,150.9283,2012-11-02,334.7,84,19.2,0.0,18.9,0.16,30.77,42
-30.5372,150.934,2012-11-02,316.6,43,18.6,0.0,18.4,0.119,30.74,43
-30.1339,152.4163,2012-11-02,317.7,40,13.2,0.0,15.5,0.272,29.08,58
-30.1412,152.3843,2012-11-02,329.4,80,14.2,0.0,15.5,0.272,29.08,58
-30.1372,152.4092,2012-11-02,327.7,78,13.4,0.0,15.5,0.272,29.08,58
-30.1442,152.3778,2012-11-02,321.6,69,14.3,0.0,15.5,0.272,29.08,58
-30.1984,151.3019,2012-11-02,321.3,67,16.3,0.0,20.1,0.134,30.79,50
-30.1951,151.2933,2012-11-02,316.6,36,17.1,0.0,20.1,0.105,30.79,48
-30.0475,151.2758,2012-11-02,322.0,68,18.0,0.0,15.8,0.202,30.78,49
-30.0442,151.2673,2012-11-02,321.6,66,17.7,0.0,18.9,0.202,30.51,49
-29.3204,145.1321,2012-11-02,329.6,62,22.3,0.0,22.4,0.111,30.6,24
-28.18,144.9544,2012-11-02,329.9,62,23.5,0.0,23.4,0.116,30.57,22
-28.2053,144.9277,2012-11-02,367.6,100,23.6,0.0,23.4,0.117,30.57,22
-28.2033,144.9398,2012-11-02,372.1,100,23.6,0.0,23.4,0.117,30.57,22
-28.1895,144.9619,2012-11-02,368.2,100,23.5,0.0,23.4,0.116,30.57,22
-31.2889,152.5688,2012-11-02,320.0,99,16.0,0.9,15.1,0.215,15.48,60
-31.2871,152.589,2012-11-02,308.2,43,17.5,0.3,22.3,0.201,19.25,59
-31.3018,152.5698,2012-11-02,304.6,28,16.1,0.6,18.4,0.21,17.66,61
-28.2701,146.2446,2012-11-02,325.4,100,23.4,0.0,31.3,0.161,30.71,23
-28.2795,146.2427,2012-11-02,330.1,100,23.4,0.0,31.3,0.161,30.71,23
-28.2889,146.2407,2012-11-02,304.1,19,23.4,0.0,31.3,0.161,30.71,23
-28.2814,146.2539,2012-11-02,305.1,20,23.3,0.0,31.3,0.071,30.71,23
-30.1954,151.3068,2012-11-02,305.6,65,16.4,0.0,20.1,0.134,30.79,50
-28.278,146.3871,2012-11-02,301.1,37,23.2,0.0,26.7,0.025,30.68,23
-31.0532,152.1422,2012-11-02,313.0,86,14.3,0.3,14.7,0.274,21.2,61
-31.072,152.2132,2012-11-02,309.6,78,13.0,0.3,14.7,0.279,21.2,63
-31.2834,152.5776,2012-11-02,302.7,51,17.0,0.6,18.4,0.201,17.66,59
-30.9339,152.077,2012-11-02,301.2,38,13.4,0.0,18.5,0.24,29.49,58
-30.9607,152.0307,2012-11-02,314.4,25,15.5,0.0,15.4,0.275,27.5,60
-30.9714,152.0303,2012-11-02,323.5,100,17.0,0.0,14.3,0.24,25.35,58
-30.9836,152.0437,2012-11-02,305.7,16,17.5,0.0,14.3,0.24,25.35,58
-35.1024,145.8947,2012-11-03,312.4,54,18.5,0.0,16.5,0.126,25.68,46
-28.2225,144.9283,2012-11-03,326.1,71,25.4,0.0,14.8,0.113,29.47,17
-28.184,147.5395,2012-11-03,376.0,100,24.0,0.0,12.7,0.087,26.63,24
-28.1855,147.5292,2012-11-03,397.7,100,24.0,0.0,12.7,0.087,26.63,24
-28.1869,147.519,2012-11-03,309.4,39,24.0,0.0,12.7,0.087,26.63,24
-28.1736,147.5481,2012-11-03,317.6,95,24.0,0.0,12.7,0.087,26.63,24
-28.175,147.5378,2012-11-03,355.2,100,24.0,0.0,12.7,0.087,26.63,24
-28.1764,147.5276,2012-11-03,335.4,100,24.0,0.0,12.7,0.087,26.63,24
-28.2847,146.3901,2012-11-03,305.3,45,24.4,0.0,15.2,0.025,28.32,19
-28.3061,146.2262,2012-11-03,328.5,100,24.9,0.0,16.6,0.161,28.64,18
-28.4612,148.1803,2012-11-03,319.3,98,23.5,0.0,18.8,0.132,25.12,33
-28.4508,148.1888,2012-11-03,305.7,65,23.5,0.0,18.8,0.132,25.12,33
-28.2173,147.5665,2012-11-03,300.2,19,23.9,0.0,12.7,0.132,26.63,26
-28.2188,147.5562,2012-11-03,309.0,76,23.9,0.0,12.7,0.132,26.63,26
-28.2097,147.5546,2012-11-03,330.3,100,23.9,0.0,12.7,0.132,26.63,26
-28.2111,147.5444,2012-11-03,319.0,89,24.0,0.0,12.7,0.087,26.63,24
-28.2007,147.553,2012-11-03,332.5,100,23.9,0.0,12.7,0.132,26.63,26
-28.2021,147.5427,2012-11-03,339.4,100,24.0,0.0,12.7,0.087,26.63,24
-28.2035,147.5325,2012-11-03,334.8,100,24.0,0.0,12.7,0.087,26.63,24
-28.205,147.5222,2012-11-03,337.3,100,24.0,0.0,12.7,0.087,26.63,24
-28.2064,147.512,2012-11-03,321.1,100,24.0,0.0,12.7,0.087,26.63,24
-28.1902,147.5616,2012-11-03,328.2,100,23.9,0.0,12.7,0.132,26.63,26
-28.1931,147.5411,2012-11-03,374.7,100,24.0,0.0,12.7,0.087,26.63,24
-28.1945,147.5308,2012-11-03,410.9,100,24.0,0.0,12.7,0.087,26.63,24
-28.1959,147.5206,2012-11-03,335.1,100,24.0,0.0,12.7,0.087,26.63,24
-28.1826,147.5497,2012-11-03,360.8,100,24.0,0.0,12.7,0.087,26.63,24
-28.2954,146.2356,2012-11-03,320.8,78,24.9,0.0,16.6,0.161,28.64,18
-28.286,146.234,2012-11-03,318.0,57,24.9,0.0,16.6,0.161,28.64,18
-28.2874,146.2231,2012-11-03,317.0,40,24.9,0.0,16.6,0.161,28.64,18
-28.2767,146.2325,2012-11-03,304.0,53,24.9,0.0,16.6,0.161,28.64,18
-28.2968,146.2246,2012-11-03,320.3,74,24.9,0.0,16.6,0.161,28.64,18
-28.3076,146.2152,2012-11-03,308.9,71,24.9,0.0,16.6,0.161,28.64,18
-28.2783,146.3668,2012-11-03,305.9,31,24.4,0.0,16.6,0.025,28.64,19
-28.2797,146.3559,2012-11-03,308.3,64,24.4,0.0,16.6,0.025,28.64,19
-28.2128,144.9523,2012-11-03,303.3,54,25.2,0.0,14.8,0.112,29.47,17
-28.2116,144.959,2012-11-03,301.2,8,25.2,0.0,14.8,0.112,29.47,17
-28.2131,144.9465,2012-11-03,301.6,10,25.4,0.0,14.8,0.113,29.47,17
-28.2032,144.945,2012-11-03,303.1,23,25.4,0.0,14.8,0.113,29.47,17
-28.2037,147.5428,2012-11-03,311.8,70,24.0,0.0,12.7,0.087,26.63,24
-28.1723,147.5456,2012-11-03,306.0,35,24.0,0.0,12.7,0.087,26.63,24
-28.188,147.5442,2012-11-03,329.0,100,24.0,0.0,12.7,0.087,26.63,24
-28.1906,147.5786,2012-11-03,306.6,50,23.9,0.0,12.7,0.132,26.63,26
-28.1832,147.5397,2012-11-03,325.1,100,24.0,0.0,12.7,0.087,26.63,24
-28.2943,146.2415,2012-11-03,304.1,59,24.9,0.0,16.6,0.161,28.64,18
-28.1989,147.5383,2012-11-03,317.0,94,24.0,0.0,12.7,0.087,26.63,24
-28.1856,147.5741,2012-11-03,311.8,73,23.9,0.0,12.7,0.132,26.63,26
-28.2909,146.2469,2012-11-03,303.9,46,24.9,0.0,16.6,0.161,28.64,18
-30.5855,150.9512,2012-11-03,319.8,56,16.1,0.0,18.4,0.11,21.38,54
-28.2986,146.2578,2012-11-03,324.2,53,24.7,0.0,16.6,0.071,28.64,19
-28.2932,146.2317,2012-11-03,325.1,59,24.9,0.0,16.6,0.161,28.64,18
-31.8832,152.0265,2012-11-03,312.4,24,14.8,0.0,12.8,0.184,15.07,66
-31.8796,152.004,2012-11-03,320.7,71,15.4,0.0,12.8,0.184,15.07,66
-31.8814,152.0153,2012-11-03,314.3,56,15.4,0.0,12.8,0.184,15.07,66
-34.4592,150.8813,2012-11-03,318.9,46,15.3,0.7,15.1,0.205,12.05,78
-35.9774,144.472,2012-11-03,311.0,34,17.5,0.0,13.0,0.128,26.48,50
-37.021,143.6978,2012-11-04,324.4,68,20.1,0.0,19.5,0.183,25.16,45
-37.0319,144.8831,2012-11-04,365.9,100,18.4,0.0,16.3,0.162,26.12,53
-37.0305,143.253,2012-11-04,342.3,91,19.5,0.0,22.3,0.143,24.39,45
-34.4614,150.881,2012-11-04,317.2,0,17.8,0.2,22.0,0.212,22.76,79
-37.0335,144.8705,2012-11-04,336.7,88,18.6,0.0,15.6,0.162,26.03,53
-37.031,143.6996,2012-11-04,348.9,72,20.0,0.0,19.5,0.183,25.16,45
-29.3411,145.1352,2012-11-04,337.7,73,27.4,0.0,10.4,0.11,29.94,21
-28.3078,146.2214,2012-11-04,340.4,70,27.2,0.0,24.8,0.161,29.84,26
-28.3094,146.2109,2012-11-04,342.7,84,27.2,0.0,24.8,0.161,29.84,26
-28.2789,146.2265,2012-11-04,344.5,80,27.2,0.0,24.8,0.161,29.84,26
-28.3037,146.2277,2012-11-04,306.3,67,27.2,0.0,24.8,0.161,29.84,26
-29.3427,145.133,2012-11-04,309.9,78,27.3,0.0,10.4,0.11,29.94,21
-29.3458,145.1274,2012-11-04,311.9,83,27.3,0.0,10.4,0.11,29.94,21
-28.2021,147.7995,2012-11-04,304.3,45,25.9,0.0,24.5,0.051,27.03,48
-28.1864,147.7948,2012-11-04,303.0,22,25.9,0.0,24.5,0.051,27.03,48
-28.191,147.8001,2012-11-04,314.9,78,25.9,0.0,24.5,0.051,27.03,48
-28.1988,147.7846,2012-11-04,305.0,17,25.9,0.0,24.5,0.051,27.03,48
-28.2012,147.7978,2012-11-04,308.8,52,25.9,0.0,24.5,0.051,27.03,48
-28.3152,146.2505,2012-11-04,320.1,100,26.9,0.0,24.8,0.071,29.84,28
-30.9217,152.0879,2012-11-04,300.5,29,13.0,3.9,11.5,0.265,20.39,85
-28.1886,147.7868,2012-11-04,309.2,32,25.9,0.0,24.5,0.051,27.03,48
-29.348,145.1412,2012-11-05,329.7,73,30.1,0.0,21.6,0.11,28.67,30
-30.5745,150.9461,2012-11-05,335.7,85,21.0,0.0,13.0,0.111,24.89,56
-30.5764,150.968,2012-11-05,370.9,94,19.2,0.0,11.6,0.108,23.44,57
-28.19,147.7894,2012-11-05,332.7,14,27.1,0.0,18.4,0.051,29.69,38
-29.1266,152.6959,2012-11-05,318.9,64,20.6,0.0,11.9,0.203,22.15,65
-34.464,150.8781,2012-11-05,300.1,8,20.3,0.0,21.9,0.204,26.25,80
-34.4625,150.8898,2012-11-05,301.4,40,20.3,0.0,21.9,0.204,26.25,80
-30.9308,152.0818,2012-11-05,301.0,35,17.0,0.3,13.0,0.294,21.57,75
-30.5387,150.9483,2012-11-05,300.3,25,19.2,0.0,11.6,0.086,23.44,56
-32.3352,151.8331,2012-11-05,303.0,53,21.1,0.1,15.2,0.225,25.95,68
-31.2852,152.5558,2012-11-05,300.3,25,19.3,0.0,14.9,0.247,25.77,76
-30.9293,152.0923,2012-11-05,307.8,73,16.4,0.0,12.6,0.294,20.62,75
-29.1375,152.695,2012-11-05,324.7,100,19.3,0.0,10.1,0.2,21.42,64
-29.1696,152.7188,2012-11-05,300.2,19,19.7,0.0,10.1,0.2,21.42,64
-29.1358,152.7057,2012-11-05,307.5,33,19.8,0.0,10.1,0.2,21.42,64
-28.6176,150.3678,2012-11-05,304.1,59,24.6,0.0,18.9,0.112,29.22,43
-29.3563,145.0856,2012-11-05,306.8,69,30.0,0.0,21.0,0.11,28.57,30
-29.286,152.0836,2012-11-05,318.3,33,16.7,0.0,10.4,0.411,20.47,73
-28.8809,148.1148,2012-11-05,321.0,66,26.9,0.0,19.0,0.129,29.09,38
-34.4641,150.8826,2012-11-06,320.4,63,21.1,0.0,25.5,0.195,25.95,79
-29.6044,153.2067,2012-11-06,314.4,45,20.9,0.0,21.7,0.182,29.07,69
-32.3483,151.8396,2012-11-06,335.8,85,23.4,0.0,15.3,0.217,26.28,62
-32.3387,151.8375,2012-11-06,323.4,68,23.0,0.0,14.2,0.217,26.04,62
-30.9395,152.093,2012-11-06,324.5,41,18.7,0.0,13.0,0.274,25.21,69
-30.9304,152.0262,2012-11-06,328.5,56,20.0,0.0,13.0,0.212,25.21,61
-30.6912,152.4694,2012-11-06,319.0,60,20.6,0.0,18.9,0.228,27.6,71
-30.7215,152.1077,2012-11-06,318.6,60,18.2,0.0,11.0,0.254,25.31,64
-30.7237,152.095,2012-11-06,318.2,56,18.1,0.0,11.1,0.254,26.3,64
-30.5711,150.9547,2012-11-06,328.3,46,22.3,0.0,10.1,0.104,27.15,51
-29.9641,151.9093,2012-11-06,317.4,44,16.7,0.0,11.6,0.225,25.59,69
-29.9663,151.8965,2012-11-06,326.9,76,16.5,0.0,11.6,0.225,25.59,69
-29.1976,152.7115,2012-11-06,319.3,46,20.6,0.0,11.5,0.196,29.55,63
-29.1743,152.7202,2012-11-06,320.2,29,19.4,0.0,12.2,0.196,29.49,63
-29.2884,152.075,2012-11-06,320.2,34,18.0,0.0,14.0,0.386,28.48,68
-29.1406,152.691,2012-11-06,327.2,72,20.0,0.0,12.2,0.196,29.49,63
-29.1275,152.7031,2012-11-06,321.0,43,19.9,0.0,12.2,0.196,29.49,63
-28.8903,148.1074,2012-11-06,328.4,81,28.4,0.0,23.9,0.128,25.1,30
-28.549,147.4668,2012-11-06,354.7,97,29.2,0.0,22.8,0.109,25.28,27
-28.5385,147.4755,2012-11-06,370.5,100,29.2,0.0,22.8,0.109,25.28,27
-28.5399,147.4652,2012-11-06,356.4,92,29.2,0.0,22.8,0.109,25.28,27
-28.5413,147.4549,2012-11-06,330.8,57,29.2,0.0,22.8,0.109,25.28,27
-28.5141,147.4541,2012-11-06,353.2,68,29.2,0.0,22.8,0.109,25.28,27
-28.2559,147.7877,2012-11-06,309.8,68,28.6,0.0,23.2,0.062,26.56,29
-29.0266,153.3694,2012-11-06,307.0,70,21.0,0.0,15.3,0.219,29.35,67
-29.1883,152.7013,2012-11-06,321.4,100,21.1,0.0,13.6,0.206,29.37,63
-29.1895,152.7116,2012-11-07,321.4,76,21.4,0.0,14.7,0.2,27.86,61
-30.5428,150.9441,2012-11-07,318.8,63,23.2,0.2,18.7,0.104,26.81,43
-28.234,147.5044,2012-11-07,337.9,100,28.1,0.0,23.2,0.087,17.83,32
-28.236,147.4833,2012-11-07,341.5,100,28.2,0.0,23.2,0.087,17.83,32
-28.2214,147.5029,2012-11-07,321.3,100,28.1,0.0,23.2,0.087,17.83,32
-28.2234,147.4818,2012-11-07,329.6,100,28.2,0.0,23.2,0.087,17.83,32
-35.3314,149.1758,2012-11-08,313.6,49,17.2,0.4,16.8,0.355,24.37,74
-31.6787,152.8048,2012-11-08,381.4,100,22.2,3.6,23.4,0.156,22.85,82
-31.6802,152.7942,2012-11-08,328.2,0,22.1,3.6,23.4,0.156,22.85,82
-31.192,152.8602,2012-11-08,364.1,100,22.2,2.4,19.4,0.212,21.84,78
-31.1936,152.8496,2012-11-08,329.7,68,22.2,2.4,19.4,0.217,21.84,77
-31.183,152.8583,2012-11-08,389.0,100,22.3,2.4,19.4,0.212,21.84,78
-31.1846,152.8477,2012-11-08,367.6,100,22.2,2.4,19.4,0.217,21.84,77
-35.9607,145.6604,2012-11-09,310.2,53,16.2,0.0,25.1,0.215,30.74,47
-36.6607,143.5914,2012-11-09,345.2,93,13.2,0.0,24.9,0.16,24.42,54
-36.657,143.5862,2012-11-09,315.3,52,13.2,0.0,24.9,0.16,24.42,54
-36.6671,143.5833,2012-11-09,334.0,87,13.4,0.0,24.9,0.16,24.42,54
-36.666,143.5879,2012-11-09,331.0,60,13.3,0.0,24.9,0.16,24.42,54
-37.3565,144.1285,2012-11-09,317.6,78,9.9,0.2,23.8,0.27,19.94,68
-37.3583,144.1169,2012-11-09,328.7,86,9.9,0.5,24.5,0.27,18.85,68
-36.6751,143.59,2012-11-09,355.7,98,13.1,0.0,24.9,0.16,24.42,54
-30.2465,144.5882,2012-11-09,325.0,77,21.9,0.0,26.6,0.255,28.83,44
-30.2487,144.5751,2012-11-09,327.3,79,21.9,0.0,26.6,0.255,28.83,44
-30.2458,144.5799,2012-11-09,325.1,54,21.9,0.0,26.6,0.255,28.83,44
-36.7521,144.3298,2012-11-10,316.9,67,14.0,0.0,14.3,0.187,30.87,56
-36.7516,144.3178,2012-11-10,315.9,74,14.0,0.0,14.3,0.187,30.87,56
-36.7533,144.3214,2012-11-10,316.0,75,14.0,0.0,14.3,0.187,30.87,56
-34.1763,147.7605,2012-11-10,343.0,91,15.6,0.0,21.3,0.262,31.4,51
-34.1784,147.7348,2012-11-10,320.4,72,15.7,0.0,21.3,0.26,31.4,50
-34.184,147.7664,2012-11-10,339.0,89,15.6,0.0,21.3,0.262,31.4,51
-34.1859,147.7407,2012-11-10,329.1,82,15.7,0.0,21.3,0.26,31.4,50
-33.948,151.2181,2012-11-11,320.4,71,16.9,0.0,14.7,0.126,28.22,59
-34.4603,150.8896,2012-11-11,322.9,0,15.9,0.2,15.9,0.267,28.89,64
-36.2304,143.6936,2012-11-11,325.2,77,19.7,0.0,19.5,0.211,30.98,41
-36.4782,145.3649,2012-11-11,326.5,74,18.0,0.0,17.3,0.141,30.56,49
-37.3257,144.0994,2012-11-11,337.7,88,15.4,0.0,23.3,0.201,31.09,49
-36.8248,144.2823,2012-11-11,322.2,64,17.6,0.0,18.7,0.183,30.86,46
-36.8156,144.2804,2012-11-11,319.0,42,17.3,0.0,18.7,0.183,30.86,45
-36.4766,145.3761,2012-11-11,320.7,63,18.0,0.0,16.4,0.141,30.6,49
-37.335,144.1014,2012-11-11,320.1,73,15.4,0.0,23.3,0.201,31.09,49
-30.4546,148.1059,2012-11-11,300.6,31,21.8,0.0,18.8,0.272,28.83,43
-36.818,144.29,2012-11-12,316.7,58,19.1,0.0,23.7,0.179,27.19,40
-36.244,143.3623,2012-11-12,338.4,87,21.4,0.0,25.3,0.143,28.96,34
-36.0836,141.0868,2012-11-12,320.5,50,19.2,0.0,29.6,0.152,30.38,37
-36.0852,141.0981,2012-11-12,322.5,65,19.2,0.0,29.6,0.152,30.38,37
-36.0867,141.1093,2012-11-12,322.9,66,19.2,0.0,29.6,0.152,30.38,37
-31.5456,147.2147,2012-11-12,333.9,82,23.4,0.0,20.9,0.17,30.3,38
-31.5431,147.2552,2012-11-12,380.6,100,23.2,0.0,20.9,0.152,30.3,38
-31.534,147.2173,2012-11-12,329.0,77,23.4,0.0,20.9,0.17,30.3,38
-31.5483,147.2592,2012-11-12,372.2,100,23.2,0.0,20.9,0.152,30.3,38
-31.5506,147.2187,2012-11-12,339.2,87,23.3,0.0,20.9,0.134,30.3,38
-28.2625,150.2428,2012-11-12,322.1,64,19.8,0.0,19.2,0.223,30.86,53
-28.6161,149.256,2012-11-12,330.6,73,21.2,0.0,21.5,0.249,30.67,45
-28.2622,150.2254,2012-11-12,325.0,71,19.8,0.0,19.2,0.223,30.86,53
-36.4785,145.3648,2012-11-12,315.7,60,20.2,0.0,27.4,0.133,25.86,40
-34.4641,150.8821,2012-11-12,302.3,48,18.1,0.0,26.8,0.244,30.61,63
-31.5764,151.0131,2012-11-12,300.1,16,12.8,0.0,11.9,0.272,31.93,56
-30.4585,148.106,2012-11-12,303.3,54,23.5,0.0,23.1,0.263,30.44,36
-28.746,152.8147,2012-11-12,303.2,54,17.8,0.2,10.4,0.369,26.91,65
-30.4599,148.0945,2012-11-12,308.0,73,23.5,0.0,23.1,0.263,30.44,36
-29.3437,145.0972,2012-11-12,372.1,100,27.0,0.0,16.3,0.14,30.13,32
-28.2665,149.7264,2012-11-12,318.4,56,20.7,0.0,20.8,0.214,30.74,48
-30.0068,153.1315,2012-11-12,316.6,65,17.7,0.0,11.8,0.347,26.38,68
-30.0088,153.1433,2012-11-12,321.9,74,17.6,0.0,11.8,0.347,26.38,68
-29.3288,145.067,2012-11-12,346.6,92,27.0,0.0,16.3,0.14,30.13,32
-29.3374,145.1047,2012-11-12,353.1,96,27.0,0.0,16.3,0.14,30.13,32
-29.3189,145.0644,2012-11-12,322.3,56,27.0,0.0,16.3,0.14,30.13,32
-29.3277,145.102,2012-11-12,329.7,77,27.0,0.0,16.3,0.14,30.13,32
-29.3349,145.0596,2012-11-12,339.8,87,27.0,0.0,16.3,0.14,30.13,32
-36.6335,144.3049,2012-11-12,316.6,77,20.5,0.0,23.7,0.157,27.19,36
-36.6266,144.2754,2012-11-12,315.4,68,20.4,0.0,23.7,0.157,27.19,36
-37.3434,144.2496,2012-11-13,308.2,62,10.1,0.0,18.7,0.216,28.91,62
-37.3451,144.2333,2012-11-13,336.9,90,10.4,0.0,18.7,0.216,28.91,62
-37.3567,144.1197,2012-11-13,312.8,70,10.6,0.0,18.7,0.244,28.91,63
-37.3583,144.1037,2012-11-13,304.2,37,10.3,0.0,18.7,0.244,28.91,63
-37.3328,144.2475,2012-11-13,307.2,56,10.4,0.0,18.7,0.216,28.91,62
-37.3344,144.2315,2012-11-13,330.7,86,10.4,0.0,18.7,0.216,28.91,62
-37.0106,145.5441,2012-11-13,310.5,64,12.3,0.0,14.8,0.197,30.33,58
-36.8907,144.892,2012-11-13,364.7,100,13.9,0.0,26.6,0.137,29.1,55
-36.8922,144.8776,2012-11-13,360.3,100,13.5,0.0,26.6,0.137,29.1,55
-36.8842,144.8853,2012-11-13,336.6,88,13.8,0.0,26.6,0.137,29.1,55
-36.6457,144.2769,2012-11-13,332.0,83,14.7,0.0,18.7,0.155,29.79,48
-36.6352,144.2752,2012-11-13,324.1,75,14.8,0.0,18.7,0.155,29.79,48
-36.082,141.0852,2012-11-13,325.0,71,15.1,0.0,15.0,0.15,31.07,43
-36.0805,141.1017,2012-11-13,327.0,71,15.1,0.0,15.0,0.15,31.07,43
-31.184,152.8622,2012-11-13,314.6,30,20.2,0.0,17.6,0.264,28.65,76
-31.5857,151.005,2012-11-13,326.3,73,17.8,0.0,12.3,0.261,28.59,51
-31.2081,152.8579,2012-11-13,315.6,43,20.2,0.0,17.6,0.264,28.65,76
-30.8423,151.1873,2012-11-13,322.3,45,18.3,0.0,10.4,0.232,29.21,47
-30.8365,151.1804,2012-11-13,321.7,36,18.4,0.0,10.4,0.232,29.21,47
-29.6332,152.1662,2012-11-13,380.5,94,16.9,0.0,10.5,0.437,29.26,62
-29.6442,152.1622,2012-11-13,368.1,100,17.0,0.0,9.0,0.443,29.1,63
-29.6333,152.1589,2012-11-13,392.5,94,16.7,0.0,10.5,0.437,29.26,62
-29.6362,152.1429,2012-11-13,342.8,82,16.9,0.0,10.5,0.375,29.26,62
-30.2248,147.1602,2012-11-13,327.8,31,28.3,0.0,23.0,0.099,26.36,27
-29.6442,152.1691,2012-11-13,339.3,66,16.7,0.0,10.5,0.437,29.26,62
-30.2143,147.1688,2012-11-13,416.6,75,28.3,0.0,23.0,0.099,26.36,27
-30.2158,147.1584,2012-11-13,389.6,87,28.3,0.0,23.0,0.099,26.36,27
-30.2053,147.167,2012-11-13,427.7,94,28.3,0.0,23.0,0.099,26.36,27
-30.2068,147.1567,2012-11-13,381.3,94,28.3,0.0,23.0,0.099,26.36,27
-30.2083,147.1463,2012-11-13,338.4,38,28.0,0.0,23.0,0.095,26.36,28
-30.1963,147.1653,2012-11-13,352.6,90,28.3,0.0,23.0,0.099,26.36,27
-30.1978,147.1549,2012-11-13,391.6,100,28.3,0.0,23.0,0.099,26.36,27
-30.1993,147.1445,2012-11-13,345.5,71,28.0,0.0,23.0,0.095,26.36,28
-30.1903,147.1428,2012-11-13,351.2,95,28.0,0.0,23.0,0.095,26.36,28
-28.4448,150.552,2012-11-13,326.5,57,22.1,0.0,15.1,0.271,30.4,53
-29.6363,152.1498,2012-11-13,391.8,100,16.6,0.0,10.5,0.437,29.26,62
-30.2008,147.1342,2012-11-13,336.9,37,28.0,0.0,23.0,0.095,26.36,28
-30.1888,147.1532,2012-11-13,350.8,94,28.3,0.0,23.0,0.099,26.36,27
-36.1357,143.6172,2012-11-13,302.9,52,16.4,0.0,17.7,0.145,30.49,42
-29.0368,148.6687,2012-11-13,312.0,84,25.5,0.0,15.6,0.124,30.2,33
-28.2151,149.1289,2012-11-14,334.1,79,25.9,0.0,17.1,0.154,27.15,36
-29.6293,152.1432,2012-11-14,345.6,86,18.3,1.2,18.1,0.376,27.03,61
-29.6314,152.1653,2012-11-14,395.1,100,18.3,1.2,18.1,0.431,27.03,61
-30.4082,152.9258,2012-11-14,376.3,100,20.2,2.3,14.4,0.303,18.7,85
-30.4103,152.9511,2012-11-14,338.3,88,20.4,2.3,14.4,0.35,18.7,85
-36.1355,144.5107,2012-11-14,345.6,92,17.6,0.0,15.2,0.133,30.63,40
-36.335,145.2437,2012-11-14,332.1,83,17.3,0.0,14.4,0.157,30.74,46
-36.3365,145.2556,2012-11-14,328.7,79,17.3,0.0,14.4,0.166,30.74,47
-36.1303,143.625,2012-11-14,327.0,73,17.4,0.0,14.6,0.144,30.49,38
-36.894,144.9062,2012-11-14,330.4,82,15.2,0.0,19.8,0.135,30.18,51
-37.394,145.8909,2012-11-14,331.3,87,10.4,0.4,9.7,0.329,28.9,68
-37.3955,145.9034,2012-11-14,327.5,84,9.0,0.4,9.7,0.329,28.9,68
-29.6384,152.162,2012-11-14,369.3,100,17.8,1.2,18.1,0.431,27.03,61
-29.6376,152.1245,2012-11-14,321.7,74,18.7,3.7,17.0,0.405,27.03,64
-29.6352,152.1544,2012-11-14,378.9,100,17.8,1.2,18.1,0.431,27.03,61
-29.6407,152.1324,2012-11-14,341.9,91,18.2,1.2,18.1,0.405,27.03,64
-37.0944,144.2244,2012-11-14,313.4,74,14.4,0.0,15.5,0.162,30.01,52
-37.0908,144.2423,2012-11-14,306.9,64,14.1,0.0,15.5,0.162,30.01,52
-34.4122,141.0686,2012-11-14,340.0,81,20.8,0.0,14.5,0.043,29.4,28
-34.2748,141.0915,2012-11-14,332.3,76,21.0,0.0,13.0,0.105,30.03,27
-34.2847,141.0941,2012-11-14,354.3,96,21.0,0.0,13.0,0.105,30.03,27
-34.3935,141.0569,2012-11-14,352.7,95,20.8,0.0,14.5,0.043,29.4,28
-34.4034,141.0594,2012-11-14,352.8,88,20.8,0.0,14.5,0.043,29.4,28
-34.3911,141.0704,2012-11-14,343.6,89,20.8,0.0,14.5,0.043,29.4,28
-34.4011,141.073,2012-11-14,342.4,70,20.9,0.0,14.5,0.043,29.4,28
-29.2836,151.2087,2012-11-14,346.6,100,23.6,0.0,16.3,0.233,29.34,44
-29.2822,151.2197,2012-11-14,342.0,100,23.5,0.0,16.3,0.233,29.34,44
-29.2756,151.2235,2012-11-14,307.3,63,23.1,0.0,16.3,0.233,29.34,44
-29.2771,151.2124,2012-11-14,327.0,100,23.7,0.0,16.3,0.233,29.34,44
-29.2663,151.2218,2012-11-14,307.5,72,23.4,0.0,16.3,0.233,29.34,44
-29.2678,151.2108,2012-11-14,333.7,100,23.7,0.0,16.3,0.233,29.34,44
-28.2555,147.9859,2012-11-14,302.6,17,28.1,0.0,20.2,0.108,27.52,28
-29.1315,153.0697,2012-11-14,302.9,52,23.0,0.4,9.2,0.321,26.64,68
-29.2915,151.2214,2012-11-14,321.7,100,23.3,0.0,16.3,0.233,29.34,44
-29.2929,151.2103,2012-11-14,323.0,100,23.4,0.0,16.3,0.233,29.34,44
-28.1951,147.4545,2012-11-14,302.3,33,28.8,0.0,20.8,0.087,27.23,27
-28.1967,147.4653,2012-11-14,302.3,48,28.8,0.0,20.8,0.087,27.23,27
-29.3196,151.228,2012-11-14,381.8,100,23.1,0.0,16.3,0.233,29.34,44
-29.2674,151.2235,2012-11-14,327.3,77,23.3,0.0,16.3,0.233,29.34,44
-29.2805,151.2198,2012-11-14,341.9,90,23.4,0.0,16.3,0.233,29.34,44
-29.2855,151.2445,2012-11-14,352.6,96,22.8,0.0,16.3,0.233,29.34,44
-29.2937,151.2165,2012-11-14,323.0,42,23.2,0.0,16.3,0.233,29.34,44
-29.2987,151.241,2012-11-14,393.9,100,22.9,0.0,16.3,0.233,29.34,44
-29.3036,151.265,2012-11-14,326.0,48,22.2,0.0,17.2,0.289,28.8,48
-29.3068,151.2129,2012-11-14,323.2,64,23.4,0.0,16.3,0.233,29.34,44
-29.3117,151.2373,2012-11-14,402.4,100,22.9,0.0,16.3,0.233,29.34,44
-29.3166,151.2613,2012-11-14,329.8,72,22.5,0.0,16.3,0.308,29.34,46
-29.275,151.2141,2012-11-14,324.5,74,23.7,0.0,16.3,0.233,29.34,44
-29.2802,151.2388,2012-11-14,341.2,89,23.0,0.0,16.3,0.233,29.34,44
-29.2934,151.2352,2012-11-14,377.4,100,22.9,0.0,16.3,0.233,29.34,44
-29.2985,151.2594,2012-11-14,341.7,90,22.4,0.0,16.3,0.308,29.34,46
-29.3115,151.2557,2012-11-14,345.5,92,22.6,0.0,16.3,0.308,29.34,46
-34.4652,150.8839,2012-11-15,321.8,54,19.5,0.3,19.4,0.235,22.38,76
-32.1801,149.1929,2012-11-15,371.2,100,22.1,0.0,16.3,0.136,30.12,49
-32.1816,149.1818,2012-11-15,330.1,81,22.0,0.0,16.3,0.136,30.12,49
-28.2627,147.9211,2012-11-15,323.9,100,30.4,0.0,22.0,0.106,27.3,24
-28.2408,147.9722,2012-11-15,302.6,40,30.3,0.0,22.0,0.109,27.3,25
-28.2442,147.9541,2012-11-15,318.2,96,30.3,0.0,22.0,0.109,27.3,25
-28.2476,147.9361,2012-11-15,370.3,100,30.5,0.0,22.0,0.109,27.3,24
-28.251,147.9182,2012-11-15,368.0,100,30.4,0.0,22.0,0.106,27.3,24
-28.2544,147.9002,2012-11-15,311.0,81,30.4,0.0,22.0,0.106,27.3,24
-28.2325,147.9512,2012-11-15,368.8,100,30.3,0.0,22.0,0.109,27.3,25
-28.2359,147.9332,2012-11-15,399.9,100,30.5,0.0,22.0,0.109,27.3,24
-28.2394,147.9153,2012-11-15,385.1,100,30.5,0.0,22.0,0.109,27.3,24
-28.2428,147.8974,2012-11-15,330.8,100,30.5,0.0,22.0,0.109,27.3,24
-28.2243,147.9303,2012-11-15,424.6,100,30.5,0.0,22.0,0.109,27.3,24
-28.2277,147.9124,2012-11-15,403.6,100,30.5,0.0,22.0,0.109,27.3,24
-28.2311,147.8945,2012-11-15,355.9,100,30.5,0.0,22.0,0.109,27.3,24
-28.2345,147.8766,2012-11-15,312.1,58,30.5,0.0,22.0,0.109,27.3,24
-28.2091,147.9454,2012-11-15,343.8,100,30.5,0.0,22.0,0.109,27.3,24
-28.2126,147.9274,2012-11-15,397.5,100,30.5,0.0,22.0,0.109,27.3,24
-28.2161,147.9095,2012-11-15,364.9,100,30.5,0.0,22.0,0.109,27.3,24
-28.2195,147.8916,2012-11-15,318.0,96,30.5,0.0,22.0,0.109,27.3,24
-28.1975,147.9425,2012-11-15,315.2,91,30.5,0.0,22.0,0.109,27.3,24
-28.2009,147.9245,2012-11-15,327.7,100,30.5,0.0,22.0,0.109,27.3,24
-28.2119,147.9583,2012-11-15,305.2,41,30.2,0.0,22.0,0.109,27.3,25
-28.2152,147.9402,2012-11-15,374.1,100,30.5,0.0,22.0,0.109,27.3,24
-28.2186,147.9222,2012-11-15,417.6,100,30.5,0.0,22.0,0.109,27.3,24
-28.2219,147.9042,2012-11-15,362.4,100,30.5,0.0,22.0,0.109,27.3,24
-28.2252,147.8863,2012-11-15,324.0,100,30.5,0.0,22.0,0.109,27.3,24
-28.2036,147.9373,2012-11-15,342.3,100,30.5,0.0,22.0,0.109,27.3,24
-28.2037,147.9306,2012-11-15,325.1,100,30.5,0.0,22.0,0.109,27.3,24
-28.2091,147.9561,2012-11-15,325.5,100,30.2,0.0,22.0,0.109,27.3,25
-28.212,147.9012,2012-11-15,308.1,73,30.5,0.0,22.0,0.109,27.3,24
-28.2174,147.9268,2012-11-15,382.1,100,30.5,0.0,22.0,0.109,27.3,24
-28.2227,147.9524,2012-11-15,372.4,100,30.2,0.0,22.0,0.109,27.3,25
-28.2257,147.8974,2012-11-15,321.1,100,30.5,0.0,22.0,0.109,27.3,24
-28.231,147.9231,2012-11-15,366.7,100,30.5,0.0,22.0,0.109,27.3,24
-28.2363,147.9487,2012-11-15,373.9,100,30.5,0.0,22.0,0.109,27.3,24
-28.2416,147.9742,2012-11-15,310.1,33,30.3,0.0,22.0,0.109,27.3,25
-28.2446,147.9194,2012-11-15,349.0,100,30.5,0.0,22.0,0.109,27.3,24
-28.2499,147.945,2012-11-15,354.8,100,30.5,0.0,22.0,0.109,27.3,24
-28.2636,147.9413,2012-11-15,307.1,58,30.5,0.0,22.0,0.106,27.3,24
-28.2317,147.8908,2012-11-15,302.8,48,30.5,0.0,22.0,0.109,27.3,24
-28.2372,147.9165,2012-11-15,345.0,100,30.5,0.0,22.0,0.109,27.3,24
-28.2427,147.942,2012-11-15,356.3,100,30.5,0.0,22.0,0.109,27.3,24
-28.2481,147.9674,2012-11-15,315.5,91,30.3,0.0,22.0,0.109,27.3,25
-28.2508,147.9128,2012-11-15,316.2,93,30.4,0.0,22.0,0.106,27.3,24
-28.2563,147.9383,2012-11-15,342.7,100,30.4,0.0,22.0,0.106,27.3,24
-28.2617,147.9637,2012-11-15,302.3,33,30.2,0.0,22.0,0.108,27.3,24
-28.6415,152.2826,2012-11-16,327.9,53,25.7,2.0,17.5,0.286,25.05,50
-28.6517,152.2803,2012-11-16,332.0,65,24.1,0.7,22.0,0.291,26.97,49
-28.2019,147.9341,2012-11-16,332.2,73,29.3,0.1,24.9,0.109,20.25,27
-28.2034,147.9443,2012-11-16,325.8,50,29.3,0.1,24.9,0.109,20.25,27
-28.2093,147.9267,2012-11-16,333.0,76,29.3,0.1,24.9,0.109,20.25,27
-28.2109,147.9369,2012-11-16,333.9,71,29.3,0.1,24.9,0.109,20.25,27
-28.2125,147.9471,2012-11-16,328.8,52,29.3,0.1,24.9,0.109,20.25,27
-28.2168,147.9147,2012-11-16,339.8,85,29.4,0.1,24.9,0.109,20.25,27
-28.2184,147.9249,2012-11-16,353.8,96,29.3,0.1,24.9,0.109,20.25,27
-28.2199,147.9352,2012-11-16,366.3,100,29.4,0.1,24.9,0.109,20.25,27
-28.2215,147.9454,2012-11-16,343.5,88,29.3,0.1,24.9,0.109,20.25,27
-28.2243,147.9028,2012-11-16,335.5,80,29.4,0.1,24.9,0.109,20.25,27
-28.2258,147.913,2012-11-16,343.6,88,29.4,0.1,24.9,0.109,20.25,27
-28.2274,147.9232,2012-11-16,345.4,90,29.4,0.1,24.9,0.109,20.25,27
-28.2289,147.9334,2012-11-16,342.1,87,29.4,0.1,24.9,0.109,20.25,27
-28.2305,147.9437,2012-11-16,345.6,90,29.4,0.1,24.9,0.109,20.25,27
-28.2321,147.9539,2012-11-16,331.9,54,29.2,0.1,24.9,0.109,20.25,28
-28.2333,147.901,2012-11-16,336.6,74,29.4,0.1,24.9,0.109,20.25,27
-28.2349,147.9113,2012-11-16,343.4,88,29.4,0.1,24.9,0.109,20.25,27
-28.2395,147.942,2012-11-16,346.8,91,29.4,0.1,24.9,0.109,20.25,27
-28.2411,147.9522,2012-11-16,333.5,75,29.2,0.1,24.9,0.109,20.25,28
-29.1553,152.6927,2012-11-16,320.8,69,24.9,2.2,17.9,0.272,24.62,56
-29.2781,151.2556,2012-11-16,357.0,98,23.3,0.9,23.4,0.266,25.06,43
-28.256,153.0067,2012-11-16,317.8,49,25.1,0.0,14.8,0.265,29.4,62
-28.9449,141.2195,2012-11-16,343.1,87,29.2,0.0,28.8,0.031,26.45,25
-28.823,141.0369,2012-11-16,352.0,94,29.5,0.0,26.8,0.024,26.83,24
-28.8248,141.0258,2012-11-16,335.5,76,29.5,0.0,26.8,0.024,26.83,24
-28.8194,141.0305,2012-11-16,340.3,83,29.5,0.0,26.8,0.024,26.83,24
-28.8436,143.2349,2012-11-16,321.8,79,29.8,0.2,36.3,0.075,24.17,23
-28.8494,143.2918,2012-11-16,309.8,78,29.7,0.2,36.3,0.025,24.17,23
-28.8602,143.2474,2012-11-16,309.4,77,29.4,0.2,36.3,0.121,24.17,24
-28.85,143.2848,2012-11-16,312.9,64,29.8,0.2,36.3,0.025,24.17,23
-28.833,143.2793,2012-11-16,321.4,80,29.7,0.2,36.3,0.025,24.17,23
-28.8265,143.2295,2012-11-16,306.2,43,29.8,0.2,36.3,0.075,24.17,23
-28.4504,142.3084,2012-11-16,301.0,17,29.3,0.0,30.9,0.12,25.77,22
-28.4623,142.3074,2012-11-16,302.2,48,29.4,0.0,30.9,0.12,25.77,22
-28.4298,142.2971,2012-11-16,301.5,22,29.6,0.0,30.9,0.058,25.77,22
-28.3006,142.4743,2012-11-16,302.6,50,30.5,0.4,32.6,0.146,25.7,22
-28.2578,142.4094,2012-11-16,306.9,69,30.1,0.4,32.6,0.146,25.7,22
-28.2711,142.4086,2012-11-16,303.1,53,30.1,0.4,32.6,0.146,25.7,22
-28.2546,142.4035,2012-11-16,304.5,60,30.3,0.4,32.6,0.146,25.7,22
-28.3893,143.8813,2012-11-16,307.9,29,30.3,0.0,41.9,0.024,19.77,24
-28.391,143.8919,2012-11-16,316.9,92,30.3,0.0,41.9,0.024,19.77,24
-28.3926,143.9025,2012-11-16,317.3,54,30.3,0.0,41.9,0.024,19.77,24
-28.4035,143.9113,2012-11-16,319.9,99,30.3,0.0,41.9,0.024,19.77,24
-28.4143,143.9201,2012-11-16,305.5,11,30.2,0.0,41.9,0.024,19.77,24
-28.4127,143.9095,2012-11-16,311.2,59,30.3,0.0,41.9,0.024,19.77,24
-28.8677,143.2885,2012-11-16,310.5,56,29.4,0.2,36.3,0.068,24.17,24
-28.2498,142.4032,2012-11-16,307.9,40,30.5,0.4,32.6,0.146,25.7,21
-28.2615,142.4133,2012-11-16,307.4,62,30.1,0.4,32.6,0.146,25.7,22
-28.2635,142.4252,2012-11-16,309.7,78,30.4,0.4,32.6,0.146,25.7,22
-28.3044,142.4728,2012-11-16,315.2,91,30.4,0.4,32.6,0.146,25.7,22
-28.3064,142.4847,2012-11-16,305.8,66,30.5,0.4,32.6,0.146,25.7,22
-28.416,142.2924,2012-11-16,302.7,30,29.5,0.0,30.9,0.058,25.77,22
-28.4526,142.3166,2012-11-16,305.6,24,29.6,0.0,29.3,0.12,26.54,22
-28.4623,142.3145,2012-11-16,308.6,31,29.5,0.0,29.3,0.12,26.54,22
-28.5988,143.1273,2012-11-16,328.7,100,30.1,0.2,35.0,0.083,23.85,22
-28.6248,143.168,2012-11-16,307.6,53,30.3,0.2,35.0,0.074,23.85,22
-28.7953,143.2579,2012-11-16,306.5,25,29.9,0.2,36.3,0.025,24.17,23
-28.8121,143.243,2012-11-16,304.7,19,29.7,0.2,36.3,0.075,24.17,23
-28.8495,143.2352,2012-11-16,302.9,19,29.7,0.2,36.3,0.075,24.17,23
-28.8566,143.2794,2012-11-16,318.0,96,29.4,0.2,36.3,0.068,24.17,24
-28.5782,143.0937,2012-11-17,327.8,41,25.3,0.0,24.6,0.084,30.13,36
-28.5897,143.0922,2012-11-17,344.8,90,25.4,0.0,24.6,0.084,30.13,36
-28.5867,143.0863,2012-11-17,339.5,86,25.4,0.0,24.6,0.084,30.13,36
-28.6187,143.1691,2012-11-17,331.6,78,25.4,0.0,26.2,0.075,30.05,37
-28.6284,143.1504,2012-11-17,327.4,21,25.4,0.0,26.0,0.075,30.1,37
-29.327,144.7234,2012-11-17,328.9,77,24.6,0.0,20.2,0.112,30.0,42
-28.3215,144.2182,2012-11-17,338.3,84,26.3,0.0,31.5,0.047,29.69,40
-28.3339,144.2167,2012-11-17,362.6,100,26.3,0.0,31.5,0.047,29.69,40
-28.3359,144.2369,2012-11-17,325.4,60,26.3,0.0,31.5,0.047,29.69,40
-28.3234,144.2113,2012-11-17,341.8,87,26.3,0.0,31.5,0.047,29.69,40
-28.3253,144.2315,2012-11-17,330.9,74,26.3,0.0,31.5,0.047,29.69,40
-28.3358,144.2099,2012-11-17,343.8,89,26.3,0.0,31.5,0.047,29.69,40
-28.3377,144.23,2012-11-17,335.7,81,26.3,0.0,31.5,0.047,29.69,40
-28.4852,145.4023,2012-11-17,334.9,80,26.2,0.0,26.1,0.111,28.99,42
-28.378,143.8867,2012-11-17,326.3,64,26.0,0.0,30.9,0.026,29.8,39
-28.3902,143.8852,2012-11-17,333.4,78,26.0,0.0,30.9,0.026,29.8,39
-28.3922,143.9043,2012-11-17,353.7,96,25.9,0.0,30.9,0.026,29.8,39
-28.4043,143.9029,2012-11-17,334.5,79,25.9,0.0,30.9,0.026,29.8,39
-28.4063,143.922,2012-11-17,330.2,73,25.9,0.0,30.9,0.026,29.8,39
-28.3842,143.8997,2012-11-17,326.1,64,25.9,0.0,30.9,0.026,29.8,39
-28.3964,143.8983,2012-11-17,343.2,89,25.9,0.0,30.9,0.026,29.8,39
-28.3983,143.9174,2012-11-17,348.5,93,25.9,0.0,30.9,0.026,29.8,39
-28.4104,143.916,2012-11-17,324.6,60,25.9,0.0,30.9,0.026,29.8,39
-29.33,144.7062,2012-11-17,339.4,86,24.7,0.0,20.2,0.112,30.0,42
-29.3345,144.7117,2012-11-17,328.6,48,24.6,0.0,20.2,0.112,30.0,42
-29.3205,144.7103,2012-11-17,340.8,88,24.6,0.0,20.2,0.112,30.0,42
-29.316,144.7049,2012-11-17,332.5,67,24.6,0.0,20.2,0.112,30.0,42
-28.4923,145.3923,2012-11-17,356.8,98,26.2,0.0,26.1,0.111,28.99,42
-28.4771,145.4137,2012-11-17,357.8,98,26.2,0.0,26.1,0.111,28.99,42
-28.4791,145.3908,2012-11-17,379.7,100,26.2,0.0,26.1,0.111,28.99,42
-28.4639,145.4123,2012-11-17,362.3,100,26.2,0.0,26.1,0.111,28.99,42
-28.4902,145.4153,2012-11-17,330.9,57,26.2,0.0,26.1,0.111,28.99,42
-28.466,145.3893,2012-11-17,337.9,84,26.1,0.0,26.1,0.111,28.99,42
-28.2366,147.5271,2012-11-17,346.9,91,27.4,0.4,22.1,0.089,26.96,39
-28.2382,147.5107,2012-11-17,442.6,100,27.4,0.4,22.1,0.089,26.96,39
-28.2399,147.4943,2012-11-17,371.9,100,27.4,0.4,22.1,0.089,26.96,39
-28.4644,145.4285,2012-11-17,328.2,72,26.2,0.0,26.1,0.111,28.99,42
-28.4666,145.4056,2012-11-17,363.7,100,26.2,0.0,26.1,0.111,28.99,42
-28.4688,145.3826,2012-11-17,330.3,76,26.1,0.0,26.1,0.111,28.99,42
-28.2372,147.5204,2012-11-17,397.3,100,27.4,0.4,22.1,0.089,26.96,39
-28.239,147.5041,2012-11-17,430.5,100,27.4,0.4,22.1,0.089,26.96,39
-28.2277,147.5026,2012-11-17,336.7,82,27.4,0.4,22.1,0.089,26.96,39
-28.2147,147.5174,2012-11-17,338.2,84,27.4,0.4,22.1,0.089,26.96,39
-28.2164,147.501,2012-11-17,372.7,100,27.4,0.4,22.1,0.089,26.96,39
-28.2182,147.4846,2012-11-17,339.1,85,27.4,0.4,22.1,0.089,26.96,39
-28.4094,143.9057,2012-11-17,336.3,83,25.9,0.0,30.9,0.026,29.8,39
-28.3947,143.9043,2012-11-17,355.2,97,25.9,0.0,30.9,0.026,29.8,39
-28.3823,143.8734,2012-11-17,329.9,74,26.0,0.0,30.1,0.026,29.85,39
-28.4055,143.9276,2012-11-17,327.9,68,25.8,0.0,30.9,0.026,29.8,39
-28.408,143.8982,2012-11-17,338.3,84,25.9,0.0,30.9,0.026,29.8,39
-28.3909,143.9261,2012-11-17,327.3,66,25.9,0.0,30.9,0.026,29.8,39
-28.3934,143.8968,2012-11-17,345.3,90,25.9,0.0,30.9,0.026,29.8,39
-28.3787,143.8953,2012-11-17,327.7,69,25.9,0.0,30.9,0.026,29.8,39
-28.3812,143.8659,2012-11-17,324.6,59,26.0,0.0,30.1,0.026,29.85,39
-28.3359,144.2349,2012-11-17,327.1,61,26.3,0.0,31.5,0.047,29.69,40
-28.3382,144.2072,2012-11-17,343.8,89,26.3,0.0,31.5,0.047,29.69,40
-28.3239,144.2057,2012-11-17,328.6,48,26.3,0.0,31.5,0.047,29.69,40
-28.3589,143.7743,2012-11-17,336.6,82,25.8,0.0,28.8,0.036,29.99,39
-28.3442,143.7727,2012-11-17,333.0,71,26.1,0.0,28.8,0.027,29.99,39
-28.3465,143.7428,2012-11-17,340.9,87,26.1,0.0,28.8,0.072,29.99,38
-28.4496,142.332,2012-11-17,337.9,57,24.9,0.0,26.6,0.058,30.11,36
-28.417,142.3293,2012-11-17,335.1,45,24.8,0.0,26.6,0.058,30.11,36
-28.4195,142.2918,2012-11-17,347.0,86,24.4,0.0,28.4,0.058,30.12,35
-28.4031,142.2904,2012-11-17,327.7,34,24.5,0.0,28.4,0.058,30.12,35
-28.3445,143.7681,2012-11-17,337.1,81,26.1,0.0,28.8,0.027,29.99,39
-28.347,143.7382,2012-11-17,332.5,34,26.1,0.0,28.8,0.072,29.99,38
-28.4431,142.3275,2012-11-17,338.2,59,24.8,0.0,26.6,0.058,30.11,36
-28.4268,142.3263,2012-11-17,340.5,50,24.6,0.0,26.6,0.058,30.11,36
-28.4132,142.2874,2012-11-17,345.6,91,24.4,0.0,28.4,0.058,30.12,35
-28.3191,142.4657,2012-11-17,337.0,83,25.2,0.0,27.0,0.148,30.1,36
-28.327,142.459,2012-11-17,329.8,62,25.3,0.0,27.0,0.148,30.1,36
-35.9161,141.0498,2012-11-17,318.4,52,15.1,0.0,24.7,0.132,29.75,53
-28.9809,142.6395,2012-11-17,307.4,39,24.5,0.0,23.8,0.148,30.14,36
-28.9578,142.6414,2012-11-17,307.9,62,24.5,0.0,23.8,0.148,30.14,36
-28.2276,147.5397,2012-11-17,318.5,47,27.4,0.4,22.1,0.089,26.96,39
-28.2294,147.5282,2012-11-17,331.0,92,27.4,0.4,22.1,0.089,26.96,39
-28.2313,147.5168,2012-11-17,330.3,88,27.4,0.4,22.1,0.089,26.96,39
-28.2331,147.5053,2012-11-17,314.1,60,27.4,0.4,22.1,0.089,26.96,39
-28.2199,147.5262,2012-11-17,315.2,41,27.4,0.4,22.1,0.089,26.96,39
-28.2218,147.5147,2012-11-17,316.7,41,27.4,0.4,22.1,0.089,26.96,39
-28.2104,147.5242,2012-11-17,335.2,100,27.4,0.4,22.1,0.089,26.96,39
-28.2123,147.5127,2012-11-17,341.2,100,27.4,0.4,22.1,0.089,26.96,39
-28.2141,147.5013,2012-11-17,315.3,76,27.4,0.4,22.1,0.089,26.96,39
-28.4759,145.3837,2012-11-17,319.8,43,26.1,0.0,26.1,0.111,28.99,42
-28.4579,145.3802,2012-11-17,314.7,18,26.1,0.0,26.1,0.111,28.99,42
-28.4474,145.3887,2012-11-17,325.7,100,26.2,0.0,26.1,0.11,28.99,41
-28.4399,145.3768,2012-11-17,313.5,24,26.2,0.0,26.1,0.11,28.99,41
-28.4189,145.3938,2012-11-17,326.1,100,26.1,0.0,26.1,0.11,28.99,41
-28.4098,145.3962,2012-11-17,314.5,89,26.2,0.0,26.1,0.11,28.99,41
-28.4113,145.386,2012-11-17,316.3,93,26.2,0.0,26.1,0.11,28.99,41
-28.3858,143.9266,2012-11-17,322.1,83,25.9,0.0,30.9,0.026,29.8,39
-28.3343,144.237,2012-11-17,319.5,82,26.3,0.0,31.5,0.047,29.69,40
-28.3358,144.2266,2012-11-17,352.0,100,26.3,0.0,31.5,0.047,29.69,40
-28.3372,144.2163,2012-11-17,330.4,96,26.3,0.0,31.5,0.047,29.69,40
-28.3386,144.2059,2012-11-17,307.8,46,26.3,0.0,31.5,0.047,29.69,40
-28.3809,143.8935,2012-11-17,312.5,32,25.9,0.0,30.9,0.026,29.8,39
-28.3626,143.766,2012-11-17,313.2,28,25.8,0.0,28.8,0.036,29.99,39
-28.352,143.7749,2012-11-17,305.4,38,25.9,0.0,28.8,0.036,29.99,39
-28.3535,143.7644,2012-11-17,329.6,100,25.9,0.0,28.8,0.036,29.99,39
-28.3549,143.7538,2012-11-17,322.8,97,25.9,0.0,28.8,0.036,29.99,39
-28.3429,143.7733,2012-11-17,322.3,100,26.1,0.0,28.8,0.027,29.99,39
-28.3443,143.7628,2012-11-17,313.7,70,26.1,0.0,28.8,0.027,29.99,39
-28.3471,143.7417,2012-11-17,314.4,57,26.1,0.0,28.8,0.072,29.99,38
-28.338,143.7401,2012-11-17,332.4,100,26.1,0.0,28.8,0.072,29.99,38
-28.3288,143.7385,2012-11-17,320.6,100,26.1,0.0,28.8,0.072,29.99,38
-28.465,142.2916,2012-11-17,306.3,67,24.5,0.0,26.6,0.12,30.11,36
-28.462,142.2969,2012-11-17,301.4,41,24.3,0.0,28.4,0.12,30.12,36
-28.3287,142.4738,2012-11-17,307.0,34,25.2,0.0,27.0,0.148,30.1,36
-28.3449,142.345,2012-11-17,327.9,100,25.0,0.0,28.4,0.094,30.12,35
-28.3463,142.3331,2012-11-17,340.5,100,25.1,0.0,28.4,0.094,30.12,35
-28.3191,142.4722,2012-11-17,304.3,23,25.2,0.0,27.0,0.148,30.1,36
-28.3381,142.3198,2012-11-17,322.6,63,25.1,0.0,28.4,0.094,30.12,35
-28.3124,142.4474,2012-11-17,312.6,59,25.3,0.0,27.0,0.147,30.1,36
-28.3028,142.4458,2012-11-17,319.3,98,25.4,0.0,27.0,0.147,30.1,36
-28.2768,142.4178,2012-11-17,310.1,47,25.3,0.0,27.0,0.147,30.1,36
-28.2782,142.4062,2012-11-17,314.7,90,25.1,0.0,27.0,0.147,30.1,35
-28.2796,142.3945,2012-11-17,309.0,71,25.0,0.0,27.0,0.147,30.1,35
-28.2582,142.3847,2012-11-17,307.0,21,25.0,0.0,27.0,0.147,30.1,35
-28.2597,142.373,2012-11-17,319.3,98,24.9,0.0,28.4,0.147,30.12,35
-28.25,142.3713,2012-11-17,316.7,78,25.3,0.0,28.4,0.147,30.12,35
-28.2404,142.3697,2012-11-17,313.1,8,25.4,0.0,28.4,0.147,30.12,35
-28.2307,142.3681,2012-11-17,310.4,39,25.5,0.0,28.4,0.147,30.12,35
-28.343,143.7538,2012-11-17,306.7,60,26.1,0.0,28.8,0.027,29.99,39
-28.3584,143.7761,2012-11-17,307.9,48,25.8,0.0,28.8,0.036,29.99,39
-28.337,142.3344,2012-11-17,302.6,18,25.2,0.0,28.4,0.094,30.12,35
-28.3452,142.328,2012-11-17,300.4,13,24.8,0.0,28.4,0.094,30.12,35
-28.3473,142.3525,2012-11-17,305.5,65,24.8,0.0,28.4,0.147,30.12,35
-28.388,142.348,2012-11-17,300.1,3,24.6,0.0,28.4,0.058,30.12,36
-28.4182,149.5877,2012-11-18,336.6,83,26.4,2.1,19.3,0.236,29.29,45
-28.419,145.392,2012-11-18,325.5,51,25.6,0.0,24.5,0.109,31.94,18
-28.4225,145.4104,2012-11-18,327.7,65,25.7,0.0,24.5,0.109,31.94,18
-28.4272,145.4023,2012-11-18,327.6,36,25.5,0.0,24.5,0.109,31.94,18
-28.3491,143.7712,2012-11-18,327.7,54,25.7,0.0,26.8,0.025,32.31,17
-28.3827,143.9348,2012-11-18,329.0,70,25.6,0.0,27.8,0.024,32.26,17
-28.3525,143.7202,2012-11-18,347.9,92,25.5,0.0,26.8,0.046,32.31,17
-28.3574,143.7441,2012-11-18,359.6,99,25.5,0.0,26.8,0.046,32.31,17
-28.3623,143.7679,2012-11-18,336.5,82,25.5,0.0,26.8,0.034,32.31,17
-28.3602,143.7121,2012-11-18,337.0,83,25.5,0.0,26.8,0.046,32.31,17
-28.3652,143.7359,2012-11-18,338.0,84,25.5,0.0,26.8,0.046,32.31,17
-28.3702,143.7597,2012-11-18,336.6,82,25.5,0.0,26.8,0.034,32.31,17
-28.3144,142.4311,2012-11-18,323.3,31,24.9,0.0,22.4,0.146,32.31,19
-28.3208,142.4601,2012-11-18,324.1,59,24.8,0.0,22.4,0.146,32.31,19
-28.327,142.4888,2012-11-18,328.8,72,24.9,0.0,22.4,0.146,32.31,19
-28.3388,142.3317,2012-11-18,322.5,22,24.6,0.0,22.0,0.093,32.26,19
-28.3452,142.3614,2012-11-18,328.2,69,24.4,0.0,22.0,0.146,32.26,19
-28.3444,142.3544,2012-11-18,330.4,55,24.3,0.0,22.0,0.146,32.26,19
-28.3589,142.3506,2012-11-18,326.6,25,24.2,0.0,22.0,0.145,32.26,19
-28.9772,142.619,2012-11-18,332.9,77,24.4,0.0,20.1,0.147,32.33,23
-28.4023,142.3382,2012-11-18,324.7,22,24.4,0.0,21.3,0.058,32.29,19
-28.4684,142.2887,2012-11-18,331.9,77,24.1,0.0,21.3,0.12,32.29,20
-28.4747,142.3183,2012-11-18,339.1,85,24.0,0.0,22.0,0.12,32.26,20
-28.4681,142.2831,2012-11-18,326.6,67,24.0,0.0,21.3,0.12,32.29,20
-28.9612,143.1397,2012-11-18,325.8,66,24.4,0.0,20.8,0.143,32.39,21
-28.9666,143.165,2012-11-18,324.1,60,24.5,0.0,20.8,0.122,32.39,20
-28.961,142.6308,2012-11-18,335.9,81,24.3,0.0,20.0,0.147,32.42,23
-28.975,142.6269,2012-11-18,340.6,87,24.3,0.0,20.0,0.147,32.42,23
-28.9948,142.6504,2012-11-18,330.3,75,24.3,0.0,20.0,0.211,32.42,23
-29.0587,143.7247,2012-11-18,341.0,81,24.8,0.0,23.5,0.025,32.26,19
-28.2596,142.3684,2012-11-18,338.3,62,24.5,0.0,22.0,0.146,32.26,19
-28.2611,142.3582,2012-11-18,354.9,96,24.7,0.0,22.0,0.146,32.26,19
-28.2355,142.3428,2012-11-18,343.4,75,25.1,0.0,22.0,0.145,32.26,18
-28.234,142.3531,2012-11-18,358.0,98,24.9,0.0,22.0,0.146,32.26,18
-28.243,142.3548,2012-11-18,353.3,95,24.9,0.0,22.0,0.146,32.26,18
-28.255,142.336,2012-11-18,334.7,62,24.8,0.0,22.0,0.093,32.26,19
-28.2535,142.3463,2012-11-18,368.3,100,24.6,0.0,22.0,0.093,32.26,19
-28.252,142.3565,2012-11-18,355.5,92,24.7,0.0,22.0,0.146,32.26,19
-28.2626,142.348,2012-11-18,355.9,96,24.4,0.0,22.0,0.093,32.26,19
-28.2821,142.4042,2012-11-18,338.4,72,24.6,0.0,22.4,0.146,32.31,19
-28.2701,142.3599,2012-11-18,343.6,64,24.4,0.0,22.0,0.146,32.26,19
-28.9677,143.1791,2012-11-18,336.6,59,24.5,0.0,20.8,0.122,32.39,20
-28.9693,143.1686,2012-11-18,340.9,80,24.5,0.0,20.8,0.122,32.39,20
-28.9709,143.1582,2012-11-18,339.7,57,24.5,0.0,20.8,0.122,32.39,20
-28.9725,143.1477,2012-11-18,340.0,45,24.4,0.0,20.8,0.143,32.39,21
-29.0409,142.6907,2012-11-18,337.8,65,24.3,0.0,20.0,0.211,32.42,23
-29.0303,142.6992,2012-11-18,340.5,78,24.3,0.0,20.0,0.211,32.42,23
-28.994,142.6325,2012-11-18,342.2,83,24.3,0.0,20.0,0.147,32.42,23
-28.9668,142.6909,2012-11-18,331.8,43,24.3,0.0,20.0,0.211,32.42,23
-28.9683,142.6806,2012-11-18,335.4,71,24.3,0.0,20.0,0.211,32.42,23
-28.9578,142.6891,2012-11-18,346.3,88,24.3,0.0,20.0,0.211,32.42,23
-28.426,145.4002,2012-11-18,337.2,71,25.6,0.0,24.5,0.109,31.94,18
-28.3404,144.2381,2012-11-18,336.7,73,25.9,0.0,26.8,0.046,32.17,18
-28.3843,143.7216,2012-11-18,335.7,71,25.4,0.0,27.1,0.046,32.3,17
-28.3713,143.7694,2012-11-18,352.2,92,25.5,0.0,26.8,0.034,32.31,17
-28.373,143.7585,2012-11-18,358.1,98,25.5,0.0,26.8,0.034,32.31,17
-28.3747,143.7476,2012-11-18,342.5,60,25.4,0.0,26.8,0.046,32.31,17
-28.3781,143.7259,2012-11-18,359.7,99,25.4,0.0,27.1,0.046,32.3,17
-28.3798,143.7151,2012-11-18,354.1,95,25.5,0.0,27.1,0.046,32.3,17
-28.3621,143.7675,2012-11-18,356.4,97,25.5,0.0,26.8,0.034,32.31,17
-28.3638,143.7566,2012-11-18,340.1,60,25.6,0.0,26.8,0.034,32.31,17
-28.3655,143.7457,2012-11-18,372.8,100,25.5,0.0,26.8,0.046,32.31,17
-28.3671,143.7349,2012-11-18,351.2,76,25.5,0.0,26.8,0.046,32.31,17
-28.3688,143.724,2012-11-18,411.5,100,25.5,0.0,26.8,0.046,32.31,17
-28.3705,143.7132,2012-11-18,379.7,100,25.5,0.0,26.8,0.046,32.31,17
-28.3579,143.733,2012-11-18,361.2,96,25.5,0.0,26.8,0.046,32.31,17
-28.3596,143.7221,2012-11-18,347.7,76,25.5,0.0,26.8,0.046,32.31,17
-28.3486,143.7311,2012-11-18,355.0,96,25.6,0.0,26.8,0.069,32.31,17
-28.3503,143.7203,2012-11-18,351.1,93,25.5,0.0,26.8,0.046,32.31,17
-28.4849,142.3395,2012-11-18,330.4,29,24.3,0.0,21.3,0.12,32.29,20
-28.4864,142.3293,2012-11-18,345.8,87,24.1,0.0,21.3,0.12,32.29,20
-28.4879,142.319,2012-11-18,335.2,35,24.0,0.0,21.3,0.12,32.29,20
-28.4758,142.2748,2012-11-18,334.4,45,24.1,0.0,21.3,0.12,32.29,20
-28.4668,142.2731,2012-11-18,346.6,88,24.1,0.0,21.3,0.12,32.29,20
-28.4578,142.2713,2012-11-18,353.7,95,24.2,0.0,21.3,0.12,32.29,20
-28.4593,142.2611,2012-11-18,364.6,100,24.3,0.0,21.3,0.12,32.29,20
-28.4338,142.3718,2012-11-18,349.0,91,24.5,0.0,21.3,0.145,32.29,19
-28.4353,142.3616,2012-11-18,352.4,94,24.4,0.0,21.3,0.145,32.29,19
-28.4488,142.2696,2012-11-18,350.4,92,24.4,0.0,21.3,0.058,32.29,19
-28.4502,142.2594,2012-11-18,348.7,91,24.3,0.0,21.3,0.12,32.29,20
-28.4098,142.3462,2012-11-18,352.6,94,24.5,0.0,21.3,0.058,32.29,19
-28.4013,142.3496,2012-11-18,345.6,86,24.2,0.0,21.3,0.058,32.29,19
-28.3908,142.3581,2012-11-18,356.3,97,24.2,0.0,21.3,0.145,32.29,19
-28.3802,142.3666,2012-11-18,353.2,94,24.3,0.0,21.3,0.145,32.29,19
-28.3817,142.3563,2012-11-18,373.4,100,24.2,0.0,21.3,0.145,32.29,19
-28.3712,142.3649,2012-11-18,394.2,100,24.2,0.0,22.0,0.145,32.26,19
-28.3727,142.3546,2012-11-18,404.0,100,24.1,0.0,22.0,0.145,32.26,19
-28.3622,142.3631,2012-11-18,360.1,100,24.2,0.0,22.0,0.145,32.26,19
-28.3637,142.3529,2012-11-18,372.2,100,24.1,0.0,22.0,0.145,32.26,19
-28.3351,142.4842,2012-11-18,345.3,86,24.8,0.0,22.4,0.146,32.31,19
-28.3366,142.474,2012-11-18,348.3,90,24.8,0.0,22.4,0.146,32.31,19
-28.3532,142.3614,2012-11-18,347.1,89,24.3,0.0,22.0,0.145,32.26,19
-28.3547,142.3512,2012-11-18,356.6,97,24.3,0.0,22.0,0.145,32.26,19
-28.3246,142.4928,2012-11-18,339.6,76,25.0,0.0,22.4,0.146,32.31,19
-28.3261,142.4825,2012-11-18,345.8,88,24.8,0.0,22.4,0.146,32.31,19
-28.3442,142.3597,2012-11-18,352.4,94,24.4,0.0,22.0,0.146,32.26,19
-28.3457,142.3495,2012-11-18,347.6,89,24.5,0.0,22.0,0.093,32.26,19
-28.3216,142.4501,2012-11-18,351.2,83,24.8,0.0,22.4,0.146,32.31,19
-28.3231,142.4398,2012-11-18,350.4,78,24.7,0.0,22.4,0.146,32.31,19
-28.3246,142.4296,2012-11-18,348.5,81,24.7,0.0,22.4,0.146,32.31,19
-28.3352,142.358,2012-11-18,346.2,88,24.7,0.0,22.0,0.146,32.26,19
-28.305,142.4996,2012-11-18,337.1,62,25.0,0.0,22.4,0.146,32.31,19
-28.3141,142.4381,2012-11-18,338.9,67,24.8,0.0,22.4,0.146,32.31,19
-28.3156,142.4279,2012-11-18,339.9,79,24.9,0.0,22.4,0.146,32.31,19
-28.3051,142.4364,2012-11-18,359.0,99,25.0,0.0,22.4,0.146,32.31,19
-28.3066,142.4261,2012-11-18,348.5,66,24.9,0.0,22.4,0.146,32.31,19
-28.2956,142.4384,2012-11-18,347.6,89,25.0,0.0,22.4,0.146,32.31,19
-28.2971,142.4281,2012-11-18,359.7,99,24.9,0.0,22.4,0.146,32.31,19
-28.2881,142.4264,2012-11-18,405.9,100,24.7,0.0,22.4,0.146,32.31,19
-28.2896,142.4162,2012-11-18,349.0,91,24.6,0.0,22.4,0.146,32.31,19
-28.2791,142.4247,2012-11-18,347.9,90,24.9,0.0,22.4,0.146,32.31,19
-28.2806,142.4144,2012-11-18,336.5,50,24.8,0.0,22.4,0.146,32.31,19
-29.3431,144.6915,2012-11-18,302.6,50,24.5,0.0,18.8,0.11,32.14,21
-28.3723,143.7444,2012-11-18,315.3,83,25.4,0.0,26.8,0.046,32.31,17
-28.4084,143.722,2012-11-18,305.1,20,25.4,0.0,27.1,0.046,32.3,17
-28.3937,143.7178,2012-11-18,321.2,100,25.4,0.0,27.1,0.046,32.3,17
-28.3678,143.7694,2012-11-18,311.0,51,25.5,0.0,26.8,0.034,32.31,17
-28.4038,142.3578,2012-11-18,308.8,75,24.4,0.0,21.3,0.145,32.29,19
-28.3388,142.3611,2012-11-18,302.3,30,24.5,0.0,22.0,0.146,32.26,19
-28.2961,142.4298,2012-11-18,303.7,23,24.8,0.0,22.4,0.146,32.31,19
-28.4069,143.7701,2012-11-18,345.3,100,25.4,0.0,27.1,0.034,32.3,17
-28.2947,142.4243,2012-11-18,311.8,83,24.7,0.0,22.4,0.146,32.31,19
-28.323,142.3794,2012-11-18,305.2,19,24.6,0.0,22.4,0.146,32.31,19
-28.3308,142.3898,2012-11-18,307.1,70,24.6,0.0,22.4,0.146,32.31,19
-28.4012,142.3724,2012-11-18,304.0,51,24.3,0.0,21.3,0.145,32.29,19
-28.4939,142.3369,2012-11-18,301.5,42,24.1,0.0,21.3,0.12,32.29,20
-28.36,143.7098,2012-11-18,307.3,34,25.5,0.0,26.8,0.046,32.31,17
-28.3654,143.7397,2012-11-18,334.6,100,25.5,0.0,26.8,0.046,32.31,17
-28.3681,143.7547,2012-11-18,331.5,100,25.5,0.0,26.8,0.034,32.31,17
-28.3708,143.7697,2012-11-18,314.2,89,25.5,0.0,26.8,0.034,32.31,17
-28.3734,143.7845,2012-11-18,305.1,34,25.5,0.0,26.8,0.034,32.31,17
-28.3949,143.7796,2012-11-18,322.4,80,25.4,0.0,27.1,0.034,32.3,17
-28.3851,143.7128,2012-11-18,305.0,23,25.5,0.0,27.1,0.046,32.3,17
-28.3879,143.7278,2012-11-18,330.0,100,25.4,0.0,27.1,0.046,32.3,17
-28.3934,143.7577,2012-11-18,307.8,55,25.4,0.0,27.1,0.034,32.3,17
-28.3962,143.7726,2012-11-18,338.3,100,25.4,0.0,27.1,0.034,32.3,17
-28.3986,143.7253,2012-11-18,311.3,25,25.4,0.0,27.1,0.046,32.3,17
-28.4041,143.7552,2012-11-18,340.3,100,25.4,0.0,27.1,0.034,32.3,17
-29.3276,144.7111,2012-11-18,303.8,30,24.5,0.0,18.8,0.11,32.14,21
-29.3398,144.7217,2012-11-18,302.0,6,24.5,0.0,18.8,0.11,32.14,21
-28.4767,142.2562,2012-11-19,342.9,83,24.7,0.0,19.3,0.12,31.86,17
-28.4782,142.2668,2012-11-19,336.3,64,24.5,0.0,19.3,0.12,31.86,17
-28.4796,142.2776,2012-11-19,332.9,33,24.6,0.0,19.3,0.12,31.86,17
-28.4838,142.2594,2012-11-19,333.0,70,24.5,0.0,19.3,0.12,31.86,17
-28.5032,142.3332,2012-11-19,331.3,62,24.4,0.0,19.3,0.12,31.86,17
-28.3671,143.7296,2012-11-19,372.8,100,25.8,0.0,22.5,0.045,31.96,15
-28.3686,143.7417,2012-11-19,357.4,98,25.7,0.0,22.5,0.045,31.96,15
-28.3753,143.7159,2012-11-19,328.9,36,25.8,0.0,22.9,0.045,31.95,15
-28.3769,143.728,2012-11-19,365.7,100,25.7,0.0,22.9,0.045,31.95,15
-28.3784,143.7402,2012-11-19,353.1,95,25.7,0.0,22.9,0.045,31.95,15
-28.3882,143.7386,2012-11-19,339.2,48,25.7,0.0,22.9,0.045,31.95,15
-28.4012,143.7614,2012-11-19,338.1,22,25.6,0.0,22.9,0.033,31.95,15
-28.4032,143.7677,2012-11-19,337.0,79,25.6,0.0,22.9,0.033,31.95,15
-28.2679,142.3478,2012-11-19,350.8,93,25.1,0.0,20.5,0.093,31.8,16
-28.2771,142.3462,2012-11-19,351.6,94,24.9,0.0,20.5,0.093,31.8,16
-28.283,142.3892,2012-11-19,344.0,84,25.0,0.0,19.6,0.145,31.87,16
-28.2908,142.3769,2012-11-19,362.7,100,24.9,0.0,19.6,0.145,31.87,16
-28.2922,142.3876,2012-11-19,350.6,92,25.0,0.0,19.6,0.145,31.87,16
-28.3045,142.4077,2012-11-19,354.3,96,25.3,0.0,19.6,0.145,31.87,16
-28.3059,142.4185,2012-11-19,339.7,72,25.3,0.0,19.6,0.145,31.87,16
-28.3162,142.3774,2012-11-19,339.2,80,25.3,0.0,19.6,0.145,31.87,16
-28.3177,142.3882,2012-11-19,336.8,70,25.4,0.0,19.6,0.145,31.87,16
-28.3255,142.3758,2012-11-19,349.8,92,25.3,0.0,19.6,0.145,31.87,16
-28.3269,142.3865,2012-11-19,359.2,99,25.2,0.0,19.6,0.145,31.87,16
-28.3327,142.4297,2012-11-19,328.1,41,25.2,0.0,19.6,0.145,31.87,16
-28.3414,142.4949,2012-11-19,331.6,65,25.5,0.0,19.6,0.145,31.87,16
-28.3362,142.3849,2012-11-19,333.6,54,25.0,0.0,19.6,0.145,31.87,16
-28.3547,142.3818,2012-11-19,337.3,76,24.9,0.0,19.6,0.145,31.87,16
-28.401,142.374,2012-11-19,337.3,78,24.9,0.0,19.3,0.145,31.86,16
-28.4066,142.367,2012-11-19,341.5,84,24.8,0.0,19.3,0.145,31.86,16
-28.4144,142.3547,2012-11-19,330.2,54,24.9,0.0,19.3,0.145,31.86,16
-28.4159,142.3654,2012-11-19,336.1,76,24.9,0.0,19.3,0.145,31.86,16
-28.4373,142.3839,2012-11-19,330.1,61,25.0,0.0,17.9,0.145,31.97,16
-28.4451,142.3716,2012-11-19,337.8,79,25.1,0.0,19.3,0.145,31.86,16
-28.4466,142.3824,2012-11-19,339.5,82,25.0,0.0,17.9,0.145,31.97,16
-28.47,142.3453,2012-11-19,329.9,51,24.8,0.0,19.3,0.12,31.86,17
-28.9802,143.1812,2012-11-19,331.6,34,25.0,0.0,20.2,0.121,32.08,16
-28.9823,143.1211,2012-11-19,333.3,66,24.8,0.0,18.6,0.142,32.16,17
-28.9838,143.1328,2012-11-19,342.5,87,24.9,0.0,20.2,0.142,32.08,17
-28.9853,143.1445,2012-11-19,336.9,71,24.9,0.0,20.2,0.142,32.08,17
-28.9868,143.1562,2012-11-19,332.2,33,25.0,0.0,20.2,0.121,32.08,16
-29.3061,144.6927,2012-11-19,343.5,88,24.0,0.0,15.8,0.11,31.98,19
-29.3078,144.7068,2012-11-19,326.6,49,24.0,0.0,15.8,0.11,31.98,19
-29.3411,144.7166,2012-11-19,328.4,44,24.1,0.0,15.8,0.11,31.98,19
-32.3484,145.9155,2012-11-19,317.3,36,19.4,0.0,17.2,0.139,32.35,32
-32.3507,145.8749,2012-11-19,318.9,57,19.4,0.0,16.3,0.151,32.31,33
-32.3426,145.9108,2012-11-19,319.7,55,19.3,0.0,17.2,0.139,32.35,32
-31.0018,151.5275,2012-11-19,314.8,44,13.5,0.0,17.7,0.276,30.14,48
-29.3152,152.798,2012-11-19,313.9,53,21.0,0.0,19.2,0.387,29.09,67
-29.3143,144.6728,2012-11-19,323.3,39,24.1,0.0,15.8,0.11,31.98,19
-28.2321,152.6089,2012-11-19,325.3,38,21.8,0.0,15.4,0.391,29.85,64
-28.2305,152.615,2012-11-19,319.7,39,21.6,0.0,19.1,0.391,30.35,64
-28.3897,143.7574,2012-11-19,330.8,72,25.6,0.0,22.9,0.033,31.95,15
-28.3924,143.7077,2012-11-19,338.1,83,25.7,0.0,22.9,0.045,31.95,15
-28.3928,143.7541,2012-11-19,330.7,71,25.6,0.0,22.9,0.033,31.95,15
-28.3958,143.7045,2012-11-19,332.6,75,25.7,0.0,22.9,0.045,31.95,15
-28.4816,142.3578,2012-11-19,335.0,45,24.8,0.0,19.3,0.098,31.86,17
-28.4652,142.3526,2012-11-19,344.1,86,24.5,0.0,19.3,0.098,31.86,17
-28.423,142.3826,2012-11-19,351.1,93,25.0,0.0,17.9,0.145,31.97,16
-28.4788,142.3521,2012-11-19,339.6,80,24.6,0.0,19.3,0.098,31.86,17
-28.4625,142.3468,2012-11-19,336.7,75,24.8,0.0,19.3,0.12,31.86,17
-28.4369,142.3822,2012-11-19,339.4,77,24.9,0.0,17.9,0.145,31.97,16
-28.4206,142.3769,2012-11-19,348.2,90,24.9,0.0,17.9,0.145,31.97,16
-28.4042,142.3717,2012-11-19,329.8,48,24.9,0.0,19.3,0.145,31.86,16
-28.3879,142.3664,2012-11-19,333.9,65,24.7,0.0,19.3,0.145,31.86,16
-28.2851,142.3266,2012-11-19,339.9,81,25.0,0.0,20.5,0.093,31.8,16
-28.2686,142.3219,2012-11-19,336.3,74,25.0,0.0,20.5,0.093,31.8,16
-28.2826,142.3213,2012-11-19,339.4,80,24.7,0.0,20.5,0.093,31.8,16
-28.2661,142.3167,2012-11-19,335.4,72,24.8,0.0,20.5,0.093,31.8,16
-28.2495,142.3124,2012-11-19,334.5,70,25.5,0.0,20.5,0.145,31.8,15
-28.9971,143.149,2012-11-19,300.2,21,24.9,0.0,20.2,0.142,32.08,17
-30.2164,149.3722,2012-11-19,311.1,82,23.1,0.0,22.9,0.223,32.49,23
-29.3143,144.6977,2012-11-19,301.6,43,24.0,0.0,15.8,0.11,31.98,19
-28.1581,149.3489,2012-11-19,309.8,78,24.3,0.0,20.0,0.124,31.96,21
-28.3877,143.7454,2012-11-19,304.3,55,25.7,0.0,22.9,0.045,31.95,15
-28.3893,143.7308,2012-11-19,306.5,68,25.7,0.0,22.9,0.045,31.95,15
-28.5108,142.3383,2012-11-19,303.5,27,24.6,0.0,19.3,0.12,31.86,17
-28.5044,142.3319,2012-11-19,308.3,74,24.5,0.0,19.3,0.12,31.86,17
-28.4654,142.363,2012-11-19,306.7,20,24.8,0.0,19.3,0.098,31.86,17
-28.4672,142.3452,2012-11-19,303.9,25,24.6,0.0,19.3,0.12,31.86,17
-28.4184,142.3571,2012-11-19,307.7,26,25.0,0.0,19.3,0.145,31.86,16
-28.4215,142.3692,2012-11-19,311.4,65,25.0,0.0,19.3,0.145,31.86,16
-28.3359,142.3942,2012-11-19,306.1,64,25.0,0.0,19.6,0.145,31.87,16
-28.2956,142.3652,2012-11-19,307.5,72,24.9,0.0,20.5,0.145,31.8,16
-28.3055,142.3843,2012-11-19,314.5,89,25.0,0.0,19.6,0.145,31.87,16
-28.2757,142.3268,2012-11-19,311.4,48,24.8,0.0,20.5,0.093,31.8,16
-28.2658,142.3072,2012-11-19,306.9,35,25.1,0.0,20.5,0.093,31.8,16
-28.2376,142.3093,2012-11-19,311.9,84,25.3,0.0,20.5,0.145,31.8,15
-28.2734,142.3122,2012-11-19,303.2,25,24.8,0.0,20.5,0.093,31.8,16
-28.2751,142.3273,2012-11-19,308.7,73,24.8,0.0,20.5,0.093,31.8,16
-28.5035,142.3453,2012-11-19,301.9,45,24.6,0.0,19.3,0.12,31.86,17
-28.3053,142.4008,2012-11-19,309.4,77,25.3,0.0,19.6,0.145,31.87,16
-28.3036,142.3853,2012-11-19,306.8,43,25.0,0.0,19.6,0.145,31.87,16
-28.435,153.0378,2012-11-19,327.9,80,21.2,0.0,19.1,0.359,30.35,67
-29.3217,151.8919,2012-11-19,316.5,39,16.8,0.0,21.6,0.428,32.16,62
-29.3312,151.8896,2012-11-19,322.4,71,16.8,0.0,21.6,0.428,32.16,62
-28.2887,142.2852,2012-11-19,354.4,97,24.7,0.0,20.5,0.093,31.8,16
-28.2402,153.0338,2012-11-19,323.1,60,22.8,0.0,18.4,0.364,29.67,66
-28.4367,153.0483,2012-11-19,322.0,74,21.3,0.1,14.8,0.368,30.03,70
-28.3573,142.4145,2012-11-19,326.8,43,24.9,0.0,19.6,0.145,31.87,16
-28.2862,142.2804,2012-11-19,354.5,97,25.0,0.0,20.5,0.093,31.8,16
-30.2287,151.5295,2012-11-19,314.4,38,14.6,0.0,22.2,0.338,33.03,42
-28.3557,142.4097,2012-11-19,327.7,63,24.9,0.0,19.6,0.145,31.87,16
-28.2026,153.5437,2012-11-19,317.2,37,22.6,3.6,22.4,0.368,28.34,76
-34.4577,150.8817,2012-11-19,318.3,47,15.6,4.2,32.9,0.281,24.78,75
-32.34,145.9057,2012-11-20,328.2,65,21.5,0.0,18.3,0.131,31.86,38
-28.4772,142.3185,2012-11-20,338.1,76,25.6,0.0,20.3,0.119,31.77,15
-28.6637,149.9227,2012-11-20,398.2,94,23.2,0.0,20.7,0.22,31.74,35
-28.4751,149.7561,2012-11-20,347.8,91,23.1,0.0,17.7,0.206,31.64,35
-28.1659,149.3552,2012-11-20,339.9,82,23.7,0.0,16.9,0.165,31.7,31
-28.1685,149.341,2012-11-20,330.2,60,23.7,0.0,16.9,0.115,31.7,31
-28.1629,149.349,2012-11-20,337.3,78,23.6,0.0,16.9,0.115,31.7,31
-28.3973,143.7435,2012-11-20,337.8,74,26.6,0.0,26.6,0.045,31.91,16
-28.3909,143.7207,2012-11-20,345.9,88,26.7,0.0,26.6,0.045,31.91,16
-28.3923,143.7101,2012-11-20,337.9,76,26.7,0.0,26.6,0.045,31.91,16
-28.5145,142.3364,2012-11-20,341.9,22,26.0,0.0,20.3,0.119,31.72,15
-28.4672,142.4008,2012-11-20,344.0,59,26.2,0.0,20.3,0.098,31.87,15
-28.4758,142.3302,2012-11-20,334.8,29,25.9,0.0,20.3,0.119,31.72,15
-28.4745,142.3247,2012-11-20,337.5,75,25.7,0.0,20.3,0.119,31.72,15
-28.4559,142.3937,2012-11-20,339.6,37,26.1,0.0,20.3,0.098,31.87,15
-28.4269,142.3891,2012-11-20,344.7,86,26.3,0.0,20.3,0.145,31.87,14
-28.4062,142.3978,2012-11-20,343.3,83,26.2,0.0,20.3,0.145,31.87,14
-28.3414,142.4164,2012-11-20,339.6,14,26.5,0.0,21.0,0.145,31.89,14
-28.2965,142.3017,2012-11-20,337.2,55,25.9,0.0,20.3,0.093,31.77,14
-28.337,142.4513,2012-11-20,339.0,67,26.5,0.0,21.0,0.145,31.89,14
-28.2979,142.2898,2012-11-20,339.1,45,26.0,0.0,20.3,0.093,31.77,14
-28.2994,142.2779,2012-11-20,351.7,93,25.9,0.0,20.3,0.093,31.77,14
-28.3183,142.3649,2012-11-20,339.5,72,26.5,0.0,20.3,0.145,31.77,14
-28.3086,142.3633,2012-11-20,346.0,88,26.5,0.0,20.3,0.145,31.77,14
-28.3076,142.2914,2012-11-20,335.0,43,26.0,0.0,20.3,0.093,31.77,14
-28.3428,142.4047,2012-11-20,341.4,48,26.4,0.0,21.0,0.145,31.89,14
-28.3355,142.4629,2012-11-20,337.7,46,26.5,0.0,21.0,0.145,31.89,14
-28.3008,142.2659,2012-11-20,338.7,78,26.3,0.0,20.3,0.093,31.77,14
-28.2981,142.2722,2012-11-20,345.2,73,26.1,0.0,20.3,0.093,31.77,14
-28.2884,142.2707,2012-11-20,342.2,70,26.0,0.0,20.3,0.093,31.77,14
-28.2899,142.2587,2012-11-20,344.9,86,26.4,0.0,20.3,0.093,31.77,14
-28.2758,142.2927,2012-11-20,332.8,47,26.1,0.0,20.3,0.093,31.77,14
-28.2773,142.2809,2012-11-20,338.2,62,26.3,0.0,20.3,0.093,31.77,14
-28.2787,142.2691,2012-11-20,356.4,97,25.9,0.0,20.3,0.093,31.77,14
-28.2802,142.2571,2012-11-20,360.1,100,26.4,0.0,20.3,0.093,31.77,14
-28.2646,142.3029,2012-11-20,338.4,70,26.3,0.0,20.3,0.093,31.77,14
-28.2661,142.2911,2012-11-20,358.6,99,26.4,0.0,20.3,0.093,31.77,14
-28.2676,142.2794,2012-11-20,373.1,100,25.9,0.0,20.3,0.093,31.77,14
-28.269,142.2675,2012-11-20,363.9,100,26.3,0.0,20.3,0.093,31.77,14
-28.2705,142.2555,2012-11-20,368.3,100,26.5,0.0,20.3,0.093,31.77,14
-28.2564,142.2896,2012-11-20,343.0,84,26.0,0.0,20.3,0.093,31.77,14
-28.2579,142.2779,2012-11-20,341.3,82,25.9,0.0,20.3,0.093,31.77,14
-28.2594,142.266,2012-11-20,337.7,62,26.3,0.0,20.3,0.093,31.77,14
-28.2608,142.254,2012-11-20,335.3,70,26.2,0.0,20.3,0.093,31.77,14
-28.3525,142.4063,2012-11-20,343.8,66,26.2,0.0,21.0,0.145,31.89,14
-28.2289,142.273,2012-11-20,343.0,84,26.7,0.0,20.3,0.145,31.77,13
-28.2497,142.2645,2012-11-20,348.3,90,26.3,0.0,20.3,0.145,31.77,13
-28.2511,142.2526,2012-11-20,366.6,100,26.2,0.0,20.3,0.093,31.77,14
-28.2371,142.2864,2012-11-20,337.0,71,26.7,0.0,20.3,0.145,31.77,13
-28.2385,142.2747,2012-11-20,338.5,63,26.5,0.0,20.3,0.145,31.77,13
-28.24,142.2629,2012-11-20,339.4,79,26.3,0.0,20.3,0.145,31.77,13
-28.2414,142.251,2012-11-20,355.8,97,26.5,0.0,20.3,0.145,31.77,13
-28.2303,142.2613,2012-11-20,359.4,99,26.4,0.0,20.3,0.145,31.77,13
-28.2318,142.2494,2012-11-20,388.0,100,26.4,0.0,20.3,0.077,31.77,13
-28.2332,142.2374,2012-11-20,336.0,72,26.8,0.0,20.3,0.077,31.77,13
-36.5044,141.0979,2012-11-20,301.1,19,23.7,0.4,32.5,0.139,27.18,28
-36.5025,141.1095,2012-11-20,300.0,3,23.7,0.4,32.5,0.139,27.18,28
-36.6143,141.1671,2012-11-20,304.1,58,23.5,0.0,30.9,0.13,27.44,29
-28.2194,142.2895,2012-11-20,305.8,39,26.7,0.0,20.3,0.145,31.77,13
-28.2934,142.2582,2012-11-20,307.7,44,26.4,0.0,20.3,0.093,31.77,14
-28.2526,142.2327,2012-11-20,314.3,65,26.6,0.0,20.3,0.04,31.77,14
-28.2417,142.2301,2012-11-20,325.7,100,26.5,0.0,20.3,0.077,31.77,13
-28.4629,142.409,2012-11-20,303.9,58,26.1,0.0,20.3,0.098,31.87,15
-28.3228,142.4188,2012-11-20,303.5,55,26.6,0.0,21.0,0.145,31.89,14
-28.3044,142.3319,2012-11-20,306.5,68,26.0,0.0,20.3,0.093,31.77,14
-28.3021,142.2826,2012-11-20,303.8,8,25.9,0.0,20.3,0.093,31.77,14
-28.3049,142.2674,2012-11-20,317.1,94,26.3,0.0,20.3,0.093,31.77,14
-28.3016,142.276,2012-11-20,310.3,72,26.1,0.0,20.3,0.093,31.77,14
-28.3043,142.2608,2012-11-20,311.7,76,26.4,0.0,20.3,0.093,31.77,14
-28.224,152.6294,2012-11-20,309.5,77,17.8,0.0,17.7,0.37,28.79,59
-28.2254,152.6396,2012-11-20,306.1,47,16.9,0.0,16.1,0.367,29.53,59
-28.1641,149.3602,2012-11-20,306.3,68,23.7,0.0,16.9,0.165,31.7,31
-28.467,149.7571,2012-11-20,302.1,47,23.1,0.0,17.7,0.206,31.64,35
-28.2418,142.2518,2012-11-20,304.5,51,26.4,0.0,20.3,0.145,31.77,13
-28.6954,149.9388,2012-11-21,328.0,74,25.2,0.0,20.6,0.207,31.32,38
-28.6876,149.933,2012-11-21,326.5,67,25.2,0.0,20.6,0.207,31.32,38
-28.3675,142.4379,2012-11-21,315.6,32,28.9,0.0,13.8,0.145,27.86,15
-28.3733,142.415,2012-11-21,315.1,25,28.8,0.0,13.8,0.145,27.86,15
-28.4559,142.4137,2012-11-21,313.6,36,28.7,0.0,12.7,0.098,28.29,15
-36.6107,141.1743,2012-11-21,335.6,39,16.4,0.0,23.4,0.131,29.36,55
-28.6377,152.2977,2012-11-21,319.8,45,19.5,0.0,13.0,0.35,26.13,68
-28.4603,148.0682,2012-11-21,370.2,87,26.9,0.0,21.3,0.2,30.28,33
-28.4731,148.0651,2012-11-21,349.3,74,26.9,0.0,21.3,0.2,30.28,33
-28.4563,148.0638,2012-11-21,355.0,77,26.9,0.0,21.3,0.2,30.28,33
-28.4654,148.0934,2012-11-21,320.4,18,26.9,0.0,21.3,0.2,30.28,33
-28.7534,152.1203,2012-11-21,309.3,77,16.5,0.0,12.0,0.359,29.28,66
-28.4781,148.0764,2012-11-21,315.2,90,26.9,0.0,21.3,0.2,30.28,33
-28.4652,148.0997,2012-11-21,328.5,100,26.9,0.0,21.3,0.2,30.28,33
-28.4681,148.0749,2012-11-21,317.0,94,26.9,0.0,21.3,0.2,30.28,33
-28.4639,148.1059,2012-11-21,323.5,52,26.9,0.0,21.3,0.2,30.28,33
-28.454,148.1043,2012-11-21,321.3,26,26.8,0.0,21.3,0.2,30.28,33
-28.4555,148.0919,2012-11-21,326.8,50,26.9,0.0,21.3,0.2,30.28,33
-28.4456,148.0904,2012-11-21,326.0,95,26.8,0.0,21.3,0.19,30.28,34
-28.4357,148.0889,2012-11-21,363.9,100,26.8,0.0,21.3,0.19,30.28,34
-28.4372,148.0764,2012-11-21,339.7,100,26.8,0.0,21.3,0.19,30.28,34
-28.3779,142.4384,2012-11-21,316.9,94,28.9,0.0,12.7,0.145,28.29,15
-28.4057,142.4358,2012-11-21,309.1,26,29.0,0.0,12.7,0.145,28.29,15
-28.4258,148.0873,2012-11-21,323.8,100,26.8,0.0,21.3,0.19,30.28,34
-28.3742,142.4617,2012-11-21,306.6,24,28.8,0.0,13.8,0.137,27.86,15
-28.3765,142.4331,2012-11-21,313.2,86,28.9,0.0,12.7,0.145,28.29,15
-28.325,142.3404,2012-11-21,316.6,93,28.7,0.0,13.7,0.093,27.66,14
-28.3273,142.3111,2012-11-21,311.4,82,28.8,0.0,13.7,0.093,27.66,14
-28.3243,142.3336,2012-11-21,321.1,100,28.9,0.0,13.7,0.093,27.66,14
-28.3267,142.3043,2012-11-21,303.4,55,28.5,0.0,13.7,0.093,27.66,14
-28.3248,142.3373,2012-11-21,306.8,56,28.7,0.0,13.7,0.093,27.66,14
-28.3825,142.4325,2012-11-21,316.3,93,29.0,0.0,12.7,0.145,28.29,15
-28.3839,142.4434,2012-11-21,311.2,68,29.0,0.0,12.7,0.145,28.29,15
-28.4421,149.5951,2012-11-21,328.3,73,26.0,0.0,18.2,0.204,31.11,36
-28.4499,149.5999,2012-11-21,328.5,73,26.0,0.0,18.2,0.204,31.11,36
-31.1969,151.2194,2012-11-22,338.4,77,21.2,0.0,18.7,0.198,28.42,46
-31.1874,151.2175,2012-11-22,364.1,87,21.0,0.0,18.7,0.198,28.42,46
-31.1893,151.2061,2012-11-22,385.0,100,21.6,0.0,18.7,0.198,28.42,46
-31.1912,151.1943,2012-11-22,359.2,99,21.3,0.0,18.7,0.198,28.42,46
-31.7277,145.5188,2012-11-22,332.9,70,23.6,0.0,20.2,0.109,32.62,21
-28.4771,148.0772,2012-11-22,346.9,57,29.7,0.0,19.4,0.2,30.92,26
-28.4432,148.1281,2012-11-22,398.5,100,29.5,0.0,20.9,0.19,30.45,27
-28.4447,148.1179,2012-11-22,383.5,100,29.5,0.0,19.4,0.19,30.92,27
-28.4327,148.1366,2012-11-22,351.5,93,29.5,0.0,20.9,0.19,30.45,27
-28.4342,148.1264,2012-11-22,412.4,100,29.5,0.0,20.9,0.19,30.45,27
-28.4357,148.1162,2012-11-22,403.2,100,29.5,0.0,19.4,0.19,30.92,27
-28.44,148.0856,2012-11-22,356.2,89,29.5,0.0,19.4,0.19,30.92,27
-28.4415,148.0755,2012-11-22,346.9,53,29.5,0.0,19.4,0.19,30.92,27
-28.4237,148.1349,2012-11-22,426.6,100,29.5,0.0,20.9,0.19,30.45,27
-28.4252,148.1247,2012-11-22,437.1,100,29.5,0.0,19.4,0.19,30.92,27
-28.4267,148.1145,2012-11-22,350.3,67,29.5,0.0,19.4,0.19,30.92,27
-28.431,148.084,2012-11-22,368.8,100,29.5,0.0,19.4,0.19,30.92,27
-28.4325,148.0738,2012-11-22,367.4,100,29.5,0.0,19.4,0.19,30.92,27
-28.4147,148.1332,2012-11-22,359.8,99,29.5,0.0,20.9,0.19,30.45,27
-28.4162,148.123,2012-11-22,352.9,94,29.5,0.0,19.4,0.19,30.92,27
-28.5086,147.4682,2012-11-22,343.6,85,29.0,0.0,17.9,0.109,31.49,28
-28.3832,142.4705,2012-11-22,333.6,49,27.8,0.0,24.5,0.137,31.78,18
-28.385,142.4531,2012-11-22,337.3,75,27.7,0.0,24.5,0.137,31.78,18
-31.1949,151.1916,2012-11-22,309.4,64,21.4,0.2,18.0,0.192,28.79,44
-31.1912,151.1975,2012-11-22,308.5,75,21.0,0.0,18.7,0.198,28.42,46
-28.4168,148.0986,2012-11-22,317.1,82,29.5,0.0,19.4,0.19,30.92,27
-28.3941,148.1418,2012-11-22,315.7,92,29.5,0.0,20.9,0.19,30.45,27
-28.399,148.1184,2012-11-22,310.4,80,29.5,0.0,19.4,0.19,30.92,27
-28.399,148.1377,2012-11-22,308.7,27,29.5,0.0,20.9,0.19,30.45,27
-28.4037,148.1142,2012-11-22,323.7,100,29.5,0.0,19.4,0.19,30.92,27
-28.3859,148.1341,2012-11-22,311.2,48,29.5,0.0,20.9,0.19,30.45,27
-28.2708,149.1021,2012-11-22,313.0,86,29.1,0.0,15.6,0.042,29.64,26
-28.2823,149.0987,2012-11-22,302.0,46,29.1,0.0,15.6,0.042,29.64,26
-28.4334,148.1524,2012-11-22,302.8,38,29.7,0.0,20.9,0.135,30.45,27
-28.412,148.1219,2012-11-22,318.9,98,29.5,0.0,19.4,0.19,30.92,27
-28.3911,148.1457,2012-11-22,310.3,53,29.5,0.0,20.9,0.19,30.45,27
-28.2674,149.1237,2012-11-22,305.2,63,29.1,0.0,15.6,0.042,29.64,26
-28.2748,149.1152,2012-11-22,309.5,78,29.1,0.0,15.6,0.042,29.64,26
-28.4114,148.1203,2012-11-22,308.8,76,29.5,0.0,19.4,0.19,30.92,27
-31.1922,151.1905,2012-11-22,300.8,22,20.9,0.0,14.8,0.198,28.16,45
-31.1942,151.2023,2012-11-22,316.4,93,21.5,0.0,18.7,0.198,28.42,46
-31.1962,151.2145,2012-11-22,317.8,96,21.5,0.2,18.0,0.192,28.79,44
-31.1983,151.2269,2012-11-22,311.5,83,20.0,0.2,18.0,0.214,28.79,49
-30.5764,149.962,2012-11-23,351.3,95,25.5,0.0,17.3,0.103,27.36,48
-28.6213,145.6758,2012-11-23,340.8,84,28.8,0.0,18.1,0.038,30.78,14
-30.5787,149.9681,2012-11-23,363.8,100,25.5,0.0,17.3,0.103,27.36,48
-30.5779,149.9753,2012-11-23,339.7,86,25.5,0.0,17.3,0.103,27.36,48
-36.9221,143.8933,2012-11-23,326.6,74,20.3,0.0,12.4,0.144,30.71,54
-36.4952,143.8728,2012-11-23,327.1,51,21.2,0.0,12.0,0.127,30.74,50
-36.6966,144.1047,2012-11-23,328.7,76,20.7,0.0,10.9,0.133,30.89,51
-36.1586,144.0226,2012-11-23,324.8,63,21.7,0.0,12.9,0.253,31.0,47
-28.33,149.1606,2012-11-23,396.2,100,29.0,0.0,24.2,0.113,31.23,29
-28.3406,149.1167,2012-11-23,372.2,100,29.1,0.0,18.8,0.042,31.52,27
-28.3129,149.1554,2012-11-23,357.1,98,29.0,0.0,24.2,0.113,31.23,29
-28.3235,149.1117,2012-11-23,343.6,90,29.2,0.0,18.8,0.042,31.52,27
-28.329,149.1521,2012-11-23,410.5,100,29.1,0.0,24.2,0.113,31.23,29
-28.3393,149.1082,2012-11-23,356.0,98,29.1,0.0,18.8,0.042,31.52,27
-28.3119,149.1469,2012-11-23,343.3,90,29.1,0.0,24.2,0.042,31.23,27
-31.2116,151.2143,2012-11-23,307.9,65,17.2,0.2,15.9,0.208,24.42,71
-31.2133,151.1993,2012-11-23,300.5,5,19.5,0.0,16.0,0.189,24.65,65
-31.2014,151.2121,2012-11-23,303.8,31,18.9,0.2,15.9,0.182,24.42,68
-31.203,151.1981,2012-11-23,302.9,25,18.8,0.2,15.9,0.185,24.42,66
-28.613,152.9234,2012-11-23,307.6,72,21.6,0.5,9.8,0.369,19.43,74
-28.3223,149.1522,2012-11-23,323.5,100,29.1,0.0,24.2,0.113,31.23,29
-28.324,149.1359,2012-11-23,301.7,26,29.2,0.0,24.2,0.042,31.23,27
-28.3141,149.158,2012-11-23,305.0,63,29.0,0.0,24.2,0.113,31.23,29
-28.4269,142.3938,2012-11-24,333.0,48,30.0,0.0,14.4,0.144,27.61,15
-28.4411,142.412,2012-11-24,334.5,52,30.2,0.0,14.4,0.144,27.61,15
-31.203,151.1966,2012-11-24,338.9,77,20.0,1.0,10.5,0.188,21.66,69
-28.4431,142.4052,2012-11-24,339.2,81,30.1,0.0,14.4,0.144,27.61,15
-35.2577,144.8381,2012-11-24,317.0,94,26.4,0.0,9.7,0.124,30.97,31
-35.2593,144.8271,2012-11-24,344.8,100,26.4,0.0,9.7,0.124,30.97,31
-35.2506,144.8303,2012-11-24,338.1,100,26.4,0.0,9.7,0.124,30.97,31
-35.2522,144.8192,2012-11-24,302.0,46,26.4,0.0,9.7,0.124,30.97,31
-28.5123,153.034,2012-11-25,326.4,78,22.9,0.0,13.3,0.3,27.11,69
-33.2571,150.2347,2012-11-25,317.0,40,20.7,1.1,11.5,0.25,26.32,61
-33.2586,150.246,2012-11-25,317.9,50,21.3,1.0,12.4,0.25,25.85,61
-33.8458,150.8974,2012-11-25,328.7,50,24.8,0.0,15.1,0.15,28.5,64
-28.298,142.3439,2012-11-25,339.4,79,31.8,0.0,19.9,0.092,31.47,15
-28.4545,142.3856,2012-11-25,307.0,70,31.6,0.0,17.6,0.097,31.6,16
-28.4635,142.3952,2012-11-26,332.6,24,33.8,0.0,22.4,0.097,30.16,18
-28.4734,142.3936,2012-11-26,352.9,95,33.8,0.0,22.4,0.097,30.16,18
-28.4714,142.3753,2012-11-26,338.5,79,33.9,0.0,22.4,0.097,30.16,18
-28.4729,142.3878,2012-11-26,353.9,95,33.9,0.0,22.4,0.097,30.16,18
-28.4745,142.4004,2012-11-26,332.1,62,33.8,0.0,22.4,0.097,30.16,18
-28.4829,142.3862,2012-11-26,353.3,95,33.7,0.0,22.4,0.097,30.16,18
-28.4844,142.3988,2012-11-26,335.7,75,33.8,0.0,22.4,0.097,30.16,18
-31.0001,152.7217,2012-11-26,324.0,78,23.0,0.9,14.5,0.307,29.35,81
-31.1704,152.8221,2012-11-26,334.2,87,22.9,0.4,18.1,0.274,29.39,80
-31.1718,152.8106,2012-11-26,340.0,90,22.9,0.4,18.1,0.274,29.39,80
-31.1733,152.799,2012-11-26,317.6,72,22.7,0.4,18.1,0.274,29.39,80
-31.1609,152.8205,2012-11-26,337.2,89,23.0,0.4,18.1,0.274,29.39,80
-31.1624,152.809,2012-11-26,338.5,90,22.7,0.4,18.1,0.274,29.39,80
-30.9986,152.7332,2012-11-26,329.7,83,23.0,0.9,14.5,0.307,29.35,81
-28.5153,142.4081,2012-11-26,316.6,7,33.9,0.0,22.4,0.097,30.16,18
-28.5048,142.4067,2012-11-26,320.9,0,33.8,0.0,22.4,0.097,30.16,18
-28.4942,142.4051,2012-11-26,322.5,0,33.9,0.0,22.4,0.097,30.16,18
-28.5322,142.423,2012-11-26,314.9,26,33.9,0.0,22.4,0.097,30.16,18
-28.5425,142.4018,2012-11-26,311.4,39,34.0,0.0,22.4,0.097,30.16,18
-28.5548,142.4005,2012-11-26,313.4,56,34.1,0.0,22.4,0.145,30.16,18
-28.5568,142.4203,2012-11-26,314.1,67,34.2,0.0,22.4,0.145,30.16,18
-28.567,142.3991,2012-11-26,313.9,69,34.0,0.0,22.4,0.145,30.16,18
-28.569,142.4189,2012-11-26,315.7,91,34.2,0.0,22.4,0.145,30.16,18
-28.5716,142.4113,2012-11-26,317.1,94,34.1,0.0,22.4,0.145,30.16,18
-29.4346,151.6502,2012-11-26,325.2,77,19.7,4.1,6.6,0.348,24.27,79
-28.555,142.4744,2012-11-27,334.1,57,33.8,0.2,27.8,0.119,25.17,31
-28.4847,142.4257,2012-11-27,333.0,77,33.8,0.2,27.8,0.099,25.17,31
-28.4752,142.4211,2012-11-27,329.0,51,33.8,0.2,27.8,0.099,25.17,31
-28.5708,142.4697,2012-11-27,332.3,60,33.9,0.2,27.8,0.119,25.17,31
-29.9478,142.4449,2012-11-27,313.2,74,32.6,1.0,34.6,0.03,20.51,33
-29.9514,142.4262,2012-11-27,309.1,59,32.5,1.0,34.6,0.052,20.51,33
-29.9429,142.4371,2012-11-27,312.3,63,32.5,1.0,34.6,0.03,20.51,33
-29.9464,142.4184,2012-11-27,308.5,7,32.6,1.0,34.6,0.03,20.51,33
-29.8894,142.428,2012-11-27,304.7,61,32.5,1.0,34.6,0.03,20.51,33
-29.8936,142.4494,2012-11-27,302.2,47,32.6,1.0,34.6,0.03,20.51,33
-29.8919,142.4423,2012-11-27,307.1,70,32.6,1.0,34.6,0.03,20.51,33
-29.9462,142.4501,2012-11-27,304.1,58,32.6,1.0,34.6,0.029,20.51,33
-29.9879,142.4521,2012-11-28,354.3,96,31.8,0.0,20.2,0.052,28.93,42
-29.994,142.4296,2012-11-28,364.3,100,31.8,0.0,20.2,0.054,28.93,42
-29.9955,142.44,2012-11-28,386.4,100,31.8,0.0,20.2,0.054,28.93,42
-29.9969,142.4504,2012-11-28,348.0,90,31.8,0.0,20.2,0.052,28.93,42
-30.0015,142.4174,2012-11-28,338.8,79,31.8,0.0,20.2,0.054,28.93,42
-30.003,142.4279,2012-11-28,380.7,100,31.8,0.0,20.2,0.054,28.93,42
-30.0045,142.4383,2012-11-28,395.8,100,31.8,0.0,20.2,0.054,28.93,42
-30.006,142.4487,2012-11-28,330.9,46,31.8,0.0,20.2,0.054,28.93,42
-30.0106,142.4158,2012-11-28,348.5,91,31.8,0.0,20.2,0.054,28.93,42
-30.0121,142.4262,2012-11-28,392.7,100,31.8,0.0,20.2,0.054,28.93,42
-30.0135,142.4366,2012-11-28,380.0,100,31.8,0.0,20.2,0.054,28.93,42
-30.0211,142.4245,2012-11-28,362.9,100,31.8,0.0,20.2,0.054,28.93,42
-30.0226,142.435,2012-11-28,346.7,89,31.8,0.0,20.2,0.054,28.93,42
-29.74,142.3884,2012-11-28,342.7,85,31.7,0.0,18.4,0.034,29.34,42
-29.731,142.39,2012-11-28,333.9,38,31.7,0.0,18.4,0.034,29.34,42
-29.7325,142.4004,2012-11-28,338.5,79,31.7,0.0,18.4,0.034,29.34,42
-29.7491,142.3867,2012-11-28,342.6,85,31.7,0.0,18.4,0.034,29.34,42
-29.8784,142.4527,2012-11-28,342.1,84,31.7,0.0,20.2,0.031,28.93,42
-29.8919,142.4823,2012-11-28,336.5,66,31.7,0.0,20.2,0.031,28.93,42
-29.8934,142.4927,2012-11-28,332.9,47,31.7,0.0,20.2,0.031,28.93,42
-29.8932,142.4328,2012-11-28,333.9,52,31.7,0.0,20.2,0.031,28.93,42
-29.9006,142.4848,2012-11-28,335.2,73,31.7,0.0,20.2,0.031,28.93,42
-29.9428,142.4557,2012-11-28,336.8,48,31.7,0.0,20.2,0.031,28.93,42
-29.9519,142.454,2012-11-28,349.4,92,31.8,0.0,20.2,0.052,28.93,42
-29.9609,142.4523,2012-11-28,343.0,85,31.8,0.0,20.2,0.052,28.93,42
-29.967,142.4298,2012-11-28,343.5,86,31.8,0.0,20.2,0.054,28.93,42
-29.9685,142.4402,2012-11-28,345.7,88,31.8,0.0,20.2,0.054,28.93,42
-29.97,142.4507,2012-11-28,392.0,100,31.8,0.0,20.2,0.052,28.93,42
-29.9715,142.4611,2012-11-28,371.7,100,31.8,0.0,20.2,0.052,28.93,42
-29.9775,142.4386,2012-11-28,354.9,96,31.8,0.0,20.2,0.054,28.93,42
-29.979,142.449,2012-11-28,410.1,100,31.8,0.0,20.2,0.054,28.93,42
-29.9805,142.4594,2012-11-28,375.4,100,31.8,0.0,20.2,0.052,28.93,42
-29.9834,142.4208,2012-11-28,340.7,70,31.8,0.0,20.2,0.054,28.93,42
-29.9849,142.4312,2012-11-28,357.7,98,31.8,0.0,20.2,0.054,28.93,42
-28.2028,148.3674,2012-11-28,346.9,0,29.0,0.0,17.3,0.165,18.51,33
-29.731,142.4214,2012-11-28,348.2,90,31.7,0.0,18.4,0.034,29.34,42
-29.7377,142.3915,2012-11-28,346.9,89,31.7,0.0,18.4,0.034,29.34,42
-29.7457,142.4173,2012-11-28,331.8,49,31.7,0.0,18.4,0.034,29.34,42
-29.7522,142.3873,2012-11-28,337.7,76,31.7,0.0,18.4,0.029,29.34,42
-29.9613,142.502,2012-11-28,332.0,61,31.8,0.0,20.2,0.052,28.93,42
-29.968,142.472,2012-11-28,341.4,82,31.8,0.0,20.2,0.052,28.93,42
-29.9535,142.4676,2012-11-28,342.1,83,31.8,0.0,20.2,0.052,28.93,42
-29.9111,142.5193,2012-11-28,333.0,62,31.7,0.0,20.2,0.031,28.93,42
-29.9178,142.4891,2012-11-28,342.7,84,31.7,0.0,20.2,0.031,28.93,42
-29.8966,142.515,2012-11-28,333.8,56,31.7,0.0,20.2,0.031,28.93,42
-29.9033,142.4849,2012-11-28,340.0,79,31.7,0.0,20.2,0.031,28.93,42
-29.9534,142.4596,2012-11-28,337.8,74,31.8,0.0,20.2,0.052,28.93,42
-29.8968,142.5069,2012-11-28,339.4,79,31.6,0.0,20.2,0.031,28.93,42
-29.9389,142.4553,2012-11-28,335.1,64,31.7,0.0,20.2,0.031,28.93,42
-29.7522,142.3957,2012-11-28,339.6,80,31.7,0.0,18.4,0.029,29.34,42
-30.0243,142.4933,2012-11-28,340.7,81,31.8,0.0,20.2,0.052,28.93,42
-30.0309,142.4634,2012-11-28,346.9,89,31.8,0.0,20.2,0.052,28.93,42
-30.0098,142.489,2012-11-28,357.6,98,31.8,0.0,20.2,0.052,28.93,42
-30.0165,142.4591,2012-11-28,342.8,74,31.8,0.0,20.2,0.052,28.93,42
-30.0258,142.4892,2012-11-28,345.1,87,31.8,0.0,20.2,0.052,28.93,42
-30.0323,142.4592,2012-11-28,345.4,87,31.8,0.0,20.2,0.052,28.93,42
-30.0114,142.4848,2012-11-28,357.5,98,31.8,0.0,20.2,0.052,28.93,42
-30.0179,142.4549,2012-11-28,340.2,63,31.8,0.0,20.2,0.052,28.93,42
-29.9903,142.5106,2012-11-28,338.8,79,31.8,0.0,20.2,0.052,28.93,42
-29.9969,142.4805,2012-11-28,341.2,82,31.8,0.0,20.2,0.052,28.93,42
-29.9758,142.5063,2012-11-28,344.9,87,31.8,0.0,20.2,0.052,28.93,42
-28.8674,149.098,2012-11-28,306.6,66,29.6,0.0,22.6,0.191,21.3,34
-28.8688,149.0876,2012-11-28,311.4,82,29.6,0.0,22.6,0.191,21.3,34
-29.7442,142.3751,2012-11-28,311.5,66,31.7,0.0,18.4,0.034,29.34,42
-28.8583,149.0963,2012-11-28,306.1,67,29.6,0.0,22.6,0.191,21.3,34
-28.2073,148.3601,2012-11-28,308.1,44,29.0,0.0,17.3,0.165,18.51,33
-28.1967,148.3691,2012-11-28,308.0,71,29.0,0.0,17.3,0.165,18.51,33
-28.1981,148.3585,2012-11-28,305.8,55,28.9,0.0,17.3,0.165,18.51,33
-29.7555,142.371,2012-11-28,314.1,87,31.7,0.0,17.7,0.029,29.32,42
-29.9539,142.5041,2012-11-28,308.9,65,31.7,0.0,20.2,0.052,28.93,42
-29.9775,142.528,2012-11-28,309.6,70,31.8,0.0,20.2,0.052,28.93,42
-29.7348,142.3758,2012-11-29,330.5,43,35.9,0.0,25.5,0.031,30.25,26
-29.9372,142.479,2012-11-29,340.8,81,36.0,0.0,25.7,0.025,29.96,25
-29.94,142.5227,2012-11-29,335.8,59,36.0,0.0,25.7,0.025,29.96,25
-29.9394,142.4734,2012-11-29,335.8,63,36.0,0.0,25.7,0.025,29.96,25
-29.942,142.5171,2012-11-29,334.8,55,36.0,0.0,25.7,0.025,29.96,25
-34.4655,150.8861,2012-11-29,318.5,0,20.8,0.0,23.4,0.285,19.51,84
-31.3517,151.8247,2012-11-29,321.3,61,19.5,1.2,7.6,0.383,25.05,82
-33.0892,149.3475,2012-11-29,327.7,66,25.3,0.0,11.6,0.202,27.67,61
-33.0909,149.3363,2012-11-29,329.0,72,25.3,0.0,11.6,0.202,27.67,61
-29.1641,148.9116,2012-11-29,345.8,61,30.5,0.0,17.1,0.202,28.24,39
-29.9211,142.4686,2012-11-29,352.3,64,36.0,0.0,25.7,0.025,29.96,25
-28.2958,149.7703,2012-11-29,353.0,89,30.0,0.0,20.2,0.025,27.77,39
-28.7496,150.0839,2012-11-29,302.4,49,29.2,0.0,18.9,0.046,28.06,44
-28.7516,150.0959,2012-11-29,304.8,61,29.3,0.0,18.9,0.128,28.06,44
-29.2223,149.956,2012-11-29,305.1,63,28.7,0.0,17.9,0.139,29.06,46
-29.1532,148.9362,2012-11-30,335.9,62,32.8,0.0,16.2,0.202,30.95,31
-29.1618,148.9213,2012-11-30,338.3,78,32.8,0.0,16.2,0.202,30.95,31
-29.1634,148.9347,2012-11-30,349.1,92,32.8,0.0,16.2,0.202,30.95,31
-29.165,148.9481,2012-11-30,335.3,75,32.8,0.0,16.2,0.202,30.95,31
-34.0397,147.4118,2012-11-30,330.6,83,32.1,0.4,21.2,0.162,25.03,35
-31.3383,151.8174,2012-11-30,300.3,16,23.4,0.0,9.7,0.363,25.74,67
-31.3412,151.7955,2012-11-30,304.8,37,22.5,0.0,8.7,0.371,26.68,67
-29.9006,151.9371,2012-11-30,300.2,22,20.9,0.0,8.8,0.365,28.83,71
-29.5132,152.822,2012-11-30,303.1,53,25.4,0.0,10.4,0.324,29.85,74
-31.3382,151.817,2012-12-01,330.9,66,24.7,0.0,12.1,0.343,26.31,63
-31.3399,151.8059,2012-12-01,334.8,72,24.3,0.1,12.4,0.351,26.16,65
-31.3416,151.7949,2012-12-01,334.8,82,23.9,0.1,12.4,0.351,26.16,65
-31.3433,151.7839,2012-12-01,323.5,62,23.4,0.1,12.4,0.351,26.16,65
-31.2628,150.4694,2012-12-01,350.9,94,31.4,0.0,13.6,0.255,27.36,37
-31.2643,150.4589,2012-12-01,336.3,83,31.1,0.0,13.6,0.255,27.36,37
-31.2538,150.4676,2012-12-01,337.3,83,31.0,0.0,13.6,0.255,27.36,37
-30.8616,149.4698,2012-12-01,326.4,64,31.4,0.0,16.0,0.204,26.86,35
-30.0665,152.9018,2012-12-01,319.4,50,25.7,0.5,13.2,0.433,29.66,74
-30.0685,152.8898,2012-12-01,341.5,90,25.7,0.0,12.9,0.349,29.51,73
-29.516,152.818,2012-12-01,345.7,92,27.3,0.0,10.4,0.305,28.68,65
-28.6148,152.9246,2012-12-01,325.6,59,25.6,0.0,15.5,0.312,31.31,62
-28.6168,152.9126,2012-12-01,326.6,63,26.4,0.0,17.2,0.312,31.65,62
-31.329,151.7914,2012-12-01,303.1,39,23.2,0.1,12.4,0.351,26.16,65
-31.3311,151.8035,2012-12-01,306.6,68,24.8,0.0,12.1,0.343,26.31,63
-31.3333,151.8161,2012-12-01,305.4,62,25.4,0.0,11.7,0.346,26.01,65
-28.2565,152.8034,2012-12-02,320.7,48,24.6,0.0,12.1,0.271,29.5,68
-35.8675,142.0159,2012-12-02,342.5,88,17.5,0.0,19.7,0.179,26.18,51
-35.8692,142.0046,2012-12-02,363.9,100,17.5,0.0,19.7,0.179,26.18,51
-28.3628,144.1114,2012-12-03,333.3,40,30.1,0.0,31.7,0.023,30.59,19
-36.902,144.948,2012-12-03,313.1,72,16.7,0.0,18.9,0.143,22.05,56
-31.6296,147.6715,2012-12-03,356.6,98,27.3,0.0,17.1,0.2,32.05,26
-31.6162,147.6881,2012-12-03,335.9,80,27.3,0.0,17.0,0.2,31.24,26
-31.6179,147.6699,2012-12-03,363.9,100,27.3,0.0,17.0,0.2,31.24,26
-28.3811,144.0884,2012-12-03,337.8,33,30.0,0.0,30.8,0.023,30.82,19
-28.3977,144.0616,2012-12-03,335.7,35,30.1,0.0,30.8,0.023,30.82,19
-28.396,144.0569,2012-12-03,336.2,34,30.0,0.0,30.8,0.023,30.82,19
-28.3768,144.1116,2012-12-03,354.0,96,30.1,0.0,30.8,0.023,30.82,19
-28.3601,144.1378,2012-12-03,339.3,78,30.2,0.0,31.7,0.023,30.23,20
-28.3624,144.11,2012-12-03,383.0,100,30.1,0.0,31.7,0.023,30.59,19
-28.3458,144.1364,2012-12-03,344.0,87,30.4,0.0,31.7,0.028,30.23,20
-28.3481,144.1085,2012-12-03,373.5,100,30.3,0.0,31.7,0.028,30.59,20
-29.8225,149.2657,2012-12-03,310.8,81,29.7,0.4,13.7,0.199,19.8,48
-29.8158,149.2583,2012-12-03,301.6,43,29.7,0.4,13.7,0.199,19.8,48
-28.3854,144.1033,2012-12-03,304.2,59,30.1,0.0,30.8,0.023,30.82,19
-28.3468,144.1814,2012-12-03,325.7,100,30.4,0.0,31.7,0.05,30.23,20
-28.3482,144.171,2012-12-03,327.4,100,30.4,0.0,31.7,0.05,30.23,20
-28.3497,144.1607,2012-12-03,351.5,100,30.4,0.0,31.7,0.05,30.23,20
-28.3511,144.1503,2012-12-03,331.7,100,30.3,0.0,31.7,0.044,30.23,20
-28.3525,144.1399,2012-12-03,305.7,53,30.2,0.0,31.7,0.023,30.23,19
-28.3363,144.1901,2012-12-03,308.5,75,30.4,0.0,31.7,0.05,30.23,20
-28.3377,144.1798,2012-12-03,334.5,100,30.4,0.0,31.7,0.05,30.23,20
-28.3392,144.1694,2012-12-03,354.4,100,30.4,0.0,31.7,0.05,30.23,20
-28.3406,144.159,2012-12-03,329.2,100,30.4,0.0,31.7,0.05,30.23,20
-28.8023,148.5064,2012-12-04,332.8,73,26.4,0.0,24.5,0.101,32.21,24
-28.8044,148.5184,2012-12-04,330.7,69,26.4,0.0,24.5,0.101,32.21,24
-28.3407,144.1836,2012-12-04,329.0,62,26.6,0.0,26.8,0.047,32.17,21
-28.3505,144.1738,2012-12-04,340.0,86,26.4,0.0,26.8,0.043,32.17,21
-28.3588,144.1483,2012-12-04,329.2,64,26.4,0.0,26.8,0.023,32.17,21
-29.7634,147.9973,2012-12-04,339.0,84,25.5,0.0,23.6,0.142,32.58,24
-29.7656,148.0097,2012-12-04,327.8,67,25.5,0.0,23.6,0.142,32.58,24
-33.8251,150.784,2012-12-04,318.9,63,20.5,0.0,21.4,0.227,33.53,53
-33.7746,150.9458,2012-12-04,320.3,71,20.9,0.0,22.9,0.161,33.3,54
-33.7762,150.9568,2012-12-04,320.4,66,21.1,0.0,22.9,0.168,33.3,57
-33.7942,150.8858,2012-12-04,321.5,50,20.8,0.0,22.9,0.161,33.3,54
-33.8603,150.968,2012-12-04,321.7,14,21.0,0.0,22.9,0.115,33.3,57
-33.8563,150.363,2012-12-04,313.7,51,18.6,0.0,22.3,0.325,33.69,51
-34.4794,144.7555,2012-12-04,320.3,51,17.9,0.0,33.2,0.214,28.14,39
-30.8804,149.5614,2012-12-04,353.1,96,22.7,0.0,20.8,0.218,33.15,30
-29.7675,147.9986,2012-12-04,333.5,76,25.5,0.0,23.6,0.142,32.58,24
-29.7708,147.9813,2012-12-04,328.7,65,25.5,0.0,23.6,0.142,32.58,24
-28.8687,152.1095,2012-12-04,328.4,74,21.6,0.0,23.1,0.382,31.41,54
-28.8765,152.0749,2012-12-04,355.2,97,20.9,0.1,23.4,0.382,31.2,54
-28.8731,152.1028,2012-12-04,345.3,91,21.4,0.0,23.1,0.382,31.41,54
-28.8808,152.0679,2012-12-04,343.7,90,20.8,0.1,23.4,0.382,31.2,54
-29.273,149.6396,2012-12-04,333.6,79,26.5,0.0,25.3,0.228,32.14,26
-29.2601,149.6361,2012-12-04,375.9,100,26.5,0.0,25.3,0.228,32.14,26
-29.2555,149.6587,2012-12-04,395.4,100,26.6,0.0,25.3,0.234,32.14,26
-29.162,148.9418,2012-12-04,328.6,69,26.4,0.0,22.7,0.21,32.13,24
-28.3464,144.176,2012-12-04,356.9,97,26.6,0.0,26.8,0.047,32.17,21
-28.809,148.505,2012-12-04,343.4,88,26.4,0.0,24.5,0.101,32.21,24
-28.8032,148.5185,2012-12-04,330.2,65,26.4,0.0,24.5,0.101,32.21,24
-28.821,148.508,2012-12-04,340.6,85,26.4,0.0,24.5,0.101,32.21,24
-28.8052,148.5244,2012-12-04,332.7,75,26.4,0.0,24.5,0.101,32.21,24
-29.1647,148.9427,2012-12-04,303.5,56,26.4,0.0,22.7,0.21,32.13,24
-30.9528,151.9899,2012-12-04,300.3,24,21.4,0.0,18.4,0.382,32.27,57
-29.1561,148.937,2012-12-04,302.8,51,26.4,0.0,22.7,0.21,32.13,24
-28.8656,152.096,2012-12-04,306.6,51,21.3,0.0,23.1,0.382,31.41,54
-28.8675,152.0746,2012-12-04,302.3,14,21.4,0.0,23.1,0.382,31.41,54
-28.8528,152.0945,2012-12-04,305.4,27,21.4,0.0,23.1,0.382,31.41,54
-28.2071,152.7922,2012-12-04,300.5,29,27.6,0.0,18.4,0.28,30.24,53
-28.2054,152.7777,2012-12-04,300.6,31,26.8,0.0,21.1,0.243,30.59,54
-28.3796,152.3372,2012-12-04,303.0,52,22.9,0.0,26.5,0.325,32.09,54
-28.8561,152.0903,2012-12-04,309.9,17,21.3,0.0,23.1,0.382,31.41,54
-28.8577,152.1038,2012-12-04,312.4,33,21.3,0.0,23.1,0.382,31.41,54
-28.8664,152.0887,2012-12-04,308.4,36,21.4,0.0,23.1,0.382,31.41,54
-29.1557,148.9442,2012-12-04,309.2,77,26.4,0.0,22.7,0.21,32.13,24
-29.1572,148.9546,2012-12-04,308.3,74,26.3,0.0,22.7,0.214,32.13,24
-30.9492,151.995,2012-12-04,303.9,57,22.6,0.0,18.4,0.381,32.27,57
-33.8548,150.3714,2012-12-04,306.5,68,17.7,0.0,22.2,0.345,33.63,50
-30.9598,152.0171,2012-12-04,310.7,42,21.6,0.0,18.4,0.382,32.27,57
-30.9508,151.9748,2012-12-04,310.5,39,19.9,0.0,17.7,0.39,33.06,57
-28.1973,152.7745,2012-12-05,319.9,54,25.3,0.0,14.6,0.27,32.75,28
-28.8162,148.4988,2012-12-05,339.9,87,23.6,0.0,21.9,0.083,33.09,22
-28.8185,148.5237,2012-12-05,331.7,79,23.6,0.0,21.9,0.083,33.09,22
-28.8096,148.4927,2012-12-05,327.8,74,23.6,0.0,21.9,0.083,33.09,22
-28.8118,148.5177,2012-12-05,338.4,86,23.6,0.0,21.9,0.083,33.09,22
-30.9642,152.0077,2012-12-05,313.6,54,19.2,0.0,19.5,0.355,33.68,44
-30.9642,152.0121,2012-12-05,311.6,41,18.8,0.0,19.5,0.355,33.68,44
-32.4363,151.5826,2012-12-05,311.3,40,20.5,0.0,24.9,0.257,32.28,41
-33.8677,150.3749,2012-12-05,310.2,24,13.7,0.0,29.4,0.309,32.03,43
-33.8556,150.3712,2012-12-05,317.2,67,15.3,0.0,27.3,0.329,33.51,43
-32.613,152.0885,2012-12-05,316.5,61,20.4,0.1,24.4,0.142,30.96,50
-32.2758,152.3926,2012-12-05,366.5,100,20.7,1.5,26.1,0.28,31.02,52
-31.2415,152.8689,2012-12-05,357.7,99,22.1,0.3,14.6,0.266,33.07,53
-31.2431,152.8555,2012-12-05,338.9,90,22.1,0.3,14.6,0.266,33.07,53
-31.2298,152.8807,2012-12-05,344.8,93,22.2,1.2,15.1,0.266,32.85,53
-31.2314,152.8673,2012-12-05,399.1,100,22.2,0.3,14.6,0.266,33.07,53
-31.2329,152.8539,2012-12-05,346.6,94,22.1,0.3,14.6,0.266,33.07,53
-31.2197,152.8792,2012-12-05,315.0,39,22.1,1.2,15.1,0.266,32.85,53
-30.9632,152.0018,2012-12-05,376.8,100,19.0,0.0,19.5,0.355,33.68,44
-30.9647,151.9881,2012-12-05,389.0,100,17.1,0.0,19.5,0.355,33.68,44
-30.9662,151.9747,2012-12-05,363.3,100,17.2,0.0,18.9,0.367,33.51,42
-30.9526,152.0003,2012-12-05,344.4,92,18.3,0.0,19.5,0.355,33.68,44
-30.954,151.9871,2012-12-05,370.6,100,16.6,0.0,21.7,0.367,33.8,42
-30.9449,151.9715,2012-12-05,336.0,87,15.4,0.0,20.2,0.351,33.75,43
-30.9464,151.9569,2012-12-05,318.6,68,15.4,0.0,20.2,0.351,33.75,43
-30.9492,151.9948,2012-12-05,352.6,96,18.6,0.0,19.5,0.354,33.68,43
-30.9507,151.9812,2012-12-05,352.2,96,17.6,0.0,19.5,0.355,33.68,44
-30.9522,151.968,2012-12-05,343.7,92,15.1,0.0,20.2,0.371,33.75,41
-30.9539,151.9532,2012-12-05,322.8,74,14.9,0.0,20.2,0.371,33.75,41
-30.6245,152.8654,2012-12-05,369.4,100,21.9,0.1,15.0,0.312,32.83,57
-30.6261,152.8522,2012-12-05,323.5,77,21.9,1.2,15.1,0.312,32.85,57
-30.3729,150.8048,2012-12-05,323.6,75,18.2,0.0,19.7,0.163,33.54,34
-29.9993,152.8303,2012-12-05,324.5,64,22.7,0.0,12.4,0.331,32.9,52
-29.3365,152.5208,2012-12-05,319.0,59,22.1,0.0,14.3,0.381,33.08,42
-29.2203,152.7254,2012-12-05,322.4,71,22.4,0.0,15.4,0.347,33.05,44
-29.2214,152.7202,2012-12-05,319.5,61,22.2,0.0,15.4,0.347,33.05,44
-28.8783,152.1025,2012-12-05,317.5,35,17.6,0.0,21.0,0.362,33.57,33
-28.59,150.9037,2012-12-05,319.6,32,23.2,0.0,21.0,0.102,32.68,22
-28.8798,152.0893,2012-12-05,336.4,85,17.3,0.0,21.0,0.362,33.57,33
-28.8813,152.0761,2012-12-05,345.9,92,17.0,0.0,21.0,0.362,33.57,33
-28.8829,152.0625,2012-12-05,317.6,39,17.1,0.0,21.0,0.362,33.57,33
-28.8208,148.5035,2012-12-05,329.0,72,23.6,0.0,21.9,0.083,33.09,22
-28.411,152.2812,2012-12-05,321.2,62,21.1,0.0,18.5,0.299,33.18,31
-28.3993,152.293,2012-12-05,321.6,46,20.5,0.0,18.5,0.299,33.18,31
-28.4008,152.2798,2012-12-05,329.6,78,20.9,0.0,18.5,0.299,33.18,31
-28.3815,152.3568,2012-12-05,326.2,74,19.3,0.0,22.2,0.301,33.32,31
-28.383,152.344,2012-12-05,354.5,97,19.1,0.0,22.2,0.301,33.32,31
-28.3846,152.3308,2012-12-05,334.8,84,20.2,0.0,22.5,0.27,33.21,30
-28.3862,152.3171,2012-12-05,325.0,54,21.0,0.0,18.5,0.299,33.18,31
-28.209,152.7721,2012-12-05,328.7,75,24.9,0.0,14.6,0.236,32.75,31
-28.2074,152.7842,2012-12-05,326.9,73,24.4,0.0,14.6,0.23,32.75,30
-28.2101,152.779,2012-12-05,331.3,63,24.5,0.0,14.6,0.23,32.75,30
-34.3083,141.0801,2012-12-05,329.4,78,17.8,0.0,28.2,0.156,25.53,49
-34.1077,142.094,2012-12-05,319.1,53,18.1,0.0,27.2,0.164,25.33,45
-34.3019,141.0733,2012-12-05,322.0,65,17.7,0.0,28.2,0.156,25.53,49
-33.8661,150.38,2012-12-05,315.2,60,13.5,0.0,29.4,0.309,32.03,43
-33.8629,150.4018,2012-12-05,310.5,70,13.8,0.0,30.7,0.309,31.44,43
-33.8538,150.3998,2012-12-05,300.4,12,13.6,0.0,29.4,0.309,32.03,43
-33.8571,150.3781,2012-12-05,326.5,99,14.6,0.0,26.3,0.309,33.56,43
-33.8587,150.3675,2012-12-05,316.1,54,15.9,0.0,28.5,0.329,32.92,43
-33.8496,150.3657,2012-12-05,305.6,63,16.8,0.0,28.5,0.306,32.92,43
-31.2093,152.8982,2012-12-05,333.9,100,22.0,1.2,15.1,0.266,32.85,53
-31.2117,152.8844,2012-12-05,326.9,94,22.0,1.2,15.1,0.266,32.85,53
-31.2064,152.8544,2012-12-05,329.6,99,22.0,0.3,14.6,0.266,33.07,53
-31.2088,152.8407,2012-12-05,312.4,45,22.0,0.3,14.6,0.299,33.07,53
-31.1835,152.8632,2012-12-05,319.0,33,22.1,0.3,14.6,0.266,33.07,53
-31.1749,152.8692,2012-12-05,323.0,100,22.2,0.3,14.6,0.266,33.07,53
-30.9653,151.993,2012-12-05,317.1,32,17.3,0.0,19.5,0.355,33.68,44
-30.9653,151.9863,2012-12-05,317.7,70,17.6,0.0,19.5,0.355,33.68,44
-30.9579,151.9699,2012-12-05,358.0,100,14.7,0.0,26.5,0.364,33.94,42
-30.96,151.9569,2012-12-05,331.1,100,15.0,0.0,26.5,0.372,33.94,42
-30.9458,151.9816,2012-12-05,322.4,56,18.4,0.0,19.5,0.354,33.68,43
-30.9337,151.9929,2012-12-05,310.7,12,19.4,0.0,19.5,0.354,33.68,43
-30.936,151.9795,2012-12-05,331.3,100,17.8,0.0,19.5,0.354,33.68,42
-29.8992,148.3083,2012-12-05,305.2,63,23.1,0.0,25.1,0.066,33.17,23
-29.3737,149.5708,2012-12-05,304.0,58,23.1,0.0,23.3,0.221,33.26,23
-29.357,149.5565,2012-12-05,305.4,64,23.1,0.0,23.3,0.221,33.26,23
-28.8851,152.0798,2012-12-05,307.0,70,17.0,0.0,21.0,0.362,33.57,33
-28.2949,152.8113,2012-12-05,311.2,82,23.5,0.0,15.9,0.26,33.0,29
-28.6046,150.3651,2012-12-05,312.7,85,24.0,0.0,24.2,0.105,32.73,20
-30.9648,151.9845,2012-12-05,307.9,60,17.7,0.0,19.5,0.355,33.68,44
-29.0347,152.3666,2012-12-05,321.7,66,22.0,0.0,14.8,0.339,33.29,37
-28.887,152.0913,2012-12-05,337.6,86,17.5,0.0,21.0,0.362,33.57,33
-28.9022,152.0645,2012-12-05,323.6,69,17.6,0.0,21.0,0.362,33.57,33
-28.8229,148.5328,2012-12-05,329.5,67,23.6,0.0,21.9,0.083,33.09,22
-28.8195,148.5149,2012-12-05,363.6,100,23.6,0.0,21.9,0.083,33.09,22
-29.0365,152.3779,2012-12-05,327.5,77,21.1,0.0,14.8,0.387,33.29,36
-31.1836,152.8697,2012-12-05,324.5,77,22.0,0.3,14.6,0.266,33.07,53
-30.9328,151.9931,2012-12-05,334.6,85,19.2,0.0,19.5,0.354,33.68,43
-30.9403,151.9803,2012-12-05,333.3,77,18.6,0.0,19.5,0.354,33.68,43
-30.9421,151.9913,2012-12-05,331.0,71,17.9,0.0,19.5,0.354,33.68,42
-30.9763,151.9893,2012-12-05,326.0,76,18.1,0.0,19.5,0.355,33.68,44
-31.2084,152.8585,2012-12-05,327.6,53,22.2,0.3,14.6,0.266,33.07,53
-33.8633,150.3961,2012-12-05,322.6,59,13.7,0.0,30.7,0.309,31.44,43
-33.8612,150.3839,2012-12-05,345.1,92,13.6,0.0,29.4,0.309,32.03,43
-33.8559,150.4106,2012-12-05,322.2,66,13.8,0.0,30.7,0.309,31.44,43
-33.8538,150.3985,2012-12-05,330.6,82,13.5,0.0,29.4,0.309,32.03,43
-33.852,150.4054,2012-12-05,333.6,65,13.9,0.0,30.7,0.309,31.44,43
-36.9208,144.9784,2012-12-06,328.5,66,16.9,0.0,14.2,0.152,24.89,55
-36.9223,144.9661,2012-12-06,327.8,72,16.8,0.0,14.2,0.152,24.89,55
-36.9129,144.9643,2012-12-06,323.2,48,16.8,0.0,14.2,0.152,24.89,55
-33.8627,150.3898,2012-12-06,345.7,92,14.0,0.0,12.2,0.295,33.44,56
-33.8602,150.4038,2012-12-06,325.2,33,13.8,0.0,13.0,0.295,33.72,56
-33.8525,150.3879,2012-12-06,326.7,47,14.8,0.0,16.5,0.297,33.04,58
-33.8527,150.395,2012-12-06,335.9,74,13.9,0.0,12.2,0.295,33.44,56
-33.855,150.3819,2012-12-06,326.1,39,15.0,0.0,16.5,0.317,33.04,59
-31.2063,152.8718,2012-12-06,341.3,90,20.5,0.0,18.6,0.25,29.11,61
-31.1939,152.8682,2012-12-06,381.9,100,20.4,0.0,18.6,0.25,29.11,61
-31.1982,152.8468,2012-12-06,335.6,84,20.0,0.0,18.6,0.279,29.11,61
-31.3047,151.8985,2012-12-06,328.2,76,14.0,0.0,13.2,0.354,32.98,59
-30.9712,151.9947,2012-12-06,323.0,60,18.9,0.0,12.7,0.338,31.8,57
-30.9385,151.9995,2012-12-06,323.6,53,19.7,0.0,12.7,0.336,31.8,56
-30.9425,151.9786,2012-12-06,329.0,75,18.6,0.0,12.7,0.336,31.8,56
-30.9265,151.9971,2012-12-06,333.4,81,19.8,0.0,12.7,0.336,31.8,56
-30.8027,147.3076,2012-12-06,336.4,75,23.1,0.0,14.1,0.037,32.77,30
-29.6879,152.1641,2012-12-06,320.3,55,18.5,0.2,16.0,0.427,26.06,62
-28.8979,152.0752,2012-12-06,368.2,100,17.6,0.0,9.7,0.348,30.16,52
-28.9021,152.054,2012-12-06,328.1,71,17.3,0.0,9.7,0.348,30.16,51
-28.8928,152.0886,2012-12-06,340.3,86,17.6,0.0,9.7,0.348,30.16,52
-28.897,152.0675,2012-12-06,361.4,100,17.3,0.0,9.7,0.348,30.16,51
-28.5923,150.9208,2012-12-06,327.0,49,23.5,0.0,13.4,0.099,33.11,26
-28.5956,150.9031,2012-12-06,332.1,71,23.5,0.0,13.4,0.099,33.11,26
-28.584,150.9004,2012-12-06,326.0,28,23.6,0.0,13.4,0.099,33.11,26
-28.822,148.5067,2012-12-06,368.8,100,24.1,0.0,14.5,0.076,32.92,27
-28.8242,148.494,2012-12-06,341.9,83,24.1,0.0,14.5,0.076,32.92,27
-28.2657,149.2233,2012-12-06,344.3,87,24.2,0.0,13.5,0.113,32.98,26
-28.2527,149.235,2012-12-06,335.9,58,24.2,0.0,13.5,0.113,32.98,26
-28.2552,149.221,2012-12-06,396.6,100,24.2,0.0,13.5,0.113,32.98,26
-28.2577,149.2069,2012-12-06,369.9,100,24.3,0.0,13.5,0.113,32.98,26
-28.2447,149.2186,2012-12-06,338.8,75,24.3,0.0,13.5,0.107,32.98,26
-28.4301,144.9623,2012-12-06,371.0,100,25.6,0.0,12.9,0.111,32.78,23
-28.4315,144.9521,2012-12-06,357.7,92,25.6,0.0,12.9,0.111,32.78,23
-28.4211,144.9607,2012-12-06,370.6,100,25.6,0.0,12.9,0.111,32.78,23
-28.4225,144.9505,2012-12-06,381.6,100,25.6,0.0,12.9,0.111,32.78,23
-28.8193,148.5071,2012-12-06,301.2,39,24.1,0.0,14.5,0.076,32.92,27
-28.2477,149.2181,2012-12-06,304.2,59,24.3,0.0,13.5,0.107,32.98,26
-28.8061,148.5029,2012-12-07,387.3,100,27.3,0.0,12.2,0.072,32.54,23
-28.8078,148.5183,2012-12-07,350.1,93,27.3,0.0,12.2,0.072,32.54,23
-28.8075,148.4964,2012-12-07,370.8,100,27.3,0.0,12.2,0.072,32.54,23
-28.8092,148.5118,2012-12-07,377.4,100,27.3,0.0,12.2,0.072,32.54,23
-28.8184,148.4949,2012-12-07,344.0,88,27.3,0.0,12.2,0.072,32.54,23
-28.8201,148.5103,2012-12-07,340.1,85,27.3,0.0,12.2,0.072,32.54,23
-29.0504,152.3756,2012-12-07,315.1,46,20.9,1.7,13.0,0.318,19.67,77
-28.5534,150.2455,2012-12-07,302.2,47,26.9,0.0,28.9,0.163,31.05,36
-28.6047,150.0719,2012-12-07,304.1,59,27.0,0.0,27.9,0.162,31.73,35
-28.8074,148.5031,2012-12-07,304.1,58,27.3,0.0,12.2,0.072,32.54,23
-28.8016,148.5108,2012-12-07,305.1,39,27.3,0.0,12.2,0.072,32.54,23
-34.4647,150.8807,2012-12-08,323.2,0,20.7,0.0,23.2,0.197,27.59,81
-37.0848,145.2634,2012-12-08,331.5,100,22.6,0.0,27.7,0.125,28.77,42
-37.0869,145.251,2012-12-08,342.9,100,22.5,0.0,27.7,0.125,28.77,42
-37.0754,145.2612,2012-12-08,358.1,100,22.9,0.0,27.7,0.125,28.77,42
-37.0774,145.2488,2012-12-08,381.7,100,23.0,0.0,27.7,0.123,28.77,41
-37.0566,145.2564,2012-12-08,312.4,84,23.3,0.0,27.7,0.125,28.77,42
-37.0586,145.2441,2012-12-08,322.7,100,23.4,0.0,27.7,0.123,28.77,42
-37.0759,145.2701,2012-12-08,310.2,56,22.7,0.0,27.7,0.125,28.77,42
-37.081,145.2631,2012-12-08,313.5,87,22.7,0.0,27.7,0.125,28.77,42
-37.0692,145.2664,2012-12-08,320.5,83,23.0,0.0,27.7,0.125,28.77,42
-37.0598,145.2528,2012-12-08,300.4,24,23.3,0.0,27.7,0.125,28.77,42
-37.0641,145.2737,2012-12-08,306.5,68,23.0,0.0,27.7,0.125,28.77,42
-37.0716,145.2492,2012-12-08,318.7,97,23.1,0.0,27.7,0.123,28.77,41
-36.3831,145.4222,2012-12-09,316.0,31,18.7,0.0,28.6,0.128,33.97,42
-37.0683,145.2552,2012-12-09,322.8,74,15.5,0.0,29.9,0.118,32.32,54
-37.0758,145.2419,2012-12-09,338.7,87,15.2,0.0,29.9,0.118,32.32,55
-37.0848,145.2399,2012-12-09,335.2,64,14.9,0.0,29.9,0.118,32.32,55
-37.0864,145.2512,2012-12-09,329.2,34,14.9,0.0,29.9,0.118,32.32,54
-37.0932,145.2431,2012-12-09,323.7,64,13.7,0.0,24.1,0.161,31.3,58
-36.9551,144.9825,2012-12-09,323.8,75,15.8,0.0,32.1,0.131,31.88,54
-32.9847,148.3549,2012-12-09,327.9,31,25.6,0.0,20.3,0.137,31.62,35
-32.9807,148.3619,2012-12-09,302.3,48,25.5,0.0,20.3,0.137,31.62,35
-29.2993,149.7879,2012-12-09,323.4,100,28.6,0.2,24.8,0.228,29.36,42
-29.301,149.7726,2012-12-09,327.5,100,28.6,0.2,24.8,0.228,29.36,42
-30.4517,148.6365,2012-12-09,306.7,69,29.8,0.9,19.8,0.107,28.97,35
-35.2888,144.5021,2012-12-09,311.8,83,20.8,0.0,27.9,0.246,33.76,37
-35.3843,143.7424,2012-12-09,321.2,100,20.4,0.0,26.4,0.256,33.76,36
-28.7559,149.8582,2012-12-09,319.0,71,29.4,0.2,23.4,0.131,29.16,39
-28.7707,149.8885,2012-12-09,316.8,67,29.4,0.0,23.8,0.131,29.29,39
-28.7619,149.8508,2012-12-09,322.3,75,29.4,0.2,23.4,0.131,29.16,39
-28.7719,149.8534,2012-12-09,315.2,47,29.4,0.2,23.4,0.131,29.16,39
-28.8112,148.4846,2012-12-10,353.5,96,29.6,0.1,27.4,0.072,28.22,41
-28.7899,150.3511,2012-12-10,327.8,52,25.5,3.5,24.5,0.054,28.01,59
-28.7726,149.8676,2012-12-10,338.8,85,27.1,2.0,23.2,0.145,28.88,52
-28.774,149.8569,2012-12-10,339.7,85,27.1,2.0,23.2,0.145,28.88,52
-28.8127,148.4727,2012-12-10,376.4,100,29.6,0.1,27.4,0.072,28.22,41
-28.8141,148.4608,2012-12-10,333.0,73,29.6,0.1,27.4,0.072,28.22,41
-30.3133,147.4072,2012-12-10,301.3,28,28.7,3.5,27.9,0.13,29.93,44
-30.3056,147.3922,2012-12-10,355.4,100,28.7,3.5,27.9,0.13,29.93,44
-30.3045,147.3994,2012-12-10,343.9,100,28.7,3.5,27.9,0.13,29.93,44
-30.3066,147.3867,2012-12-10,329.4,100,28.7,3.5,27.9,0.13,29.93,44
-30.3058,147.3971,2012-12-10,318.4,97,28.7,3.5,27.9,0.13,29.93,44
-30.3128,147.4286,2012-12-10,301.1,38,28.7,3.5,27.9,0.13,29.93,44
-29.0418,148.6826,2012-12-11,327.8,55,26.7,0.0,23.7,0.142,29.38,45
-28.5999,150.0828,2012-12-11,322.2,31,25.1,0.0,25.1,0.187,28.97,49
-28.5984,150.0726,2012-12-11,324.5,53,25.1,0.0,25.1,0.187,28.97,49
-30.8495,145.0832,2012-12-11,338.4,83,27.6,0.0,28.8,0.118,28.39,46
-30.8471,145.0971,2012-12-11,346.8,91,27.5,0.0,28.8,0.118,28.39,46
-29.8829,146.0756,2012-12-11,328.8,58,28.0,0.5,26.1,0.059,28.89,47
-29.8798,146.092,2012-12-11,330.3,71,28.0,0.5,26.1,0.059,28.89,47
-28.3002,147.3983,2012-12-11,338.9,85,28.1,0.0,24.3,0.169,30.05,43
-28.3044,147.377,2012-12-11,331.0,75,28.1,0.0,24.3,0.169,30.05,43
-28.2876,147.395,2012-12-11,344.5,90,28.1,0.0,24.3,0.169,30.05,43
-28.2918,147.3737,2012-12-11,349.3,93,28.1,0.0,25.6,0.169,29.8,43
-28.2916,147.3804,2012-12-11,308.7,75,28.1,0.0,24.3,0.169,30.05,43
-28.314,147.377,2012-12-11,326.3,100,28.1,0.0,24.3,0.169,30.05,43
-28.2981,147.3756,2012-12-11,321.2,100,28.1,0.0,24.3,0.169,30.05,43
-28.2823,147.3743,2012-12-11,313.1,86,28.1,0.0,25.6,0.169,29.8,43
-28.3099,147.3465,2012-12-11,310.2,47,28.1,0.0,25.6,0.09,29.8,43
-28.3075,147.3819,2012-12-11,336.8,100,28.1,0.0,24.3,0.169,30.05,43
-28.6017,150.0697,2012-12-11,300.2,20,25.1,0.0,25.1,0.187,28.97,49
-28.9086,142.7325,2012-12-11,301.8,38,31.7,0.0,29.2,0.148,30.08,31
-28.3138,147.3959,2012-12-11,311.7,83,28.1,0.0,24.3,0.169,30.05,43
-29.1611,148.9068,2012-12-11,304.3,59,26.5,0.0,22.9,0.221,29.12,45
-29.1626,148.9182,2012-12-11,315.5,91,26.5,0.0,22.9,0.221,29.12,45
-29.8773,146.0778,2012-12-11,303.2,25,28.0,0.5,26.1,0.059,28.89,47
-30.8414,145.0301,2012-12-11,308.9,76,27.9,0.0,28.8,0.117,28.39,45
-30.8431,145.0408,2012-12-11,309.9,79,27.9,0.0,28.8,0.117,28.39,45
-28.3047,147.3975,2012-12-11,319.0,80,28.1,0.0,24.3,0.169,30.05,43
-28.3018,147.377,2012-12-11,330.6,100,28.1,0.0,24.3,0.169,30.05,43
-28.2881,147.411,2012-12-11,318.2,96,28.1,0.0,24.3,0.169,30.05,43
-28.2867,147.4008,2012-12-11,316.4,54,28.1,0.0,24.3,0.169,30.05,43
-28.3123,147.3857,2012-12-11,321.2,100,28.1,0.0,24.3,0.169,30.05,43
-28.3109,147.3754,2012-12-11,318.7,97,28.1,0.0,24.3,0.169,30.05,43
-28.3033,147.3873,2012-12-11,330.6,100,28.1,0.0,24.3,0.169,30.05,43
-28.6147,144.0208,2012-12-12,327.9,65,29.5,0.2,28.9,0.029,29.83,32
-28.8125,148.5011,2012-12-12,335.7,83,26.0,0.0,25.2,0.072,31.28,40
-28.8277,148.4997,2012-12-12,332.1,78,26.1,0.0,25.2,0.072,31.28,40
-28.8103,148.4956,2012-12-12,328.9,74,26.1,0.0,25.2,0.072,31.28,40
-28.8254,148.4942,2012-12-12,336.4,83,26.1,0.0,25.2,0.072,31.28,40
-28.4719,143.9742,2012-12-12,329.6,72,29.7,0.2,28.9,0.024,29.83,31
-28.4732,143.9675,2012-12-12,328.4,36,29.7,0.2,28.9,0.024,29.83,31
-28.613,144.0053,2012-12-12,342.4,87,29.6,0.2,28.9,0.029,29.83,32
-28.6223,143.9884,2012-12-12,335.4,79,29.8,0.2,28.9,0.029,29.83,32
-28.624,144.0038,2012-12-12,326.9,61,29.6,0.2,28.9,0.029,29.83,32
-28.6315,143.9715,2012-12-12,326.2,47,29.8,0.0,26.3,0.029,29.51,32
-28.6333,143.987,2012-12-12,360.7,100,29.8,0.0,26.3,0.029,29.51,32
-28.635,144.0024,2012-12-12,328.0,58,29.7,0.0,26.3,0.029,29.51,32
-28.9118,142.7383,2012-12-12,335.2,78,31.7,0.0,24.0,0.148,30.51,29
-28.9204,142.7236,2012-12-12,334.1,77,31.7,0.0,24.0,0.148,30.51,29
-28.922,142.7368,2012-12-12,332.3,73,31.7,0.0,24.0,0.148,30.51,29
-30.8313,145.0092,2012-12-12,327.6,14,28.4,0.0,26.3,0.114,28.77,35
-30.8333,145.0289,2012-12-12,332.0,75,28.3,0.0,26.3,0.114,28.77,35
-30.8415,144.988,2012-12-12,340.5,86,28.4,0.0,26.3,0.114,28.77,35
-30.8435,145.0077,2012-12-12,340.7,86,28.4,0.0,26.3,0.114,28.77,35
-30.8517,144.9668,2012-12-12,327.0,50,28.4,0.0,26.3,0.116,28.77,36
-30.8537,144.9865,2012-12-12,359.0,99,28.4,0.0,26.3,0.116,28.77,36
-30.835,145.0031,2012-12-12,336.2,81,28.4,0.0,26.3,0.114,28.77,35
-30.8368,145.0229,2012-12-12,334.3,73,28.3,0.0,26.3,0.114,28.77,35
-30.8386,145.0427,2012-12-12,328.0,38,28.2,0.0,26.3,0.114,28.77,35
-30.8453,144.9819,2012-12-12,338.9,84,28.4,0.0,26.3,0.114,28.77,35
-30.8471,145.0016,2012-12-12,336.9,82,28.4,0.0,26.3,0.114,28.77,35
-30.8575,144.9803,2012-12-12,357.7,98,28.4,0.0,26.3,0.116,28.77,36
-30.839,144.9426,2012-12-12,333.2,64,28.6,0.0,26.3,0.114,28.77,35
-30.2596,149.3327,2012-12-12,334.7,73,25.5,0.0,14.9,0.075,31.56,39
-30.4245,151.3067,2012-12-12,316.0,25,17.2,0.0,20.4,0.154,30.51,64
-30.863,144.9835,2012-12-12,333.1,81,28.4,0.0,26.3,0.116,28.77,36
-30.8653,144.9492,2012-12-12,331.3,70,28.6,0.0,26.3,0.115,28.77,35
-30.8452,145.0162,2012-12-12,339.1,86,28.3,0.0,26.3,0.114,28.77,35
-30.8475,144.9821,2012-12-12,348.8,93,28.4,0.0,26.3,0.114,28.77,35
-30.8675,144.9796,2012-12-12,330.0,49,28.4,0.0,26.3,0.116,28.77,36
-30.8521,144.9782,2012-12-12,343.1,90,28.4,0.0,26.3,0.116,28.77,36
-30.8342,145.0109,2012-12-12,339.1,86,28.3,0.0,26.3,0.114,28.77,35
-30.8366,144.9768,2012-12-12,334.3,62,28.4,0.0,26.3,0.114,28.77,35
-28.3548,147.3951,2012-12-12,341.3,86,26.8,0.0,24.3,0.117,32.01,37
-30.053,145.864,2012-12-12,353.3,90,27.7,0.0,26.6,0.054,29.5,37
-30.0551,145.8352,2012-12-12,328.9,61,27.9,0.0,26.6,0.078,29.5,37
-30.0657,145.8606,2012-12-12,327.8,58,27.7,0.0,26.6,0.054,29.5,37
-30.0513,145.8591,2012-12-12,350.1,88,27.7,0.0,26.6,0.054,29.5,37
-28.6193,151.1319,2012-12-12,338.2,86,22.1,0.0,19.8,0.245,30.96,53
-28.6208,151.1194,2012-12-12,327.1,65,22.1,0.0,19.1,0.245,31.02,53
-28.8147,148.49,2012-12-12,327.2,55,26.1,0.0,25.2,0.072,31.28,40
-28.229,149.202,2012-12-12,328.8,30,25.5,0.0,22.4,0.109,31.77,39
-28.3568,147.374,2012-12-12,328.4,65,26.8,0.0,25.9,0.117,32.01,37
-28.2896,147.4031,2012-12-12,342.8,87,26.8,0.0,24.3,0.16,32.01,37
-28.4852,143.94,2012-12-12,350.0,93,30.0,0.2,28.9,0.025,29.83,31
-28.4877,143.9028,2012-12-12,343.4,88,30.2,0.2,28.9,0.025,29.83,31
-28.4741,143.9696,2012-12-12,361.7,100,29.7,0.2,28.9,0.024,29.83,31
-28.4768,143.9324,2012-12-12,366.8,100,30.1,0.2,28.9,0.025,29.83,31
-28.4794,143.8954,2012-12-12,333.3,76,30.1,0.2,28.9,0.025,29.83,31
-30.8264,145.0186,2012-12-12,309.8,78,28.3,0.0,26.3,0.114,28.77,35
-30.8279,145.007,2012-12-12,310.9,81,28.4,0.0,26.3,0.114,28.77,35
-30.8293,144.9954,2012-12-12,308.9,38,28.4,0.0,26.3,0.114,28.77,35
-29.1577,148.9151,2012-12-12,311.2,82,25.8,0.0,22.7,0.212,31.04,41
-29.1595,148.9039,2012-12-12,311.8,83,25.9,0.0,22.7,0.212,31.04,41
-32.5134,146.4986,2012-12-12,306.6,68,25.1,0.0,22.2,0.126,29.72,42
-30.8091,146.4751,2012-12-12,305.1,63,27.0,0.0,20.4,0.134,29.07,39
-30.8731,144.9556,2012-12-12,306.6,68,28.4,0.0,26.3,0.116,28.77,36
-30.8403,144.9855,2012-12-12,306.9,26,28.4,0.0,26.3,0.114,28.77,35
-28.4517,143.9193,2012-12-12,319.7,99,30.1,0.2,28.9,0.025,29.83,31
-28.439,143.9414,2012-12-12,312.8,84,30.3,0.2,28.9,0.024,29.83,30
-28.4405,143.9296,2012-12-12,365.1,100,30.3,0.2,28.9,0.024,29.83,30
-28.442,143.9178,2012-12-12,339.6,100,30.3,0.2,28.9,0.024,29.83,30
-28.7239,148.279,2012-12-12,310.6,63,26.2,0.0,24.9,0.099,31.28,39
-29.039,148.6828,2012-12-12,313.5,87,25.9,0.0,23.0,0.13,31.1,41
-29.0297,148.6809,2012-12-12,312.1,84,25.9,0.0,23.0,0.13,31.1,41
-29.0315,148.6699,2012-12-12,321.8,100,25.9,0.0,23.0,0.13,31.1,41
-28.524,150.2613,2012-12-12,300.6,13,24.5,0.0,24.1,0.204,31.44,44
-28.5262,150.2483,2012-12-12,315.8,92,24.6,0.0,24.1,0.196,31.44,44
-28.5161,150.246,2012-12-12,302.8,45,24.7,0.0,24.1,0.196,31.44,44
-28.7406,148.2935,2012-12-12,307.5,45,26.3,0.0,24.9,0.099,31.28,39
-28.7331,148.2809,2012-12-12,306.5,50,26.2,0.0,24.9,0.099,31.28,39
-28.5902,149.1212,2012-12-12,313.2,87,25.4,0.0,24.3,0.194,31.45,41
-28.5921,149.1097,2012-12-12,320.1,100,25.3,0.0,24.3,0.194,31.45,41
-28.2263,149.2107,2012-12-12,306.7,69,25.5,0.0,22.4,0.109,31.77,39
-28.2282,149.1991,2012-12-12,312.9,86,25.5,0.0,22.4,0.109,31.77,39
-28.3457,147.3769,2012-12-12,305.9,66,26.8,0.0,24.3,0.16,32.01,37
-28.2853,147.4076,2012-12-12,324.1,100,26.8,0.0,24.3,0.16,32.01,37
-28.6125,144.0175,2012-12-12,308.8,40,29.5,0.2,28.9,0.029,29.83,32
-28.6043,144.0041,2012-12-12,309.7,75,29.7,0.2,28.9,0.029,29.83,32
-28.6058,143.9923,2012-12-12,317.4,95,29.8,0.2,28.9,0.029,29.83,32
-28.5976,143.9789,2012-12-12,310.1,76,29.8,0.2,28.9,0.029,29.83,32
-28.4976,143.9692,2012-12-12,307.0,65,29.9,0.2,28.9,0.024,29.83,31
-28.4923,143.9322,2012-12-12,310.9,79,30.2,0.2,28.9,0.025,29.83,31
-28.4937,143.9204,2012-12-12,327.9,100,30.2,0.2,28.9,0.025,29.83,31
-28.4826,143.9307,2012-12-12,313.0,80,30.1,0.2,28.9,0.025,29.83,31
-28.484,143.9189,2012-12-12,317.6,95,30.2,0.2,28.9,0.025,29.83,31
-28.4647,143.9158,2012-12-12,308.9,37,30.1,0.2,28.9,0.025,29.83,31
-28.4613,143.9209,2012-12-12,323.1,100,30.1,0.2,28.9,0.025,29.83,31
-28.4502,143.9312,2012-12-12,318.6,97,30.1,0.2,28.9,0.025,29.83,31
-28.4917,143.9475,2012-12-12,304.4,33,30.0,0.2,28.9,0.025,29.83,31
-28.5999,144.0059,2012-12-12,306.8,69,29.7,0.2,28.9,0.029,29.83,32
-28.6021,144.0314,2012-12-12,303.9,57,29.6,0.2,28.9,0.029,29.83,32
-28.5948,144.014,2012-12-12,305.0,62,29.7,0.2,28.9,0.029,29.83,32
-28.4356,143.9403,2012-12-12,316.1,92,30.3,0.2,28.9,0.024,29.83,30
-28.4333,143.9152,2012-12-12,302.9,44,30.3,0.2,28.9,0.024,29.83,30
-28.4413,143.9321,2012-12-12,321.7,100,30.3,0.2,28.9,0.024,29.83,30
-28.4825,143.9277,2012-12-12,309.7,78,30.1,0.2,28.9,0.025,29.83,31
-28.4896,143.9223,2012-12-12,309.1,76,30.2,0.2,28.9,0.025,29.83,31
-28.2847,147.4079,2012-12-12,335.1,78,26.8,0.0,24.3,0.16,32.01,37
-28.2772,147.4155,2012-12-12,334.0,76,26.8,0.0,24.3,0.16,32.01,37
-30.873,145.0125,2012-12-13,331.8,58,29.1,0.0,20.0,0.113,32.38,28
-30.8582,145.0096,2012-12-13,329.2,54,29.1,0.0,20.0,0.113,32.38,28
-30.8661,144.9837,2012-12-13,338.1,83,29.1,0.0,20.0,0.113,32.38,28
-30.8708,145.0061,2012-12-13,342.0,87,29.1,0.0,20.0,0.113,32.38,28
-32.9494,150.6492,2012-12-13,317.0,51,20.3,0.0,12.4,0.248,33.34,62
-32.9511,150.6601,2012-12-13,333.3,84,20.6,0.0,12.4,0.22,33.34,62
-30.8557,144.9937,2012-12-13,330.8,57,29.1,0.0,20.0,0.113,32.38,28
-29.0287,148.6734,2012-12-13,331.0,69,26.0,0.0,21.6,0.124,32.3,39
-29.0391,148.671,2012-12-13,334.9,77,26.0,0.0,21.6,0.124,32.3,39
-28.6102,144.0316,2012-12-13,327.6,32,30.0,0.0,23.3,0.025,32.39,24
-30.8684,144.9901,2012-12-13,346.2,91,29.1,0.0,20.0,0.113,32.38,28
-34.4618,150.8848,2012-12-13,322.2,53,20.3,0.0,25.2,0.184,32.8,72
-32.9487,150.6586,2012-12-13,321.6,64,20.7,0.0,12.4,0.248,33.34,62
-30.8233,144.9901,2012-12-13,369.0,100,29.2,0.0,20.0,0.111,32.38,28
-29.3094,151.0023,2012-12-13,323.7,41,20.9,0.0,17.9,0.172,31.32,53
-30.8767,144.9464,2012-12-13,370.4,100,29.4,0.0,18.5,0.112,32.32,27
-30.8783,144.9357,2012-12-13,369.3,100,29.4,0.0,18.5,0.112,32.32,27
-30.8499,145.0614,2012-12-13,352.0,93,28.7,0.0,20.0,0.112,32.38,29
-30.8516,145.0507,2012-12-13,346.8,89,28.8,0.0,20.0,0.11,32.38,29
-30.858,145.0082,2012-12-13,356.0,97,29.1,0.0,20.0,0.113,32.38,28
-30.8676,144.9445,2012-12-13,355.2,96,29.4,0.0,20.0,0.112,32.38,27
-30.8692,144.9339,2012-12-13,335.2,52,29.4,0.0,20.0,0.112,32.38,27
-30.8366,145.0257,2012-12-13,344.3,31,29.0,0.0,20.0,0.111,32.38,28
-30.8292,145.0132,2012-12-13,351.7,89,29.1,0.0,20.0,0.111,32.38,28
-30.8217,145.0007,2012-12-13,369.8,100,29.1,0.0,20.0,0.111,32.38,28
-31.7048,146.3349,2012-12-13,338.1,69,27.2,0.0,18.3,0.109,32.14,29
-31.7066,146.3235,2012-12-13,374.1,100,27.3,0.0,18.3,0.109,32.14,29
-31.6973,146.3215,2012-12-13,373.5,100,27.3,0.0,18.3,0.109,32.14,29
-31.6991,146.3101,2012-12-13,357.7,98,27.4,0.0,18.3,0.109,32.14,29
-31.688,146.3194,2012-12-13,357.3,98,27.4,0.0,18.3,0.109,32.14,29
-31.6898,146.308,2012-12-13,358.1,98,27.4,0.0,18.3,0.109,32.14,29
-31.6786,146.3173,2012-12-13,339.6,79,27.4,0.0,18.3,0.109,32.14,29
-31.6804,146.3059,2012-12-13,356.5,97,27.4,0.0,18.3,0.109,32.14,29
-30.8778,145.0013,2012-12-13,339.0,70,29.1,0.0,18.5,0.113,32.32,28
-30.8671,145.0101,2012-12-13,349.6,90,29.1,0.0,20.0,0.113,32.38,28
-30.8687,144.9994,2012-12-13,350.3,92,29.1,0.0,20.0,0.113,32.38,28
-30.8703,144.9888,2012-12-13,345.6,74,29.1,0.0,20.0,0.113,32.38,28
-30.8719,144.9782,2012-12-13,354.9,96,29.2,0.0,20.0,0.113,32.38,28
-30.8751,144.957,2012-12-13,342.0,83,29.2,0.0,18.5,0.113,32.32,28
-28.2821,147.4106,2012-12-13,360.6,100,27.0,0.0,18.9,0.155,32.39,32
-28.2798,147.4243,2012-12-13,336.6,49,27.0,0.0,18.9,0.155,32.39,32
-28.7305,148.3559,2012-12-13,337.0,76,26.6,0.0,22.7,0.1,32.31,35
-28.5901,149.1163,2012-12-13,337.0,79,25.4,0.0,22.2,0.192,32.4,40
-28.7441,148.3432,2012-12-13,333.6,68,26.5,0.0,22.7,0.097,32.31,35
-28.7413,148.3585,2012-12-13,357.3,98,26.6,0.0,22.7,0.1,32.31,35
-28.2718,147.4082,2012-12-13,334.5,31,27.0,0.0,18.9,0.155,32.39,32
-28.6099,144.0339,2012-12-13,347.5,89,30.1,0.0,23.3,0.025,32.39,24
-28.6008,144.0321,2012-12-13,339.5,45,30.0,0.0,23.3,0.025,32.39,24
-28.6024,144.0218,2012-12-13,351.1,93,30.0,0.0,23.3,0.025,32.39,24
-28.6039,144.0116,2012-12-13,352.6,94,30.1,0.0,23.3,0.025,32.39,24
-28.6099,143.9705,2012-12-13,342.9,72,30.3,0.0,23.3,0.025,32.39,24
-28.5933,144.0201,2012-12-13,345.0,66,30.1,0.0,23.3,0.025,32.39,24
-28.5949,144.0098,2012-12-13,379.0,100,30.2,0.0,23.3,0.025,32.39,24
-28.6114,144.0236,2012-12-13,343.9,68,30.0,0.0,23.3,0.025,32.39,24
-28.4507,143.9277,2012-12-13,344.0,76,30.4,0.0,23.3,0.025,32.39,23
-28.619,143.9723,2012-12-13,339.6,45,30.3,0.0,23.3,0.025,32.39,24
-28.5712,143.9822,2012-12-13,324.8,100,30.2,0.0,23.3,0.025,32.39,24
-28.5854,144.019,2012-12-13,306.2,24,30.1,0.0,23.3,0.025,32.39,24
-28.5906,143.9941,2012-12-13,311.6,81,30.2,0.0,23.3,0.025,32.39,24
-28.5719,144.0152,2012-12-13,305.8,17,30.0,0.0,23.3,0.025,32.39,24
-28.5771,143.9903,2012-12-13,312.7,85,30.1,0.0,23.3,0.025,32.39,24
-28.5823,143.9656,2012-12-13,314.2,89,30.3,0.0,23.3,0.025,32.39,24
-28.5637,143.9866,2012-12-13,311.9,81,30.0,0.0,23.3,0.025,32.39,24
-28.5689,143.9619,2012-12-13,311.7,82,30.2,0.0,23.3,0.025,32.39,24
-28.5797,144.0109,2012-12-13,315.0,90,30.1,0.0,23.3,0.025,32.39,24
-28.3243,149.1697,2012-12-13,313.7,88,25.5,0.0,20.9,0.114,32.36,39
-28.5924,149.1104,2012-12-13,302.6,50,25.4,0.0,22.2,0.192,32.4,40
-28.7313,148.3526,2012-12-13,304.1,59,26.5,0.0,22.7,0.1,32.31,35
-28.733,148.3632,2012-12-13,304.5,60,26.6,0.0,22.7,0.1,32.31,35
-28.5629,143.9862,2012-12-13,330.3,100,30.0,0.0,23.3,0.025,32.39,24
-28.5744,143.9832,2012-12-13,319.6,99,30.2,0.0,23.3,0.025,32.39,24
-31.7032,146.3325,2012-12-13,304.8,59,27.3,0.0,18.3,0.109,32.14,29
-28.5778,144.001,2012-12-13,306.0,15,30.0,0.0,23.3,0.025,32.39,24
-28.5893,143.998,2012-12-13,312.1,46,30.1,0.0,23.3,0.025,32.39,24
-28.5846,149.1113,2012-12-14,327.4,57,27.1,0.0,19.4,0.19,32.43,33
-28.5973,149.1099,2012-12-14,367.3,100,27.2,0.0,19.4,0.19,32.43,33
-29.3065,151.0066,2012-12-14,322.9,49,22.3,0.0,15.9,0.273,32.06,49
-28.5701,143.9801,2012-12-14,337.3,75,32.2,0.0,19.9,0.024,32.25,18
-28.5953,143.9805,2012-12-14,335.2,70,32.2,0.0,19.9,0.024,32.25,18
-30.8508,145.0209,2012-12-14,344.0,87,31.9,0.0,18.8,0.11,31.51,21
-30.8523,145.0337,2012-12-14,338.3,61,31.8,0.0,18.8,0.11,31.51,21
-30.8707,145.0177,2012-12-14,345.8,89,31.9,0.0,18.8,0.11,31.51,21
-31.7026,146.3237,2012-12-14,333.3,46,30.4,0.0,14.1,0.108,26.73,24
-29.3089,150.9999,2012-12-14,327.2,50,22.5,0.0,14.8,0.149,31.46,50
-29.3058,150.9922,2012-12-14,326.4,55,22.7,0.0,14.8,0.149,31.46,50
-29.2677,148.3961,2012-12-14,333.9,76,28.0,0.0,17.4,0.193,32.28,31
-29.2685,148.3908,2012-12-14,331.4,71,28.0,0.0,17.4,0.193,32.28,31
-28.5989,149.0893,2012-12-14,340.3,85,27.1,0.0,19.4,0.19,32.43,33
-28.7479,148.34,2012-12-14,333.5,75,28.5,0.0,17.6,0.097,32.34,29
-28.7483,148.3353,2012-12-14,333.4,75,28.5,0.0,17.6,0.097,32.34,29
-28.5968,149.1156,2012-12-14,375.9,100,27.2,0.0,19.4,0.19,32.43,33
-28.603,149.1357,2012-12-14,333.7,70,27.2,0.0,18.5,0.19,32.43,33
-28.5914,149.108,2012-12-14,358.5,99,27.1,0.0,19.4,0.19,32.43,33
-28.6054,149.1094,2012-12-14,352.9,95,27.2,0.0,19.4,0.19,32.43,33
-28.5891,149.1343,2012-12-14,331.7,52,27.2,0.0,18.5,0.19,32.43,33
-28.5917,150.078,2012-12-14,307.7,72,26.6,0.0,15.9,0.165,32.51,35
-28.5932,150.0678,2012-12-14,311.0,81,26.6,0.0,15.9,0.165,32.51,35
-28.5976,149.1282,2012-12-14,343.5,100,27.2,0.0,18.5,0.19,32.43,33
-28.5991,149.1179,2012-12-14,351.9,100,27.2,0.0,19.4,0.19,32.43,33
-28.5888,149.1308,2012-12-14,337.0,100,27.2,0.0,18.5,0.19,32.43,33
-28.5903,149.1205,2012-12-14,352.6,100,27.1,0.0,19.4,0.19,32.43,33
-28.5917,149.1102,2012-12-14,309.3,74,27.1,0.0,19.4,0.19,32.43,33
-28.5812,149.1189,2012-12-14,308.3,74,27.1,0.0,19.4,0.19,32.43,33
-28.2266,149.9318,2012-12-14,308.0,73,27.0,0.0,16.1,0.027,32.52,33
-31.5869,151.4159,2012-12-14,311.8,83,19.4,0.0,11.1,0.278,32.37,60
-31.5885,151.4054,2012-12-14,304.6,61,20.5,0.0,10.0,0.294,32.13,62
-28.9203,149.9698,2012-12-14,304.6,61,26.9,0.0,20.2,0.202,32.49,35
-28.5846,149.1102,2012-12-14,306.3,68,27.1,0.0,19.4,0.19,32.43,33
-28.5872,149.1461,2012-12-14,312.5,85,27.2,0.0,18.5,0.19,32.43,33
-28.5966,149.1407,2012-12-14,310.2,79,27.1,0.0,18.5,0.19,32.43,33
-29.9027,151.94,2012-12-14,317.0,54,16.2,0.0,12.4,0.337,33.38,67
-29.4691,149.7868,2012-12-15,347.4,91,28.5,0.0,22.5,0.211,28.09,34
-29.1424,152.7129,2012-12-15,321.0,58,21.8,0.0,9.3,0.313,30.77,62
-29.149,152.709,2012-12-15,319.1,54,21.0,0.0,9.4,0.309,29.32,62
-29.4768,149.8012,2012-12-15,370.1,100,28.5,0.0,22.5,0.211,28.09,34
-29.4788,149.789,2012-12-15,364.4,100,28.5,0.0,22.5,0.211,28.09,34
-29.4671,149.799,2012-12-15,351.5,94,28.5,0.0,22.5,0.211,28.09,34
-28.5849,149.1253,2012-12-15,346.6,90,29.5,0.0,21.1,0.19,31.22,28
-31.5931,151.4112,2012-12-16,327.6,74,22.3,0.7,18.5,0.257,27.36,55
-31.5897,151.3975,2012-12-16,318.0,40,23.5,0.0,17.7,0.274,26.2,56
-31.5917,151.4185,2012-12-16,327.5,75,21.9,0.7,18.5,0.304,27.36,57
-31.6298,151.6719,2012-12-16,320.2,29,25.1,1.0,10.2,0.318,26.01,64
-28.1644,152.7791,2012-12-16,322.5,37,24.4,0.0,12.6,0.255,27.15,64
-34.3277,148.6056,2012-12-16,333.7,74,21.8,0.0,29.7,0.183,25.32,52
-34.3257,148.6545,2012-12-16,372.7,100,21.8,0.0,30.9,0.185,24.84,52
-34.3183,148.644,2012-12-16,363.4,87,21.9,0.0,28.2,0.183,24.51,52
-34.3352,148.616,2012-12-16,361.2,94,21.8,0.0,29.7,0.183,25.32,52
-31.5949,151.4047,2012-12-16,308.7,50,23.4,0.0,17.7,0.274,26.2,56
-32.4167,150.7381,2012-12-16,315.4,76,27.4,0.0,17.9,0.19,25.16,42
-32.4053,150.7492,2012-12-16,320.6,100,27.4,0.0,17.9,0.167,25.16,42
-32.4069,150.7364,2012-12-16,309.4,49,28.0,0.0,17.9,0.141,25.16,41
-32.3955,150.7477,2012-12-16,309.5,61,27.4,0.0,17.9,0.19,25.16,42
-31.592,151.4274,2012-12-16,303.5,8,24.1,0.7,13.7,0.274,26.47,56
-31.5934,151.4166,2012-12-16,309.1,76,21.8,0.7,18.5,0.278,27.36,54
-28.5695,147.9748,2012-12-16,306.8,68,31.6,0.0,16.6,0.102,26.31,28
-28.1633,152.7833,2012-12-16,308.1,73,24.2,0.0,14.5,0.255,27.12,64
-28.3525,152.4859,2012-12-16,306.5,68,23.5,0.0,10.7,0.275,27.37,60
-30.4004,152.5536,2012-12-16,302.6,46,20.1,1.0,15.9,0.356,25.0,73
-30.9998,151.908,2012-12-16,325.8,72,20.7,1.4,18.5,0.331,27.23,63
-31.5915,151.4186,2012-12-16,320.8,49,22.0,0.7,18.5,0.304,27.36,57
-31.5923,151.4118,2012-12-16,318.8,52,22.3,0.7,18.5,0.304,27.36,57
-31.829,151.4685,2012-12-16,338.2,86,20.2,0.7,18.5,0.323,27.36,57
-31.8334,151.4757,2012-12-17,325.6,60,17.2,0.1,12.1,0.312,25.86,76
-34.3183,148.707,2012-12-17,340.6,86,19.0,0.0,17.6,0.178,26.72,50
-34.3243,148.6584,2012-12-17,345.6,85,19.7,0.0,12.1,0.175,30.56,46
-34.3088,148.7053,2012-12-17,379.0,100,19.8,0.0,12.1,0.175,30.56,46
-34.3103,148.6933,2012-12-17,403.3,100,19.0,0.0,17.6,0.178,26.72,50
-34.3118,148.6811,2012-12-17,344.2,72,19.0,0.0,17.6,0.178,26.72,50
-34.3148,148.6567,2012-12-17,359.1,99,19.5,0.0,17.6,0.175,26.72,46
-34.2993,148.7035,2012-12-17,357.0,90,19.6,0.0,17.6,0.175,26.72,46
-34.3008,148.6915,2012-12-17,395.2,100,19.1,0.0,17.6,0.178,26.72,50
-31.8441,151.4668,2012-12-17,344.2,90,16.7,0.1,12.1,0.312,25.86,76
-31.8458,151.4561,2012-12-17,335.8,82,16.9,0.1,12.1,0.312,25.86,76
-31.6262,151.6885,2012-12-17,321.7,27,20.1,0.4,14.5,0.307,16.8,78
-31.6353,151.6905,2012-12-17,322.6,38,20.6,0.0,15.4,0.307,13.06,78
-31.8351,151.4649,2012-12-17,378.8,100,17.1,0.1,12.1,0.312,25.86,76
-31.826,151.463,2012-12-17,335.6,82,17.1,0.1,12.1,0.312,25.86,76
-31.8276,151.4523,2012-12-17,330.1,75,17.1,0.1,12.1,0.312,25.86,76
-28.9756,149.0585,2012-12-17,344.5,65,31.3,0.0,17.4,0.204,29.55,29
-28.2683,153.0547,2012-12-17,337.0,78,25.0,0.7,11.6,0.289,27.32,71
-28.2704,153.0425,2012-12-17,363.1,100,25.9,0.5,9.4,0.285,27.08,70
-28.838,148.5195,2012-12-17,343.0,84,31.7,0.0,18.8,0.069,30.69,27
-28.1715,152.781,2012-12-17,331.5,55,27.5,0.1,12.4,0.246,27.82,67
-28.1596,152.7907,2012-12-17,336.5,59,26.8,0.8,15.0,0.246,26.58,67
-28.8106,148.5146,2012-12-17,338.7,76,31.7,0.0,18.8,0.069,30.69,27
-28.7758,148.296,2012-12-17,354.4,95,31.5,0.0,18.4,0.114,30.91,27
-28.7652,148.305,2012-12-17,339.9,66,31.5,0.0,18.4,0.114,30.91,27
-28.7666,148.2944,2012-12-17,387.0,100,31.6,0.0,18.4,0.114,30.91,27
-28.768,148.2837,2012-12-17,338.4,65,31.6,0.0,18.4,0.114,30.91,27
-28.1805,147.3901,2012-12-17,376.5,100,32.4,0.0,19.4,0.027,31.01,25
-28.1899,147.3916,2012-12-17,363.2,100,32.4,0.0,19.4,0.027,31.01,25
-34.3068,148.7009,2012-12-17,313.0,65,19.0,0.0,17.6,0.178,26.72,50
-34.3099,148.6847,2012-12-17,311.1,55,19.0,0.0,17.6,0.178,26.72,50
-34.3086,148.6779,2012-12-17,302.4,25,19.1,0.0,17.6,0.178,26.72,50
-28.1932,147.3992,2012-12-17,319.4,99,32.4,0.0,19.4,0.027,31.01,25
-28.1963,147.3826,2012-12-17,312.2,52,32.4,0.0,19.4,0.027,31.01,25
-28.1788,147.4131,2012-12-17,307.9,28,32.4,0.0,19.4,0.027,31.01,25
-28.1819,147.3965,2012-12-17,318.0,96,32.4,0.0,19.4,0.027,31.01,25
-28.2299,149.2334,2012-12-17,302.0,20,32.5,0.0,17.3,0.107,29.77,27
-28.1799,147.4131,2012-12-17,311.2,82,32.4,0.0,19.4,0.027,31.01,25
-28.1838,147.4075,2012-12-17,311.1,82,32.4,0.0,19.4,0.027,31.01,25
-28.3955,149.8237,2012-12-18,339.8,71,32.2,0.0,17.0,0.111,30.38,29
-28.4018,149.8166,2012-12-18,342.9,84,32.2,0.0,17.0,0.111,30.38,29
-28.7659,148.3055,2012-12-18,333.3,57,30.8,0.0,15.5,0.114,32.36,21
-28.8425,148.5117,2012-12-18,336.0,63,31.2,0.0,16.6,0.069,32.37,20
-31.0006,151.9066,2012-12-18,318.5,40,20.2,0.0,13.5,0.303,29.88,70
-30.9968,151.5357,2012-12-18,324.8,72,21.4,0.0,16.9,0.188,32.68,63
-31.5898,151.3948,2012-12-18,323.5,69,21.3,0.0,13.8,0.254,28.37,66
-31.5999,151.3927,2012-12-18,330.5,79,21.5,0.0,14.9,0.235,30.92,64
-33.7538,150.9083,2012-12-18,323.1,50,22.3,0.0,20.8,0.114,30.12,62
-34.3055,148.7082,2012-12-18,327.1,38,20.6,0.0,12.8,0.165,33.12,47
-31.6419,151.6997,2012-12-18,311.3,45,22.7,0.1,16.2,0.303,23.0,74
-31.6456,151.6978,2012-12-18,311.2,35,22.2,0.1,15.8,0.303,23.96,74
-31.6857,146.2961,2012-12-18,348.8,91,26.2,0.0,11.1,0.109,32.57,24
-31.6737,146.2927,2012-12-18,336.2,72,26.1,0.0,11.1,0.109,32.57,24
-34.3199,148.6787,2012-12-18,330.1,64,20.4,0.0,12.8,0.165,33.12,47
-31.6428,151.7337,2012-12-18,328.2,59,22.7,0.1,16.2,0.303,23.0,74
-31.6434,151.7275,2012-12-18,332.7,66,22.0,0.1,15.8,0.303,23.96,74
-31.6817,146.316,2012-12-18,343.3,84,26.2,0.0,11.1,0.109,32.57,24
-28.6713,147.2407,2012-12-18,340.2,84,30.9,0.0,14.2,0.106,31.98,20
-28.6905,147.2184,2012-12-18,349.7,93,30.9,0.0,14.2,0.106,31.98,20
-28.6795,147.2705,2012-12-18,340.1,84,30.9,0.0,14.2,0.109,31.98,20
-28.6881,147.265,2012-12-18,338.3,82,30.9,0.0,14.2,0.109,31.98,20
-28.6935,147.2388,2012-12-18,338.9,83,30.9,0.0,14.2,0.106,31.98,20
-28.6744,147.2612,2012-12-18,359.1,99,30.9,0.0,14.2,0.109,31.98,20
-28.6798,147.235,2012-12-18,389.4,100,30.9,0.0,14.2,0.106,31.98,20
-28.4834,149.7469,2012-12-18,305.7,65,31.9,0.0,17.0,0.064,30.38,29
-28.6845,147.2547,2012-12-18,313.6,87,30.9,0.0,14.2,0.109,31.98,20
-28.6867,147.2261,2012-12-18,310.8,80,30.9,0.0,14.2,0.106,31.98,20
-28.4816,149.7658,2012-12-18,308.8,76,31.9,0.0,17.0,0.183,30.38,30
-28.4888,149.761,2012-12-18,305.2,63,31.9,0.0,17.0,0.183,30.38,30
-28.4768,149.7594,2012-12-18,306.8,69,31.9,0.0,17.0,0.183,30.38,30
-28.6823,147.249,2012-12-18,321.9,100,30.9,0.0,14.2,0.106,31.98,20
-28.6846,147.2204,2012-12-18,309.2,77,30.9,0.0,14.2,0.106,31.98,20
-28.2345,149.2152,2012-12-18,311.3,82,32.2,0.0,16.8,0.107,31.09,24
-28.222,149.2136,2012-12-18,327.3,100,32.2,0.0,16.8,0.107,31.09,24
-28.2182,149.2164,2012-12-18,306.0,66,32.2,0.0,16.8,0.107,31.09,24
-28.2286,149.2149,2012-12-18,305.5,65,32.2,0.0,16.8,0.107,31.09,24
-28.4848,149.759,2012-12-18,304.7,61,31.9,0.0,17.0,0.183,30.38,30
-28.6749,147.2378,2012-12-18,317.1,94,30.9,0.0,14.2,0.106,31.98,20
-28.6763,147.2489,2012-12-18,321.4,100,30.9,0.0,14.2,0.106,31.98,20
-28.6778,147.2601,2012-12-18,306.6,41,30.9,0.0,14.2,0.109,31.98,20
-28.6857,147.2474,2012-12-18,307.5,56,30.9,0.0,14.2,0.106,31.98,20
-31.5982,151.4137,2012-12-18,316.0,30,20.9,0.0,14.9,0.286,30.92,67
-36.6406,145.2609,2012-12-19,332.3,83,26.1,0.0,25.1,0.198,25.43,38
-36.64,145.2559,2012-12-19,326.2,76,26.1,0.0,25.1,0.198,25.43,38
-33.7559,150.9081,2012-12-19,322.8,50,23.7,0.0,22.4,0.114,23.57,72
-29.9786,151.9864,2012-12-19,314.5,54,20.5,6.0,10.5,0.348,21.96,86
-29.98,151.9759,2012-12-19,318.0,66,20.2,6.0,10.5,0.348,21.96,86
-28.4838,149.7558,2012-12-19,336.1,67,31.5,7.1,23.0,0.189,28.63,41
-31.7008,146.3079,2012-12-20,336.3,78,29.0,0.0,16.3,0.108,30.05,29
-31.7034,146.3223,2012-12-20,333.5,58,29.1,0.0,16.3,0.108,30.05,29
-31.6635,146.3449,2012-12-20,353.1,95,29.0,0.0,16.3,0.108,30.05,29
-31.6658,146.3317,2012-12-20,384.4,100,29.0,0.0,16.3,0.108,30.05,29
-31.6558,146.3292,2012-12-20,339.5,52,28.9,0.0,16.3,0.108,30.05,29
-31.6627,146.3373,2012-12-20,304.3,60,29.0,0.0,16.3,0.108,30.05,29
-28.5505,149.6662,2012-12-21,321.7,39,26.8,8.3,16.7,0.416,25.96,73
-34.1801,145.855,2012-12-21,343.4,66,24.1,0.0,13.3,0.151,33.81,32
-33.4033,145.6238,2012-12-21,307.3,71,24.9,0.0,14.6,0.134,33.81,27
-29.5857,146.8928,2012-12-21,321.4,98,32.3,0.6,26.0,0.081,25.9,33
-29.6085,146.8634,2012-12-21,326.1,96,32.3,0.1,21.8,0.081,26.47,33
-29.5843,146.9036,2012-12-21,309.9,65,32.2,0.6,26.0,0.081,25.9,33
-29.5871,146.8819,2012-12-21,320.7,62,32.3,0.6,26.0,0.081,25.9,33
-29.5885,146.871,2012-12-21,321.2,79,32.3,0.1,21.8,0.081,26.47,33
-29.3395,148.1671,2012-12-21,306.4,68,29.0,9.2,21.7,0.172,26.2,62
-29.3305,148.1654,2012-12-21,302.4,39,29.0,9.2,21.7,0.172,26.2,62
-28.7551,147.1297,2012-12-21,314.7,90,31.1,3.6,23.3,0.134,25.2,48
-28.7422,147.1044,2012-12-21,314.0,88,31.0,1.6,20.2,0.111,25.02,49
-28.7447,147.1379,2012-12-21,306.5,68,31.0,3.6,23.3,0.111,25.2,49
-28.7576,147.1031,2012-12-21,312.4,85,31.1,1.6,20.2,0.134,25.02,48
-28.7602,147.1365,2012-12-21,303.4,55,31.1,3.6,23.3,0.134,25.2,48
-28.7373,147.0977,2012-12-21,303.8,57,31.0,1.6,20.2,0.111,25.02,49
-28.7396,147.1311,2012-12-21,306.4,68,31.0,3.6,23.3,0.111,25.2,49
-28.7527,147.0963,2012-12-21,313.3,85,31.1,1.6,20.2,0.134,25.02,48
-28.7371,147.1026,2012-12-21,322.7,21,31.0,1.6,20.2,0.111,25.02,49
-28.7499,147.0992,2012-12-21,333.4,80,31.0,1.6,20.2,0.111,25.02,49
-28.7545,147.1216,2012-12-21,331.1,65,31.1,1.6,20.2,0.134,25.02,48
-34.6203,149.6456,2012-12-22,369.2,100,20.6,0.0,17.8,0.151,26.17,63
-34.6225,149.6329,2012-12-22,356.5,98,20.7,0.0,17.8,0.151,26.17,63
-28.3807,147.4491,2012-12-22,335.6,55,27.6,4.0,18.9,0.263,26.62,61
-28.7581,147.0963,2012-12-22,344.0,80,28.8,0.7,21.6,0.157,28.33,56
-28.7469,147.1055,2012-12-22,358.7,93,28.6,0.7,21.6,0.144,28.33,57
-28.7487,147.0943,2012-12-22,363.3,100,28.6,0.7,21.6,0.144,28.33,57
-28.7423,147.098,2012-12-22,345.7,88,28.6,0.7,21.6,0.144,28.33,57
-28.3693,147.4587,2012-12-22,348.6,92,27.4,4.8,20.9,0.25,25.91,63
-28.3712,147.4471,2012-12-22,385.8,94,27.6,4.8,20.9,0.263,25.91,61
-28.7429,147.0999,2012-12-22,311.8,83,28.6,0.7,21.6,0.144,28.33,57
-28.7533,147.0975,2012-12-22,308.2,74,28.8,0.7,21.6,0.157,28.33,56
-28.7558,147.1115,2012-12-22,304.4,34,28.8,0.7,21.6,0.157,28.33,56
-28.5579,143.5595,2012-12-22,309.7,78,32.2,0.0,30.6,0.023,28.66,21
-28.5512,143.5536,2012-12-22,306.5,63,32.2,0.0,30.6,0.023,28.66,21
-28.5858,143.5193,2012-12-22,306.0,57,32.3,0.0,30.6,0.023,28.66,20
-33.9004,146.8847,2012-12-22,304.4,60,25.7,3.8,16.5,0.143,25.65,50
-33.9026,146.8973,2012-12-22,319.8,99,25.6,3.8,16.5,0.143,25.65,50
-31.9146,146.3649,2012-12-23,336.1,77,29.9,2.2,27.3,0.134,27.17,44
-31.9046,146.3664,2012-12-23,329.4,59,29.8,2.2,27.3,0.134,27.17,44
-31.913,146.3517,2012-12-23,327.1,31,29.8,2.2,27.3,0.134,27.17,44
-36.8845,146.5378,2012-12-23,315.4,14,22.6,0.0,17.2,0.305,26.95,69
-33.7454,148.5677,2012-12-23,329.9,75,28.3,0.4,20.4,0.144,28.76,50
-31.9058,146.3576,2012-12-23,304.7,7,29.8,2.2,27.3,0.134,27.17,44
-31.9136,146.3652,2012-12-23,306.6,64,29.9,2.2,27.3,0.134,27.17,44
-31.9153,146.3473,2012-12-23,304.2,46,29.8,2.2,27.3,0.134,27.17,44
-29.3352,148.1691,2012-12-23,305.1,61,28.5,0.0,17.9,0.223,28.86,50
-29.1525,149.0919,2012-12-23,305.6,65,27.5,0.0,17.3,0.317,28.28,55
-30.4344,143.7084,2012-12-23,314.2,86,33.8,0.0,24.6,0.025,27.82,33
-30.436,143.7218,2012-12-23,312.2,60,33.8,0.0,24.6,0.025,27.82,33
-30.4462,143.7202,2012-12-23,312.4,42,33.8,0.0,24.6,0.025,27.82,33
-30.4563,143.7187,2012-12-23,313.7,68,33.8,0.0,24.6,0.025,27.82,33
-30.7607,143.9866,2012-12-23,309.1,70,34.1,0.2,26.2,0.03,27.6,32
-31.4589,150.7412,2012-12-23,324.2,59,25.9,0.9,10.2,0.251,27.99,55
-32.7206,149.38,2012-12-24,345.8,82,25.4,0.1,16.1,0.166,30.4,54
-34.4656,150.8845,2012-12-24,328.1,56,24.5,5.2,26.0,0.16,28.45,79
-33.368,150.3519,2012-12-24,332.8,80,22.7,3.1,15.1,0.309,29.0,70
-33.1136,148.6809,2012-12-24,339.9,83,27.0,0.6,23.2,0.141,30.47,52
-32.7221,149.3693,2012-12-24,338.8,44,25.2,0.7,20.5,0.166,30.5,54
-31.9194,150.1195,2012-12-24,330.1,50,26.1,0.0,14.2,0.291,30.13,52
-31.0284,144.4787,2012-12-24,311.4,82,34.2,0.4,27.7,0.057,28.78,32
-30.6227,141.8297,2012-12-24,307.2,14,34.6,0.3,34.8,0.027,29.83,28
-30.6136,141.8279,2012-12-24,311.5,60,34.6,0.3,34.8,0.027,29.83,28
-30.6061,141.8154,2012-12-24,307.7,22,34.6,0.3,34.8,0.027,29.83,28
-30.2605,141.1024,2012-12-24,319.2,98,35.0,0.0,35.4,0.035,30.52,26
-30.262,141.092,2012-12-24,330.9,100,35.0,0.0,35.4,0.035,30.52,26
-30.2635,141.0816,2012-12-24,315.8,91,35.0,0.0,35.4,0.035,30.52,26
-30.2515,141.1006,2012-12-24,315.1,90,35.0,0.0,35.4,0.035,30.52,26
-30.253,141.0902,2012-12-24,337.0,100,35.0,0.0,35.4,0.035,30.52,26
-30.2545,141.0798,2012-12-24,342.9,100,35.0,0.0,35.4,0.035,30.52,26
-29.9707,141.1338,2012-12-24,314.9,89,35.1,0.0,37.1,0.025,30.57,26
-28.7109,141.0684,2012-12-24,340.8,100,35.5,0.3,27.1,0.051,31.02,29
-28.7124,141.0581,2012-12-24,311.5,55,35.5,0.3,27.1,0.051,31.02,29
-28.7019,141.0667,2012-12-24,311.1,72,35.5,0.3,27.1,0.051,31.02,29
-30.2255,141.0921,2012-12-24,305.4,25,35.1,0.0,35.4,0.059,30.52,26
-30.2265,141.0875,2012-12-24,307.1,68,35.1,0.0,35.4,0.059,30.52,26
-30.2441,141.0863,2012-12-24,309.7,78,35.1,0.0,35.4,0.059,30.52,26
-30.2437,141.079,2012-12-24,307.3,29,35.1,0.0,35.4,0.059,30.52,26
-28.8538,141.4374,2012-12-25,336.8,82,31.6,0.0,31.8,0.02,30.36,22
-28.865,141.4347,2012-12-25,351.0,94,31.6,0.0,31.8,0.02,30.36,22
-28.8681,141.451,2012-12-25,342.5,87,31.8,0.0,31.8,0.067,30.36,22
-28.8762,141.432,2012-12-25,341.7,87,31.6,0.0,30.6,0.02,31.03,22
-28.8792,141.4484,2012-12-25,332.7,70,31.6,0.0,30.6,0.02,31.03,22
-28.8873,141.4293,2012-12-25,332.3,75,31.6,0.0,30.6,0.02,31.03,22
-29.1096,141.4413,2012-12-25,324.0,41,30.7,0.0,30.6,0.022,31.03,22
-29.8372,142.5801,2012-12-25,343.4,88,29.0,0.0,30.3,0.048,30.76,25
-29.8396,142.5937,2012-12-25,334.7,78,28.9,0.0,30.3,0.048,30.76,25
-30.2375,141.0866,2012-12-25,328.4,43,27.8,0.0,34.0,0.059,32.14,20
-30.2363,141.081,2012-12-25,330.7,74,27.8,0.0,34.0,0.059,32.14,20
-30.2505,141.0945,2012-12-25,328.9,71,27.6,0.0,34.0,0.035,32.14,20
-30.2585,141.0754,2012-12-25,328.4,70,27.6,0.0,34.0,0.035,32.14,20
-30.2351,141.0887,2012-12-25,337.2,42,27.8,0.0,34.0,0.059,32.14,20
-29.9818,141.1328,2012-12-25,344.8,86,28.1,0.0,37.5,0.025,32.0,20
-29.984,141.1198,2012-12-25,348.7,90,28.1,0.0,37.0,0.025,32.07,20
-29.1072,141.4294,2012-12-25,353.6,95,30.7,0.0,30.6,0.022,31.03,22
-29.1096,141.4157,2012-12-25,350.1,92,30.7,0.0,30.6,0.022,31.03,22
-29.0944,141.4408,2012-12-25,345.5,87,30.7,0.0,30.6,0.022,31.03,22
-29.0969,141.427,2012-12-25,360.9,100,30.7,0.0,30.6,0.022,31.03,22
-29.0866,141.4247,2012-12-25,347.0,89,30.7,0.0,30.6,0.022,31.03,22
-28.8883,141.4384,2012-12-25,341.3,78,31.6,0.0,30.6,0.02,31.03,22
-29.9594,141.1196,2012-12-25,319.4,99,28.1,0.0,37.0,0.025,32.07,20
-29.9341,141.1532,2012-12-25,309.7,38,28.4,0.0,37.5,0.09,32.0,21
-29.9434,141.1145,2012-12-25,328.2,100,28.3,0.0,37.0,0.025,32.07,20
-29.9614,141.155,2012-12-25,303.0,52,28.2,0.0,37.5,0.051,32.0,20
-29.9704,141.1161,2012-12-25,306.1,67,28.1,0.0,37.0,0.025,32.07,20
-29.9453,141.1498,2012-12-25,317.8,96,28.3,0.0,37.5,0.025,32.0,20
-29.9543,141.111,2012-12-25,323.6,100,28.1,0.0,37.0,0.025,32.07,20
-29.9292,141.1446,2012-12-25,304.6,28,28.3,0.0,37.5,0.025,32.0,20
-29.9382,141.1058,2012-12-25,318.5,97,28.4,0.0,37.0,0.025,32.07,20
-28.8718,141.4502,2012-12-25,304.7,61,31.8,0.0,31.8,0.067,30.36,22
-28.8549,141.4449,2012-12-25,305.5,64,31.6,0.0,31.8,0.02,30.36,22
-28.8704,141.4447,2012-12-25,306.0,67,31.6,0.0,31.8,0.02,30.36,22
-28.8583,141.4557,2012-12-25,323.4,100,31.8,0.0,31.8,0.067,30.36,22
-28.8601,141.4668,2012-12-25,321.7,100,31.8,0.0,31.8,0.067,30.36,22
-28.8694,141.4649,2012-12-25,307.5,43,31.8,0.0,31.8,0.067,30.36,22
-28.8939,141.4367,2012-12-25,304.5,39,31.6,0.0,30.6,0.02,31.03,22
-28.8957,141.4479,2012-12-25,312.5,85,31.6,0.0,30.6,0.02,31.03,22
-29.0929,141.4058,2012-12-25,315.9,92,30.7,0.0,30.6,0.022,31.03,22
-29.0947,141.4169,2012-12-25,308.9,39,30.7,0.0,30.6,0.022,31.03,22
-29.104,141.415,2012-12-25,308.6,34,30.7,0.0,30.6,0.022,31.03,22
-29.9212,141.1212,2012-12-25,322.6,100,28.3,0.0,37.0,0.025,32.07,20
-29.9288,141.1079,2012-12-25,321.5,100,28.4,0.0,37.0,0.025,32.07,20
-29.9306,141.1192,2012-12-25,328.4,100,28.4,0.0,37.0,0.025,32.07,20
-29.9325,141.1305,2012-12-25,323.1,82,28.3,0.0,37.5,0.025,32.0,20
-29.9343,141.1418,2012-12-25,319.3,36,28.4,0.0,37.5,0.025,32.0,20
-29.9381,141.1059,2012-12-25,302.8,9,28.4,0.0,37.0,0.025,32.07,20
-29.94,141.1172,2012-12-25,321.1,100,28.4,0.0,37.0,0.025,32.07,20
-29.9418,141.1285,2012-12-25,360.5,100,28.3,0.0,37.5,0.025,32.0,20
-29.9437,141.1398,2012-12-25,346.6,100,28.3,0.0,37.5,0.025,32.0,20
-29.9494,141.1152,2012-12-25,320.1,36,28.3,0.0,37.0,0.025,32.07,20
-29.9512,141.1265,2012-12-25,338.3,100,28.1,0.0,37.5,0.025,32.0,20
-29.953,141.1378,2012-12-25,344.5,100,28.1,0.0,37.5,0.025,32.0,20
-29.9587,141.1132,2012-12-25,328.8,100,28.1,0.0,37.0,0.025,32.07,20
-29.9624,141.1358,2012-12-25,324.7,49,28.1,0.0,37.5,0.025,32.0,20
-29.9681,141.1112,2012-12-25,306.7,67,28.1,0.0,37.0,0.025,32.07,20
-28.8543,141.4609,2012-12-26,333.0,55,28.5,0.0,29.3,0.067,33.62,13
-28.8965,141.4208,2012-12-26,337.3,65,28.5,0.0,27.2,0.02,33.63,13
-28.9069,141.4301,2012-12-26,335.7,27,28.5,0.0,27.2,0.02,33.63,13
-29.0496,141.371,2012-12-26,349.9,93,28.2,0.0,28.3,0.021,33.62,13
-29.0592,141.3525,2012-12-26,340.8,84,28.0,0.0,28.3,0.022,33.62,13
-29.0629,141.3864,2012-12-26,395.7,100,28.0,0.0,27.2,0.022,33.63,13
-29.0647,141.4035,2012-12-26,337.4,79,28.0,0.0,27.2,0.022,33.63,13
-29.0707,141.351,2012-12-26,333.5,66,28.1,0.0,28.3,0.022,33.62,13
-29.0725,141.368,2012-12-26,366.6,100,28.0,0.0,28.3,0.022,33.62,13
-29.0743,141.3849,2012-12-26,351.4,93,28.1,0.0,27.2,0.022,33.63,13
-29.0762,141.4019,2012-12-26,338.4,65,28.0,0.0,27.2,0.022,33.63,13
-29.0839,141.3664,2012-12-26,348.8,66,28.0,0.0,28.3,0.022,33.62,13
-29.0814,141.3601,2012-12-26,346.9,75,28.0,0.0,28.3,0.022,33.62,13
-29.0831,141.377,2012-12-26,345.0,31,28.0,0.0,27.2,0.022,33.63,13
-29.9188,141.1077,2012-12-26,338.9,79,27.2,0.0,25.5,0.025,33.43,15
-29.9205,141.1246,2012-12-26,352.3,95,27.1,0.0,25.5,0.025,33.43,15
-29.9223,141.1416,2012-12-26,340.9,61,27.2,0.0,25.5,0.025,33.43,15
-29.9337,141.1401,2012-12-26,344.7,84,27.2,0.0,25.5,0.025,33.43,15
-29.9698,141.1525,2012-12-26,341.0,73,27.1,0.0,25.5,0.051,33.43,15
-29.9691,141.1631,2012-12-26,338.9,31,27.1,0.0,25.5,0.051,33.43,15
-28.2997,147.6178,2012-12-26,318.7,42,26.5,0.5,14.5,0.085,25.86,65
-31.1277,147.1048,2012-12-26,359.3,99,25.5,0.0,22.0,0.239,28.95,47
-31.1293,147.0895,2012-12-26,346.7,91,25.5,0.0,22.0,0.239,28.95,47
-31.1169,147.1032,2012-12-26,392.6,100,25.5,0.0,23.4,0.239,28.77,47
-31.1185,147.0879,2012-12-26,400.3,100,25.5,0.0,23.4,0.239,28.77,47
-31.1147,147.0975,2012-12-26,387.3,100,25.5,0.0,23.4,0.239,28.77,47
-31.1164,147.0822,2012-12-26,351.7,94,25.5,0.0,23.4,0.239,28.77,47
-29.9403,141.1386,2012-12-26,333.7,52,27.2,0.0,25.5,0.025,33.43,15
-29.9266,141.1003,2012-12-26,331.9,37,27.2,0.0,25.5,0.025,33.43,15
-29.9315,141.1308,2012-12-26,337.6,73,27.2,0.0,25.5,0.025,33.43,15
-29.0769,141.3627,2012-12-26,342.5,74,28.0,0.0,28.3,0.022,33.62,13
-29.0613,141.3613,2012-12-26,345.8,66,28.0,0.0,28.3,0.022,33.62,13
-29.0456,141.36,2012-12-26,364.4,100,28.2,0.0,28.3,0.021,33.62,13
-29.0481,141.3253,2012-12-26,342.8,61,28.2,0.0,28.3,0.021,33.62,13
-29.03,141.3585,2012-12-26,339.5,80,28.1,0.0,28.3,0.021,33.62,13
-29.0322,141.3859,2012-12-26,334.5,72,28.2,0.0,27.2,0.021,33.63,13
-29.0348,141.3516,2012-12-26,343.1,85,28.2,0.0,28.3,0.021,33.62,13
-31.1119,147.0885,2012-12-26,310.4,80,25.5,0.0,23.4,0.239,28.77,47
-31.1195,147.1028,2012-12-26,321.4,100,25.5,0.0,23.4,0.239,28.77,47
-31.1215,147.0907,2012-12-26,307.9,73,25.5,0.0,23.4,0.239,28.77,47
-31.1099,147.1006,2012-12-26,328.6,100,25.5,0.0,23.4,0.239,28.77,47
-31.1067,147.1115,2012-12-26,302.1,47,25.5,0.0,23.4,0.239,28.77,47
-31.106,147.1069,2012-12-26,301.6,43,25.5,0.0,23.4,0.239,28.77,47
-36.48,144.7542,2012-12-27,318.2,49,23.6,0.0,24.9,0.133,29.25,40
-36.4813,144.7478,2012-12-27,316.2,54,23.7,0.0,24.9,0.13,29.25,40
-36.4896,143.1888,2012-12-27,332.6,49,23.6,0.0,24.6,0.143,32.19,33
-36.4913,143.1776,2012-12-27,417.9,100,23.6,0.0,24.6,0.143,32.19,33
-36.493,143.1664,2012-12-27,400.2,100,23.6,0.0,24.6,0.143,32.19,33
-36.4806,143.1867,2012-12-27,345.9,90,23.6,0.0,24.6,0.143,32.19,33
-36.4823,143.1755,2012-12-27,416.9,100,23.6,0.0,24.6,0.143,32.19,33
-36.484,143.1643,2012-12-27,429.8,100,23.6,0.0,24.6,0.143,32.19,33
-36.4856,143.153,2012-12-27,394.0,100,23.7,0.0,24.6,0.143,32.19,33
-29.1142,141.4605,2012-12-27,340.3,73,30.2,0.0,20.6,0.04,30.81,16
-29.1072,141.3838,2012-12-27,346.3,67,30.2,0.0,20.6,0.022,30.81,16
-29.0753,141.4138,2012-12-27,359.7,99,30.2,0.0,20.6,0.022,30.81,16
-29.042,141.4347,2012-12-27,307.5,72,30.3,0.0,20.6,0.021,30.81,16
-34.4576,150.8821,2012-12-27,301.3,40,19.0,0.0,22.6,0.242,27.72,64
-29.0606,141.4286,2012-12-28,331.0,64,30.4,0.0,29.6,0.021,32.5,14
-28.4405,147.432,2012-12-28,353.0,96,28.3,2.6,16.6,0.189,27.6,53
-28.4428,147.4586,2012-12-28,369.5,100,28.0,2.6,16.6,0.137,27.6,54
-31.4014,149.7277,2012-12-28,327.7,73,24.4,0.0,17.1,0.298,28.22,59
-31.405,149.7226,2012-12-28,326.0,69,24.4,0.5,18.4,0.324,27.89,63
-36.902,145.604,2012-12-28,320.2,76,16.3,0.0,23.1,0.162,28.74,58
-34.4593,150.8827,2012-12-28,316.9,0,19.7,1.5,38.1,0.225,27.24,74
-34.4684,150.8788,2012-12-28,316.8,0,19.6,1.5,38.1,0.225,27.24,74
-33.3555,150.8762,2012-12-28,320.2,41,21.7,3.0,23.0,0.266,27.87,67
-32.4148,149.3365,2012-12-28,353.1,96,23.7,0.0,24.2,0.241,29.58,47
-32.0731,148.0283,2012-12-28,331.3,74,28.0,0.0,24.7,0.118,31.24,28
-28.4443,147.4565,2012-12-28,335.9,79,28.0,2.6,16.6,0.137,27.6,54
-28.4562,147.4532,2012-12-28,340.3,85,28.3,2.6,16.6,0.169,27.6,52
-28.4583,147.4324,2012-12-28,333.2,74,28.5,2.6,16.6,0.163,27.6,51
-28.4437,147.4517,2012-12-28,340.6,85,28.0,2.6,16.6,0.137,27.6,54
-28.6974,143.5736,2012-12-28,330.2,49,32.3,0.0,33.9,0.024,31.6,23
-32.066,148.0408,2012-12-28,306.3,68,28.0,0.0,24.7,0.118,31.24,28
-29.0116,146.2604,2012-12-28,305.9,65,30.3,0.0,17.3,0.182,28.91,41
-29.0011,146.2691,2012-12-28,312.9,86,30.3,0.0,17.3,0.182,28.91,41
-29.0026,146.2588,2012-12-28,332.5,100,30.3,0.0,17.3,0.182,28.91,41
-28.7549,147.0907,2012-12-28,345.4,100,29.6,0.0,15.6,0.154,28.06,45
-28.7564,147.0804,2012-12-28,342.0,100,29.6,0.0,15.6,0.154,28.06,45
-28.4372,147.434,2012-12-28,320.4,56,28.3,2.6,16.6,0.189,27.6,53
-28.4387,147.4236,2012-12-28,320.8,63,28.3,2.6,16.6,0.189,27.6,53
-28.4234,147.4632,2012-12-28,312.1,46,28.0,2.6,16.6,0.137,27.6,54
-28.425,147.4529,2012-12-28,337.0,100,28.0,2.6,16.6,0.137,27.6,54
-28.4266,147.4425,2012-12-28,319.9,80,28.3,2.6,16.6,0.189,27.6,53
-28.4281,147.4322,2012-12-28,321.2,47,28.3,2.6,16.6,0.189,27.6,53
-28.4297,147.4219,2012-12-28,321.7,62,28.3,2.6,16.6,0.189,27.6,53
-28.4149,147.4662,2012-12-28,306.4,68,28.0,2.6,16.6,0.137,27.6,54
-28.4165,147.4559,2012-12-28,317.4,95,28.0,2.6,16.6,0.137,27.6,54
-28.418,147.4456,2012-12-28,320.2,100,28.3,2.6,16.6,0.189,27.6,53
-28.4195,147.4352,2012-12-28,321.6,100,28.3,2.6,16.6,0.189,27.6,53
-28.4089,147.4438,2012-12-28,315.0,90,28.3,2.6,16.6,0.189,27.6,53
-28.4105,147.4335,2012-12-28,314.0,88,28.3,2.6,16.6,0.189,27.6,53
-29.0101,146.2707,2012-12-28,305.2,62,30.3,0.0,17.3,0.182,28.91,41
-28.7545,147.0817,2012-12-29,333.7,77,29.2,0.0,17.0,0.14,32.44,29
-28.7528,147.0947,2012-12-29,331.1,73,29.2,0.0,17.0,0.14,32.44,29
-32.9439,147.6228,2012-12-29,339.1,79,25.4,0.0,22.5,0.129,33.36,28
-32.946,147.6103,2012-12-29,368.4,100,25.4,0.0,22.5,0.129,33.36,28
-32.9364,147.608,2012-12-29,346.8,89,25.4,0.0,22.5,0.129,33.36,28
-32.5814,148.984,2012-12-29,362.6,100,23.3,0.0,15.0,0.18,33.1,46
-32.5842,148.9689,2012-12-29,335.9,79,22.6,0.0,15.0,0.18,33.22,46
-29.01,146.2802,2012-12-29,337.8,45,29.4,0.0,18.2,0.166,33.04,19
-29.012,146.2684,2012-12-29,364.3,100,29.4,0.0,18.2,0.166,33.04,19
-29.0023,146.2663,2012-12-29,340.7,81,29.4,0.0,18.2,0.166,33.04,19
-28.7595,147.093,2012-12-29,353.2,95,29.2,0.0,17.0,0.14,32.44,29
-28.4774,147.4502,2012-12-30,314.3,89,29.2,0.0,15.6,0.126,28.85,33
-28.4796,147.4776,2012-12-30,369.1,100,29.2,0.0,15.6,0.126,28.85,33
-28.4818,147.5051,2012-12-30,312.9,86,29.2,0.0,15.6,0.126,28.85,33
-28.471,147.4754,2012-12-30,325.8,63,29.2,0.0,15.6,0.126,28.85,33
-28.4849,147.4716,2012-12-30,327.6,70,29.2,0.0,15.6,0.126,28.85,33
-34.4625,150.8834,2012-12-30,324.4,56,17.7,2.3,15.4,0.225,12.12,77
-36.6622,145.7129,2012-12-31,355.3,97,21.6,0.0,14.2,0.147,33.82,41
-36.6638,145.6997,2012-12-31,338.2,82,22.2,0.0,13.2,0.136,33.76,40
-35.4084,147.8195,2012-12-31,358.7,99,23.6,0.0,14.1,0.156,32.94,47
-35.4099,147.8085,2012-12-31,345.2,89,23.3,0.0,14.1,0.156,32.94,47
-34.4618,150.8757,2012-12-31,325.7,60,22.7,0.0,26.1,0.222,30.12,70
-32.8209,151.4485,2012-12-31,328.4,45,25.0,0.0,14.5,0.298,30.95,61
-30.7989,152.4825,2012-12-31,325.2,66,21.0,0.0,15.5,0.319,29.19,74
-29.3461,149.4637,2012-12-31,336.0,59,26.9,0.0,25.7,0.246,32.62,40
-28.7286,147.0838,2012-12-31,342.4,83,30.6,0.0,22.3,0.105,31.68,29
-28.4848,147.4812,2012-12-31,337.3,46,29.5,0.0,23.7,0.115,32.32,30
-28.4864,147.4708,2012-12-31,342.6,84,29.5,0.0,23.7,0.115,32.32,30
-28.4742,147.4898,2012-12-31,352.6,94,29.5,0.0,23.7,0.115,32.32,30
-28.4757,147.4794,2012-12-31,373.0,100,29.5,0.0,23.7,0.115,32.32,30
-28.4773,147.469,2012-12-31,339.4,70,29.5,0.0,23.7,0.115,32.32,30
-33.0411,149.2757,2012-12-31,324.7,100,25.2,0.0,17.0,0.2,29.43,51
-31.611,147.2976,2013-01-01,332.4,66,32.4,0.0,19.1,0.126,31.65,21
-33.0404,149.2718,2013-01-01,370.0,100,26.5,0.0,20.3,0.195,32.04,34
-33.0408,149.2649,2013-01-01,359.1,99,26.1,0.0,22.3,0.195,32.55,34
-33.0425,149.282,2013-01-01,344.4,90,26.5,0.0,20.3,0.195,32.04,34
-34.4588,150.8793,2013-01-01,317.6,48,23.1,0.0,24.1,0.202,31.24,70
-34.2726,146.0756,2013-01-01,328.1,33,27.7,0.0,18.7,0.13,33.65,22
-33.0435,149.2649,2013-01-01,317.1,94,25.7,0.0,22.3,0.195,32.55,33
-33.0312,149.2782,2013-01-01,335.5,100,27.7,0.0,20.9,0.189,32.05,32
-33.0328,149.2632,2013-01-01,309.4,33,26.5,0.0,20.3,0.195,32.04,34
-33.0205,149.2762,2013-01-01,328.4,100,27.2,0.0,20.9,0.189,32.05,32
-33.0266,149.2868,2013-01-01,315.5,55,27.0,0.0,20.3,0.189,32.04,32
-33.0283,149.2715,2013-01-01,329.2,100,26.4,0.0,22.3,0.195,32.55,34
-33.0159,149.2848,2013-01-01,305.5,65,27.6,0.0,20.9,0.189,32.05,32
-33.0176,149.2693,2013-01-01,305.0,61,27.7,0.0,20.9,0.189,32.05,32
-31.6732,151.8721,2013-01-01,309.6,78,24.4,0.1,12.9,0.315,29.26,59
-28.3845,151.7866,2013-01-01,318.9,57,21.6,0.0,12.4,0.243,27.48,61
-28.3974,151.7834,2013-01-01,336.8,86,21.5,0.0,12.4,0.243,27.48,61
-33.0447,149.2695,2013-01-01,327.8,76,26.6,0.0,20.3,0.195,32.04,34
-33.0498,149.2628,2013-01-01,326.0,73,26.4,0.0,22.3,0.195,32.55,34
-33.0577,149.2599,2013-01-02,345.1,89,23.5,0.0,19.8,0.208,34.1,35
-33.0548,149.2818,2013-01-02,338.5,83,25.0,0.0,19.8,0.183,33.82,34
-33.0562,149.2708,2013-01-02,365.2,100,24.5,0.0,21.6,0.183,33.87,34
-33.047,149.269,2013-01-02,346.0,90,24.5,0.0,21.6,0.183,33.87,34
-33.0485,149.2581,2013-01-02,355.7,97,23.8,0.0,19.8,0.183,34.1,34
-31.9069,151.7172,2013-01-02,321.7,52,21.2,0.9,13.7,0.31,30.06,66
-31.6818,151.8591,2013-01-02,316.9,31,21.0,1.6,15.9,0.302,27.81,66
-31.6726,151.8571,2013-01-02,330.4,79,20.1,0.7,16.0,0.302,29.12,65
-30.1294,152.6097,2013-01-02,316.7,43,21.4,3.1,15.5,0.355,27.98,74
-29.7105,152.5244,2013-01-02,323.6,69,24.1,0.0,17.3,0.358,28.19,72
-29.4062,152.997,2013-01-02,326.1,74,24.7,0.3,20.9,0.31,28.66,75
-29.405,153.0042,2013-01-02,321.7,50,24.7,0.3,20.9,0.31,28.66,75
-29.3007,153.1372,2013-01-02,338.8,87,24.6,0.0,27.4,0.312,29.26,76
-28.3926,151.7848,2013-01-02,339.9,84,24.1,0.0,23.6,0.224,29.57,62
-28.3944,151.7735,2013-01-02,328.2,39,24.0,0.0,23.6,0.224,29.57,62
-34.7006,143.1242,2013-01-02,358.7,100,24.3,0.0,18.7,0.24,33.21,35
-33.0559,149.2621,2013-01-02,302.9,52,23.5,0.0,19.8,0.208,34.1,35
-33.0541,149.2803,2013-01-02,303.7,56,24.8,0.0,21.6,0.183,33.87,34
-34.6991,143.1447,2013-01-02,305.2,63,24.3,0.0,18.8,0.24,33.22,35
-28.4724,149.7438,2013-01-03,330.1,70,30.1,0.0,25.6,0.065,29.39,43
-28.2607,147.1745,2013-01-03,338.9,78,34.4,0.0,26.4,0.03,27.39,19
-28.9386,149.1903,2013-01-03,332.9,71,30.9,0.0,22.2,0.187,29.81,40
-31.8367,145.807,2013-01-03,335.5,70,29.8,0.0,13.9,0.105,32.72,22
-31.8385,145.8181,2013-01-03,380.4,100,29.9,0.0,13.9,0.105,32.72,22
-31.8436,145.8105,2013-01-03,339.5,80,29.8,0.0,13.9,0.105,32.72,22
-31.8454,145.8216,2013-01-03,338.3,78,29.8,0.0,13.9,0.105,32.72,22
-33.0508,149.2723,2013-01-03,340.3,86,22.0,0.0,18.2,0.175,32.67,57
-33.0523,149.284,2013-01-03,365.9,100,22.9,0.0,18.2,0.175,32.67,58
-33.0538,149.2955,2013-01-03,321.5,25,21.4,0.0,16.0,0.2,32.64,59
-33.0617,149.2822,2013-01-03,336.3,82,21.3,0.0,16.0,0.2,32.64,59
-35.3281,149.1831,2013-01-03,321.6,54,20.4,0.0,18.9,0.15,32.77,57
-34.6719,144.1134,2013-01-03,337.5,78,27.7,0.0,14.8,0.253,32.47,27
-34.6814,144.1111,2013-01-03,358.2,98,27.7,0.0,14.8,0.253,32.47,27
-36.308,148.7416,2013-01-03,334.2,85,19.3,0.0,11.5,0.254,33.02,60
-36.3112,148.7348,2013-01-03,326.6,78,19.3,0.0,11.5,0.254,33.02,60
-36.3127,148.7471,2013-01-03,323.6,73,19.3,0.0,11.5,0.254,33.02,60
-33.0557,149.2737,2013-01-03,327.9,61,21.9,0.0,17.5,0.175,32.64,57
-33.0549,149.2686,2013-01-03,327.4,52,21.7,0.0,17.5,0.175,32.64,57
-34.6984,143.1261,2013-01-03,336.7,54,27.7,0.0,12.4,0.239,32.45,27
-28.2601,147.1789,2013-01-03,339.7,0,34.4,0.0,26.4,0.03,27.39,19
-28.2629,147.1849,2013-01-03,335.0,49,34.4,0.0,26.4,0.03,27.39,19
-34.4562,150.8729,2013-01-03,301.4,41,19.4,0.0,18.4,0.199,30.23,69
-29.8424,149.205,2013-01-03,311.8,83,30.0,0.0,19.0,0.206,30.53,41
-29.8426,149.1985,2013-01-03,308.1,74,30.0,0.0,19.0,0.206,30.53,41
-28.9258,149.9814,2013-01-03,306.5,68,29.8,0.0,31.3,0.206,30.21,41
-28.9276,149.9629,2013-01-03,308.4,75,29.8,0.0,31.3,0.206,30.21,41
-28.2667,147.1701,2013-01-03,319.6,99,34.4,0.0,26.4,0.03,27.39,19
-28.2523,147.1687,2013-01-03,341.1,100,34.4,0.0,26.4,0.03,27.39,19
-28.2546,147.1404,2013-01-03,314.4,86,34.4,0.0,26.4,0.035,27.39,18
-28.2459,147.1696,2013-01-03,337.5,100,34.2,0.0,26.4,0.06,27.39,20
-28.2474,147.1806,2013-01-03,313.2,52,34.2,0.0,26.4,0.06,27.39,20
-28.2553,147.1681,2013-01-03,323.5,100,34.4,0.0,26.4,0.03,27.39,19
-28.2567,147.179,2013-01-03,311.6,12,34.4,0.0,26.4,0.03,27.39,19
-28.262,147.1726,2013-01-03,328.5,100,34.4,0.0,26.4,0.03,27.39,19
-28.2634,147.1836,2013-01-03,308.6,64,34.4,0.0,26.4,0.03,27.39,19
-28.2713,147.171,2013-01-03,324.8,100,34.4,0.0,26.4,0.03,27.39,19
-32.9421,148.5983,2013-01-04,335.2,76,27.0,0.0,20.8,0.132,32.33,41
-32.9447,148.6462,2013-01-04,326.8,31,26.9,0.0,19.7,0.132,32.59,41
-32.9424,148.5931,2013-01-04,330.8,56,27.0,0.0,20.8,0.132,32.33,41
-32.9447,148.641,2013-01-04,328.9,49,26.8,0.0,19.7,0.132,32.59,41
-33.9393,150.8791,2013-01-04,325.6,52,23.1,0.0,21.5,0.094,32.42,64
-31.6718,151.8611,2013-01-04,319.0,48,20.2,0.0,13.4,0.294,32.5,68
-31.6732,151.8501,2013-01-04,322.1,63,20.0,0.0,13.3,0.294,32.46,68
-29.1133,153.3494,2013-01-04,334.7,86,22.7,0.0,14.1,0.304,24.43,63
-29.1148,153.3391,2013-01-04,327.2,79,22.7,0.0,14.1,0.304,24.43,63
-28.2561,147.1671,2013-01-04,341.5,47,33.6,0.0,29.5,0.03,28.85,29
-37.2862,147.8253,2013-01-04,314.7,90,26.7,0.0,15.2,0.206,32.02,49
-37.2879,147.814,2013-01-04,309.2,67,25.5,0.0,17.4,0.183,32.87,49
-34.4588,150.8837,2013-01-04,310.0,79,21.5,0.0,24.2,0.184,32.34,72
-32.2487,152.531,2013-01-04,317.7,95,22.4,0.0,22.8,0.152,32.04,73
-31.0368,153.0277,2013-01-04,302.1,47,22.6,0.0,18.2,0.17,29.79,66
-37.2913,147.8324,2013-01-04,306.8,69,26.7,0.0,15.2,0.206,32.02,49
-31.6702,151.8515,2013-01-05,319.8,51,21.1,0.0,12.2,0.279,32.37,67
-31.8268,145.7975,2013-01-05,344.4,86,35.8,0.0,23.5,0.105,28.76,24
-31.8375,145.7947,2013-01-05,364.1,100,35.8,0.0,23.5,0.105,28.76,24
-31.8403,145.8101,2013-01-05,353.5,95,35.7,0.0,23.5,0.105,28.76,24
-34.4646,150.8822,2013-01-05,322.1,52,22.9,0.0,23.0,0.171,32.05,73
-34.4554,147.6749,2013-01-05,337.3,76,33.5,0.8,17.8,0.134,29.78,27
-35.9613,147.8163,2013-01-05,318.3,96,29.0,0.0,12.9,0.211,31.49,39
-35.9622,147.8637,2013-01-05,308.5,61,29.7,0.0,12.9,0.209,31.49,41
-35.9643,147.8091,2013-01-05,318.0,95,29.7,0.0,12.9,0.211,31.49,40
-35.9649,147.8255,2013-01-05,317.2,95,28.8,0.0,12.9,0.211,31.49,39
-35.9582,147.8152,2013-01-05,304.5,60,28.7,0.0,12.9,0.236,31.49,42
-31.1426,146.0614,2013-01-05,318.3,35,35.1,0.0,21.2,0.123,26.77,25
-28.5042,149.7727,2013-01-05,306.1,67,28.9,0.0,21.6,0.184,31.76,42
-31.6655,151.8518,2013-01-05,301.1,37,22.7,0.0,11.6,0.279,32.48,67
-31.1419,146.0753,2013-01-05,355.7,100,35.1,0.0,21.2,0.123,26.77,25
-31.1436,146.0863,2013-01-05,333.5,100,35.0,0.0,21.2,0.123,26.77,25
-31.1511,146.0734,2013-01-05,345.8,100,35.1,0.0,21.2,0.111,26.77,25
-31.1528,146.0843,2013-01-05,324.2,100,35.0,0.0,21.2,0.111,26.77,25
-34.4615,150.8855,2013-01-05,305.1,63,22.9,0.0,23.0,0.171,32.05,73
-35.4412,147.4899,2013-01-05,304.7,55,32.2,0.0,15.9,0.141,31.49,26
-35.9114,148.9008,2013-01-05,303.0,52,21.6,0.7,12.8,0.281,29.69,49
-35.9678,147.8472,2013-01-05,307.3,50,28.9,0.0,12.9,0.211,31.49,39
-31.1484,146.0692,2013-01-06,345.8,87,35.8,0.0,19.5,0.123,29.83,22
-31.1502,146.088,2013-01-06,360.2,100,35.9,0.0,19.5,0.111,29.83,21
-31.835,145.7989,2013-01-06,335.9,65,36.5,0.0,18.2,0.105,29.48,19
-33.6705,146.2285,2013-01-06,342.5,84,34.7,0.0,17.2,0.124,31.53,20
-33.6726,146.2506,2013-01-06,336.1,68,35.7,0.0,16.2,0.143,31.44,20
-33.6727,146.2228,2013-01-06,345.7,88,34.3,0.0,17.2,0.124,31.53,20
-33.6852,146.2222,2013-01-06,331.9,47,35.9,0.0,16.2,0.142,31.44,21
-33.6871,146.2434,2013-01-06,330.7,39,35.9,0.0,16.2,0.142,31.44,21
-35.9564,147.8484,2013-01-06,328.3,53,29.3,0.0,8.3,0.204,31.19,46
-35.9597,147.8418,2013-01-06,327.9,62,28.4,0.0,9.4,0.23,30.32,46
-36.2847,149.2626,2013-01-06,326.9,74,21.0,0.4,15.6,0.141,31.7,71
-35.9516,147.8369,2013-01-06,331.5,71,28.0,0.0,9.4,0.23,30.32,46
-35.9522,147.8298,2013-01-06,332.4,66,27.8,0.0,9.4,0.23,30.32,46
-36.2774,149.2666,2013-01-06,344.7,91,20.8,0.4,15.6,0.141,31.7,71
-36.2827,149.2891,2013-01-06,354.8,97,21.5,1.7,16.3,0.141,31.8,71
-36.2691,149.2872,2013-01-06,342.7,90,21.7,1.7,16.3,0.141,31.8,71
-36.2756,149.2925,2013-01-06,361.6,100,21.8,0.6,13.5,0.141,31.54,71
-33.6798,146.252,2013-01-06,334.0,57,35.8,0.0,16.2,0.143,31.44,20
-31.6965,151.8922,2013-01-06,326.4,72,20.2,0.0,12.4,0.267,31.83,72
-33.6821,146.2128,2013-01-06,335.7,70,35.9,0.0,16.2,0.142,31.44,21
-33.6759,146.2416,2013-01-06,323.0,100,35.6,0.0,16.2,0.142,31.44,21
-33.6774,146.2287,2013-01-06,317.9,95,35.4,0.0,17.2,0.142,31.53,20
-33.679,146.2154,2013-01-06,320.9,100,35.4,0.0,17.2,0.142,31.53,20
-33.6645,146.2531,2013-01-06,345.5,100,35.1,0.0,17.2,0.124,31.53,20
-33.666,146.2404,2013-01-06,338.9,100,34.9,0.0,17.2,0.124,31.53,20
-33.6675,146.2272,2013-01-06,321.6,100,35.3,0.0,17.2,0.142,31.53,20
-33.6547,146.2512,2013-01-06,315.6,89,35.8,0.0,16.2,0.143,31.44,20
-33.6562,146.2382,2013-01-06,322.5,100,35.8,0.0,16.2,0.142,31.44,21
-31.1384,146.081,2013-01-06,345.4,100,35.8,0.0,19.5,0.123,29.83,22
-31.1398,146.0689,2013-01-06,358.8,100,35.8,0.0,19.5,0.123,29.83,22
-31.1413,146.0567,2013-01-06,357.3,100,35.9,0.0,19.5,0.123,29.83,22
-31.1287,146.0794,2013-01-06,314.7,87,35.8,0.0,19.5,0.123,29.83,22
-31.1302,146.0672,2013-01-06,341.3,100,35.9,0.0,19.5,0.123,29.83,22
-31.1316,146.0551,2013-01-06,364.9,100,35.9,0.0,19.5,0.123,29.83,22
-31.2098,144.7728,2013-01-06,315.8,90,37.9,0.9,17.7,0.109,27.13,19
-30.2606,141.3025,2013-01-06,328.1,100,37.8,0.0,33.8,0.067,27.67,16
-30.2476,141.301,2013-01-06,315.7,90,37.7,0.0,33.8,0.048,27.67,16
-30.2494,141.2946,2013-01-06,320.5,100,37.7,0.0,33.8,0.048,27.67,16
-28.4976,149.7633,2013-01-06,307.1,67,29.2,0.0,23.3,0.184,31.82,42
-30.2276,141.268,2013-01-06,305.4,58,37.7,0.0,33.8,0.048,27.67,16
-31.1306,146.0555,2013-01-06,316.2,93,35.9,0.0,19.5,0.123,29.83,22
-31.1329,146.0864,2013-01-06,320.2,100,35.8,0.0,19.5,0.123,29.83,22
-31.1297,146.0487,2013-01-06,310.0,79,36.0,0.0,19.5,0.117,29.83,21
-31.1319,146.0795,2013-01-06,323.6,100,35.8,0.0,19.5,0.123,29.83,22
-31.9243,142.7672,2013-01-06,320.3,100,37.8,0.0,26.6,0.082,30.71,18
-31.9291,142.7591,2013-01-06,316.1,92,37.8,0.0,26.6,0.082,30.71,18
-31.9308,142.7783,2013-01-06,320.2,96,37.8,0.0,26.6,0.082,30.71,18
-31.9529,142.7561,2013-01-06,318.2,86,37.8,0.0,26.6,0.119,30.71,17
-33.6551,146.252,2013-01-06,310.4,78,35.7,0.0,16.2,0.143,31.44,20
-33.6705,146.2502,2013-01-06,313.6,87,35.6,0.0,16.2,0.143,31.44,20
-33.6657,146.242,2013-01-06,314.7,89,34.9,0.0,17.2,0.124,31.53,20
-28.5533,142.6993,2013-01-06,327.5,53,37.4,0.0,25.5,0.117,30.39,20
-28.2346,142.536,2013-01-06,331.5,72,37.6,0.0,25.3,0.143,30.69,20
-28.2391,142.4786,2013-01-06,335.7,79,37.3,0.0,25.3,0.143,30.69,19
-28.25,142.5238,2013-01-06,358.5,99,37.5,0.0,25.3,0.143,30.69,20
-28.2673,142.5182,2013-01-06,351.5,94,37.6,0.0,25.3,0.143,30.69,20
-28.2781,142.5635,2013-01-06,333.8,76,37.7,0.0,25.3,0.139,30.69,20
-28.2846,142.5128,2013-01-06,341.8,86,37.6,0.0,25.3,0.143,30.69,20
-28.2954,142.5583,2013-01-06,337.5,82,37.5,0.0,25.3,0.139,30.69,20
-28.3019,142.5073,2013-01-06,340.4,85,37.6,0.0,25.3,0.143,30.69,20
-28.3127,142.5529,2013-01-06,333.2,73,37.6,0.0,25.3,0.139,30.69,20
-28.249,142.5186,2013-01-06,354.7,96,37.5,0.0,25.3,0.143,30.69,20
-28.2662,142.513,2013-01-06,349.0,92,37.5,0.0,25.3,0.143,30.69,20
-28.2773,142.5582,2013-01-06,337.1,81,37.6,0.0,25.3,0.139,30.69,20
-28.2835,142.5075,2013-01-06,337.7,82,37.6,0.0,25.3,0.143,30.69,20
-28.2946,142.553,2013-01-06,339.4,84,37.5,0.0,25.3,0.139,30.69,20
-28.3008,142.5022,2013-01-06,334.6,78,37.6,0.0,25.3,0.143,30.69,20
-28.3119,142.5477,2013-01-06,334.1,77,37.6,0.0,25.3,0.143,30.69,20
-28.5528,142.7047,2013-01-06,329.2,61,37.4,0.0,25.5,0.117,30.39,20
-28.6694,142.7957,2013-01-06,330.1,68,37.3,0.0,24.7,0.129,30.15,20
-28.8966,143.2107,2013-01-06,330.4,57,38.0,0.0,27.4,0.118,28.62,20
-28.913,143.2057,2013-01-06,331.6,73,38.0,0.0,27.4,0.118,28.62,20
-28.8999,143.2021,2013-01-06,330.6,71,38.0,0.0,27.4,0.118,28.62,20
-28.9094,143.2421,2013-01-06,328.6,53,37.9,0.0,27.4,0.118,28.62,20
-28.9163,143.1971,2013-01-06,329.9,70,38.0,0.0,27.4,0.118,28.62,20
-31.6713,151.906,2013-01-06,324.8,71,23.0,0.0,11.9,0.233,30.62,72
-31.6788,151.8932,2013-01-06,334.4,83,22.0,0.0,11.9,0.253,30.62,72
-31.6806,151.9044,2013-01-06,354.1,97,21.8,0.0,12.0,0.253,29.8,72
-31.2228,144.774,2013-01-06,327.9,60,37.9,0.9,17.7,0.109,27.13,19
-30.4696,141.378,2013-01-06,342.3,87,37.8,0.2,36.7,0.023,26.88,16
-30.455,141.325,2013-01-06,342.5,87,37.9,0.1,35.3,0.078,27.94,16
-30.4672,141.3737,2013-01-06,344.2,88,37.8,0.1,35.3,0.023,27.94,16
-30.4726,141.319,2013-01-06,328.0,55,38.0,0.1,35.3,0.078,27.94,16
-30.4848,141.3677,2013-01-06,328.3,60,37.8,0.1,35.3,0.023,27.94,16
-30.4813,141.3608,2013-01-06,328.3,62,37.8,0.1,35.3,0.023,27.94,16
-33.6663,146.2549,2013-01-06,339.8,83,35.4,0.0,17.2,0.143,31.53,20
-33.6782,146.2508,2013-01-06,335.9,78,35.8,0.0,16.2,0.143,31.44,20
-33.6861,146.2266,2013-01-06,326.7,35,35.9,0.0,16.2,0.142,31.44,21
-35.0554,147.5719,2013-01-06,332.3,77,31.9,0.0,30.1,0.133,32.11,30
-35.0584,147.5879,2013-01-06,329.9,74,32.1,0.0,30.1,0.133,32.11,30
-36.2854,149.2841,2013-01-06,327.0,43,21.1,0.4,15.6,0.141,31.7,71
-36.2831,149.2712,2013-01-06,328.6,62,21.2,0.4,15.6,0.141,31.7,71
-30.3574,141.2225,2013-01-07,330.6,29,37.7,0.0,18.4,0.086,31.32,18
-30.4365,141.3517,2013-01-07,338.2,77,37.6,0.0,16.4,0.058,31.32,18
-30.4514,141.3034,2013-01-07,335.3,68,37.6,0.0,16.4,0.079,31.32,18
-30.4542,141.3506,2013-01-07,344.9,86,37.4,0.0,16.4,0.024,31.32,19
-30.4361,141.3463,2013-01-07,332.5,53,37.7,0.0,16.4,0.109,31.32,18
-30.4513,141.2978,2013-01-07,331.9,45,37.6,0.0,16.4,0.079,31.32,18
-30.4539,141.3451,2013-01-07,344.8,86,37.6,0.0,16.4,0.079,31.32,18
-34.8787,149.2542,2013-01-07,338.1,61,24.6,0.0,19.2,0.14,31.99,49
-34.8807,149.242,2013-01-07,378.7,100,24.6,0.0,19.2,0.142,31.99,48
-35.099,147.5578,2013-01-07,337.7,41,30.5,0.0,31.0,0.135,32.22,35
-35.1006,147.5467,2013-01-07,353.0,94,30.9,0.0,31.0,0.135,32.22,35
-35.1023,147.5357,2013-01-07,360.5,100,31.1,0.0,31.0,0.135,32.22,35
-35.0899,147.5557,2013-01-07,344.2,38,30.6,0.0,31.0,0.135,32.22,35
-35.0916,147.5446,2013-01-07,365.4,100,30.1,0.0,31.0,0.135,32.22,35
-35.0933,147.5335,2013-01-07,373.0,100,30.8,0.0,31.0,0.135,32.22,35
-35.0775,147.5758,2013-01-07,343.9,64,30.2,0.0,31.0,0.135,32.22,35
-35.0792,147.5647,2013-01-07,347.2,83,30.2,0.0,31.0,0.135,32.22,35
-35.0826,147.5425,2013-01-07,348.9,91,29.8,0.0,31.0,0.132,32.22,35
-35.0809,147.5536,2013-01-07,347.4,80,30.3,0.0,31.0,0.135,32.22,35
-36.286,149.2755,2013-01-07,349.6,94,22.7,0.0,14.1,0.136,30.87,55
-31.7725,143.4062,2013-01-07,360.0,99,36.8,0.0,22.3,0.069,31.52,20
-31.941,142.7831,2013-01-07,351.3,93,37.3,0.0,20.6,0.083,29.79,18
-32.2461,150.0509,2013-01-07,330.6,61,25.8,0.0,15.3,0.206,32.09,57
-33.6528,146.2553,2013-01-07,349.8,81,33.6,0.0,24.2,0.143,31.07,23
-33.6665,146.2248,2013-01-07,346.9,74,33.4,0.0,25.0,0.142,31.28,23
-33.6634,146.2464,2013-01-07,362.8,100,33.0,0.0,25.0,0.124,31.28,23
-33.6618,146.2571,2013-01-07,398.5,100,33.2,0.0,25.0,0.124,31.28,23
-33.6603,146.2679,2013-01-07,366.2,100,33.5,0.0,24.2,0.143,31.07,23
-33.6724,146.2482,2013-01-07,371.3,100,33.4,0.0,24.2,0.142,31.07,23
-33.6693,146.2698,2013-01-07,414.8,100,33.5,0.0,24.2,0.143,31.07,23
-33.686,146.2178,2013-01-07,350.1,84,33.8,0.0,24.2,0.142,31.07,23
-33.6845,146.2286,2013-01-07,367.0,100,33.6,0.0,24.2,0.142,31.07,23
-33.6799,146.2609,2013-01-07,346.0,47,33.6,0.0,24.2,0.143,31.07,23
-33.6783,146.2717,2013-01-07,340.1,49,33.6,0.0,24.2,0.143,31.07,23
-33.6709,146.259,2013-01-07,398.1,100,33.5,0.0,24.2,0.143,31.07,23
-30.9924,142.0659,2013-01-07,344.8,31,36.7,0.0,17.1,0.08,30.68,20
-30.9908,142.079,2013-01-07,349.3,86,36.6,0.0,17.1,0.08,30.68,20
-31.0024,142.0675,2013-01-07,345.1,71,36.6,0.0,17.1,0.08,30.68,20
-31.0009,142.0806,2013-01-07,346.4,80,36.6,0.0,17.1,0.08,30.68,20
-31.2054,144.7816,2013-01-07,347.1,89,35.6,0.0,20.6,0.111,31.45,20
-31.2174,144.762,2013-01-07,342.9,84,35.6,0.0,20.6,0.111,31.45,20
-31.2144,144.7833,2013-01-07,347.2,89,35.6,0.0,20.6,0.111,31.45,20
-31.225,144.7743,2013-01-07,348.4,90,35.6,0.0,20.6,0.111,31.45,20
-31.2235,144.785,2013-01-07,355.1,96,35.6,0.0,20.6,0.111,31.45,20
-31.1335,146.0596,2013-01-07,360.4,100,33.2,0.0,19.7,0.123,31.82,23
-31.1395,146.0825,2013-01-07,358.8,99,33.1,0.0,19.7,0.123,31.82,23
-31.7645,143.3928,2013-01-07,343.5,72,36.8,0.0,22.3,0.069,31.52,20
-31.763,143.4046,2013-01-07,346.9,89,36.8,0.0,22.3,0.069,31.52,20
-31.774,143.3944,2013-01-07,358.1,98,36.8,0.0,22.3,0.069,31.52,21
-28.9393,143.2068,2013-01-07,349.2,76,36.3,0.0,19.7,0.117,31.88,19
-30.2902,145.1457,2013-01-07,347.7,89,34.6,0.0,19.4,0.112,31.85,23
-30.4786,141.4118,2013-01-07,344.0,85,37.4,0.0,16.5,0.024,31.28,19
-30.4458,141.3575,2013-01-07,348.4,49,37.6,0.0,16.4,0.058,31.32,18
-30.4474,141.3434,2013-01-07,353.0,71,37.7,0.0,16.4,0.109,31.32,18
-30.449,141.3293,2013-01-07,364.2,100,37.7,0.0,16.4,0.109,31.32,18
-30.4506,141.3152,2013-01-07,365.5,100,37.6,0.0,16.4,0.079,31.32,18
-28.9129,148.2043,2013-01-07,355.0,96,29.8,0.0,22.5,0.137,32.32,36
-28.915,148.192,2013-01-07,353.1,94,29.8,0.0,22.5,0.137,32.32,36
-28.9031,148.2022,2013-01-07,343.7,85,29.8,0.0,22.5,0.137,32.32,36
-28.6846,149.124,2013-01-07,339.1,79,28.7,0.0,21.6,0.149,32.14,41
-28.687,149.1101,2013-01-07,407.4,100,28.7,0.0,21.6,0.149,32.14,41
-28.6894,149.0962,2013-01-07,358.5,98,28.7,0.0,21.6,0.149,32.14,41
-28.6767,149.1077,2013-01-07,343.4,85,28.7,0.0,21.6,0.149,32.14,41
-28.6791,149.0938,2013-01-07,357.5,98,28.6,0.0,21.6,0.149,32.14,41
-28.6663,149.1053,2013-01-07,340.4,81,28.7,0.0,21.6,0.149,32.14,41
-28.6687,149.0914,2013-01-07,352.1,94,28.7,0.0,21.6,0.149,32.14,41
-28.953,143.1754,2013-01-07,344.7,53,36.2,0.0,19.7,0.119,31.88,20
-28.8871,143.2428,2013-01-07,348.4,83,36.3,0.0,19.7,0.117,31.88,19
-28.8778,143.2412,2013-01-07,348.5,88,36.3,0.0,19.7,0.117,31.88,19
-28.8834,143.1973,2013-01-07,347.7,84,36.4,0.0,19.7,0.117,31.88,19
-28.8559,143.2209,2013-01-07,350.3,92,36.3,0.0,20.8,0.117,31.89,19
-28.8574,143.2099,2013-01-07,365.7,100,36.3,0.0,20.8,0.117,31.89,19
-28.6858,142.748,2013-01-07,347.7,90,36.2,0.0,18.9,0.12,32.04,19
-28.638,142.7795,2013-01-07,343.8,39,36.2,0.0,18.9,0.079,32.04,19
-28.5597,142.0295,2013-01-07,372.8,100,36.6,0.0,24.0,0.027,31.74,19
-28.55,142.028,2013-01-07,355.1,96,36.7,0.0,24.0,0.131,31.74,18
-28.5515,142.0159,2013-01-07,385.0,100,36.7,0.0,24.0,0.027,31.74,19
-28.553,142.0037,2013-01-07,387.5,100,36.7,0.0,24.0,0.027,31.74,19
-28.5417,142.0143,2013-01-07,345.9,88,36.8,0.0,24.0,0.131,31.74,18
-28.5432,142.0022,2013-01-07,365.9,100,36.8,0.0,24.0,0.131,31.74,18
-28.5447,141.9901,2013-01-07,354.7,96,36.8,0.0,24.0,0.131,31.74,18
-28.2814,142.4766,2013-01-07,344.5,83,36.3,0.0,20.2,0.143,31.84,18
-28.2704,142.4865,2013-01-07,341.0,60,36.3,0.0,20.2,0.143,31.84,18
-28.258,142.5078,2013-01-07,346.5,51,36.3,0.0,20.2,0.143,31.84,18
-28.2485,142.5063,2013-01-07,347.8,59,36.2,0.0,20.2,0.143,31.84,18
-28.2262,142.6069,2013-01-07,365.3,96,36.3,0.0,20.2,0.143,31.84,18
-28.2276,142.5956,2013-01-07,353.8,40,36.3,0.0,20.2,0.143,31.84,18
-28.2288,142.5555,2013-01-07,346.3,52,36.4,0.0,20.2,0.143,31.84,19
-28.212,142.6106,2013-01-07,348.6,61,36.2,0.0,20.2,0.143,31.84,18
-28.2135,142.5993,2013-01-07,351.4,84,36.3,0.0,20.2,0.143,31.84,18
-28.2179,142.5652,2013-01-07,350.5,51,36.4,0.0,20.2,0.143,31.84,19
-28.2193,142.5539,2013-01-07,355.5,96,36.4,0.0,20.2,0.143,31.84,19
-28.2252,142.5085,2013-01-07,351.4,77,36.3,0.0,20.2,0.143,31.84,18
-28.2084,142.5637,2013-01-07,350.1,44,36.4,0.0,20.2,0.143,31.84,19
-28.2098,142.5524,2013-01-07,377.3,100,36.4,0.0,20.2,0.143,31.84,19
-28.2113,142.541,2013-01-07,345.9,8,36.5,0.0,20.2,0.143,31.84,18
-28.2156,142.507,2013-01-07,364.2,100,36.3,0.0,20.2,0.143,31.84,18
-36.2853,149.2968,2013-01-07,300.5,29,23.3,0.0,13.1,0.136,30.84,55
-28.6789,149.1171,2013-01-07,326.3,100,28.7,0.0,21.6,0.149,32.14,41
-28.6958,149.1226,2013-01-07,319.9,99,28.7,0.0,21.6,0.149,32.14,41
-30.4369,141.3242,2013-01-07,315.4,87,37.7,0.0,16.4,0.109,31.32,18
-30.8998,142.1011,2013-01-07,312.1,80,36.5,0.0,17.1,0.074,30.68,20
-30.9125,142.0897,2013-01-07,312.0,51,36.6,0.0,17.1,0.074,30.68,20
-30.9101,142.1037,2013-01-07,314.3,82,36.6,0.0,17.1,0.074,30.68,20
-30.9077,142.0942,2013-01-07,312.3,49,36.6,0.0,17.1,0.074,30.68,20
-30.9052,142.1082,2013-01-07,313.4,81,36.5,0.0,17.1,0.074,30.68,20
-30.918,142.0967,2013-01-07,311.7,45,36.6,0.0,17.1,0.074,30.68,20
-31.2223,144.8027,2013-01-07,316.3,91,35.5,0.0,20.6,0.111,31.45,20
-31.2286,144.7899,2013-01-07,317.3,94,35.6,0.0,20.6,0.111,31.45,20
-28.6944,149.1172,2013-01-07,324.9,100,28.7,0.0,21.6,0.149,32.14,41
-28.6775,149.1117,2013-01-07,323.7,100,28.7,0.0,21.6,0.149,32.14,41
-28.5244,142.0118,2013-01-07,323.6,100,36.8,0.0,24.0,0.131,31.74,18
-28.2695,142.4535,2013-01-07,311.4,75,36.2,0.0,20.2,0.143,31.84,18
-28.5009,142.0007,2013-01-07,325.4,100,36.8,0.0,24.0,0.131,31.74,18
-28.5143,141.9884,2013-01-07,325.0,100,36.8,0.0,24.0,0.131,31.74,18
-28.5116,142.0032,2013-01-07,345.0,100,36.8,0.0,24.0,0.131,31.74,18
-28.509,142.0181,2013-01-07,313.5,82,36.8,0.0,24.0,0.131,31.74,18
-28.525,141.9909,2013-01-07,325.1,100,36.8,0.0,24.0,0.131,31.74,18
-28.5223,142.0057,2013-01-07,343.1,100,36.8,0.0,24.0,0.131,31.74,18
-28.5164,141.9945,2013-01-07,345.1,100,36.8,0.0,24.0,0.131,31.74,18
-28.5137,142.0093,2013-01-07,343.0,100,36.8,0.0,24.0,0.131,31.74,18
-28.1914,142.5641,2013-01-07,315.0,83,36.3,0.0,20.2,0.143,31.84,18
-29.1071,142.2338,2013-01-07,315.9,90,36.2,0.0,18.9,0.132,31.77,21
-29.1178,142.2364,2013-01-07,313.9,84,36.2,0.0,18.9,0.132,31.77,21
-28.6943,149.132,2013-01-07,314.9,90,28.7,0.0,20.3,0.149,32.06,41
-28.6605,149.1042,2013-01-07,307.5,71,28.7,0.0,21.6,0.149,32.14,41
-28.67,149.1023,2013-01-07,337.7,100,28.7,0.0,21.6,0.149,32.14,41
-28.6718,149.1135,2013-01-07,337.4,100,28.7,0.0,21.6,0.149,32.14,41
-28.6737,149.1247,2013-01-07,328.4,100,28.7,0.0,21.6,0.149,32.14,41
-28.6755,149.1359,2013-01-07,307.8,64,28.7,0.0,20.3,0.149,32.06,41
-28.6812,149.1115,2013-01-07,328.9,100,28.7,0.0,21.6,0.149,32.14,41
-28.6831,149.1227,2013-01-07,358.6,100,28.7,0.0,21.6,0.149,32.14,41
-28.6849,149.134,2013-01-07,341.6,100,28.7,0.0,20.3,0.149,32.06,41
-28.6925,149.1208,2013-01-07,328.7,100,28.7,0.0,21.6,0.149,32.14,41
-29.9751,152.8692,2013-01-07,300.2,22,21.5,0.0,10.4,0.373,26.62,76
-28.5086,142.022,2013-01-07,311.2,80,36.8,0.0,24.0,0.131,31.74,18
-28.5232,142.0178,2013-01-07,313.3,85,36.8,0.0,24.0,0.131,31.74,18
-28.5089,142.0171,2013-01-07,313.2,85,36.7,0.0,24.0,0.131,31.74,18
-28.5235,142.0129,2013-01-07,313.5,86,36.8,0.0,24.0,0.131,31.74,18
-31.6776,151.8906,2013-01-07,303.1,53,22.1,0.0,10.9,0.244,30.69,71
-31.6791,151.9016,2013-01-07,302.1,47,22.0,0.0,11.3,0.244,30.09,71
-31.2216,144.7969,2013-01-07,314.8,88,35.5,0.0,20.6,0.111,31.45,20
-31.2201,144.8092,2013-01-07,312.6,82,35.5,0.0,20.6,0.111,31.45,20
-34.4569,150.8817,2013-01-07,305.5,65,21.6,0.0,21.9,0.155,28.79,77
-36.2808,149.2894,2013-01-07,319.5,99,23.3,0.0,13.1,0.136,30.84,55
-28.6699,149.1103,2013-01-08,344.1,89,29.0,0.0,17.7,0.149,32.34,35
-28.6795,149.0919,2013-01-08,332.2,47,28.9,0.0,17.7,0.149,32.34,35
-28.6813,149.1088,2013-01-08,352.8,95,29.0,0.0,17.7,0.149,32.34,35
-28.6831,149.1256,2013-01-08,336.0,81,29.1,0.0,16.9,0.149,32.37,35
-28.6945,149.1242,2013-01-08,332.0,49,29.1,0.0,17.7,0.149,32.34,35
-28.2374,142.6308,2013-01-08,335.3,70,35.4,0.0,18.8,0.142,32.09,18
-28.2457,142.5643,2013-01-08,342.4,83,35.6,0.0,19.5,0.142,32.03,18
-28.2474,142.5748,2013-01-08,349.5,91,35.6,0.0,19.5,0.142,32.03,18
-28.3038,142.5745,2013-01-08,345.0,87,35.6,0.0,19.5,0.138,32.03,18
-28.3054,142.5849,2013-01-08,342.0,83,35.7,0.0,19.5,0.138,32.03,18
-28.5324,142.7476,2013-01-08,341.8,83,35.5,0.0,18.8,0.139,32.19,18
-28.629,142.7758,2013-01-08,337.3,60,35.3,0.0,18.8,0.079,32.27,18
-28.6306,142.7862,2013-01-08,352.2,94,35.3,0.0,18.8,0.079,32.27,18
-28.6322,142.7965,2013-01-08,348.4,90,35.3,0.0,18.8,0.079,32.27,18
-28.6445,142.8155,2013-01-08,350.0,92,35.3,0.0,18.8,0.079,32.27,18
-28.6461,142.8259,2013-01-08,358.0,98,35.3,0.0,18.8,0.079,32.27,18
-28.6552,142.8241,2013-01-08,358.8,99,35.3,0.0,18.8,0.128,32.27,18
-28.6568,142.8345,2013-01-08,345.6,63,35.2,0.0,18.8,0.128,32.27,18
-28.6626,142.812,2013-01-08,359.7,99,35.2,0.0,18.8,0.128,32.27,18
-28.6642,142.8223,2013-01-08,374.5,100,35.2,0.0,18.8,0.128,32.27,18
-28.6658,142.8327,2013-01-08,359.0,99,35.2,0.0,18.8,0.128,32.27,18
-28.6674,142.8431,2013-01-08,332.9,44,35.3,0.0,18.8,0.128,32.27,18
-28.6717,142.8102,2013-01-08,342.0,54,35.3,0.0,18.8,0.128,32.27,18
-28.6733,142.8206,2013-01-08,354.4,95,35.3,0.0,18.8,0.128,32.27,18
-28.6744,142.7669,2013-01-08,337.7,49,35.3,0.0,18.8,0.128,32.27,18
-28.677,142.7235,2013-01-08,343.0,84,35.4,0.0,18.8,0.12,32.27,18
-28.7043,142.7182,2013-01-08,337.9,67,35.4,0.0,18.8,0.12,32.27,18
-28.8189,142.8116,2013-01-08,340.4,71,35.2,0.0,18.8,0.142,32.27,18
-28.828,142.8098,2013-01-08,336.6,27,35.3,0.0,18.8,0.142,32.27,18
-28.8296,142.8202,2013-01-08,335.2,26,35.3,0.0,18.8,0.142,32.27,18
-29.1063,142.232,2013-01-08,336.3,73,36.0,0.0,18.7,0.131,31.79,17
-29.108,142.2426,2013-01-08,342.7,84,36.0,0.0,18.7,0.131,31.79,17
-29.5055,143.8884,2013-01-08,339.8,79,34.6,0.0,22.8,0.024,32.1,18
-29.513,143.8764,2013-01-08,349.1,91,34.6,0.0,22.8,0.024,32.1,18
-29.5145,143.8867,2013-01-08,402.8,100,34.6,0.0,22.8,0.024,32.1,18
-29.516,143.897,2013-01-08,402.7,100,34.6,0.0,22.8,0.024,32.1,18
-29.522,143.8747,2013-01-08,353.0,94,34.6,0.0,25.6,0.024,32.09,18
-29.5235,143.8851,2013-01-08,379.6,100,34.6,0.0,22.8,0.024,32.1,18
-29.525,143.8954,2013-01-08,393.1,100,34.6,0.0,22.8,0.024,32.1,18
-29.5309,143.8772,2013-01-08,332.3,51,34.6,0.0,22.8,0.024,32.1,18
-30.3721,141.1966,2013-01-08,362.4,100,37.5,0.0,41.4,0.085,31.23,15
-30.3739,141.2079,2013-01-08,383.1,100,37.6,0.0,41.4,0.085,31.23,15
-30.4041,141.0659,2013-01-08,351.4,93,37.5,0.0,40.3,0.023,31.08,15
-30.406,141.0773,2013-01-08,341.9,83,37.5,0.0,40.3,0.023,31.08,15
-29.9744,141.025,2013-01-08,356.1,97,37.3,0.0,39.2,0.023,31.31,15
-30.4183,141.6002,2013-01-08,341.9,83,37.4,0.0,39.7,0.025,31.15,15
-30.3627,141.1986,2013-01-08,356.8,97,37.6,0.0,41.4,0.085,31.23,15
-30.3646,141.2099,2013-01-08,347.9,90,37.6,0.0,41.4,0.085,31.23,15
-30.4275,141.5983,2013-01-08,363.5,100,37.5,0.0,39.7,0.025,31.15,15
-30.4293,141.6092,2013-01-08,344.2,86,37.5,0.0,39.7,0.025,31.15,15
-35.2016,145.5351,2013-01-08,337.2,65,32.7,0.0,33.4,0.119,27.15,21
-35.2032,145.5488,2013-01-08,331.0,23,32.7,0.0,33.4,0.119,27.15,21
-35.2132,145.5471,2013-01-08,358.2,99,32.7,0.0,33.4,0.119,27.15,21
-35.21,145.5198,2013-01-08,353.9,75,32.8,0.0,33.4,0.119,27.15,21
-35.2148,145.5607,2013-01-08,334.4,79,32.9,0.0,33.4,0.121,27.15,20
-35.22,145.5181,2013-01-08,382.2,92,32.8,0.0,33.4,0.119,27.15,21
-35.2216,145.5317,2013-01-08,500.0,100,32.8,0.0,33.4,0.119,27.15,21
-35.2232,145.5454,2013-01-08,430.8,100,32.8,0.0,33.4,0.119,27.15,21
-35.2249,145.559,2013-01-08,343.0,86,32.9,0.0,33.4,0.121,27.15,20
-35.2349,145.5573,2013-01-08,339.7,67,32.9,0.0,33.4,0.121,27.15,20
-33.6826,146.2326,2013-01-08,336.2,41,34.0,0.0,35.6,0.141,28.08,18
-35.2,145.5215,2013-01-08,333.7,54,32.7,0.0,33.4,0.119,27.15,21
-35.2116,145.5334,2013-01-08,370.9,100,32.8,0.0,33.4,0.119,27.15,21
-35.2384,145.5011,2013-01-08,332.9,62,32.8,0.0,33.4,0.119,27.15,21
-35.24,145.5147,2013-01-08,359.3,84,32.8,0.0,33.4,0.119,27.15,21
-35.2416,145.5283,2013-01-08,369.6,0,32.8,0.0,33.4,0.119,27.15,21
-35.2387,145.5085,2013-01-08,340.6,74,32.8,0.0,33.4,0.119,27.15,21
-35.2402,145.5221,2013-01-08,359.9,82,32.8,0.0,33.4,0.119,27.15,21
-35.2487,145.5068,2013-01-08,328.4,23,32.8,0.0,33.4,0.119,27.15,21
-35.2502,145.5204,2013-01-08,369.5,100,32.5,0.0,33.4,0.114,27.15,21
-36.2946,149.3313,2013-01-08,426.9,100,27.2,0.0,39.3,0.129,27.35,28
-36.3426,149.3266,2013-01-08,350.6,94,27.0,0.1,40.9,0.129,27.49,28
-36.3519,149.3692,2013-01-08,328.6,0,25.0,0.0,37.2,0.237,28.28,34
-36.3354,149.3683,2013-01-08,394.2,0,25.5,0.1,40.9,0.236,27.49,33
-36.3376,149.3226,2013-01-08,355.6,92,27.2,0.0,39.3,0.129,27.35,28
-36.321,149.322,2013-01-08,376.9,87,26.9,0.1,40.9,0.129,27.49,28
-36.3045,149.3201,2013-01-08,366.6,0,26.8,0.1,40.9,0.129,27.49,28
-36.3065,149.2775,2013-01-08,359.4,94,26.7,0.1,40.9,0.129,27.49,28
-36.2898,149.2767,2013-01-08,343.6,75,26.6,0.1,40.9,0.129,27.49,28
-36.3151,149.3131,2013-01-08,363.7,75,27.1,0.1,40.9,0.129,27.49,28
-36.2985,149.3109,2013-01-08,362.4,0,27.3,0.0,39.3,0.129,27.35,28
-36.3007,149.2696,2013-01-08,350.2,90,26.5,0.1,40.9,0.129,27.49,28
-35.2897,147.7033,2013-01-08,341.2,84,32.1,0.0,38.9,0.137,25.07,22
-35.2716,147.7029,2013-01-08,350.4,95,32.0,0.0,38.9,0.137,25.07,22
-35.2916,147.6956,2013-01-08,338.6,68,32.0,0.0,38.9,0.137,25.07,22
-35.2735,147.6954,2013-01-08,354.3,97,31.9,0.0,38.9,0.137,25.07,22
-35.1026,150.3806,2013-01-08,342.4,71,29.6,0.0,34.4,0.236,30.74,32
-35.0872,150.3795,2013-01-08,361.8,99,29.7,0.0,34.4,0.236,30.74,32
-35.0893,150.3444,2013-01-08,377.4,100,29.9,0.0,34.4,0.236,30.74,32
-35.0912,150.3755,2013-01-08,361.7,100,29.4,0.0,34.4,0.236,30.74,32
-35.0934,150.3409,2013-01-08,359.4,99,29.6,0.0,34.4,0.248,30.74,31
-29.9785,152.8772,2013-01-08,321.7,60,24.2,0.0,19.5,0.286,32.43,61
-29.9804,152.8575,2013-01-08,321.7,47,24.3,0.0,15.8,0.362,32.77,61
-29.4388,152.7114,2013-01-08,328.6,75,24.9,0.0,12.8,0.29,32.27,62
-28.6787,149.1024,2013-01-08,359.3,99,29.0,0.0,17.7,0.149,32.34,35
-28.684,149.0988,2013-01-08,358.3,99,29.0,0.0,17.7,0.149,32.34,35
-28.4043,150.7285,2013-01-08,328.7,65,27.0,0.0,14.6,0.194,31.67,46
-28.399,150.723,2013-01-08,328.2,64,27.0,0.0,14.6,0.194,31.67,46
-36.8502,141.5641,2013-01-08,368.8,100,21.3,0.0,31.6,0.137,30.64,50
-36.8533,141.5478,2013-01-08,395.2,100,20.9,0.0,31.6,0.129,30.64,51
-36.8396,141.561,2013-01-08,425.8,100,21.7,0.0,31.6,0.143,30.64,48
-36.8427,141.5447,2013-01-08,409.5,100,21.4,0.0,31.6,0.142,30.64,49
-35.2329,145.6358,2013-01-08,354.1,96,32.9,0.0,36.3,0.121,26.77,20
-35.2399,145.6057,2013-01-08,387.9,100,32.9,0.0,33.4,0.121,27.15,20
-35.2468,145.5757,2013-01-08,330.9,71,32.9,0.0,33.4,0.121,27.15,20
-35.2188,145.6309,2013-01-08,334.4,77,32.9,0.0,36.3,0.121,26.77,20
-35.2258,145.6008,2013-01-08,338.8,83,32.9,0.0,33.4,0.121,27.15,20
-35.2327,145.5709,2013-01-08,332.0,40,32.9,0.0,33.4,0.121,27.15,20
-35.2396,145.541,2013-01-08,332.7,65,32.7,0.0,33.4,0.119,27.15,21
-35.2465,145.5114,2013-01-08,339.1,83,32.7,0.0,33.4,0.119,27.15,21
-35.2187,145.566,2013-01-08,333.0,64,32.9,0.0,33.4,0.121,27.15,20
-35.2329,145.6308,2013-01-08,361.0,100,32.9,0.0,36.3,0.121,26.77,20
-35.2397,145.6006,2013-01-08,370.6,100,32.9,0.0,33.4,0.121,27.15,20
-35.2531,145.5407,2013-01-08,329.9,30,32.6,0.0,33.4,0.114,27.15,21
-35.2188,145.6258,2013-01-08,338.5,83,32.9,0.0,36.3,0.121,26.77,20
-35.2256,145.5957,2013-01-08,334.3,48,32.9,0.0,33.4,0.121,27.15,20
-35.2324,145.5656,2013-01-08,334.6,37,32.9,0.0,33.4,0.121,27.15,20
-35.2391,145.5357,2013-01-08,335.0,66,32.7,0.0,33.4,0.119,27.15,21
-35.2183,145.5608,2013-01-08,331.3,68,32.9,0.0,33.4,0.121,27.15,20
-33.1168,147.8584,2013-01-08,330.9,47,33.5,0.0,30.2,0.12,29.79,21
-33.1283,147.8126,2013-01-08,339.0,77,33.7,0.0,30.6,0.119,29.2,20
-33.1271,147.8044,2013-01-08,333.8,66,33.7,0.0,30.6,0.119,29.2,20
-33.1158,147.8502,2013-01-08,335.9,77,33.5,0.0,30.2,0.12,29.79,21
-28.6347,142.8221,2013-01-08,371.4,100,35.3,0.0,18.8,0.079,32.27,18
-29.5668,143.9042,2013-01-08,337.4,74,34.6,0.0,22.8,0.024,32.1,18
-29.5454,143.9305,2013-01-08,350.0,92,34.6,0.0,22.8,0.024,32.1,18
-29.5522,143.8998,2013-01-08,355.2,96,34.6,0.0,22.8,0.024,32.1,18
-29.5376,143.8955,2013-01-08,356.3,97,34.6,0.0,22.8,0.024,32.1,18
-29.5443,143.8652,2013-01-08,342.4,79,34.7,0.0,25.6,0.024,32.09,18
-29.5161,143.9219,2013-01-08,379.9,100,34.7,0.0,22.8,0.024,32.1,18
-29.5229,143.8912,2013-01-08,384.8,100,34.6,0.0,22.8,0.024,32.1,18
-29.5014,143.9176,2013-01-08,367.1,100,34.6,0.0,22.8,0.024,32.1,18
-29.5083,143.8868,2013-01-08,403.8,100,34.6,0.0,22.8,0.024,32.1,18
-29.5464,143.9225,2013-01-08,351.9,93,34.5,0.0,22.8,0.024,32.1,18
-29.553,143.8919,2013-01-08,342.9,84,34.7,0.0,22.8,0.024,32.1,18
-29.5318,143.9181,2013-01-08,342.6,79,34.6,0.0,22.8,0.024,32.1,18
-29.5384,143.8875,2013-01-08,358.6,99,34.7,0.0,22.8,0.024,32.1,18
-29.545,143.8571,2013-01-08,335.2,68,34.7,0.0,25.6,0.024,32.09,18
-29.5171,143.9138,2013-01-08,395.1,100,34.6,0.0,22.8,0.024,32.1,18
-29.5238,143.8831,2013-01-08,366.9,100,34.6,0.0,22.8,0.024,32.1,18
-29.5025,143.9094,2013-01-08,388.3,100,34.5,0.0,22.8,0.024,32.1,18
-29.5092,143.8788,2013-01-08,388.1,100,34.6,0.0,22.8,0.024,32.1,18
-29.4945,141.0019,2013-01-08,347.2,77,37.1,0.0,36.7,0.022,31.53,15
-29.4405,141.0033,2013-01-08,360.1,100,37.0,0.0,36.7,0.022,31.53,15
-29.4284,141.0002,2013-01-08,366.0,100,37.1,0.0,36.7,0.022,31.53,15
-29.0977,142.2424,2013-01-08,346.0,88,36.0,0.0,18.7,0.131,31.79,17
-28.7055,142.7921,2013-01-08,341.2,69,35.3,0.0,18.8,0.128,32.27,18
-28.6406,142.8888,2013-01-08,383.6,100,35.3,0.0,19.2,0.092,32.32,18
-28.6465,142.8616,2013-01-08,351.7,86,35.3,0.0,18.8,0.092,32.27,18
-28.6753,142.7271,2013-01-08,339.7,42,35.4,0.0,18.8,0.12,32.27,18
-28.6267,142.8849,2013-01-08,391.0,100,35.2,0.0,19.2,0.092,32.32,18
-28.6325,142.8576,2013-01-08,431.5,100,35.2,0.0,18.8,0.092,32.27,18
-28.6384,142.8306,2013-01-08,352.4,94,35.3,0.0,18.8,0.079,32.27,18
-28.6442,142.8036,2013-01-08,343.7,66,35.3,0.0,18.8,0.079,32.27,18
-28.6186,142.8538,2013-01-08,405.4,100,35.2,0.0,18.8,0.092,32.19,18
-28.6244,142.8267,2013-01-08,386.3,100,35.3,0.0,18.8,0.079,32.19,18
-28.6302,142.7998,2013-01-08,355.5,96,35.3,0.0,18.8,0.079,32.27,18
-28.6315,142.9078,2013-01-08,354.8,96,35.2,0.0,19.2,0.092,32.32,18
-28.6373,142.8804,2013-01-08,406.9,100,35.2,0.0,19.2,0.092,32.32,18
-28.643,142.8531,2013-01-08,356.2,94,35.3,0.0,18.8,0.092,32.27,18
-28.6233,142.8764,2013-01-08,399.1,100,35.2,0.0,18.8,0.092,32.25,18
-28.629,142.8491,2013-01-08,439.4,100,35.3,0.0,18.8,0.079,32.27,18
-28.6403,142.795,2013-01-08,351.7,93,35.3,0.0,18.8,0.079,32.27,18
-28.615,142.8453,2013-01-08,353.0,94,35.3,0.0,18.8,0.079,32.19,18
-28.6207,142.8182,2013-01-08,345.4,69,35.3,0.0,18.8,0.079,32.19,18
-28.5464,142.7355,2013-01-08,340.8,66,35.5,0.0,18.8,0.139,32.19,18
-28.5268,142.7585,2013-01-08,371.0,100,35.4,0.0,18.8,0.096,32.19,18
-28.3403,142.5539,2013-01-08,343.8,58,35.6,0.0,19.5,0.138,32.03,18
-28.3265,142.55,2013-01-08,342.6,30,35.7,0.0,19.5,0.143,32.03,18
-28.3356,142.5445,2013-01-08,351.9,93,35.7,0.0,19.5,0.143,32.03,18
-28.297,142.5899,2013-01-08,340.6,38,35.6,0.0,19.5,0.138,32.03,18
-36.3449,149.4646,2013-01-08,325.0,93,24.9,0.0,40.5,0.27,28.61,37
-36.3347,149.4634,2013-01-08,340.5,89,24.5,0.0,40.5,0.237,28.61,34
-36.3363,149.4489,2013-01-08,327.6,42,24.7,0.0,40.5,0.237,28.61,34
-36.3246,149.4615,2013-01-08,351.4,90,24.6,0.0,40.5,0.237,28.61,34
-36.3262,149.4469,2013-01-08,328.3,0,25.2,0.0,40.5,0.236,28.61,33
-36.3144,149.4597,2013-01-08,347.1,100,24.7,0.0,40.5,0.237,28.61,34
-36.316,149.4452,2013-01-08,345.4,97,25.2,0.0,40.5,0.236,28.61,33
-36.3059,149.4435,2013-01-08,340.6,100,25.1,0.0,40.5,0.236,28.61,33
-36.3075,149.4288,2013-01-08,322.0,63,25.5,0.0,40.5,0.236,28.61,33
-36.2973,149.4273,2013-01-08,324.3,56,25.1,0.0,40.5,0.236,28.61,33
-36.2989,149.4125,2013-01-08,322.6,100,26.0,0.1,38.2,0.236,26.67,33
-36.3,149.4219,2013-01-08,324.9,25,25.5,0.0,40.5,0.236,28.61,33
-36.2915,149.4054,2013-01-08,317.9,15,26.2,0.1,38.2,0.236,26.67,33
-34.8511,148.6836,2013-01-08,309.6,78,29.9,0.0,43.4,0.141,29.31,24
-35.1406,150.48,2013-01-08,345.8,100,30.5,0.0,30.1,0.228,30.55,37
-35.1421,150.4677,2013-01-08,329.8,100,30.2,0.0,30.1,0.228,30.55,37
-35.1436,150.4554,2013-01-08,322.1,100,30.2,0.0,30.1,0.228,30.55,37
-35.1452,150.443,2013-01-08,312.0,53,30.0,0.0,30.1,0.217,30.55,38
-35.1296,150.4905,2013-01-08,327.2,100,30.5,0.0,30.1,0.228,30.55,37
-35.1311,150.4782,2013-01-08,373.4,100,30.5,0.0,30.1,0.228,30.55,37
-35.1326,150.4659,2013-01-08,342.7,100,30.4,0.0,30.1,0.228,30.55,37
-35.1341,150.4536,2013-01-08,315.4,52,30.4,0.0,30.1,0.228,30.55,37
-35.1356,150.4413,2013-01-08,318.9,70,30.3,0.0,30.1,0.228,30.55,37
-35.1371,150.4291,2013-01-08,311.5,35,30.4,0.0,30.1,0.216,30.55,35
-35.2331,149.6216,2013-01-08,316.4,93,28.9,0.0,42.4,0.14,30.87,25
-35.2346,149.6084,2013-01-08,320.8,100,28.5,0.0,42.4,0.14,30.87,25
-35.2361,149.5951,2013-01-08,325.5,73,28.3,0.0,42.4,0.14,30.87,25
-35.12,150.4887,2013-01-08,311.3,82,30.6,0.0,26.4,0.228,30.0,37
-35.1216,150.4764,2013-01-08,346.1,100,30.4,0.0,26.4,0.228,30.0,37
-35.1501,150.4818,2013-01-08,309.8,78,29.9,0.0,30.1,0.217,30.55,37
-35.2235,145.5424,2013-01-08,330.0,100,32.8,0.0,33.4,0.119,27.15,21
-35.2255,145.5192,2013-01-08,312.3,84,32.8,0.0,33.4,0.119,27.15,21
-34.8655,148.7458,2013-01-08,321.8,100,29.6,0.0,43.4,0.141,29.31,24
-34.8671,148.7313,2013-01-08,379.4,100,29.5,0.0,43.4,0.141,29.31,24
-34.8687,148.7165,2013-01-08,378.1,100,29.8,0.0,43.4,0.141,29.31,24
-34.8702,148.7021,2013-01-08,358.3,100,29.4,0.0,43.4,0.141,29.31,23
-34.8718,148.6873,2013-01-08,334.1,100,29.6,0.0,43.4,0.141,29.31,24
-34.8734,148.6725,2013-01-08,346.6,100,29.7,0.0,43.4,0.141,29.31,24
-34.875,148.6578,2013-01-08,339.6,100,29.7,0.0,43.4,0.141,29.31,24
-34.8766,148.643,2013-01-08,334.3,100,29.8,0.0,39.7,0.147,28.66,23
-34.8782,148.6281,2013-01-08,321.0,100,30.0,0.0,39.7,0.147,28.66,23
-34.8583,148.715,2013-01-08,321.0,100,29.6,0.0,43.4,0.141,29.31,24
-34.8599,148.7003,2013-01-08,327.4,100,29.7,0.0,43.4,0.141,29.31,24
-34.8615,148.6855,2013-01-08,325.8,100,29.6,0.0,43.4,0.141,29.31,24
-34.863,148.6707,2013-01-08,345.6,100,29.9,0.0,43.4,0.141,29.31,24
-34.8646,148.6562,2013-01-08,348.0,100,29.1,0.0,40.4,0.161,30.23,24
-34.8662,148.6411,2013-01-08,331.3,100,30.2,0.0,43.4,0.147,29.31,23
-34.8678,148.6262,2013-01-08,320.5,100,30.3,0.0,43.4,0.147,29.31,23
-34.8758,148.5519,2013-01-08,324.3,63,29.5,0.0,39.7,0.147,28.66,23
-34.8774,148.5365,2013-01-08,335.2,100,30.8,0.0,38.8,0.14,27.98,22
-35.1517,150.4695,2013-01-08,310.4,80,29.9,0.0,30.1,0.217,30.55,37
-34.8527,148.6689,2013-01-08,351.5,100,29.7,0.0,43.4,0.141,29.31,24
-34.8542,148.6544,2013-01-08,372.1,100,29.6,0.0,43.4,0.141,29.31,24
-34.8558,148.6393,2013-01-08,367.8,100,30.3,0.0,43.4,0.147,29.31,23
-34.8574,148.6244,2013-01-08,327.6,100,30.4,0.0,42.6,0.147,28.72,23
-34.859,148.6096,2013-01-08,317.5,39,30.3,0.0,42.6,0.147,28.72,23
-34.8685,148.5201,2013-01-08,324.5,49,29.4,0.0,39.7,0.156,28.66,23
-34.8438,148.6526,2013-01-08,324.5,100,30.1,0.0,43.4,0.138,29.31,22
-34.8454,148.6375,2013-01-08,316.2,89,30.6,0.0,43.4,0.137,29.31,22
-34.847,148.6226,2013-01-08,346.8,100,30.9,0.0,42.6,0.137,28.72,22
-34.8486,148.6078,2013-01-08,326.4,90,30.9,0.0,42.6,0.137,28.72,22
-34.8366,148.6208,2013-01-08,312.2,29,30.9,0.0,42.6,0.137,28.72,22
-34.8381,148.6061,2013-01-08,346.6,100,30.8,0.0,42.6,0.137,28.72,22
-34.8397,148.5917,2013-01-08,346.4,100,30.4,0.0,42.6,0.137,28.72,22
-34.8412,148.577,2013-01-08,329.9,100,30.4,0.0,39.7,0.139,28.66,21
-34.8428,148.562,2013-01-08,321.2,99,30.1,0.0,39.7,0.137,28.66,22
-34.8443,148.5471,2013-01-08,323.6,100,29.7,0.0,39.7,0.147,28.66,23
-34.84,148.6301,2013-01-08,333.3,100,30.9,0.0,43.4,0.137,29.31,22
-34.8417,148.6152,2013-01-08,339.9,100,30.8,0.0,42.6,0.137,28.72,22
-34.8433,148.6006,2013-01-08,339.9,100,30.8,0.0,42.6,0.137,28.72,22
-34.8449,148.5863,2013-01-08,321.2,46,30.1,0.0,39.7,0.139,28.66,21
-34.8328,148.5989,2013-01-08,332.9,100,30.7,0.0,42.6,0.137,28.72,22
-34.8345,148.5843,2013-01-08,343.6,100,30.3,0.0,42.6,0.137,28.72,22
-34.8361,148.5695,2013-01-08,330.8,85,30.4,0.0,42.6,0.137,28.72,22
-34.8377,148.5547,2013-01-08,334.2,100,30.1,0.0,39.7,0.137,28.66,22
-34.8393,148.5401,2013-01-08,333.1,94,29.3,0.0,39.7,0.147,28.66,23
-34.8256,148.5679,2013-01-08,322.1,87,30.2,0.0,39.7,0.137,28.66,22
-34.8305,148.523,2013-01-08,325.8,57,30.0,0.0,42.6,0.147,28.72,23
-34.8388,148.4472,2013-01-08,317.9,78,30.5,0.0,42.6,0.14,28.72,22
-34.4602,150.875,2013-01-08,309.1,76,29.5,0.0,26.3,0.147,27.61,44
-33.9087,146.7886,2013-01-08,320.3,100,33.8,0.0,37.8,0.129,28.45,18
-33.9105,146.7703,2013-01-08,336.8,100,33.8,0.0,37.8,0.129,28.45,18
-33.9123,146.7519,2013-01-08,310.0,79,33.9,0.0,37.8,0.129,28.45,18
-33.8972,146.7871,2013-01-08,317.9,96,33.6,0.0,37.8,0.129,28.45,18
-33.8989,146.7688,2013-01-08,329.7,100,33.6,0.0,37.8,0.129,28.45,18
-33.6671,146.2209,2013-01-08,310.6,79,34.0,0.0,35.6,0.141,28.08,18
-33.6534,146.2384,2013-01-08,308.1,72,34.2,0.0,35.6,0.141,28.08,18
-33.1224,147.8336,2013-01-08,345.5,88,33.5,0.0,30.2,0.119,29.79,20
-33.124,147.8183,2013-01-08,332.9,84,33.6,0.0,30.2,0.119,29.79,20
-32.7823,149.4215,2013-01-08,319.8,99,26.5,0.0,23.5,0.157,32.13,36
-35.1231,150.4641,2013-01-08,325.8,100,30.7,0.0,26.4,0.228,30.0,37
-35.126,150.4396,2013-01-08,321.6,78,30.2,0.0,30.1,0.228,30.55,37
-35.1276,150.4273,2013-01-08,322.2,93,30.4,0.0,30.1,0.228,30.55,37
-35.2232,149.6199,2013-01-08,311.0,81,28.9,0.0,42.4,0.14,30.87,25
-35.2247,149.6068,2013-01-08,314.3,89,28.3,0.0,42.4,0.14,30.87,25
-35.2293,149.5666,2013-01-08,309.3,49,28.2,0.0,42.4,0.14,30.87,25
-35.112,150.4747,2013-01-08,314.4,89,30.5,0.0,26.4,0.228,30.0,37
-35.1135,150.4624,2013-01-08,323.6,100,30.5,0.0,26.4,0.228,30.0,37
-35.115,150.4502,2013-01-08,320.6,93,30.3,0.0,26.4,0.228,30.0,37
-35.1165,150.438,2013-01-08,323.9,100,30.2,0.0,30.1,0.22,30.4,34
-35.118,150.4256,2013-01-08,321.9,70,30.3,0.0,26.4,0.228,30.0,37
-35.2132,149.6182,2013-01-08,302.8,44,28.9,0.0,42.4,0.14,30.87,25
-35.2147,149.6052,2013-01-08,326.4,100,28.2,0.0,42.4,0.14,30.87,25
-35.2163,149.5918,2013-01-08,321.4,51,28.3,0.0,42.4,0.14,30.87,25
-35.2208,149.5517,2013-01-08,329.9,100,26.9,0.0,38.5,0.194,29.87,27
-35.104,150.4606,2013-01-08,366.0,100,30.4,0.0,26.4,0.228,30.0,37
-35.1055,150.4483,2013-01-08,354.5,100,30.0,0.0,26.4,0.217,30.0,38
-35.1069,150.4362,2013-01-08,361.8,100,30.2,0.0,30.1,0.228,30.55,37
-35.1084,150.424,2013-01-08,343.5,100,30.3,0.0,30.1,0.216,30.4,35
-35.1099,150.4117,2013-01-08,323.5,0,30.7,0.0,30.1,0.227,30.4,33
-35.093,150.4711,2013-01-08,367.8,100,30.6,0.0,26.4,0.228,30.0,37
-35.0944,150.4589,2013-01-08,324.7,100,30.3,0.0,26.4,0.228,30.0,37
-35.0974,150.4343,2013-01-08,357.0,100,30.3,0.0,26.4,0.228,30.0,37
-35.0989,150.4223,2013-01-08,331.0,90,30.2,0.0,30.1,0.216,30.4,35
-35.1003,150.4105,2013-01-08,325.3,28,29.5,0.0,34.2,0.227,30.86,33
-35.0907,150.4086,2013-01-08,323.6,0,30.1,0.0,30.1,0.227,30.4,33
-35.0922,150.3966,2013-01-08,324.3,47,29.9,0.0,34.4,0.236,30.74,32
-35.08,150.3886,2013-01-08,386.8,100,29.8,0.0,34.4,0.236,30.74,32
-35.0815,150.3764,2013-01-08,347.4,100,29.5,0.0,34.4,0.236,30.74,32
-35.0831,150.364,2013-01-08,331.9,0,29.9,0.0,34.4,0.236,30.74,32
-35.072,150.3744,2013-01-08,347.5,100,29.4,0.0,34.4,0.227,30.74,33
-35.0736,150.3618,2013-01-08,335.9,100,29.5,0.0,34.4,0.227,30.74,33
-35.0594,150.3973,2013-01-08,368.1,100,29.7,0.0,27.9,0.227,29.98,33
-35.0609,150.385,2013-01-08,422.4,100,29.4,0.0,34.2,0.227,30.86,33
-35.0625,150.3725,2013-01-08,326.0,100,29.7,0.0,34.4,0.236,30.74,32
-35.0655,150.3476,2013-01-08,310.4,27,29.8,0.0,27.9,0.227,29.98,33
-35.0499,150.3955,2013-01-08,311.3,65,29.8,0.0,27.9,0.228,29.98,32
-35.0514,150.383,2013-01-08,324.8,100,29.9,0.0,30.1,0.227,30.4,33
-35.0529,150.3705,2013-01-08,321.9,100,29.9,0.0,27.9,0.227,29.98,33
-35.23,145.6186,2013-01-08,322.9,100,32.9,0.0,33.4,0.121,27.15,20
-35.2374,145.5262,2013-01-08,331.4,100,32.8,0.0,33.4,0.119,27.15,21
-35.2173,145.617,2013-01-08,304.4,6,32.9,0.0,33.4,0.121,27.15,20
-35.2228,145.5478,2013-01-08,315.3,75,32.7,0.0,33.4,0.119,27.15,21
-35.2246,145.5246,2013-01-08,316.8,94,32.8,0.0,33.4,0.119,27.15,21
-35.2303,145.6131,2013-01-08,323.7,100,32.9,0.0,33.4,0.121,27.15,20
-31.6513,151.8384,2013-01-08,315.8,92,24.9,0.0,17.6,0.253,32.93,48
-32.383,143.8481,2013-01-08,305.3,30,36.2,0.0,37.0,0.081,27.98,16
-29.9791,152.8779,2013-01-08,306.7,63,24.3,0.0,19.5,0.286,32.43,61
-29.9728,152.8707,2013-01-08,315.4,91,24.3,0.0,15.8,0.362,32.77,61
-29.9744,152.8601,2013-01-08,305.7,65,24.6,0.0,15.8,0.286,32.77,60
-29.4239,152.7221,2013-01-08,309.8,78,24.8,0.0,12.8,0.29,32.27,62
-29.4255,152.7114,2013-01-08,318.4,97,24.6,0.0,12.8,0.29,32.27,62
-28.6776,149.1089,2013-01-08,310.3,78,29.0,0.0,17.7,0.149,32.34,35
-28.679,149.0976,2013-01-08,309.5,75,29.0,0.0,17.7,0.149,32.34,35
-28.5471,142.87,2013-01-08,344.8,100,35.2,0.0,18.8,0.124,32.19,18
-28.5566,142.8685,2013-01-08,337.7,100,35.2,0.0,18.8,0.092,32.19,18
-28.5581,142.8799,2013-01-08,317.8,85,35.1,0.0,18.8,0.092,32.25,18
-28.5596,142.8913,2013-01-08,316.0,92,35.1,0.0,18.8,0.092,32.25,18
-28.5691,142.8898,2013-01-08,322.9,100,35.1,0.0,18.8,0.092,32.25,18
-29.3031,141.005,2013-01-08,316.1,92,37.0,0.0,35.8,0.021,31.61,15
-29.3122,141.0034,2013-01-08,319.3,98,37.0,0.0,35.8,0.021,31.61,15
-30.3694,141.6001,2013-01-08,314.1,54,37.4,0.0,39.6,0.025,31.24,15
-30.3709,141.611,2013-01-08,316.7,34,37.4,0.0,39.6,0.025,31.24,15
-30.3742,141.5823,2013-01-08,308.1,71,37.5,0.0,39.6,0.025,31.24,15
-30.3757,141.5932,2013-01-08,309.6,76,37.5,0.0,39.7,0.025,31.15,15
-30.3772,141.6041,2013-01-08,319.7,53,37.4,0.0,39.7,0.025,31.15,15
-30.3864,141.6025,2013-01-08,321.0,66,37.5,0.0,39.7,0.025,31.15,15
-30.3893,141.6244,2013-01-08,316.8,54,37.5,0.0,39.7,0.025,31.15,15
-30.3908,141.6353,2013-01-08,330.2,100,37.5,0.0,37.4,0.025,31.2,15
-30.3942,141.59,2013-01-08,317.4,47,37.5,0.0,39.7,0.025,31.15,15
-30.3956,141.6009,2013-01-08,322.2,72,37.5,0.0,39.7,0.025,31.15,15
-30.3986,141.6227,2013-01-08,325.2,100,37.5,0.0,39.7,0.025,31.15,15
-30.4,141.6337,2013-01-08,319.8,99,37.5,0.0,37.4,0.025,31.2,15
-30.4049,141.5993,2013-01-08,308.1,35,37.5,0.0,39.7,0.025,31.15,15
-32.7728,149.4349,2013-01-08,307.0,30,26.7,0.0,22.4,0.157,32.17,36
-32.7881,149.4326,2013-01-08,306.0,25,26.2,0.0,23.5,0.157,32.13,36
-32.3047,143.8425,2013-01-08,311.7,21,36.3,0.0,35.3,0.081,28.78,16
-32.7851,149.4279,2013-01-08,312.5,50,26.2,0.0,23.5,0.157,32.13,36
-32.3837,143.7862,2013-01-08,306.7,18,36.2,0.0,37.0,0.081,27.98,16
-32.3853,143.8007,2013-01-08,308.2,27,36.2,0.0,37.0,0.081,27.98,16
-32.3777,143.7801,2013-01-08,307.4,20,36.2,0.0,37.0,0.081,27.98,16
-33.8922,146.7758,2013-01-08,312.7,86,33.7,0.0,37.8,0.129,28.45,18
-33.8942,146.7997,2013-01-08,306.8,69,33.6,0.0,37.8,0.129,28.45,18
-33.9053,146.7746,2013-01-08,317.1,94,33.7,0.0,37.8,0.129,28.45,18
-33.9073,146.7984,2013-01-08,303.4,55,33.8,0.0,37.8,0.129,28.45,18
-34.8211,148.5817,2013-01-08,312.6,27,30.7,0.0,42.6,0.137,28.72,22
-34.8411,148.6712,2013-01-08,316.3,46,30.8,0.0,43.4,0.138,29.31,22
-34.841,148.4439,2013-01-08,306.7,11,31.4,0.0,42.6,0.138,28.72,21
-34.856,148.6692,2013-01-08,318.2,56,29.9,0.0,43.4,0.141,29.31,24
-34.8603,148.7349,2013-01-08,328.0,100,29.4,0.0,43.4,0.141,29.31,23
-34.8626,148.7698,2013-01-08,362.1,100,30.2,0.0,43.4,0.13,29.31,23
-34.8648,148.8042,2013-01-08,329.2,100,30.7,0.0,43.4,0.13,29.31,23
-34.86,148.5054,2013-01-08,317.9,21,30.5,0.0,42.6,0.14,28.72,22
-34.871,148.6675,2013-01-08,317.7,14,29.7,0.0,43.4,0.141,29.31,24
-34.8732,148.7006,2013-01-08,320.5,53,29.2,0.0,43.4,0.161,29.31,24
-34.8777,148.7698,2013-01-08,339.9,100,31.3,0.0,42.6,0.13,28.72,24
-34.8799,148.8024,2013-01-08,306.2,46,30.6,0.0,42.6,0.13,28.72,23
-34.8792,148.5679,2013-01-08,316.5,44,29.6,0.0,39.7,0.147,28.66,23
-34.8604,148.5008,2013-01-08,318.6,27,30.4,0.0,42.6,0.14,28.72,22
-34.8724,148.6959,2013-01-08,320.3,68,29.5,0.0,43.4,0.141,29.31,24
-34.8744,148.7299,2013-01-08,328.9,100,30.1,0.0,43.4,0.141,29.31,24
-34.8765,148.7651,2013-01-08,335.2,100,31.0,0.0,42.6,0.13,28.72,24
-34.8785,148.7979,2013-01-08,322.0,100,30.4,0.0,42.6,0.13,28.72,23
-34.8793,148.5633,2013-01-08,318.4,78,30.0,0.0,38.8,0.147,27.98,23
-35.2311,145.5482,2013-01-08,317.9,96,32.7,0.0,33.4,0.119,27.15,21
-32.7853,149.4215,2013-01-08,324.6,73,26.5,0.0,23.5,0.157,32.13,36
-33.6671,146.2153,2013-01-08,320.4,59,34.2,0.0,35.6,0.141,28.08,18
-33.6643,146.2089,2013-01-08,317.6,46,34.3,0.0,35.6,0.141,28.08,18
-33.9003,146.7555,2013-01-08,315.5,42,33.7,0.0,37.8,0.129,28.45,18
-33.907,146.7848,2013-01-08,319.3,63,33.8,0.0,37.8,0.129,28.45,18
-34.8634,148.7848,2013-01-08,342.4,91,30.3,0.0,43.4,0.13,29.31,23
-34.853,148.7825,2013-01-08,325.1,34,30.8,0.0,42.6,0.13,28.72,23
-34.8652,148.7788,2013-01-08,338.6,84,30.2,0.0,43.4,0.13,29.31,23
-34.8849,148.7498,2013-01-08,326.5,17,30.5,0.0,42.6,0.141,28.72,24
-36.2807,149.3379,2013-01-08,333.0,69,27.5,0.0,35.1,0.129,28.51,28
-36.2993,149.4322,2013-01-08,350.0,94,25.1,0.0,40.5,0.236,28.61,33
-36.2768,149.333,2013-01-08,334.3,84,27.4,0.0,39.3,0.129,27.35,28
-36.296,149.427,2013-01-08,333.1,50,25.2,0.0,40.5,0.236,28.61,33
-36.3034,149.2859,2013-01-08,327.2,53,26.7,0.1,40.9,0.129,27.49,28
-34.8681,148.789,2013-01-09,345.7,88,20.5,0.0,26.7,0.13,33.68,37
-36.3209,149.315,2013-01-09,358.1,99,14.7,0.1,18.5,0.129,30.43,53
-36.2948,149.4371,2013-01-09,353.0,96,13.6,0.1,14.3,0.243,29.94,58
-36.2964,149.4258,2013-01-09,345.5,82,13.6,0.1,14.3,0.243,29.94,58
-36.2979,149.4145,2013-01-09,352.3,96,14.2,0.2,23.2,0.243,30.94,58
-36.2995,149.4033,2013-01-09,337.0,78,13.8,0.1,14.3,0.243,29.94,58
-36.2889,149.4126,2013-01-09,362.1,100,14.5,0.2,23.2,0.243,30.94,58
-36.2904,149.4013,2013-01-09,351.1,92,15.1,3.7,16.1,0.182,29.62,54
-36.2798,149.4108,2013-01-09,326.2,64,13.6,0.1,14.3,0.243,29.94,58
-36.2814,149.3995,2013-01-09,372.3,100,12.8,0.1,14.3,0.241,29.94,57
-36.2829,149.3882,2013-01-09,343.8,85,13.9,0.1,14.3,0.243,29.94,58
-36.2845,149.3768,2013-01-09,340.7,76,15.3,3.7,16.1,0.182,29.62,54
-36.286,149.3657,2013-01-09,370.7,100,13.9,0.1,18.5,0.243,30.43,58
-36.2876,149.3544,2013-01-09,402.7,100,14.4,0.1,18.5,0.243,30.43,58
-36.2891,149.3431,2013-01-09,345.2,93,15.0,0.0,20.3,0.129,31.49,53
-36.277,149.3638,2013-01-09,337.2,72,14.2,0.1,18.5,0.243,30.43,58
-36.2785,149.3525,2013-01-09,372.5,100,14.5,0.1,18.5,0.243,30.43,58
-36.2801,149.3411,2013-01-09,342.9,89,15.1,0.0,20.3,0.129,31.49,53
-36.2816,149.3298,2013-01-09,350.9,96,14.8,0.1,18.5,0.129,30.43,53
-36.2726,149.3279,2013-01-09,376.2,100,14.8,0.1,18.5,0.129,30.43,53
-36.2741,149.3166,2013-01-09,344.8,93,16.3,3.7,16.1,0.121,29.62,51
-35.1327,150.4864,2013-01-09,346.2,92,17.8,2.4,23.7,0.233,19.35,70
-35.1344,150.4754,2013-01-09,327.7,37,17.7,2.4,23.7,0.233,19.35,70
-35.1237,150.4844,2013-01-09,348.1,94,17.9,1.5,24.9,0.233,21.37,70
-35.1032,150.4341,2013-01-09,333.0,50,17.7,1.7,17.6,0.219,21.23,70
-35.1114,150.3787,2013-01-09,324.5,39,15.8,1.9,16.6,0.244,22.53,72
-35.1131,150.3676,2013-01-09,374.9,100,15.7,1.9,16.6,0.244,22.53,72
-35.0555,150.3823,2013-01-09,328.4,33,16.0,3.8,15.6,0.232,20.6,71
-34.8317,150.0316,2013-01-09,320.7,56,20.4,1.3,16.5,0.234,25.24,48
-34.786,150.0894,2013-01-09,325.1,59,19.2,1.9,16.6,0.187,22.53,58
-34.777,150.0875,2013-01-09,351.9,95,21.1,1.9,16.6,0.187,22.53,58
-34.8908,148.7592,2013-01-09,350.8,94,21.0,0.0,28.4,0.13,33.58,37
-34.8696,148.7779,2013-01-09,356.9,98,20.4,0.0,26.7,0.13,33.68,37
-34.8952,148.588,2013-01-09,329.2,63,19.9,0.0,24.9,0.147,33.38,37
-34.8967,148.5767,2013-01-09,328.4,53,20.2,0.0,24.9,0.133,33.38,36
-34.8605,148.7761,2013-01-09,338.4,51,19.9,0.0,26.7,0.13,33.68,37
-34.8784,148.5734,2013-01-09,348.9,93,18.4,0.0,21.0,0.155,33.16,38
-34.8799,148.562,2013-01-09,338.2,83,19.5,0.0,24.9,0.147,33.38,37
-34.8844,148.5282,2013-01-09,343.5,88,19.8,0.0,24.9,0.139,33.38,36
-34.8786,148.5213,2013-01-09,346.7,71,20.0,0.0,24.9,0.139,33.38,37
-35.2477,145.5262,2013-01-09,331.4,17,20.0,0.0,30.9,0.119,33.11,35
-34.8725,148.4971,2013-01-09,389.4,100,19.7,0.0,28.4,0.139,33.58,36
-35.2357,145.5393,2013-01-09,348.2,92,20.0,0.0,30.9,0.119,33.11,35
-34.8375,148.548,2013-01-09,345.7,90,19.2,0.0,23.1,0.147,33.51,37
-34.8405,148.5255,2013-01-09,333.2,54,19.2,0.0,23.1,0.147,33.51,37
-34.8299,148.5349,2013-01-09,336.8,69,19.1,0.0,23.1,0.147,33.51,37
-34.4631,150.8835,2013-01-09,323.7,39,19.2,0.0,28.2,0.142,26.04,67
-35.1774,143.6691,2013-01-09,336.0,82,19.7,0.0,31.6,0.211,32.43,36
-33.9122,146.7855,2013-01-09,328.0,48,21.7,0.0,31.5,0.129,33.58,31
-33.9041,146.7715,2013-01-09,354.0,96,21.5,0.0,31.5,0.129,33.58,31
-33.9056,146.7592,2013-01-09,341.2,86,21.7,0.0,31.5,0.129,33.58,31
-36.3444,149.4775,2013-01-09,322.6,61,13.4,0.1,14.3,0.291,29.94,60
-36.346,149.4663,2013-01-09,339.8,90,13.0,0.1,14.3,0.241,29.94,57
-36.3491,149.4438,2013-01-09,334.1,67,13.6,0.1,14.3,0.243,29.94,58
-36.3493,149.3744,2013-01-09,332.4,45,13.6,0.1,18.5,0.243,30.43,58
-36.3204,149.4493,2013-01-09,343.9,64,13.4,0.1,14.3,0.243,29.94,58
-36.3343,149.348,2013-01-09,342.2,84,13.3,0.1,18.5,0.241,30.43,57
-36.3098,149.4635,2013-01-09,327.6,80,12.9,0.1,14.3,0.241,29.94,57
-36.3113,149.4522,2013-01-09,385.5,100,12.9,0.1,14.3,0.241,29.94,57
-36.3129,149.4409,2013-01-09,345.4,91,13.6,0.1,14.3,0.243,29.94,58
-36.3023,149.4503,2013-01-09,374.5,100,12.9,0.1,14.3,0.241,29.94,57
-36.3038,149.439,2013-01-09,404.6,100,13.3,0.1,14.3,0.243,29.94,58
-36.3054,149.4277,2013-01-09,342.9,85,13.6,0.1,14.3,0.243,29.94,58
-31.664,147.8699,2013-01-09,333.6,67,28.8,0.0,26.6,0.223,32.85,21
-30.3733,141.6388,2013-01-09,335.3,53,26.2,0.0,36.7,0.025,32.95,26
-29.9902,152.8565,2013-01-09,330.9,75,25.5,3.3,17.6,0.357,27.85,63
-29.9877,152.8707,2013-01-09,334.1,82,24.8,3.3,17.6,0.362,27.85,62
-29.9849,152.8858,2013-01-09,332.0,80,25.6,1.8,20.6,0.284,26.67,62
-29.9981,152.8736,2013-01-09,327.1,65,25.7,1.8,20.6,0.284,26.67,62
-32.7855,149.4206,2013-01-09,343.6,88,23.5,0.0,22.1,0.153,33.6,28
-32.7781,149.4081,2013-01-09,331.0,50,23.6,0.0,22.1,0.153,33.6,28
-29.5549,144.0265,2013-01-09,349.5,91,29.9,0.0,31.3,0.029,32.22,20
-29.5532,144.0408,2013-01-09,352.3,94,30.0,0.0,31.3,0.029,32.22,20
-29.5443,144.025,2013-01-09,337.1,60,30.3,0.0,31.3,0.028,32.22,19
-35.2262,145.5433,2013-01-09,305.4,13,20.1,0.0,30.9,0.119,33.11,35
-34.8767,148.5276,2013-01-09,316.8,94,19.7,0.0,24.9,0.139,33.38,36
-34.8805,148.5084,2013-01-09,325.5,100,19.4,0.0,24.9,0.139,33.38,36
-35.2359,145.5458,2013-01-09,305.4,38,20.0,0.0,30.9,0.119,33.11,35
-34.8863,148.5212,2013-01-09,300.5,10,20.5,0.0,26.6,0.138,33.2,35
-34.8761,148.5241,2013-01-09,328.0,100,20.1,0.0,24.9,0.139,33.38,37
-34.8736,148.5104,2013-01-09,313.9,88,18.3,0.0,23.1,0.155,33.51,38
-34.8717,148.7922,2013-01-09,307.6,72,20.9,0.0,28.4,0.13,33.58,37
-30.3833,141.6249,2013-01-10,336.5,74,27.3,0.0,20.9,0.025,33.11,18
-30.3994,141.6524,2013-01-10,338.9,53,27.3,0.0,20.3,0.024,33.14,18
-30.4016,141.6451,2013-01-10,336.5,47,27.3,0.0,20.3,0.025,33.14,18
-34.8921,148.5148,2013-01-10,330.2,72,21.9,0.0,14.8,0.139,33.1,45
-35.2269,145.5477,2013-01-10,330.2,58,22.6,0.0,17.4,0.119,33.35,32
-33.661,146.2372,2013-01-10,331.8,52,22.6,0.0,10.5,0.123,33.38,26
-34.8906,148.5014,2013-01-10,325.4,34,21.0,0.0,14.8,0.139,33.1,45
-35.2409,145.5384,2013-01-10,341.0,81,22.5,0.0,17.4,0.119,33.35,32
-35.237,145.5578,2013-01-10,337.0,63,22.5,0.0,17.4,0.121,33.35,32
-36.8306,141.6051,2013-01-10,336.5,62,20.5,0.0,11.6,0.143,32.56,39
-30.3993,141.6529,2013-01-10,346.4,81,27.3,0.0,20.3,0.024,33.14,18
-30.3915,141.6369,2013-01-10,342.7,42,27.3,0.0,20.3,0.025,33.14,18
-35.0966,150.456,2013-01-10,302.3,48,20.0,0.0,24.9,0.232,21.0,68
-35.134,150.4261,2013-01-10,302.0,46,19.5,0.0,25.5,0.219,22.17,68
-34.8943,148.524,2013-01-10,306.9,40,21.6,0.0,14.8,0.139,33.1,45
-34.463,150.8869,2013-01-10,302.5,50,20.2,0.1,21.9,0.144,14.96,69
-34.8933,148.5307,2013-01-10,305.2,63,21.0,0.0,14.8,0.139,33.1,45
-35.2326,145.5594,2013-01-10,300.7,32,22.6,0.0,17.4,0.121,33.35,32
-29.5737,141.0002,2013-01-10,309.3,77,27.8,0.0,24.0,0.023,33.22,16
-29.5317,144.0317,2013-01-10,311.0,81,28.9,0.0,20.9,0.028,33.22,15
-35.2307,145.5543,2013-01-10,313.0,86,22.5,0.0,17.4,0.121,33.35,32
-35.2381,145.5771,2013-01-11,330.7,67,29.7,0.0,18.7,0.121,32.58,20
-35.2445,145.5716,2013-01-11,328.0,42,29.7,0.0,18.7,0.121,32.58,20
-35.2425,145.5304,2013-01-11,328.1,44,29.7,0.0,18.7,0.119,32.58,20
-35.2359,145.5359,2013-01-11,334.8,76,29.7,0.0,18.7,0.119,32.58,20
-36.3382,149.3646,2013-01-11,392.7,100,22.1,0.0,23.0,0.23,30.1,51
-36.3653,149.3983,2013-01-11,341.6,89,21.8,0.0,21.9,0.227,30.67,52
-36.3669,149.3844,2013-01-11,333.6,79,21.7,0.0,21.9,0.183,30.67,49
-36.3483,149.3664,2013-01-11,375.0,100,22.0,0.0,23.0,0.23,30.1,51
-36.35,149.3517,2013-01-11,356.3,98,22.6,0.0,23.0,0.23,30.1,52
-36.3398,149.35,2013-01-11,388.1,100,22.5,0.0,23.0,0.23,30.1,52
-36.3415,149.3352,2013-01-11,339.2,74,23.5,0.0,23.0,0.124,30.1,48
-36.3313,149.3336,2013-01-11,339.9,78,23.6,0.0,23.0,0.124,30.1,48
-36.3243,149.3027,2013-01-11,340.5,82,23.9,0.0,21.1,0.124,30.12,48
-36.3016,149.4157,2013-01-11,336.6,77,22.8,0.0,21.2,0.23,29.43,52
-36.2915,149.4138,2013-01-11,343.6,91,23.1,0.0,21.2,0.23,29.43,52
-36.2941,149.4087,2013-01-11,329.6,36,22.6,0.0,21.9,0.23,30.67,52
-36.2824,149.4213,2013-01-11,337.8,87,22.5,0.0,21.9,0.23,30.67,52
-36.284,149.4072,2013-01-11,365.0,100,22.5,0.0,21.9,0.23,30.67,52
-36.2857,149.3928,2013-01-11,339.0,82,22.7,0.0,23.0,0.23,30.1,52
-36.2873,149.3783,2013-01-11,337.8,85,23.9,0.0,16.7,0.173,29.58,48
-36.2889,149.3645,2013-01-11,330.9,53,22.4,0.0,23.0,0.23,30.1,52
-36.2738,149.4062,2013-01-11,338.9,86,21.4,0.0,21.9,0.227,30.67,52
-36.2788,149.3627,2013-01-11,342.7,89,22.5,0.0,23.0,0.23,30.1,52
-36.2804,149.3481,2013-01-11,363.9,100,23.9,0.0,21.1,0.124,30.12,48
-36.2821,149.3336,2013-01-11,349.7,94,24.1,0.0,15.9,0.124,30.18,48
-36.2719,149.3318,2013-01-11,348.4,94,24.1,0.0,15.9,0.124,30.18,48
-35.2342,145.5489,2013-01-11,353.4,95,29.7,0.0,18.7,0.119,32.58,20
-35.2348,145.544,2013-01-11,348.0,90,29.7,0.0,18.7,0.119,32.58,20
-34.1473,149.5556,2013-01-11,333.6,66,24.0,0.0,20.0,0.17,32.51,49
-34.1489,149.5428,2013-01-11,333.2,59,24.0,0.0,20.0,0.17,32.51,49
-34.1376,149.5539,2013-01-11,367.7,100,23.9,0.0,20.0,0.17,32.51,49
-34.1391,149.541,2013-01-11,364.1,100,24.2,0.0,20.0,0.17,32.51,49
-32.0457,152.3345,2013-01-11,340.5,87,25.7,0.0,13.0,0.239,28.99,70
-32.0351,152.3433,2013-01-11,322.1,53,25.8,0.0,13.0,0.239,28.99,70
-32.0367,152.3327,2013-01-11,332.1,78,25.6,0.0,13.0,0.239,28.99,70
-35.0506,150.3957,2013-01-11,330.5,54,24.7,0.0,12.9,0.224,30.66,56
-35.0601,150.3975,2013-01-11,341.0,80,24.8,0.0,12.9,0.224,30.66,56
-35.0978,150.434,2013-01-11,326.1,52,25.0,0.0,17.7,0.225,30.56,61
-35.1388,150.4168,2013-01-11,330.6,62,25.1,0.0,17.7,0.212,30.56,59
-29.9723,152.8833,2013-01-11,328.3,61,26.1,0.0,16.0,0.292,26.14,74
-29.9614,152.8922,2013-01-11,323.7,53,26.2,0.0,16.0,0.292,26.14,74
-29.9631,152.8814,2013-01-11,357.1,98,25.8,0.4,18.2,0.292,26.76,74
-29.9648,152.8706,2013-01-11,331.3,65,25.8,0.4,18.2,0.292,26.76,74
-29.9576,152.8748,2013-01-11,333.3,82,25.8,0.4,18.2,0.292,26.76,74
-29.4212,152.7055,2013-01-11,328.8,74,27.2,0.2,10.9,0.276,25.35,69
-29.5355,144.0467,2013-01-11,340.2,73,34.5,0.0,12.9,0.028,32.41,11
-29.5376,144.024,2013-01-11,348.3,90,34.5,0.0,12.9,0.028,32.41,11
-31.2262,144.771,2013-01-11,348.1,90,33.1,0.0,13.6,0.109,32.86,14
-31.2237,144.7856,2013-01-11,341.2,82,33.1,0.0,13.6,0.109,32.86,14
-31.2257,144.7638,2013-01-11,345.0,87,33.1,0.0,13.6,0.109,32.86,14
-29.9797,152.8961,2013-01-11,342.8,90,26.3,0.0,16.0,0.292,26.14,74
-36.2801,149.4047,2013-01-11,314.2,27,22.3,0.0,21.9,0.23,30.67,52
-36.3648,149.3902,2013-01-11,350.2,100,21.8,0.0,21.9,0.227,30.67,52
-35.2331,145.5481,2013-01-11,332.0,100,29.7,0.0,18.7,0.119,32.58,20
-35.2315,145.5591,2013-01-11,338.2,100,29.7,0.0,18.7,0.121,32.58,20
-36.2721,149.3316,2013-01-11,310.5,77,24.1,0.0,15.9,0.124,30.18,48
-36.2697,149.3452,2013-01-11,313.7,88,23.9,0.0,21.1,0.124,30.12,48
-36.2796,149.3477,2013-01-11,310.4,80,23.7,0.0,23.0,0.124,30.1,48
-36.2773,149.3612,2013-01-11,309.5,78,22.4,0.0,23.0,0.23,30.1,52
-36.2702,149.4018,2013-01-11,308.0,59,21.6,0.0,21.9,0.227,30.67,52
-36.3105,149.4621,2013-01-11,305.7,65,21.6,0.0,21.9,0.227,30.67,52
-36.3399,149.3548,2013-01-11,320.4,66,22.3,0.0,23.0,0.23,30.1,52
-36.3304,149.4676,2013-01-11,314.9,90,21.4,0.0,21.9,0.227,30.67,52
-34.1364,149.5609,2013-01-11,306.8,36,24.0,0.0,20.0,0.17,32.51,49
-34.1322,149.5533,2013-01-11,321.4,100,24.4,0.0,20.0,0.12,32.51,47
-34.1392,149.5459,2013-01-11,308.5,57,24.1,0.0,20.0,0.17,32.51,49
-29.9573,152.8941,2013-01-11,305.1,63,26.2,0.0,16.0,0.292,26.14,74
-29.9548,152.8801,2013-01-11,303.8,57,25.9,0.4,18.2,0.292,26.76,74
-36.327,149.4799,2013-01-11,305.8,66,21.5,0.0,21.9,0.227,30.67,52
-36.3351,149.3423,2013-01-11,307.6,68,22.1,0.0,23.0,0.227,30.1,52
-36.3389,149.3612,2013-01-11,320.1,100,22.1,0.0,23.0,0.23,30.1,51
-36.3574,149.3941,2013-01-11,323.2,100,22.1,0.0,21.9,0.227,30.67,52
-36.372,149.4083,2013-01-11,310.0,79,22.4,0.0,21.9,0.227,30.67,52
-34.1286,149.5571,2013-01-11,315.3,91,24.5,0.0,20.0,0.12,32.51,47
-35.2364,145.5803,2013-01-11,303.7,57,29.7,0.0,18.7,0.121,32.58,20
-34.1404,149.5542,2013-01-11,302.8,45,23.8,0.0,20.0,0.17,32.51,49
-35.2288,145.5481,2013-01-11,303.6,56,29.7,0.0,18.7,0.119,32.58,20
-28.1839,152.4243,2013-01-12,318.4,40,26.2,0.9,12.1,0.284,26.96,75
-28.8888,152.2845,2013-01-12,320.5,51,26.1,0.1,12.8,0.378,26.78,72
-29.294,149.1111,2013-01-12,351.4,93,35.9,0.3,19.5,0.197,30.2,31
-29.2956,149.1215,2013-01-12,342.6,84,35.9,0.3,19.5,0.197,30.2,31
-29.9518,152.8891,2013-01-12,324.8,51,29.5,1.0,11.5,0.287,29.29,70
-29.9618,152.8874,2013-01-12,336.4,85,29.3,1.0,11.5,0.287,29.29,70
-29.9734,152.899,2013-01-12,332.2,75,29.7,1.0,11.5,0.287,29.29,70
-28.2886,142.6015,2013-01-12,356.4,97,38.6,0.0,16.3,0.137,31.82,10
-28.2904,142.5902,2013-01-12,373.0,100,38.6,0.0,16.3,0.137,31.82,10
-31.278,148.9826,2013-01-12,318.0,96,33.7,1.4,19.9,0.227,28.94,30
-31.2762,148.9773,2013-01-12,321.6,100,33.3,1.4,19.9,0.142,28.94,29
-31.2765,148.9704,2013-01-12,310.3,79,33.6,1.4,19.9,0.227,28.94,30
-29.9546,152.9012,2013-01-12,318.0,69,29.2,1.0,11.5,0.287,29.29,70
-29.9469,152.8979,2013-01-12,313.3,58,29.8,1.0,11.5,0.245,29.29,68
-31.2793,148.992,2013-01-13,354.9,96,33.3,0.0,32.5,0.232,27.72,32
-31.2709,148.9869,2013-01-13,353.8,95,32.1,0.2,28.1,0.255,27.73,35
-31.2833,148.9786,2013-01-13,414.1,75,33.3,0.0,32.5,0.232,27.72,32
-31.1496,152.4407,2013-01-13,323.4,68,25.1,5.6,9.0,0.294,27.45,77
-31.2815,148.9969,2013-01-13,360.2,94,33.3,0.0,32.5,0.232,27.72,32
-31.2697,148.9958,2013-01-13,362.7,100,32.6,0.0,32.5,0.203,27.72,32
-31.2715,148.977,2013-01-13,376.0,94,33.3,0.0,32.5,0.232,27.72,32
-30.8443,152.4226,2013-01-13,326.1,47,26.6,2.3,12.6,0.281,26.56,76
-30.8712,150.8446,2013-01-13,338.7,84,30.6,1.2,24.9,0.152,29.94,48
-30.8727,150.8305,2013-01-13,409.4,100,30.8,1.2,24.9,0.152,29.94,48
-30.8624,150.8292,2013-01-13,378.9,100,30.0,1.2,24.9,0.097,29.94,50
-30.8639,150.8151,2013-01-13,334.8,80,30.5,1.2,24.9,0.152,29.94,48
-30.852,150.8279,2013-01-13,352.7,95,29.8,1.2,24.9,0.097,29.94,50
-30.8535,150.8139,2013-01-13,329.7,57,29.8,1.2,24.9,0.097,29.94,50
-30.8551,150.8368,2013-01-13,339.6,85,30.0,1.2,24.9,0.097,29.94,50
-30.8567,150.8228,2013-01-13,352.6,95,30.5,1.2,24.9,0.152,29.94,48
-30.5884,149.893,2013-01-13,334.2,64,33.1,0.3,24.0,0.113,29.2,41
-30.5873,149.8875,2013-01-13,337.9,81,33.1,0.3,24.0,0.113,29.2,41
-30.59,149.8775,2013-01-13,335.9,46,33.0,0.3,24.0,0.113,29.2,41
-29.9637,152.9039,2013-01-13,330.8,47,28.5,0.0,13.8,0.209,28.19,74
-29.9651,152.8931,2013-01-13,333.4,67,28.3,0.0,13.8,0.285,28.19,76
-29.9564,152.9072,2013-01-13,325.4,61,28.5,0.0,13.8,0.209,28.19,74
-29.9579,152.8963,2013-01-13,331.0,73,28.1,0.0,13.8,0.285,28.19,76
-29.95,152.8838,2013-01-13,340.1,88,28.5,0.0,13.8,0.294,28.19,74
-30.1553,150.9105,2013-01-13,355.1,97,27.7,0.3,20.6,0.142,30.73,54
-29.9515,152.8728,2013-01-13,326.5,60,27.9,0.0,13.3,0.285,26.43,76
-30.1568,150.8973,2013-01-13,332.6,77,27.5,0.3,20.6,0.142,30.73,54
-30.0833,151.0152,2013-01-13,329.0,50,29.2,0.6,18.4,0.151,30.88,52
-30.0849,151.0019,2013-01-13,328.1,53,29.3,0.6,18.4,0.151,30.88,52
-29.751,152.1545,2013-01-13,326.7,65,29.0,0.0,12.3,0.371,29.28,62
-29.2987,152.2586,2013-01-13,350.0,94,27.4,0.0,11.0,0.414,29.87,60
-29.3003,152.2465,2013-01-13,339.6,86,29.4,0.0,10.7,0.409,29.76,60
-29.3785,151.4695,2013-01-13,326.1,60,29.7,0.0,15.3,0.209,30.11,48
-29.256,152.2163,2013-01-13,323.0,39,28.3,0.0,10.8,0.409,30.09,60
-29.2574,152.2052,2013-01-13,325.1,61,28.2,0.0,10.8,0.409,30.09,60
-29.4204,150.3523,2013-01-13,339.7,82,33.1,0.0,18.9,0.156,30.32,40
-29.41,150.3509,2013-01-13,340.9,83,32.9,0.0,18.9,0.156,30.32,40
-29.4116,150.3368,2013-01-13,329.3,41,33.0,0.0,18.9,0.149,30.32,39
-28.9028,152.3389,2013-01-13,337.5,83,28.0,0.0,10.8,0.363,30.09,59
-28.9042,152.3279,2013-01-13,343.5,89,27.8,0.0,10.8,0.363,30.09,59
-28.8948,152.3264,2013-01-13,331.4,76,27.4,0.0,10.8,0.363,30.09,59
-28.4704,151.1759,2013-01-13,327.1,40,32.6,0.0,12.8,0.172,30.13,43
-29.9593,152.8855,2013-01-13,326.7,63,27.7,0.0,13.3,0.285,26.43,76
-29.9486,152.8947,2013-01-13,330.6,66,28.5,0.0,13.8,0.243,28.19,74
-31.175,149.0359,2013-01-13,326.3,100,33.2,0.0,32.5,0.144,27.72,34
-31.2017,149.1098,2013-01-13,340.4,100,30.2,0.2,28.1,0.235,27.73,36
-31.2034,149.0991,2013-01-13,337.7,100,32.7,0.0,32.5,0.265,27.72,35
-31.2051,149.0882,2013-01-13,328.7,100,32.6,0.0,32.5,0.18,27.72,37
-31.2068,149.0771,2013-01-13,326.3,100,32.6,0.0,32.5,0.18,27.72,37
-31.2085,149.0659,2013-01-13,323.2,100,32.4,0.0,32.5,0.265,27.72,35
-31.2103,149.0547,2013-01-13,321.7,100,32.5,0.0,32.5,0.265,27.72,35
-31.212,149.0433,2013-01-13,322.4,100,31.7,0.2,28.1,0.255,27.73,35
-31.2155,149.0213,2013-01-13,336.8,100,32.3,0.2,28.1,0.226,27.73,33
-31.2172,149.0104,2013-01-13,332.0,100,33.0,0.0,32.5,0.226,27.72,33
-31.1836,149.1644,2013-01-13,319.5,99,32.7,0.2,28.1,0.165,27.73,38
-31.1854,149.153,2013-01-13,362.2,100,32.4,0.2,28.1,0.165,27.73,37
-31.1871,149.1416,2013-01-13,341.2,100,32.2,0.2,28.1,0.265,27.73,35
-31.1889,149.1306,2013-01-13,320.0,100,32.8,0.2,28.1,0.265,27.73,35
-31.1906,149.1194,2013-01-13,308.8,46,32.3,0.0,32.5,0.265,27.72,35
-31.1924,149.108,2013-01-13,345.1,100,31.6,0.2,28.1,0.255,27.73,35
-31.1941,149.0971,2013-01-13,338.8,100,32.5,0.0,32.5,0.265,27.72,35
-31.1958,149.0862,2013-01-13,322.2,100,32.8,0.0,32.5,0.18,27.72,37
-31.1976,149.0751,2013-01-13,322.5,100,32.8,0.0,32.5,0.18,27.72,37
-31.2011,149.0527,2013-01-13,331.6,100,32.7,0.0,32.5,0.265,27.72,35
-31.2028,149.0416,2013-01-13,336.2,100,33.0,0.0,32.5,0.226,27.72,33
-31.2045,149.0305,2013-01-13,341.9,100,33.0,0.0,32.5,0.226,27.72,33
-31.2062,149.0194,2013-01-13,337.6,100,32.8,0.0,32.5,0.226,27.72,33
-31.2079,149.0085,2013-01-13,332.1,100,33.3,0.0,32.5,0.226,27.72,33
-31.1743,149.1624,2013-01-13,318.4,97,32.9,0.3,26.5,0.18,28.03,37
-31.1761,149.151,2013-01-13,360.5,100,32.3,0.2,28.1,0.165,27.73,37
-31.1778,149.1398,2013-01-13,344.6,100,32.8,0.2,28.1,0.265,27.73,35
-31.1831,149.1064,2013-01-13,328.2,100,32.9,0.0,32.5,0.265,27.72,35
-31.1848,149.0952,2013-01-13,339.8,100,32.5,0.0,32.5,0.265,27.72,35
-31.1866,149.0842,2013-01-13,318.6,97,32.8,0.0,32.5,0.18,27.72,37
-31.1883,149.0731,2013-01-13,321.1,100,32.8,0.0,32.5,0.18,27.72,37
-31.1935,149.0397,2013-01-13,332.3,100,33.3,0.0,32.5,0.226,27.72,33
-31.1953,149.0287,2013-01-13,331.3,93,33.3,0.0,32.5,0.226,27.72,33
-31.197,149.0176,2013-01-13,323.0,0,33.4,0.0,32.5,0.232,27.72,32
-31.1651,149.1603,2013-01-13,333.2,100,32.6,0.2,28.1,0.165,27.73,38
-31.1668,149.149,2013-01-13,365.9,100,32.9,0.2,28.1,0.265,27.73,35
-31.1686,149.1379,2013-01-13,360.1,100,32.7,0.2,28.1,0.18,27.73,37
-31.1721,149.1154,2013-01-13,307.7,14,32.2,0.2,28.1,0.265,27.73,35
-31.1738,149.1045,2013-01-13,334.3,100,32.9,0.0,32.5,0.18,27.72,37
-31.1756,149.0934,2013-01-13,325.7,100,32.8,0.0,32.5,0.18,27.72,37
-31.1773,149.0823,2013-01-13,316.3,56,33.0,0.0,32.5,0.18,27.72,37
-31.1791,149.0711,2013-01-13,320.9,96,32.7,0.0,32.5,0.18,27.72,37
-31.1826,149.0487,2013-01-13,342.5,100,33.0,0.0,32.5,0.226,27.72,33
-31.1843,149.0378,2013-01-13,332.7,100,33.4,0.0,32.5,0.232,27.72,32
-31.186,149.0267,2013-01-13,323.5,80,33.4,0.0,32.5,0.232,27.72,32
-31.1877,149.0157,2013-01-13,320.1,0,33.4,0.0,32.5,0.232,27.72,32
-31.1558,149.1582,2013-01-13,323.2,100,32.6,0.2,28.1,0.165,27.73,37
-31.1575,149.1471,2013-01-13,372.2,100,32.9,0.2,28.1,0.265,27.73,35
-31.1593,149.136,2013-01-13,359.1,100,32.9,0.3,26.5,0.18,28.03,37
-31.1646,149.1025,2013-01-13,314.9,28,33.2,0.0,32.5,0.144,27.72,34
-31.1663,149.0914,2013-01-13,318.0,56,33.3,0.0,32.5,0.144,27.72,34
-31.1681,149.0802,2013-01-13,318.0,75,32.9,0.0,32.5,0.18,27.72,37
-31.1698,149.069,2013-01-13,327.3,100,32.8,0.0,32.5,0.265,27.72,35
-31.1716,149.0578,2013-01-13,336.8,100,32.7,0.0,32.5,0.265,27.72,35
-31.1733,149.0468,2013-01-13,341.1,100,33.2,0.0,32.5,0.226,27.72,33
-31.1768,149.0248,2013-01-13,317.5,95,33.3,0.0,32.5,0.144,27.72,34
-31.23,149.0298,2013-01-13,331.2,100,30.4,0.2,28.1,0.235,27.73,36
-31.1994,149.1621,2013-01-13,318.7,24,32.8,0.3,26.5,0.165,28.03,38
-31.2012,149.1508,2013-01-13,336.8,83,32.5,0.2,28.1,0.165,27.73,37
-31.203,149.1393,2013-01-13,345.6,83,31.9,0.2,28.1,0.265,27.73,35
-31.2048,149.1282,2013-01-13,349.3,100,32.6,0.2,28.1,0.265,27.73,35
-31.2066,149.1169,2013-01-13,333.9,85,31.6,0.2,28.1,0.255,27.73,35
-31.2084,149.1057,2013-01-13,341.5,100,31.9,0.2,28.1,0.265,27.73,35
-31.2101,149.095,2013-01-13,331.6,100,32.8,0.0,32.5,0.265,27.72,35
-31.2118,149.084,2013-01-13,328.6,100,32.7,0.0,32.5,0.265,27.72,35
-31.2136,149.0729,2013-01-13,320.8,86,33.0,0.0,32.5,0.265,27.72,35
-31.2224,149.0172,2013-01-13,341.7,100,32.9,0.0,32.5,0.226,27.72,33
-31.2241,149.0063,2013-01-13,325.4,95,32.9,0.0,32.5,0.226,27.72,33
-31.1928,149.1665,2013-01-13,309.3,77,32.9,0.3,26.5,0.18,28.03,37
-31.1964,149.1436,2013-01-13,334.7,100,31.9,0.2,28.1,0.265,27.73,35
-31.1982,149.1324,2013-01-13,328.7,100,32.3,0.2,28.1,0.265,27.73,35
-31.1999,149.1213,2013-01-13,323.2,100,32.3,0.0,32.5,0.265,27.72,35
-31.2237,149.1903,2013-01-13,327.5,0,32.3,0.2,28.1,0.165,27.73,37
-31.2255,149.1791,2013-01-13,323.7,0,32.4,0.2,28.1,0.165,27.73,37
-31.229,149.1566,2013-01-13,339.9,47,31.8,0.2,28.1,0.165,27.73,37
-31.2308,149.1455,2013-01-13,325.7,82,32.5,0.2,28.1,0.265,27.73,35
-31.2326,149.1343,2013-01-13,318.3,97,32.3,0.2,28.1,0.265,27.73,35
-31.2144,149.1884,2013-01-13,320.2,100,32.6,0.2,28.1,0.165,27.73,38
-31.2162,149.1772,2013-01-13,322.6,82,32.6,0.2,28.1,0.165,27.73,37
-31.218,149.166,2013-01-13,339.2,54,32.1,0.2,28.1,0.165,27.73,37
-31.2197,149.1548,2013-01-13,344.0,63,32.4,0.2,28.1,0.165,27.73,37
-31.2215,149.1436,2013-01-13,333.8,61,32.7,0.2,28.1,0.265,27.73,35
-31.2233,149.1324,2013-01-13,328.9,92,32.6,0.2,28.1,0.265,27.73,35
-31.2251,149.1211,2013-01-13,326.2,100,32.4,0.0,32.5,0.265,27.72,35
-31.2087,149.1641,2013-01-13,327.3,35,32.5,0.2,28.1,0.165,27.73,37
-31.2269,149.1095,2013-01-13,315.6,65,30.4,0.2,28.1,0.235,27.73,36
-31.2105,149.1529,2013-01-13,331.2,0,32.7,0.2,28.1,0.165,27.73,38
-31.2123,149.1415,2013-01-13,342.6,62,31.9,0.2,28.1,0.265,27.73,35
-31.2141,149.1303,2013-01-13,344.9,100,31.8,0.2,28.1,0.265,27.73,35
-31.2158,149.119,2013-01-13,335.3,100,32.1,0.2,28.1,0.265,27.73,35
-31.1837,148.9805,2013-01-13,320.3,0,33.2,0.0,32.5,0.144,27.72,34
-31.1872,148.9581,2013-01-13,319.8,48,32.9,0.0,32.5,0.226,27.72,33
-31.1465,149.1562,2013-01-13,313.1,86,32.6,0.2,28.1,0.18,27.73,36
-31.1483,149.1451,2013-01-13,353.9,100,32.9,0.2,28.1,0.144,27.73,34
-31.15,149.134,2013-01-13,368.1,100,33.2,0.3,26.5,0.144,28.03,34
-31.1518,149.1228,2013-01-13,341.7,100,32.9,0.0,32.5,0.18,27.72,37
-31.1553,149.1006,2013-01-13,310.3,22,33.3,0.0,32.5,0.144,27.72,34
-31.1571,149.0894,2013-01-13,311.2,52,33.2,0.0,32.5,0.144,27.72,34
-31.1588,149.0782,2013-01-13,317.6,95,32.8,0.0,32.5,0.265,27.72,35
-31.1606,149.0669,2013-01-13,332.5,100,32.6,0.0,32.5,0.265,27.72,35
-31.1624,149.0558,2013-01-13,325.5,100,32.7,0.0,32.5,0.265,27.72,35
-31.1641,149.0449,2013-01-13,311.2,41,33.2,0.0,32.5,0.144,27.72,34
-31.178,148.9563,2013-01-13,323.8,96,33.3,0.0,32.5,0.226,27.72,33
-31.1408,149.132,2013-01-13,324.2,100,33.2,0.3,26.5,0.144,28.03,34
-31.1425,149.1209,2013-01-13,330.4,100,33.3,0.0,32.5,0.144,27.72,34
-31.1496,149.0762,2013-01-13,314.9,90,33.2,0.0,32.5,0.144,27.72,34
-31.1531,149.054,2013-01-13,322.4,100,32.8,0.0,32.5,0.18,27.72,37
-31.1403,149.0742,2013-01-13,318.8,97,33.1,0.0,32.5,0.144,27.72,34
-31.1421,149.063,2013-01-13,327.2,100,32.7,0.0,32.5,0.144,27.72,34
-31.1439,149.0519,2013-01-13,305.4,37,32.8,0.0,32.5,0.144,27.72,34
-28.8284,148.71,2013-01-13,345.9,100,37.6,0.0,24.1,0.146,28.55,28
-28.8301,148.6989,2013-01-13,321.1,86,37.6,0.0,24.1,0.146,28.55,28
-28.8191,148.7081,2013-01-13,317.3,44,37.6,0.0,24.1,0.146,28.55,28
-28.8132,148.6839,2013-01-13,316.2,70,37.5,0.0,24.1,0.146,28.55,28
-28.2342,148.2617,2013-01-13,318.4,96,36.9,0.0,22.2,0.133,28.73,30
-28.2359,148.2509,2013-01-13,337.8,100,36.9,0.0,22.2,0.133,28.73,30
-28.2249,148.2599,2013-01-13,339.8,100,36.9,0.0,22.2,0.133,28.73,30
-28.2266,148.2491,2013-01-13,367.3,100,37.0,0.0,22.2,0.106,28.73,29
-28.2283,148.2383,2013-01-13,315.7,89,37.0,0.0,22.2,0.106,28.73,29
-28.6076,147.1865,2013-01-13,303.5,17,38.6,0.0,38.8,0.108,26.63,22
-31.2735,148.9405,2013-01-14,348.6,78,24.9,0.0,28.3,0.199,32.39,47
-28.2304,148.264,2013-01-14,323.2,24,31.9,0.0,31.0,0.13,28.99,28
-31.1416,149.1288,2013-01-14,332.1,34,24.8,0.0,27.9,0.142,32.38,47
-31.1612,149.1244,2013-01-14,360.1,100,24.2,0.0,28.3,0.179,32.39,49
-31.1634,149.137,2013-01-14,339.8,60,24.1,0.0,28.0,0.179,32.35,49
-31.247,149.2029,2013-01-14,340.3,53,22.7,0.0,27.3,0.163,32.31,51
-31.2241,149.0118,2013-01-14,340.5,37,24.5,0.0,28.3,0.221,32.39,47
-31.2567,149.2004,2013-01-14,341.2,74,22.9,0.0,27.3,0.274,32.31,52
-31.2664,149.1982,2013-01-14,338.1,64,22.8,0.0,27.3,0.274,32.31,52
-31.2404,148.9282,2013-01-14,414.2,100,24.7,0.0,28.3,0.228,32.39,45
-31.2426,148.941,2013-01-14,352.6,81,24.8,0.0,28.3,0.228,32.39,45
-31.2502,148.9257,2013-01-14,391.5,100,24.1,0.0,28.3,0.199,32.39,46
-31.2524,148.9384,2013-01-14,375.4,100,24.7,0.0,28.3,0.199,32.39,47
-31.2493,148.9196,2013-01-14,365.1,100,25.4,0.0,28.3,0.228,32.39,45
-31.2516,148.9326,2013-01-14,386.0,100,24.5,0.0,28.3,0.199,32.39,47
-31.2538,148.9453,2013-01-14,345.9,76,24.6,0.0,28.3,0.199,32.39,47
-31.2961,149.1856,2013-01-14,333.3,59,22.1,0.0,27.3,0.274,32.31,52
-31.2614,148.9298,2013-01-14,344.4,75,25.0,0.0,27.9,0.081,32.38,45
-31.2637,148.9427,2013-01-14,348.7,71,25.4,0.0,28.3,0.228,32.39,45
-31.2713,148.9276,2013-01-14,337.0,55,25.4,0.0,28.3,0.228,32.39,45
-31.3255,149.0627,2013-01-14,347.0,80,21.5,0.0,27.3,0.23,32.31,50
-31.3276,149.0746,2013-01-14,384.0,100,22.8,0.0,27.3,0.23,32.31,51
-31.3373,149.0721,2013-01-14,349.6,92,22.7,0.0,27.3,0.23,32.31,51
-34.4579,150.8837,2013-01-14,318.7,56,17.9,2.3,32.6,0.238,19.05,71
-33.4698,148.435,2013-01-14,370.1,100,21.8,0.0,24.7,0.119,33.29,41
-35.2263,149.5973,2013-01-14,311.2,23,14.2,2.6,19.1,0.281,28.28,67
-33.4795,148.4325,2013-01-14,324.2,57,21.6,0.0,24.7,0.119,33.29,41
-31.1605,149.0683,2013-01-14,337.6,54,24.0,0.0,28.3,0.262,32.39,49
-31.1633,149.0527,2013-01-14,358.6,99,24.2,0.0,28.3,0.262,32.39,49
-31.1803,148.9602,2013-01-14,332.1,57,24.8,0.0,28.3,0.221,32.39,47
-30.913,149.4653,2013-01-14,339.7,84,24.3,0.0,28.0,0.18,32.35,50
-30.9161,149.4486,2013-01-14,336.9,80,24.8,0.0,28.0,0.13,32.35,48
-30.9019,149.4626,2013-01-14,360.5,100,24.4,0.0,28.0,0.18,32.35,50
-30.905,149.4459,2013-01-14,379.6,100,25.0,0.0,28.0,0.13,32.35,48
-30.9081,149.4292,2013-01-14,354.2,96,24.8,0.0,28.0,0.13,32.35,48
-30.8907,149.4598,2013-01-14,409.9,100,24.5,0.0,28.0,0.18,32.35,50
-30.897,149.4264,2013-01-14,331.8,71,24.8,0.0,28.0,0.13,32.35,48
-30.8828,149.4403,2013-01-14,326.9,48,25.0,0.0,28.0,0.13,32.35,48
-30.8939,149.4431,2013-01-14,443.0,100,25.0,0.0,28.0,0.13,32.35,48
-31.1741,149.0553,2013-01-14,339.5,66,24.2,0.0,28.3,0.262,32.39,49
-31.146,149.1471,2013-01-14,354.2,96,24.4,0.0,27.3,0.142,32.31,47
-31.1488,149.1316,2013-01-14,337.9,81,24.7,0.0,28.0,0.142,32.35,47
-33.4785,148.4323,2013-01-14,368.7,100,21.5,0.0,24.7,0.119,33.29,41
-33.4809,148.4187,2013-01-14,332.1,73,21.6,0.0,24.7,0.119,33.29,41
-33.4686,148.4296,2013-01-14,371.7,100,21.6,0.0,24.7,0.119,33.29,41
-33.4586,148.4272,2013-01-14,353.7,96,21.8,0.0,24.7,0.119,33.29,41
-32.065,148.0384,2013-01-14,331.0,60,24.8,0.0,27.7,0.115,33.21,34
-31.3192,149.1524,2013-01-14,342.1,70,22.4,0.0,27.3,0.274,32.31,52
-31.3222,149.1362,2013-01-14,337.2,48,21.9,0.0,27.3,0.23,32.31,51
-31.325,149.1212,2013-01-14,342.1,82,22.9,0.0,27.3,0.23,32.31,51
-31.3278,149.1059,2013-01-14,339.4,74,22.6,0.0,27.3,0.274,32.31,52
-31.3307,149.0903,2013-01-14,339.4,79,23.1,0.0,27.3,0.23,32.31,51
-31.3336,149.0744,2013-01-14,346.4,89,22.9,0.0,27.3,0.23,32.31,51
-31.3367,149.0579,2013-01-14,354.4,96,22.5,0.0,27.3,0.23,32.31,51
-31.2996,149.1972,2013-01-14,352.8,95,22.7,0.0,27.3,0.274,32.31,52
-31.3026,149.1809,2013-01-14,370.3,100,22.0,0.0,27.3,0.274,32.31,52
-31.3085,149.1492,2013-01-14,344.6,82,22.4,0.0,27.3,0.23,32.31,51
-31.3259,149.0551,2013-01-14,359.6,99,21.8,0.0,27.3,0.23,32.31,50
-31.3287,149.0401,2013-01-14,393.4,100,23.0,0.0,27.3,0.251,32.31,49
-31.318,149.0375,2013-01-14,342.6,34,22.6,0.0,27.3,0.251,32.31,49
-31.3157,148.989,2013-01-14,368.4,100,23.1,0.0,27.3,0.251,32.31,49
-31.3186,148.9733,2013-01-14,359.8,94,21.8,0.0,27.3,0.23,32.31,50
-31.3078,148.9713,2013-01-14,347.2,66,23.7,0.0,27.3,0.251,32.31,49
-31.3144,148.9832,2013-01-14,363.9,100,23.3,0.0,27.3,0.251,32.31,49
-31.3065,148.9651,2013-01-14,347.2,63,23.0,0.0,27.3,0.251,32.31,49
-31.2503,149.2127,2013-01-14,332.8,34,22.8,0.0,27.3,0.274,32.31,52
-31.2532,149.1968,2013-01-14,341.8,73,22.9,0.0,27.3,0.274,32.31,52
-31.2985,148.9474,2013-01-14,341.8,52,23.1,0.0,27.3,0.246,32.31,50
-31.2424,149.1937,2013-01-14,345.1,73,22.8,0.0,27.3,0.23,32.31,51
-31.2877,148.9457,2013-01-14,342.6,76,24.6,0.0,28.3,0.199,32.39,47
-31.2904,148.9305,2013-01-14,349.8,92,24.4,0.0,28.3,0.199,32.39,47
-31.2932,148.9154,2013-01-14,340.0,76,24.6,0.0,28.3,0.199,32.39,47
-31.1597,149.1342,2013-01-14,333.5,42,24.2,0.0,28.0,0.179,32.35,49
-31.1568,149.1497,2013-01-14,334.6,34,24.2,0.0,27.3,0.262,32.31,49
-31.2046,148.9493,2013-01-14,389.3,100,24.3,0.0,28.3,0.221,32.39,47
-31.2017,148.9654,2013-01-14,334.6,38,24.7,0.0,28.3,0.221,32.39,47
-31.1763,149.1053,2013-01-14,337.9,71,24.2,0.0,28.3,0.179,32.39,49
-31.1706,149.1367,2013-01-14,346.5,84,24.3,0.0,27.3,0.262,32.31,49
-31.2154,148.9516,2013-01-14,339.0,45,23.2,0.0,27.3,0.251,32.31,49
-31.2125,148.9677,2013-01-14,338.7,45,24.6,0.0,28.3,0.221,32.39,47
-31.1815,149.1391,2013-01-14,351.1,94,24.1,0.0,27.3,0.262,32.31,49
-31.1831,149.1461,2013-01-14,342.0,68,23.5,0.0,27.3,0.262,32.31,49
-31.2343,148.932,2013-01-14,343.5,85,24.1,0.0,28.3,0.221,32.39,47
-31.1969,149.1328,2013-01-14,342.4,78,23.5,0.0,27.3,0.262,32.31,49
-31.2477,148.92,2013-01-14,367.6,100,25.2,0.0,28.3,0.228,32.39,45
-31.245,148.9348,2013-01-14,371.0,100,24.6,0.0,28.3,0.228,32.39,45
-31.2582,148.9233,2013-01-14,345.5,89,25.0,0.0,27.9,0.081,32.38,45
-31.2555,148.9382,2013-01-14,359.5,99,25.4,0.0,28.3,0.228,32.39,45
-31.2528,148.9532,2013-01-14,343.7,87,25.1,0.0,28.3,0.228,32.39,45
-31.2769,148.9435,2013-01-14,355.7,97,24.9,0.0,28.3,0.199,32.39,47
-31.2797,148.9283,2013-01-14,353.2,95,24.9,0.0,28.3,0.199,32.39,47
-31.2662,148.9411,2013-01-14,337.2,60,25.5,0.0,28.3,0.228,32.39,45
-31.2215,149.1225,2013-01-14,336.4,50,23.8,0.0,28.3,0.262,32.39,49
-30.0115,149.4464,2013-01-14,337.4,71,29.1,0.0,29.2,0.184,30.73,43
-30.0025,149.4375,2013-01-14,349.7,92,29.1,0.0,29.2,0.184,30.73,43
-29.9912,149.4346,2013-01-14,340.7,83,29.1,0.0,29.2,0.184,30.73,43
-28.6232,147.1979,2013-01-14,358.0,98,31.0,0.0,32.7,0.108,28.67,23
-28.6254,147.1847,2013-01-14,343.5,85,31.0,0.0,31.8,0.108,29.35,23
-28.613,147.1956,2013-01-14,343.1,84,31.0,0.0,32.7,0.108,28.67,23
-28.6153,147.1824,2013-01-14,353.0,94,31.0,0.0,32.7,0.108,28.67,23
-28.2384,148.266,2013-01-14,348.5,90,31.9,0.0,31.0,0.13,28.99,28
-28.2063,147.7413,2013-01-14,345.6,87,31.7,0.0,34.4,0.079,28.93,24
-28.201,147.7494,2013-01-14,334.6,69,31.7,0.0,34.4,0.079,28.93,24
-28.2035,147.735,2013-01-14,337.6,76,31.7,0.0,34.4,0.079,28.93,24
-28.6161,147.1886,2013-01-14,314.5,89,31.0,0.0,32.7,0.108,28.67,23
-28.6181,147.2003,2013-01-14,312.9,86,31.0,0.0,32.7,0.108,28.67,23
-31.3205,148.9892,2013-01-15,343.3,61,21.9,0.0,25.0,0.249,23.28,48
-30.9117,149.4393,2013-01-15,322.5,58,23.1,0.0,25.3,0.129,20.84,50
-31.3038,148.9272,2013-01-15,323.5,21,23.0,0.0,27.3,0.198,23.81,46
-31.3057,148.9482,2013-01-15,323.7,50,21.0,0.0,25.0,0.249,23.28,48
-31.3226,149.1376,2013-01-15,394.1,94,21.2,0.0,25.0,0.228,23.28,50
-31.3248,149.1621,2013-01-15,352.7,96,21.6,0.0,25.0,0.228,23.28,50
-31.3231,148.994,2013-01-15,354.7,97,22.1,0.0,25.0,0.249,23.28,48
-30.9305,149.4277,2013-01-15,323.1,39,22.9,0.0,25.3,0.129,20.84,50
-31.3148,149.1582,2013-01-15,352.8,90,21.8,0.0,25.0,0.272,23.28,51
-31.3169,149.1299,2013-01-15,330.7,47,21.5,0.0,25.0,0.228,23.28,50
-31.3251,149.183,2013-01-15,325.5,39,22.0,0.0,25.0,0.272,23.28,51
-31.3274,149.1548,2013-01-15,384.0,87,21.4,0.0,25.0,0.228,23.28,50
-31.313,149.1533,2013-01-15,337.1,78,21.7,0.0,25.0,0.272,23.28,51
-31.2089,148.9563,2013-01-15,330.2,20,22.8,0.0,27.3,0.22,23.81,48
-30.9183,149.4581,2013-01-15,358.0,98,22.6,0.0,25.3,0.178,20.84,51
-30.9283,149.455,2013-01-15,337.8,84,22.5,0.0,25.3,0.178,20.84,51
-30.9142,149.4532,2013-01-15,356.1,97,22.7,0.0,25.3,0.178,20.84,51
-30.9165,149.4261,2013-01-15,339.2,86,22.9,0.0,25.3,0.129,20.84,50
-30.1654,150.8998,2013-01-15,319.8,43,19.7,0.1,20.2,0.135,15.42,59
-28.5685,148.4562,2013-01-15,322.7,56,27.6,0.0,33.7,0.084,15.31,49
-28.5671,148.4492,2013-01-15,323.1,57,27.7,0.0,33.7,0.053,15.31,50
-34.4587,150.8823,2013-01-15,307.8,73,20.1,0.0,23.4,0.226,24.48,62
-31.3165,149.164,2013-01-15,317.8,96,21.9,0.0,25.0,0.272,23.28,51
-31.3377,149.1458,2013-01-15,335.1,100,21.0,0.0,25.0,0.228,23.28,50
-31.3285,149.1441,2013-01-15,348.2,100,21.9,0.0,25.0,0.228,23.28,50
-31.3363,149.1565,2013-01-15,326.2,100,22.0,0.0,25.0,0.272,23.28,51
-31.3348,149.1674,2013-01-15,316.7,94,21.7,0.0,25.0,0.272,23.28,51
-31.3271,149.155,2013-01-15,355.5,100,21.4,0.0,25.0,0.228,23.28,50
-31.3415,149.0468,2013-01-15,307.3,33,19.5,0.0,25.0,0.228,23.28,49
-31.315,149.1749,2013-01-15,328.8,100,21.7,0.0,25.0,0.228,23.28,50
-31.3344,149.1005,2013-01-15,304.4,13,22.1,0.0,25.0,0.228,23.28,50
-31.3194,149.1425,2013-01-15,304.4,60,21.7,0.0,25.0,0.228,23.28,50
-31.3179,149.1532,2013-01-15,311.2,82,21.8,0.0,25.0,0.272,23.28,51
-31.3208,149.1317,2013-01-15,313.8,88,21.5,0.0,25.0,0.228,23.28,50
-31.3256,149.1658,2013-01-15,343.4,100,21.5,0.0,25.0,0.272,23.28,51
-31.3242,149.1765,2013-01-15,371.1,100,21.8,0.0,25.0,0.272,23.28,51
-31.3392,149.1348,2013-01-15,333.0,100,22.4,0.0,25.0,0.228,23.28,50
-31.33,149.1333,2013-01-15,333.6,100,21.7,0.0,25.0,0.228,23.28,50
-31.3315,149.1222,2013-01-15,327.5,100,23.0,0.0,27.3,0.22,23.81,48
-31.3223,149.1207,2013-01-15,322.7,100,21.7,0.0,25.0,0.228,23.28,50
-31.3266,149.088,2013-01-15,305.3,32,22.4,0.0,25.0,0.228,23.28,50
-31.3381,149.0013,2013-01-15,304.4,25,20.3,0.0,25.0,0.228,23.28,50
-31.303,149.1948,2013-01-15,314.7,90,21.9,0.0,25.0,0.272,23.28,51
-31.3044,149.1841,2013-01-15,308.8,76,21.7,0.0,25.0,0.228,23.28,50
-31.3304,148.9887,2013-01-15,310.2,41,21.0,0.0,25.0,0.228,23.28,50
-31.2191,149.206,2013-01-15,305.3,64,22.1,0.0,25.0,0.16,23.28,51
-31.2206,149.1951,2013-01-15,321.7,100,22.6,0.0,25.0,0.16,23.28,51
-31.2307,149.1198,2013-01-15,305.2,58,22.2,0.0,25.0,0.261,23.28,50
-31.1729,149.131,2013-01-15,309.2,71,22.5,0.0,25.0,0.177,23.28,51
-31.1807,148.9484,2013-01-15,307.5,49,23.4,0.0,27.3,0.226,23.81,46
-31.1454,149.1421,2013-01-15,305.4,64,22.7,0.0,25.0,0.141,23.28,49
-31.1478,149.0538,2013-01-15,304.9,57,22.8,0.0,27.3,0.141,23.81,49
-30.0622,149.3435,2013-01-15,307.6,72,25.4,0.2,19.6,0.256,14.56,47
-30.0532,149.3418,2013-01-15,321.7,100,25.4,0.2,19.6,0.256,14.56,47
-30.0441,149.3401,2013-01-15,316.9,94,25.8,0.2,19.6,0.21,14.56,46
-30.0455,149.3296,2013-01-15,308.3,74,25.8,0.2,19.6,0.21,14.56,46
-31.3126,149.1761,2013-01-15,300.4,18,21.7,0.0,25.0,0.228,23.28,50
-31.3265,149.1349,2013-01-15,319.5,99,21.0,0.0,25.0,0.228,23.28,50
-31.3291,149.1756,2013-01-15,314.8,90,21.9,0.0,25.0,0.272,23.28,51
-31.3181,149.1684,2013-01-15,309.3,70,21.9,0.0,25.0,0.272,23.28,51
-31.3323,149.1284,2013-01-15,310.8,32,22.0,0.0,25.0,0.272,23.28,51
-31.3346,149.1675,2013-01-15,310.3,30,21.7,0.0,25.0,0.272,23.28,51
-31.3127,149.1789,2013-01-15,328.5,57,21.3,0.0,25.0,0.272,23.28,51
-31.3297,149.1675,2013-01-15,330.6,46,21.7,0.0,25.0,0.228,23.28,50
-31.3338,149.1263,2013-01-15,328.9,61,22.2,0.0,25.0,0.16,23.28,51
-31.3376,149.1456,2013-01-15,335.4,82,21.0,0.0,25.0,0.228,23.28,50
-31.3448,149.1819,2013-01-15,336.4,83,22.1,0.0,25.0,0.272,23.28,51
-31.3318,148.9908,2013-01-15,336.8,71,20.9,0.0,25.0,0.228,23.28,50
-30.9028,149.4825,2013-01-15,327.5,50,23.0,0.0,25.3,0.178,20.84,52
-30.9037,149.4256,2013-01-15,326.3,29,23.0,0.0,25.3,0.129,20.84,50
-30.9042,149.469,2013-01-15,327.7,43,22.9,0.0,25.3,0.178,20.84,52
-34.4618,150.8805,2013-01-15,323.6,52,20.0,0.0,23.4,0.226,24.48,62
-34.4598,150.8806,2013-01-16,318.0,0,21.3,0.0,17.8,0.206,30.54,77
-31.3372,148.9901,2013-01-16,335.7,58,24.6,0.0,13.8,0.226,24.24,46
-31.3493,149.1385,2013-01-16,344.1,87,26.6,0.0,13.8,0.158,24.24,48
-31.3511,149.1273,2013-01-16,336.1,76,26.7,0.0,13.8,0.213,24.24,46
-31.3401,149.1362,2013-01-16,369.7,100,25.9,0.0,13.8,0.226,24.24,46
-31.3418,149.1253,2013-01-16,356.8,97,26.5,0.0,13.8,0.158,24.24,48
-31.339,148.9789,2013-01-16,349.3,92,23.6,0.0,13.8,0.226,24.24,46
-31.3298,148.9768,2013-01-16,341.0,84,22.7,0.0,13.8,0.226,24.24,45
-31.3108,148.9159,2013-01-16,377.3,100,26.0,0.0,13.8,0.248,24.24,45
-30.936,149.4706,2013-01-16,344.7,66,26.8,0.0,12.0,0.177,24.45,48
-30.9379,149.4589,2013-01-16,384.9,87,26.6,0.0,12.0,0.177,24.45,48
-30.9266,149.4685,2013-01-16,365.6,75,26.8,0.0,12.0,0.177,24.45,48
-30.9285,149.4568,2013-01-16,362.9,100,26.6,0.0,12.0,0.177,24.45,48
-30.9304,149.4453,2013-01-16,352.3,95,27.0,0.0,12.0,0.129,24.45,46
-31.341,149.1273,2013-01-16,304.1,58,26.9,0.0,13.8,0.219,24.24,45
-31.3344,149.1564,2013-01-16,310.6,80,26.2,0.0,13.8,0.271,24.24,47
-31.3409,149.06,2013-01-16,310.4,80,25.6,0.0,13.8,0.226,24.24,46
-31.3484,149.0269,2013-01-16,323.5,100,23.5,0.0,13.8,0.226,24.24,46
-31.335,149.1514,2013-01-16,311.4,82,26.3,0.0,13.8,0.271,24.24,47
-31.3412,149.0529,2013-01-16,315.4,91,24.3,0.0,13.8,0.226,24.24,46
-31.3482,149.0213,2013-01-16,320.6,100,23.8,0.0,13.8,0.226,24.24,46
-31.3335,149.0187,2013-01-16,321.8,100,25.0,0.0,13.8,0.226,24.24,46
-31.34,148.9889,2013-01-16,320.2,100,24.6,0.0,13.8,0.226,24.24,46
-31.3256,148.9851,2013-01-16,303.9,19,24.6,0.0,13.8,0.226,24.24,46
-31.3035,148.9475,2013-01-16,311.6,83,25.2,0.0,13.8,0.248,24.24,45
-31.31,148.9184,2013-01-16,328.4,100,25.9,0.0,13.8,0.248,24.24,45
-31.3161,148.8911,2013-01-16,311.2,82,27.5,0.0,15.7,0.197,24.83,43
-31.3237,148.9158,2013-01-16,308.3,73,25.3,0.0,13.8,0.248,24.24,45
-31.303,148.9413,2013-01-16,315.4,91,25.3,0.0,13.8,0.248,24.24,45
-31.3092,148.9128,2013-01-16,325.5,100,26.1,0.0,13.8,0.248,24.24,45
-28.1742,152.397,2013-01-16,312.0,84,21.3,0.0,11.2,0.272,23.16,66
-28.1758,152.4073,2013-01-16,301.0,36,20.8,0.0,11.2,0.272,23.16,66
-28.2013,152.3919,2013-01-16,303.5,56,19.5,0.0,11.2,0.272,23.16,66
-29.3148,152.2611,2013-01-16,305.3,64,21.4,0.0,10.1,0.42,25.05,70
-29.2529,152.22,2013-01-16,300.2,21,22.1,0.0,10.1,0.416,25.05,70
-28.1714,152.4396,2013-01-16,303.1,53,20.8,0.0,11.2,0.272,23.16,66
-31.3061,148.9501,2013-01-16,321.2,100,24.4,0.0,13.8,0.226,24.24,46
-31.3082,148.962,2013-01-16,313.4,51,25.7,0.0,13.8,0.248,24.24,45
-31.3385,149.1366,2013-01-16,308.2,74,25.7,0.0,13.8,0.226,24.24,46
-31.3406,149.1489,2013-01-16,324.9,100,25.6,0.0,13.8,0.226,24.24,46
-31.3427,149.161,2013-01-16,309.5,64,26.3,0.0,13.8,0.271,24.24,47
-31.3091,148.9088,2013-01-16,319.2,98,26.1,0.0,13.8,0.248,24.24,45
-31.3114,148.9222,2013-01-16,321.5,100,24.8,0.0,13.8,0.248,24.24,45
-31.3202,148.9725,2013-01-16,308.7,41,25.6,0.0,13.8,0.248,24.24,45
-31.3311,149.0352,2013-01-16,324.0,100,24.9,0.0,13.8,0.226,24.24,46
-31.3333,149.048,2013-01-16,333.7,100,24.7,0.0,13.8,0.226,24.24,46
-31.3213,148.9199,2013-01-16,313.8,88,25.0,0.0,13.8,0.248,24.24,45
-31.3344,148.9958,2013-01-16,324.8,73,24.3,0.0,13.8,0.226,24.24,46
-31.3366,149.0087,2013-01-16,330.7,100,23.8,0.0,13.8,0.226,24.24,46
-31.3442,148.9933,2013-01-16,325.8,54,25.6,0.0,13.8,0.248,24.24,45
-29.9444,152.9096,2013-01-16,302.9,52,24.1,0.0,14.9,0.238,28.53,66
-31.1926,148.9429,2013-01-16,308.8,69,26.1,0.0,13.8,0.248,24.24,45
-31.2024,148.9407,2013-01-16,313.4,87,25.2,0.0,13.8,0.248,24.24,45
-31.3309,149.1513,2013-01-16,316.0,92,26.1,0.0,13.8,0.271,24.24,47
-31.3331,149.1636,2013-01-16,318.6,97,25.6,0.0,13.8,0.226,24.24,46
-31.3352,149.1759,2013-01-16,315.8,92,25.8,0.0,13.8,0.271,24.24,47
-31.3038,148.9367,2013-01-16,325.5,100,25.5,0.0,13.8,0.248,24.24,45
-31.3508,149.0317,2013-01-16,354.0,100,23.9,0.0,13.8,0.226,24.24,46
-31.3388,149.0214,2013-01-16,343.6,100,23.8,0.0,13.8,0.226,24.24,46
-31.341,149.0338,2013-01-16,367.4,100,24.3,0.0,13.8,0.226,24.24,46
-31.3432,149.0464,2013-01-16,340.1,100,23.8,0.0,13.8,0.226,24.24,46
-31.3452,149.058,2013-01-16,311.7,83,25.2,0.0,13.8,0.226,24.24,46
-31.342,148.9807,2013-01-16,338.9,100,24.9,0.0,13.8,0.226,24.24,46
-28.6564,148.8497,2013-01-17,332.8,65,32.7,0.0,17.7,0.09,28.92,29
-30.9195,149.4798,2013-01-17,338.0,84,30.1,0.0,14.3,0.174,23.24,38
-30.8784,149.4073,2013-01-17,402.5,100,30.4,0.0,14.3,0.128,23.24,36
-30.88,149.4226,2013-01-17,389.9,100,30.3,0.0,14.3,0.128,23.24,35
-30.8892,149.4057,2013-01-17,424.5,100,30.2,0.0,14.3,0.128,23.24,35
-30.8909,149.4209,2013-01-17,379.2,100,30.1,0.0,14.3,0.128,23.24,35
-30.9,149.404,2013-01-17,338.7,84,30.1,0.0,14.3,0.128,23.24,35
-30.9034,149.4348,2013-01-17,330.7,55,30.2,0.0,14.3,0.128,23.24,35
-30.9304,149.4782,2013-01-17,336.8,81,30.0,0.0,14.3,0.174,23.24,38
-30.9213,149.4729,2013-01-17,335.0,73,30.0,0.0,14.3,0.174,23.24,38
-30.923,149.4885,2013-01-17,335.9,80,30.0,0.0,14.3,0.174,23.24,38
-31.2007,148.9379,2013-01-17,345.0,89,27.7,0.0,15.5,0.246,21.96,34
-31.3091,148.9015,2013-01-17,336.6,55,29.5,0.0,15.5,0.242,21.96,34
-31.3106,148.9151,2013-01-17,342.6,84,28.9,0.0,15.5,0.246,21.96,34
-31.3123,148.9291,2013-01-17,349.9,93,28.5,0.0,15.5,0.246,21.96,34
-31.3139,148.9432,2013-01-17,336.6,65,27.0,0.0,15.5,0.246,21.96,34
-31.3156,148.9583,2013-01-17,343.0,87,27.4,0.0,15.5,0.225,21.96,35
-31.3212,148.9133,2013-01-17,391.6,100,28.2,0.0,15.5,0.246,21.96,34
-31.3229,148.9279,2013-01-17,405.0,100,28.1,0.0,15.5,0.246,21.96,34
-31.333,149.0156,2013-01-17,331.3,71,27.9,0.0,15.5,0.225,21.96,35
-31.3347,149.0306,2013-01-17,334.1,58,28.2,0.0,15.5,0.246,21.96,34
-31.3364,149.045,2013-01-17,332.3,56,27.6,0.0,15.5,0.225,21.96,35
-31.3153,148.9086,2013-01-17,348.1,92,28.6,0.0,15.5,0.246,21.96,34
-31.3168,148.9222,2013-01-17,368.3,100,27.3,0.0,15.5,0.246,21.96,34
-31.3258,148.9073,2013-01-17,351.5,94,28.3,0.0,15.5,0.246,21.96,34
-31.3274,148.9216,2013-01-17,406.8,100,28.2,0.0,15.5,0.246,21.96,34
-31.3291,148.9369,2013-01-17,356.7,98,29.6,0.0,15.5,0.242,21.96,34
-31.3337,148.9789,2013-01-17,330.4,51,26.3,0.0,15.5,0.225,21.96,34
-31.337,149.0085,2013-01-17,349.0,92,26.8,0.0,15.5,0.225,21.96,34
-31.3386,149.0233,2013-01-17,342.1,86,27.0,0.0,15.5,0.225,21.96,35
-31.3402,149.0381,2013-01-17,349.2,93,27.1,0.0,15.5,0.225,21.96,35
-31.3419,149.0535,2013-01-17,324.9,37,27.4,0.0,15.5,0.225,21.96,35
-31.3444,148.9784,2013-01-17,338.1,82,28.0,0.0,15.5,0.225,21.96,35
-31.3461,148.993,2013-01-17,351.4,94,28.0,0.0,15.5,0.225,21.96,35
-31.3476,149.0071,2013-01-17,400.6,100,27.0,0.0,15.5,0.225,21.96,35
-31.3492,149.0215,2013-01-17,353.5,96,26.9,0.0,15.5,0.225,21.96,34
-31.3509,149.0365,2013-01-17,340.7,85,27.2,0.0,15.5,0.225,21.96,35
-36.2757,141.4072,2013-01-17,335.8,76,30.5,0.0,28.8,0.129,31.52,23
-36.2738,141.3955,2013-01-17,364.9,100,30.5,0.0,28.8,0.129,31.52,23
-29.3238,152.2519,2013-01-17,319.6,38,23.9,0.0,7.6,0.34,25.61,69
-31.5502,152.6082,2013-01-17,324.0,76,23.6,0.1,13.7,0.283,27.79,78
-29.3278,152.2574,2013-01-17,318.3,36,23.6,0.2,6.3,0.397,25.34,71
-31.3194,148.9105,2013-01-17,328.3,63,28.2,0.0,15.5,0.246,21.96,34
-31.3194,148.9031,2013-01-17,328.0,57,29.9,0.0,15.5,0.197,21.96,33
-31.5558,152.6074,2013-01-17,302.8,51,23.7,0.1,13.7,0.283,27.79,78
-31.5543,152.6181,2013-01-17,325.7,100,24.0,0.1,13.7,0.283,27.79,78
-31.5453,152.6164,2013-01-17,311.6,83,23.8,0.1,13.7,0.279,27.79,78
-31.5467,152.6057,2013-01-17,307.3,71,23.5,0.1,13.7,0.279,27.79,78
-34.4636,150.8771,2013-01-17,304.0,53,22.5,0.0,21.7,0.191,28.4,82
-31.3802,149.0277,2013-01-17,378.3,100,27.7,0.0,15.5,0.225,21.96,35
-31.0653,152.1606,2013-01-17,301.4,41,24.0,0.5,8.6,0.298,25.78,71
-31.3786,149.0425,2013-01-17,325.9,73,27.9,0.0,15.5,0.225,21.96,35
-31.3818,149.0123,2013-01-17,311.2,82,28.3,0.0,15.5,0.225,21.96,35
-31.3679,149.041,2013-01-17,348.7,100,28.0,0.0,15.5,0.225,21.96,35
-31.3695,149.0265,2013-01-17,443.4,100,27.2,0.0,15.5,0.225,21.96,35
-31.3712,149.0109,2013-01-17,371.6,100,28.1,0.0,15.5,0.225,21.96,35
-31.3744,148.9805,2013-01-17,310.6,76,28.1,0.0,15.5,0.225,21.96,35
-31.3588,149.025,2013-01-17,463.1,100,27.2,0.0,15.5,0.225,21.96,35
-31.3605,149.0096,2013-01-17,380.5,100,27.9,0.0,15.5,0.225,21.96,35
-31.3621,148.9946,2013-01-17,316.4,84,27.3,0.0,15.5,0.225,21.96,35
-31.3638,148.9783,2013-01-17,315.4,79,29.6,0.0,15.5,0.242,21.96,34
-31.3498,149.0084,2013-01-17,344.8,100,27.5,0.0,15.5,0.225,21.96,35
-31.3514,148.9928,2013-01-17,332.3,100,28.1,0.0,15.5,0.225,21.96,35
-31.336,149.0363,2013-01-17,320.0,23,27.3,0.0,15.5,0.225,21.96,35
-31.3375,149.0219,2013-01-17,333.0,93,27.3,0.0,15.5,0.225,21.96,35
-31.3408,148.9913,2013-01-17,326.7,100,28.0,0.0,15.5,0.225,21.96,35
-31.3423,148.9762,2013-01-17,328.8,100,26.9,0.0,15.5,0.225,21.96,34
-31.3457,148.9441,2013-01-17,321.5,100,30.4,0.0,16.4,0.197,21.47,33
-31.3473,148.9293,2013-01-17,324.0,100,29.5,0.0,15.5,0.242,21.96,34
-31.3427,149.0316,2013-01-17,319.3,13,26.9,0.0,15.5,0.225,21.96,34
-31.3461,149.0012,2013-01-17,335.3,100,27.5,0.0,15.5,0.225,21.96,35
-31.3479,148.9854,2013-01-17,326.4,100,28.8,0.0,15.5,0.246,21.96,34
-31.3496,148.9704,2013-01-17,314.3,34,28.0,0.0,15.5,0.225,21.96,35
-31.3322,149.0287,2013-01-17,334.4,84,28.7,0.0,15.5,0.246,21.96,34
-31.3338,149.0145,2013-01-17,326.2,100,27.7,0.0,15.5,0.225,21.96,35
-31.3389,148.969,2013-01-17,316.6,93,28.5,0.0,15.5,0.246,21.96,34
-31.3424,148.9375,2013-01-17,357.4,100,30.1,0.0,16.4,0.197,21.47,33
-31.344,148.9228,2013-01-17,334.0,100,29.6,0.0,15.5,0.242,21.96,34
-31.3233,149.0116,2013-01-17,315.3,62,29.0,0.0,15.5,0.246,21.96,34
-31.3249,148.997,2013-01-17,311.9,61,29.1,0.0,15.5,0.246,21.96,34
-31.3282,148.9672,2013-01-17,324.0,100,28.8,0.0,15.5,0.246,21.96,34
-31.33,148.9514,2013-01-17,340.4,100,29.1,0.0,15.5,0.246,21.96,34
-31.3316,148.9362,2013-01-17,360.3,100,29.7,0.0,15.5,0.197,21.96,33
-31.3332,148.9217,2013-01-17,349.8,100,28.9,0.0,15.5,0.246,21.96,34
-31.3349,148.9064,2013-01-17,311.9,83,29.6,0.0,15.5,0.242,21.96,34
-31.3191,148.951,2013-01-17,333.2,100,27.2,0.0,15.5,0.225,21.96,35
-31.3208,148.9357,2013-01-17,335.3,100,28.8,0.0,15.5,0.246,21.96,34
-31.3224,148.9209,2013-01-17,315.8,92,27.8,0.0,15.5,0.246,21.96,34
-31.3242,148.9049,2013-01-17,314.9,90,29.4,0.0,15.5,0.242,21.96,34
-31.3069,148.9638,2013-01-17,315.1,90,28.7,0.0,15.5,0.246,21.96,34
-31.3083,148.9504,2013-01-17,313.2,82,27.0,0.0,15.5,0.225,21.96,35
-31.3101,148.9347,2013-01-17,323.0,100,27.6,0.0,15.5,0.246,21.96,34
-31.3117,148.9193,2013-01-17,321.9,100,28.1,0.0,15.5,0.246,21.96,34
-31.3135,148.903,2013-01-17,317.8,96,29.8,0.0,15.5,0.197,21.96,33
-31.3029,148.9007,2013-01-17,323.2,100,30.1,0.0,16.4,0.197,21.47,33
-31.2395,148.9471,2013-01-17,326.4,100,30.2,0.0,16.4,0.224,21.47,33
-31.2411,148.932,2013-01-17,310.6,38,29.8,0.0,16.4,0.218,21.47,34
-31.2287,148.9463,2013-01-17,314.8,89,29.1,0.0,15.5,0.246,21.96,34
-31.218,148.9445,2013-01-17,342.1,100,29.5,0.0,15.5,0.218,21.96,34
-31.2197,148.9291,2013-01-17,313.9,87,29.5,0.0,15.5,0.218,21.96,34
-31.2073,148.943,2013-01-17,315.7,91,28.9,0.0,15.5,0.246,21.96,34
-31.209,148.9277,2013-01-17,312.1,68,29.3,0.0,15.5,0.246,21.96,34
-31.1966,148.9418,2013-01-17,314.7,89,28.9,0.0,15.5,0.246,21.96,34
-31.1982,148.9267,2013-01-17,313.9,87,28.4,0.0,15.5,0.246,21.96,34
-31.1428,149.142,2013-01-17,305.4,49,30.0,0.0,14.3,0.138,23.24,35
-31.1481,149.0472,2013-01-17,307.5,67,30.0,0.0,16.4,0.218,21.47,34
-29.9468,152.8913,2013-01-17,309.1,76,24.7,0.0,13.5,0.227,28.92,70
-29.9363,152.9042,2013-01-17,307.2,71,24.6,0.0,13.5,0.227,28.92,69
-29.3278,152.2594,2013-01-17,301.3,40,23.4,0.2,6.3,0.397,25.34,71
-28.9229,152.331,2013-01-17,305.3,13,23.1,0.2,6.3,0.358,25.34,68
-28.9112,152.354,2013-01-17,307.2,58,23.5,0.2,6.3,0.299,25.34,67
-28.9126,152.3437,2013-01-17,313.6,88,23.4,0.2,6.3,0.358,25.34,68
-28.914,152.3335,2013-01-17,305.5,15,22.9,0.2,6.3,0.358,25.34,68
-28.9154,152.3232,2013-01-17,303.7,52,22.5,0.2,6.3,0.358,25.34,68
-28.6541,147.2981,2013-01-17,320.2,100,33.6,0.0,12.1,0.11,25.09,32
-28.65,147.2997,2013-01-17,358.1,100,33.7,0.0,12.1,0.113,25.09,32
-28.6518,147.3161,2013-01-17,327.4,100,33.6,0.0,12.1,0.11,25.09,32
-31.3535,149.0265,2013-01-17,351.2,100,27.0,0.0,15.5,0.225,21.96,35
-31.2181,148.9573,2013-01-17,307.4,41,29.3,0.0,15.5,0.218,21.96,34
-31.5396,152.6256,2013-01-17,302.5,49,23.5,0.1,13.7,0.279,27.79,78
-31.325,149.1134,2013-01-17,316.3,65,29.5,0.0,16.4,0.258,21.47,35
-31.3251,148.9674,2013-01-17,322.8,57,28.9,0.0,15.5,0.246,21.96,34
-31.3294,149.0146,2013-01-17,311.2,40,28.4,0.0,15.5,0.246,21.96,34
-31.3315,149.0382,2013-01-17,318.3,97,28.3,0.0,15.5,0.246,21.96,34
-31.5429,152.6167,2013-01-17,300.9,35,23.6,0.1,13.7,0.279,27.79,78
-31.3202,149.1063,2013-01-17,314.0,52,29.4,0.0,15.5,0.269,21.96,36
-31.3213,148.9604,2013-01-17,317.3,18,28.6,0.0,15.5,0.246,21.96,34
-31.3274,149.0321,2013-01-17,316.4,85,29.1,0.0,15.5,0.246,21.96,34
-31.3326,148.937,2013-01-17,326.6,46,30.0,0.0,16.4,0.197,21.47,33
-31.3345,148.96,2013-01-17,318.4,20,29.4,0.0,15.5,0.246,21.96,34
-31.3363,148.981,2013-01-17,321.9,60,26.9,0.0,15.5,0.225,21.96,34
-31.3383,149.0044,2013-01-17,316.4,57,27.3,0.0,15.5,0.225,21.96,35
-31.3403,149.0276,2013-01-17,314.0,42,27.0,0.0,15.5,0.225,21.96,35
-31.3515,149.0033,2013-01-17,376.8,100,27.3,0.0,15.5,0.225,21.96,35
-31.3557,149.052,2013-01-17,328.2,100,28.5,0.0,15.5,0.212,21.96,35
-31.358,149.0778,2013-01-17,314.1,51,29.4,0.0,15.5,0.212,21.96,35
-31.3648,149.0023,2013-01-17,328.5,100,27.2,0.0,15.5,0.225,21.96,35
-31.3668,149.0256,2013-01-17,359.3,100,27.5,0.0,15.5,0.225,21.96,35
-31.3689,149.0498,2013-01-17,338.2,100,27.6,0.0,15.5,0.225,21.96,35
-31.3801,149.0247,2013-01-17,387.4,100,27.6,0.0,15.5,0.225,21.96,35
-31.3822,149.0488,2013-01-17,366.1,100,28.2,0.0,15.5,0.225,21.96,35
-31.3843,149.0726,2013-01-17,326.4,100,27.9,0.0,15.5,0.225,21.96,35
-31.3913,149.0012,2013-01-17,306.3,56,29.0,0.0,15.5,0.242,21.96,34
-31.4076,149.0666,2013-01-17,313.6,87,28.8,0.0,15.5,0.212,21.96,35
-31.4056,149.0421,2013-01-17,335.9,100,28.4,0.0,15.5,0.225,21.96,35
-31.3943,149.0673,2013-01-17,320.4,100,28.5,0.0,15.5,0.212,21.96,35
-31.3923,149.0432,2013-01-17,368.1,100,27.9,0.0,15.5,0.225,21.96,35
-31.3904,149.0197,2013-01-17,346.0,100,28.3,0.0,15.5,0.225,21.96,35
-31.4087,149.0469,2013-01-17,323.9,100,28.3,0.0,15.5,0.225,21.96,35
-31.3955,149.0481,2013-01-17,366.0,100,28.9,0.0,15.5,0.242,21.96,34
-31.3976,149.072,2013-01-17,316.2,63,28.2,0.0,15.5,0.225,21.96,35
-31.3934,149.0244,2013-01-17,354.0,100,29.1,0.0,15.5,0.242,21.96,34
-31.371,149.0741,2013-01-17,320.1,94,27.5,0.0,15.5,0.225,21.96,35
-31.378,149.0015,2013-01-17,324.8,100,28.0,0.0,15.5,0.225,21.96,35
-29.9376,152.913,2013-01-17,318.5,60,25.1,0.0,13.5,0.227,28.92,70
-28.9201,152.3278,2013-01-17,317.2,40,22.7,0.2,6.3,0.358,25.34,68
-28.6498,147.2993,2013-01-17,348.9,93,33.7,0.0,12.1,0.113,25.09,32
-28.6603,147.3431,2013-01-17,329.9,75,33.6,0.0,12.1,0.11,25.09,32
-28.6669,147.2939,2013-01-17,341.5,88,33.6,0.0,12.1,0.11,25.09,32
-28.6772,147.3378,2013-01-17,326.7,70,33.6,0.0,12.1,0.11,25.09,32
-28.6495,147.2914,2013-01-17,347.0,92,33.7,0.0,12.1,0.113,25.09,32
-28.6602,147.3352,2013-01-17,338.3,85,33.6,0.0,12.1,0.11,25.09,32
-28.6666,147.2861,2013-01-17,334.9,81,33.6,0.0,12.1,0.11,25.09,32
-28.6772,147.3299,2013-01-17,329.2,74,33.6,0.0,12.1,0.11,25.09,32
-31.389,148.9999,2013-01-17,339.3,81,29.0,0.0,15.5,0.242,21.96,34
-31.3889,149.0061,2013-01-17,344.3,68,29.0,0.0,15.5,0.242,21.96,34
-31.3822,148.9757,2013-01-17,321.6,24,29.0,0.0,15.5,0.242,21.96,34
-31.3749,149.012,2013-01-17,347.4,0,28.2,0.0,15.5,0.225,21.96,35
-31.3529,149.0507,2013-01-17,350.0,0,28.5,0.0,15.5,0.212,21.96,35
-31.3368,149.1149,2013-01-17,336.5,83,29.8,0.0,16.4,0.218,21.47,34
-31.3367,149.1221,2013-01-17,330.6,74,29.5,0.0,16.4,0.156,21.47,37
-31.3304,149.0933,2013-01-17,337.7,66,28.9,0.0,15.5,0.225,21.96,35
-31.5534,152.6214,2013-01-17,323.8,69,24.2,0.0,15.3,0.283,28.39,78
-36.8844,149.8324,2013-01-18,383.7,100,25.1,0.0,37.6,0.223,27.63,59
-34.4383,148.6035,2013-01-18,407.4,100,31.4,0.0,32.9,0.137,26.38,24
-34.4413,148.5789,2013-01-18,356.2,35,31.2,0.0,32.9,0.137,26.38,24
-34.4428,148.5665,2013-01-18,355.0,38,31.4,0.0,32.9,0.137,26.38,24
-34.4458,148.542,2013-01-18,337.5,37,31.2,0.0,31.8,0.134,26.35,23
-34.4302,148.5894,2013-01-18,433.1,100,31.3,0.0,32.9,0.137,26.38,24
-34.4317,148.5772,2013-01-18,414.6,100,31.3,0.0,32.9,0.137,26.38,24
-34.4332,148.5648,2013-01-18,409.7,100,31.4,0.0,32.9,0.137,26.38,24
-34.4362,148.5403,2013-01-18,355.3,90,31.4,0.0,32.9,0.134,26.38,24
-34.4378,148.5279,2013-01-18,381.3,0,31.2,0.0,32.9,0.134,26.38,23
-32.8383,151.3873,2013-01-18,350.0,93,32.3,0.0,26.1,0.253,28.39,48
-32.8399,151.3765,2013-01-18,381.8,100,32.3,0.0,26.1,0.253,28.39,48
-32.692,149.7689,2013-01-18,340.1,77,29.6,0.0,20.6,0.199,26.49,39
-32.6935,149.7579,2013-01-18,345.1,89,30.3,0.0,20.6,0.199,26.49,40
-32.6829,149.7671,2013-01-18,452.3,100,30.4,0.0,21.4,0.199,26.43,40
-32.6844,149.7562,2013-01-18,463.3,100,30.6,0.0,21.7,0.199,25.93,40
-32.6858,149.7453,2013-01-18,334.7,60,30.9,0.0,21.4,0.173,26.43,37
-32.675,149.7711,2013-01-18,353.5,55,29.9,0.0,20.6,0.199,26.49,39
-32.6765,149.7602,2013-01-18,412.9,75,29.1,0.0,20.6,0.205,26.49,40
-31.335,149.0157,2013-01-18,348.2,0,30.6,0.3,20.9,0.224,26.94,29
-31.3259,149.0137,2013-01-18,349.6,69,31.6,0.3,20.9,0.245,26.94,28
-31.3273,149.0029,2013-01-18,335.7,64,32.1,0.3,20.9,0.245,26.94,28
-29.955,152.8888,2013-01-18,329.7,67,27.2,0.0,15.3,0.268,29.4,64
-29.9432,152.899,2013-01-18,341.0,88,27.4,0.0,15.3,0.217,29.4,62
-29.4417,152.7011,2013-01-18,332.9,77,29.0,0.0,11.6,0.253,28.22,58
-29.4321,152.6988,2013-01-18,329.0,64,28.9,0.0,11.6,0.253,28.22,58
-29.3289,152.2608,2013-01-18,333.2,47,26.5,0.0,11.3,0.394,27.16,64
-29.3307,152.2496,2013-01-18,351.9,95,27.3,0.0,7.9,0.391,27.41,64
-29.3213,152.2475,2013-01-18,330.8,53,27.0,0.0,7.9,0.391,27.41,64
-29.2018,152.6533,2013-01-18,327.7,47,28.1,0.0,12.7,0.246,28.07,56
-29.1648,152.6952,2013-01-18,325.8,37,28.7,0.0,12.7,0.246,28.07,56
-29.0043,153.1686,2013-01-18,323.1,51,27.8,0.0,17.0,0.324,29.55,59
-29.0916,152.3416,2013-01-18,337.5,82,26.7,0.0,10.9,0.37,27.55,60
-29.0937,152.3291,2013-01-18,337.5,78,25.9,0.0,11.3,0.385,27.16,63
-28.9287,152.3291,2013-01-18,342.1,87,25.3,0.0,11.3,0.347,27.16,60
-28.9191,152.3272,2013-01-18,336.0,75,25.5,0.0,11.3,0.347,27.16,60
-28.921,152.3154,2013-01-18,357.6,98,25.1,0.0,11.3,0.347,27.16,60
-28.9095,152.3252,2013-01-18,330.5,32,25.8,0.0,11.3,0.347,27.16,60
-28.9115,152.3134,2013-01-18,341.1,86,25.4,0.0,11.3,0.347,27.16,60
-28.902,152.3113,2013-01-18,324.2,30,25.4,0.0,11.3,0.347,27.16,60
-28.8857,150.9689,2013-01-18,340.5,79,30.5,0.0,10.8,0.147,30.48,41
-28.8873,150.9583,2013-01-18,368.8,100,30.6,0.0,10.8,0.147,30.48,41
-28.9043,152.3286,2013-01-18,308.6,70,26.0,0.0,11.3,0.347,27.16,60
-28.9144,152.3265,2013-01-18,319.2,98,25.6,0.0,11.3,0.347,27.16,60
-28.9166,152.3392,2013-01-18,306.7,10,25.8,0.0,11.3,0.347,27.16,60
-29.0893,153.3502,2013-01-18,303.9,58,27.0,0.0,17.0,0.178,29.55,61
-29.0814,152.342,2013-01-18,301.6,32,27.7,0.0,13.6,0.328,27.74,61
-29.9354,152.8848,2013-01-18,311.3,82,28.1,0.0,15.3,0.217,29.4,62
-29.9375,152.8969,2013-01-18,305.4,64,27.5,0.0,15.3,0.217,29.4,62
-29.9431,152.8708,2013-01-18,311.4,82,27.7,0.0,15.8,0.274,29.66,65
-29.7445,152.1523,2013-01-19,319.6,39,23.1,11.5,10.9,0.382,22.16,74
-28.9054,152.3231,2013-01-19,319.3,49,24.2,2.9,13.5,0.342,24.25,71
-29.0039,153.1807,2013-01-19,317.1,44,26.5,4.1,22.3,0.319,24.02,70
-28.9158,152.3214,2013-01-19,326.2,71,23.6,2.9,13.5,0.342,24.25,71
-28.9175,152.3357,2013-01-19,328.2,75,24.5,2.9,13.5,0.342,24.25,71
-28.9292,152.4346,2013-01-19,320.1,56,25.1,0.7,13.9,0.312,24.0,70
-28.6506,147.3084,2013-01-19,336.7,74,34.6,0.0,22.8,0.109,26.7,35
-29.3208,152.2469,2013-01-19,329.3,69,25.1,1.8,11.3,0.39,23.45,73
-28.6581,147.2962,2013-01-19,338.7,78,34.6,0.0,22.8,0.109,26.7,35
-29.3312,152.2456,2013-01-19,319.9,19,25.4,1.8,11.3,0.39,23.45,73
-29.3328,152.2592,2013-01-19,324.0,44,24.2,2.9,13.5,0.376,24.25,74
-29.4254,152.6876,2013-01-19,327.1,76,26.5,1.0,15.0,0.247,24.23,70
-29.4271,152.7023,2013-01-19,322.3,60,26.1,1.0,15.0,0.247,24.23,70
-29.4301,152.6957,2013-01-19,330.0,79,26.4,1.0,15.0,0.247,24.23,70
-29.7391,152.1605,2013-01-19,326.8,62,24.4,2.1,11.0,0.396,23.24,75
-29.7463,152.1677,2013-01-19,321.0,43,25.2,1.8,11.3,0.396,23.45,75
-29.9373,152.8718,2013-01-19,322.8,68,25.8,1.8,22.0,0.216,25.21,75
-29.939,152.887,2013-01-19,344.6,91,25.1,5.6,23.2,0.216,24.73,75
-29.9482,152.8694,2013-01-19,329.3,79,25.1,10.0,23.4,0.275,23.48,77
-29.9499,152.8852,2013-01-19,321.4,56,24.8,5.6,23.2,0.269,24.73,77
-29.9487,152.8862,2013-01-19,316.7,62,24.9,5.6,23.2,0.216,24.73,75
-29.9511,152.8448,2013-01-19,315.8,53,25.8,1.8,22.0,0.216,25.21,75
-29.9446,152.8813,2013-01-19,317.6,68,25.4,5.6,23.2,0.216,24.73,75
-29.9472,152.8401,2013-01-19,312.5,54,25.9,1.8,22.0,0.192,25.21,72
-28.9985,153.1768,2013-01-19,318.4,70,26.4,4.1,22.3,0.319,24.02,70
-29.0072,153.17,2013-01-19,320.1,72,26.4,4.1,22.3,0.319,24.02,70
-28.6507,147.3109,2013-01-19,334.0,53,34.6,0.0,22.8,0.109,26.7,35
-28.6563,147.2847,2013-01-19,358.2,75,34.6,0.0,22.8,0.109,26.7,35
-28.6596,147.3055,2013-01-19,334.4,59,34.6,0.0,22.8,0.109,26.7,35
-28.6459,147.3017,2013-01-19,342.7,76,34.8,0.0,22.8,0.113,26.7,34
-28.3465,143.9677,2013-01-19,320.3,68,34.8,1.5,32.3,0.019,19.23,31
-28.3142,143.9977,2013-01-20,357.3,98,31.6,1.0,23.5,0.032,24.44,49
-28.282,143.9232,2013-01-20,328.2,51,31.8,1.0,23.5,0.03,24.44,48
-28.2839,143.9424,2013-01-20,332.8,71,31.8,1.0,23.5,0.03,24.44,48
-28.2858,143.9617,2013-01-20,337.6,79,31.6,1.0,23.5,0.032,24.44,49
-28.2878,143.9811,2013-01-20,343.5,87,31.6,1.0,23.5,0.032,24.44,49
-28.3,143.9796,2013-01-20,386.1,100,31.5,1.0,23.5,0.032,24.44,49
-28.302,143.9992,2013-01-20,350.2,93,31.6,1.0,23.5,0.032,24.44,49
-28.3122,143.9781,2013-01-20,368.0,100,31.5,1.0,23.5,0.032,24.44,49
-28.3264,143.9962,2013-01-20,347.2,90,31.6,1.0,23.5,0.032,24.44,49
-28.3387,143.9948,2013-01-20,337.9,80,31.6,1.0,23.5,0.032,24.44,49
-28.3298,143.9892,2013-01-20,341.9,85,31.6,1.0,23.5,0.032,24.44,49
-28.6504,147.3013,2013-01-20,350.5,93,30.5,3.7,17.3,0.124,25.92,56
-28.6372,147.3167,2013-01-20,335.9,79,30.6,3.7,17.3,0.125,25.92,55
-28.6389,147.2997,2013-01-20,350.1,93,30.6,3.7,17.3,0.125,25.92,55
-28.6392,147.31,2013-01-20,346.8,91,30.6,3.7,17.3,0.125,25.92,55
-28.6411,147.2931,2013-01-20,338.5,83,30.6,3.7,17.3,0.125,25.92,55
-28.3365,143.9534,2013-01-20,334.5,76,31.5,1.0,23.5,0.032,24.44,49
-28.3388,143.925,2013-01-20,333.8,74,31.5,1.0,23.5,0.03,24.44,48
-28.3054,143.9789,2013-01-20,332.5,73,31.5,1.0,23.5,0.032,24.44,49
-28.3351,143.9486,2013-01-20,335.9,79,31.6,1.0,23.5,0.03,24.44,48
-28.3037,143.9741,2013-01-20,331.8,67,31.6,1.0,23.5,0.032,24.44,49
-31.3894,148.9977,2013-01-20,308.0,73,20.3,13.2,18.3,0.357,10.16,78
-29.468,146.7983,2013-01-20,306.7,27,29.9,2.3,15.9,0.057,26.26,57
-29.4696,146.7875,2013-01-20,306.2,16,29.9,2.3,15.9,0.057,26.26,57
-29.3399,146.2459,2013-01-20,312.5,78,30.5,1.1,19.5,0.161,28.45,55
-29.3415,146.2354,2013-01-20,333.5,100,30.5,1.1,19.5,0.161,28.45,55
-28.6375,147.3253,2013-01-20,309.0,73,30.6,3.7,17.3,0.125,25.92,55
-28.6393,147.314,2013-01-20,338.0,100,30.6,3.7,17.3,0.125,25.92,55
-28.6411,147.3028,2013-01-20,327.8,100,30.6,3.7,17.3,0.125,25.92,55
-28.6429,147.2915,2013-01-20,309.1,73,30.6,3.7,17.3,0.125,25.92,55
-28.6386,143.1198,2013-01-20,309.3,26,33.2,0.0,19.1,0.081,28.63,43
-28.64,143.1087,2013-01-20,310.9,40,33.2,0.0,19.1,0.081,28.63,43
-28.6415,143.0976,2013-01-20,313.3,17,33.2,0.0,19.1,0.081,28.63,43
-28.6429,143.0865,2013-01-20,312.5,60,33.2,0.0,19.1,0.081,28.63,43
-28.6335,143.0849,2013-01-20,316.9,64,33.2,0.0,19.1,0.081,28.63,43
-28.6227,143.0945,2013-01-20,316.9,38,33.2,0.0,22.3,0.081,28.27,43
-28.6241,143.0834,2013-01-20,314.3,51,33.2,0.0,22.3,0.081,28.27,43
-28.6148,143.0818,2013-01-20,324.2,100,33.2,0.0,22.3,0.081,28.27,43
-28.6162,143.0707,2013-01-20,328.2,100,33.2,0.0,22.3,0.081,28.27,43
-28.6176,143.0596,2013-01-20,336.6,100,33.2,0.0,22.3,0.081,28.27,43
-28.619,143.0484,2013-01-20,319.3,94,33.3,0.0,22.3,0.133,28.27,43
-28.6068,143.0691,2013-01-20,317.4,74,33.2,0.0,22.3,0.081,28.27,43
-28.6082,143.058,2013-01-20,338.1,100,33.2,0.0,22.3,0.081,28.27,43
-28.6096,143.0469,2013-01-20,342.2,100,33.2,0.0,22.3,0.133,28.27,43
-28.5988,143.0564,2013-01-20,309.1,31,33.2,0.0,22.3,0.081,28.27,43
-28.6002,143.0453,2013-01-20,309.9,61,33.3,0.0,22.3,0.133,28.27,43
-28.2987,143.948,2013-01-20,317.0,89,31.7,1.0,23.5,0.03,24.44,48
-28.6394,147.34,2013-01-20,308.5,75,30.6,3.7,17.3,0.125,25.92,55
-28.6384,147.3324,2013-01-20,310.8,81,30.6,3.7,17.3,0.125,25.92,55
-29.3381,146.2264,2013-01-20,317.8,95,30.5,1.1,19.5,0.161,28.45,55
-29.3411,146.2747,2013-01-20,307.1,67,30.4,1.1,19.5,0.155,28.45,55
-29.3359,146.2188,2013-01-20,313.0,85,30.5,1.1,19.5,0.161,28.45,55
-29.3386,146.267,2013-01-20,311.5,81,30.4,1.1,19.5,0.155,28.45,55
-28.6457,147.3133,2013-01-21,346.0,90,31.6,0.0,18.3,0.131,27.39,48
-29.9586,152.8676,2013-01-21,314.3,30,22.3,2.0,16.0,0.368,14.89,85
-29.35,146.2316,2013-01-21,354.6,96,31.2,2.5,16.2,0.147,26.72,52
-29.3529,146.2473,2013-01-21,345.1,88,31.3,2.5,16.2,0.192,26.72,52
-28.3823,149.3203,2013-01-21,328.9,73,29.2,0.0,20.1,0.212,27.24,51
-29.3504,146.2255,2013-01-21,343.9,87,31.3,2.5,16.2,0.192,26.72,52
-29.3534,146.2411,2013-01-21,361.8,100,31.3,2.5,16.2,0.192,26.72,52
-29.3752,146.2359,2013-01-21,356.0,97,31.3,1.7,16.8,0.192,26.79,52
-37.432,144.9471,2013-01-21,365.3,100,21.2,0.0,21.0,0.197,30.5,64
-37.4337,144.9357,2013-01-21,346.0,91,21.1,0.0,21.0,0.197,30.5,64
-37.4321,143.8528,2013-01-21,340.9,78,21.4,0.0,16.3,0.148,31.99,55
-37.4337,143.8415,2013-01-21,337.6,68,21.3,0.0,16.3,0.142,31.99,55
-31.3748,148.9411,2013-01-21,347.3,90,25.4,0.3,15.5,0.238,25.15,56
-31.4225,149.0125,2013-01-21,334.1,60,23.2,0.4,13.8,0.393,24.65,63
-31.4107,149.01,2013-01-21,352.8,95,24.5,0.4,13.8,0.379,24.65,60
-31.3865,148.9444,2013-01-21,348.5,90,25.3,0.2,14.6,0.238,24.96,56
-31.3711,148.9595,2013-01-21,375.3,100,24.5,0.4,13.8,0.379,24.65,60
-31.3821,148.9379,2013-01-21,344.7,88,25.5,0.2,14.6,0.238,24.96,56
-29.3488,146.2488,2013-01-21,439.6,100,31.2,2.5,16.2,0.147,26.72,52
-29.3512,146.2349,2013-01-21,362.2,100,31.3,2.5,16.2,0.192,26.72,52
-29.3384,146.2464,2013-01-21,356.4,97,31.2,2.5,16.2,0.147,26.72,52
-29.3256,146.2579,2013-01-21,352.9,94,31.3,2.5,16.2,0.141,26.72,52
-29.3281,146.244,2013-01-21,363.7,100,31.3,2.5,16.2,0.147,26.72,52
-29.3153,146.2555,2013-01-21,336.7,41,31.3,2.5,16.2,0.141,26.72,52
-28.3114,143.9298,2013-01-21,360.7,94,32.6,7.6,22.9,0.05,26.24,44
-36.1877,147.4307,2013-01-21,302.8,52,23.7,1.3,10.2,0.18,24.29,61
-37.4562,144.7654,2013-01-22,321.7,79,17.0,0.0,18.1,0.267,27.42,68
-37.4419,144.7613,2013-01-22,317.8,74,17.6,0.0,18.1,0.238,27.42,67
-36.8728,147.0617,2013-01-22,334.8,86,24.4,0.0,13.8,0.186,32.61,53
-36.8701,147.1075,2013-01-22,339.2,89,21.0,0.0,16.9,0.189,30.81,55
-36.8654,147.0643,2013-01-22,343.5,91,24.4,0.0,13.8,0.186,32.61,53
-36.863,147.11,2013-01-22,334.4,85,21.2,0.0,16.9,0.189,30.81,55
-29.9607,152.8489,2013-01-22,338.7,90,23.7,0.9,13.2,0.347,23.97,80
-29.9592,152.8619,2013-01-22,349.5,95,23.5,0.9,13.2,0.345,23.97,79
-36.9054,147.0853,2013-01-22,389.0,100,21.3,0.0,16.9,0.189,30.81,55
-36.8907,147.0786,2013-01-22,374.8,100,23.2,0.0,13.5,0.186,32.37,53
-36.8799,147.1191,2013-01-22,390.6,100,19.0,0.0,17.2,0.199,30.34,58
-36.9085,147.0836,2013-01-22,370.8,100,22.9,0.0,14.2,0.193,32.31,53
-36.8984,147.1216,2013-01-22,424.7,100,17.3,0.0,17.2,0.203,30.34,61
-36.8875,147.0807,2013-01-22,365.7,100,23.1,0.0,14.2,0.193,32.31,53
-36.876,147.1228,2013-01-22,365.4,100,19.1,0.0,17.2,0.199,30.34,58
-36.8945,147.1252,2013-01-22,429.1,100,17.7,0.0,17.2,0.203,30.34,61
-29.1406,142.8522,2013-01-22,332.2,50,31.9,0.0,15.4,0.159,29.67,47
-33.9567,149.0799,2013-01-22,326.0,100,25.0,1.1,17.9,0.161,25.74,47
-33.9627,149.1035,2013-01-22,329.0,100,25.0,1.1,17.9,0.161,25.74,47
-36.8937,147.1049,2013-01-22,311.8,49,18.9,0.0,17.2,0.199,30.34,58
-36.8823,147.1165,2013-01-22,311.0,61,20.0,0.0,17.2,0.194,30.34,54
-36.884,147.1022,2013-01-22,305.5,56,20.9,0.0,16.9,0.186,30.81,56
-36.8856,147.0879,2013-01-22,308.2,74,21.2,0.0,16.9,0.189,30.81,55
-36.8726,147.1138,2013-01-22,316.4,58,20.0,0.0,17.2,0.194,30.34,54
-36.8742,147.0996,2013-01-22,324.7,100,22.3,0.0,14.6,0.193,31.25,53
-36.8758,147.0858,2013-01-22,325.9,100,21.7,0.0,15.5,0.189,32.14,55
-36.8645,147.0966,2013-01-22,328.7,100,23.2,0.0,14.2,0.186,32.31,53
-36.8662,147.0826,2013-01-22,311.4,65,23.6,0.0,15.3,0.186,32.67,53
-36.2268,147.4189,2013-01-22,302.2,48,24.2,0.0,14.2,0.178,32.33,47
-33.9823,149.0963,2013-01-22,312.1,62,24.7,1.4,17.9,0.161,25.51,47
-33.9839,149.0853,2013-01-22,388.9,100,26.9,0.1,16.7,0.072,25.56,45
-33.9854,149.0745,2013-01-22,332.9,100,26.0,0.1,16.7,0.154,25.56,46
-33.9702,149.1162,2013-01-22,301.8,45,25.2,0.0,19.5,0.161,25.85,47
-33.9718,149.1054,2013-01-22,319.1,98,25.0,1.1,17.9,0.161,25.74,47
-33.9733,149.0945,2013-01-22,379.9,100,24.8,1.1,17.9,0.161,25.74,47
-33.9748,149.0835,2013-01-22,399.5,100,25.6,0.2,16.6,0.154,25.34,45
-33.9763,149.0727,2013-01-22,324.6,100,25.1,0.0,19.5,0.161,25.85,47
-33.9597,149.1251,2013-01-22,328.1,100,26.3,0.1,16.7,0.154,25.56,46
-33.9612,149.1143,2013-01-22,317.9,96,25.6,0.2,16.6,0.154,25.34,45
-33.9643,149.0926,2013-01-22,363.8,100,25.5,0.0,19.5,0.154,25.85,45
-33.9658,149.0818,2013-01-22,366.1,100,25.2,0.0,19.5,0.161,25.85,47
-33.9673,149.0709,2013-01-22,303.1,18,24.6,1.4,17.9,0.161,25.51,47
-33.9507,149.1233,2013-01-22,334.2,100,26.2,0.1,16.7,0.154,25.56,46
-33.9522,149.1124,2013-01-22,349.7,100,26.4,0.1,16.7,0.154,25.56,46
-29.0954,142.8809,2013-01-22,311.0,32,31.9,0.0,17.4,0.159,28.86,47
-29.0725,142.8839,2013-01-22,315.4,90,31.8,0.0,17.4,0.159,28.86,47
-29.1033,142.8453,2013-01-22,310.1,19,31.9,0.0,16.8,0.146,29.47,46
-29.1523,142.8856,2013-01-22,314.3,88,31.8,0.0,16.1,0.213,29.12,47
-36.8703,147.103,2013-01-22,304.4,60,23.1,0.0,14.2,0.193,32.31,53
-36.8743,147.0943,2013-01-22,302.1,24,20.9,0.0,16.9,0.186,30.81,56
-29.9598,152.8628,2013-01-22,326.8,80,23.6,0.9,13.2,0.345,23.97,79
-29.1465,148.9783,2013-01-22,321.7,30,28.4,0.4,19.1,0.218,18.66,56
-33.9648,149.132,2013-01-22,349.6,93,26.1,0.0,17.7,0.154,26.11,46
-33.9852,149.0683,2013-01-22,344.9,0,25.5,0.2,16.6,0.154,25.34,45
-33.9546,149.1341,2013-01-22,357.6,98,27.0,0.1,16.7,0.072,25.56,45
-33.9571,149.1479,2013-01-22,327.6,39,27.2,0.1,16.7,0.072,25.56,45
-33.9876,149.082,2013-01-22,336.2,48,26.9,0.1,16.7,0.072,25.56,45
-33.9522,149.1207,2013-01-22,338.5,68,25.7,0.1,16.7,0.154,25.56,46
-36.879,147.0777,2013-01-23,334.3,82,19.0,0.0,16.0,0.189,28.04,59
-36.8758,147.1002,2013-01-23,342.3,90,18.7,0.0,16.0,0.189,28.04,59
-36.8774,147.089,2013-01-23,345.8,92,17.1,0.0,15.0,0.182,27.19,63
-36.8668,147.0981,2013-01-23,349.4,94,20.0,0.0,13.6,0.182,31.45,58
-36.8684,147.0869,2013-01-23,339.1,88,19.3,0.0,14.8,0.189,30.5,59
-36.8591,147.0897,2013-01-23,319.9,55,20.4,0.0,13.5,0.182,30.99,58
-33.9784,149.0735,2013-01-23,350.4,62,22.8,0.0,27.8,0.155,27.81,59
-33.9557,149.1249,2013-01-23,363.2,96,24.2,0.0,24.9,0.154,27.31,56
-37.294,144.6747,2013-01-23,325.2,69,16.2,0.0,22.0,0.269,31.24,65
-37.2955,144.6619,2013-01-23,348.0,93,16.3,0.0,22.0,0.269,31.24,65
-36.9028,147.1063,2013-01-23,345.3,92,16.5,0.0,14.0,0.19,26.45,60
-36.8954,147.093,2013-01-23,342.3,85,17.2,0.0,15.0,0.182,27.19,63
-36.8816,147.1247,2013-01-23,332.0,65,13.5,0.0,14.0,0.199,26.45,69
-36.8864,147.091,2013-01-23,349.2,94,16.7,0.0,15.0,0.182,27.19,63
-36.888,147.0797,2013-01-23,325.8,37,19.5,0.0,14.8,0.189,30.5,59
-36.8742,147.1114,2013-01-23,352.0,96,16.2,0.0,14.0,0.182,26.45,63
-29.1413,148.9754,2013-01-23,345.3,77,29.4,1.7,22.3,0.232,25.34,51
-29.1514,148.9777,2013-01-23,341.9,72,29.3,1.7,22.3,0.243,25.34,52
-29.3445,148.1478,2013-01-23,346.2,86,30.5,3.7,23.9,0.134,25.95,47
-36.875,147.0905,2013-01-23,307.2,71,17.0,0.0,15.0,0.182,27.19,63
-36.8998,147.0962,2013-01-23,316.7,87,16.4,0.0,14.0,0.19,26.45,60
-36.857,147.104,2013-01-23,330.7,100,17.7,0.0,14.0,0.186,30.02,62
-36.8874,147.0933,2013-01-23,312.7,49,16.7,0.0,15.0,0.182,27.19,63
-36.8581,147.1086,2013-01-23,331.6,100,18.6,0.0,14.0,0.189,30.02,59
-36.8621,147.0897,2013-01-23,316.7,89,20.1,0.0,13.6,0.182,31.45,58
-36.8706,147.1112,2013-01-23,302.9,14,17.0,0.0,15.0,0.182,27.19,63
-29.141,148.9758,2013-01-23,303.3,54,29.4,1.7,22.3,0.232,25.34,51
-29.1429,148.9872,2013-01-23,304.6,61,29.4,1.7,22.3,0.232,25.34,51
-33.9484,149.0331,2013-01-23,311.5,41,25.0,0.0,24.9,0.156,27.31,54
-33.9501,149.0443,2013-01-23,341.8,100,23.6,0.0,24.9,0.072,27.31,54
-33.9574,149.0367,2013-01-23,321.8,100,24.6,0.0,24.9,0.072,27.31,54
-33.9592,149.0479,2013-01-23,348.6,100,23.4,0.0,24.3,0.158,26.57,55
-33.9609,149.0589,2013-01-23,321.1,32,22.9,0.0,27.8,0.155,27.81,59
-36.8537,147.097,2013-01-23,312.2,84,19.8,0.0,14.8,0.182,30.5,58
-36.8557,147.1098,2013-01-23,337.7,100,17.1,0.0,15.0,0.186,27.19,62
-36.867,147.1199,2013-01-23,323.8,100,16.8,0.0,14.0,0.182,26.45,63
-36.8691,147.1325,2013-01-23,304.3,56,14.8,0.0,14.0,0.197,26.45,67
-36.8702,147.0803,2013-01-23,302.5,30,19.9,0.0,14.8,0.182,30.5,58
-36.8723,147.093,2013-01-23,304.9,25,17.4,0.0,15.0,0.186,27.19,62
-36.8784,147.1304,2013-01-23,312.5,80,15.1,0.0,14.0,0.197,26.45,67
-36.876,147.0855,2013-01-23,319.5,99,17.6,0.0,15.0,0.186,27.19,62
-36.8874,147.0957,2013-01-23,315.3,91,16.5,0.0,14.0,0.182,26.45,63
-36.8987,147.106,2013-01-23,317.0,94,14.5,0.0,14.0,0.197,26.45,67
-36.9008,147.1186,2013-01-23,301.3,25,12.7,0.0,14.0,0.199,26.45,69
-33.9573,149.0468,2013-01-24,342.1,67,23.1,0.0,20.0,0.155,29.94,52
-33.9484,149.0419,2013-01-24,327.9,38,24.0,0.0,20.0,0.155,30.61,51
-33.9607,149.0408,2013-01-24,332.7,0,24.6,0.0,20.0,0.069,30.61,51
-33.9624,149.0595,2013-01-24,331.2,61,22.8,0.0,20.0,0.15,29.94,54
-36.9046,147.1049,2013-01-24,389.7,100,19.2,0.0,12.9,0.178,31.84,54
-36.8599,147.1134,2013-01-24,334.4,68,19.7,0.0,12.9,0.178,31.84,54
-36.8592,147.1039,2013-01-24,333.6,68,21.7,0.0,9.8,0.185,31.74,54
-29.4974,149.5396,2013-01-24,327.5,71,27.6,0.0,18.8,0.261,26.88,55
-29.4936,149.5437,2013-01-24,328.3,69,27.6,0.0,18.8,0.261,26.88,55
-30.2006,149.0933,2013-01-24,328.4,59,27.2,0.0,16.4,0.29,28.17,55
-30.1931,149.0974,2013-01-24,332.2,79,27.2,0.0,16.4,0.29,28.17,55
-30.1954,149.061,2013-01-24,331.5,78,27.2,0.0,16.4,0.29,28.17,55
-36.9214,147.1047,2013-01-24,316.1,47,19.0,0.0,12.9,0.186,31.84,54
-36.9004,147.1255,2013-01-24,337.9,87,15.5,0.0,12.9,0.195,31.84,54
-36.9067,147.0997,2013-01-24,387.8,100,20.0,0.0,12.6,0.182,31.72,54
-36.9022,147.1192,2013-01-24,361.5,100,16.4,0.0,12.9,0.195,31.84,55
-36.9082,147.094,2013-01-24,376.8,100,19.7,0.0,12.6,0.178,31.72,54
-36.8935,147.0891,2013-01-24,326.1,69,21.5,0.0,11.7,0.185,31.62,54
-36.8714,147.1144,2013-01-24,346.7,93,19.4,0.0,12.9,0.178,31.84,54
-36.8784,147.0855,2013-01-24,331.2,82,20.0,0.0,12.6,0.178,31.72,54
-36.8562,147.1113,2013-01-24,328.7,79,20.0,0.0,12.6,0.182,31.72,54
-36.8629,147.0838,2013-01-24,320.9,63,22.7,0.0,9.5,0.179,31.58,54
-36.8596,147.1093,2013-01-24,327.8,78,20.2,0.0,10.8,0.182,31.89,54
-36.8663,147.0811,2013-01-24,320.5,45,22.4,0.0,9.5,0.179,31.58,54
-29.379,145.0683,2013-01-24,337.7,77,30.8,0.0,21.2,0.147,28.25,42
-29.3874,145.032,2013-01-24,340.7,81,30.9,0.0,21.2,0.129,28.25,42
-29.3633,145.0635,2013-01-24,331.6,59,30.8,0.0,21.3,0.147,27.73,42
-29.3717,145.0273,2013-01-24,345.6,88,30.9,0.0,21.3,0.129,27.73,42
-29.3708,145.0583,2013-01-24,355.1,96,30.8,0.0,21.3,0.147,27.73,42
-29.379,145.022,2013-01-24,350.2,92,30.9,0.0,21.2,0.129,28.25,42
-36.8598,147.1185,2013-01-24,317.2,22,19.5,0.0,12.9,0.178,31.84,54
-36.9149,147.1133,2013-01-24,310.3,80,19.0,0.0,12.9,0.178,31.84,54
-36.903,147.1132,2013-01-24,311.0,57,17.8,0.0,12.9,0.195,31.84,55
-36.9052,147.0885,2013-01-24,324.5,100,19.8,0.0,12.6,0.182,31.72,54
-36.8934,147.0864,2013-01-24,323.5,100,21.6,0.0,9.8,0.185,31.74,54
-36.8777,147.1293,2013-01-24,337.2,100,18.5,0.0,12.9,0.193,31.84,54
-36.8992,147.0802,2013-01-24,320.8,100,21.9,0.0,9.8,0.179,31.74,53
-36.8812,147.1444,2013-01-24,306.7,34,17.6,0.0,12.9,0.195,31.84,55
-36.8831,147.1249,2013-01-24,327.3,100,17.1,0.0,12.9,0.195,31.84,55
-36.8874,147.0786,2013-01-24,314.3,86,21.6,0.0,9.8,0.185,31.74,54
-36.8696,147.1413,2013-01-24,314.0,32,18.9,0.0,12.9,0.186,31.84,54
-36.8715,147.121,2013-01-24,319.1,31,18.9,0.0,12.9,0.178,31.84,54
-36.8481,147.116,2013-01-24,309.4,77,19.8,0.0,12.6,0.178,31.72,54
-36.8503,147.0918,2013-01-24,306.3,68,22.7,0.0,9.5,0.179,31.58,54
-33.9565,149.0401,2013-01-24,306.7,42,24.4,0.0,20.0,0.069,30.61,51
-34.4632,150.8771,2013-01-24,304.6,54,21.3,0.2,20.2,0.195,19.27,81
-34.4617,150.8888,2013-01-24,306.5,56,21.3,0.2,20.2,0.195,19.27,81
-29.3832,145.059,2013-01-24,350.7,100,30.8,0.0,21.2,0.147,28.25,42
-31.3847,149.0026,2013-01-24,302.3,48,22.5,0.0,20.7,0.396,29.71,63
-31.3863,148.9899,2013-01-24,302.8,52,23.7,0.0,20.7,0.401,29.71,61
-31.36,148.9598,2013-01-24,303.4,55,23.8,0.0,20.7,0.401,29.71,61
-29.7463,148.6235,2013-01-24,305.3,62,29.0,0.3,22.2,0.174,29.17,50
-29.7478,148.6113,2013-01-24,307.6,69,29.0,0.3,22.2,0.174,29.17,50
-29.3361,148.1472,2013-01-24,311.5,81,29.5,0.3,21.6,0.143,29.3,48
-29.3989,145.0674,2013-01-24,355.0,100,30.8,0.0,21.2,0.147,28.25,42
-29.4008,145.0477,2013-01-24,326.2,100,30.9,0.0,21.2,0.129,28.25,42
-29.3849,145.0855,2013-01-24,311.9,65,30.8,0.0,21.2,0.147,28.25,42
-29.3867,145.0659,2013-01-24,338.6,100,30.8,0.0,21.2,0.147,28.25,42
-29.3885,145.0462,2013-01-24,339.3,100,30.8,0.0,21.2,0.129,28.25,42
-29.3904,145.0264,2013-01-24,323.3,100,30.9,0.0,21.2,0.129,28.25,42
-29.3745,145.0643,2013-01-24,362.3,100,30.8,0.0,21.3,0.147,27.73,42
-29.3763,145.0447,2013-01-24,347.1,100,30.9,0.0,21.2,0.129,28.25,42
-29.3781,145.0249,2013-01-24,315.6,90,30.9,0.0,21.2,0.129,28.25,42
-29.3935,145.0801,2013-01-24,324.9,100,30.8,0.0,21.2,0.147,28.25,42
-29.3954,145.0605,2013-01-24,347.1,100,30.8,0.0,21.2,0.147,28.25,42
-29.3974,145.0408,2013-01-24,319.7,99,30.9,0.0,21.2,0.129,28.25,42
-29.3813,145.0786,2013-01-24,326.8,100,30.8,0.0,21.2,0.147,28.25,42
-29.3852,145.0394,2013-01-24,335.9,100,30.9,0.0,21.2,0.129,28.25,42
-29.3871,145.0196,2013-01-24,312.6,81,30.9,0.0,21.2,0.129,28.25,42
-29.373,145.0378,2013-01-24,324.2,100,30.9,0.0,21.3,0.129,27.73,42
-29.3718,145.0588,2013-01-24,322.8,93,30.8,0.0,21.3,0.147,27.73,42
-29.3735,145.0739,2013-01-24,334.9,100,30.8,0.0,21.3,0.147,27.73,42
-29.3735,145.0516,2013-01-24,311.1,31,30.8,0.0,21.3,0.147,27.73,42
-29.3751,145.0668,2013-01-24,330.2,100,30.8,0.0,21.2,0.147,28.25,42
-29.3768,145.082,2013-01-24,318.8,97,30.8,0.0,21.2,0.147,28.25,42
-29.3843,145.0501,2013-01-24,308.7,45,30.8,0.0,21.2,0.147,28.25,42
-29.3859,145.0652,2013-01-24,310.2,40,30.8,0.0,21.2,0.147,28.25,42
-29.3876,145.0804,2013-01-24,314.2,88,30.8,0.0,21.2,0.147,28.25,42
-29.3896,145.0674,2013-01-24,320.3,31,30.8,0.0,21.2,0.147,28.25,42
-29.3721,145.073,2013-01-24,320.1,28,30.8,0.0,21.3,0.147,27.73,42
-29.3738,145.0781,2013-01-24,320.6,36,30.8,0.0,21.3,0.147,27.73,42
-33.804,150.1043,2013-01-25,333.0,78,22.1,0.3,15.1,0.278,24.42,78
-29.3998,144.9285,2013-01-25,339.9,66,31.3,0.0,16.7,0.106,30.63,38
-29.3721,145.0732,2013-01-25,357.2,98,31.1,0.0,17.7,0.128,30.56,40
-29.3736,145.0606,2013-01-25,357.2,98,31.1,0.0,17.7,0.128,30.56,40
-29.3637,145.059,2013-01-25,350.9,93,31.1,0.0,17.7,0.128,30.56,40
-29.3652,145.0464,2013-01-25,341.3,82,31.2,0.0,17.7,0.117,30.56,39
-36.924,147.1089,2013-01-25,309.3,53,18.4,3.7,16.4,0.198,17.46,62
-36.9136,147.1068,2013-01-25,311.3,29,19.8,3.4,14.7,0.184,18.05,61
-36.8775,147.069,2013-01-25,301.6,34,23.4,0.9,12.1,0.179,20.71,60
-36.8572,147.1213,2013-01-25,309.2,76,19.1,3.7,16.4,0.185,17.46,59
-36.8468,147.1191,2013-01-25,306.1,21,20.0,3.4,14.7,0.184,18.05,61
-31.3802,148.9946,2013-01-25,304.7,58,23.7,0.0,16.9,0.361,26.28,57
-31.385,148.9716,2013-01-25,303.5,46,24.9,0.0,16.9,0.369,26.28,54
-31.372,148.9685,2013-01-25,304.3,44,25.1,0.0,16.9,0.369,26.28,55
-31.3713,148.9864,2013-01-25,307.8,38,24.6,0.0,16.9,0.369,26.28,54
-29.4654,148.7382,2013-01-25,303.5,56,29.4,0.0,18.5,0.172,26.37,49
-29.4536,148.7545,2013-01-25,303.5,55,29.2,0.0,18.5,0.221,26.37,49
-29.4026,144.9254,2013-01-25,309.9,71,31.3,0.0,16.7,0.106,30.63,38
-29.4583,148.7517,2013-01-25,305.4,64,29.2,0.0,18.5,0.221,26.37,49
-31.3792,148.9879,2013-01-25,309.8,66,24.1,0.0,16.9,0.361,26.28,57
-31.3697,148.9833,2013-01-25,310.7,73,25.0,0.0,16.9,0.369,26.28,54
-36.8472,147.1145,2013-01-25,300.2,22,20.2,3.4,14.7,0.184,18.05,61
-36.8508,147.1333,2013-01-25,304.2,59,17.5,3.7,16.4,0.199,17.46,62
-36.9172,147.1067,2013-01-25,301.2,34,19.9,3.4,14.7,0.18,18.05,61
-30.2064,149.1279,2013-01-26,333.6,81,27.6,3.2,15.9,0.252,20.17,59
-30.2161,149.1264,2013-01-26,351.1,95,27.6,3.2,15.9,0.252,20.17,59
-30.2176,149.1383,2013-01-26,335.8,74,27.6,3.2,15.9,0.252,20.17,59
-35.7987,145.2121,2013-01-26,343.7,88,22.7,0.0,23.5,0.127,30.57,42
-35.7945,145.2262,2013-01-26,304.3,59,22.7,0.0,23.5,0.127,30.57,42
-29.3151,145.0759,2013-01-26,308.4,74,31.9,0.0,18.9,0.119,24.96,38
-35.7901,145.2308,2013-01-26,307.7,72,22.7,0.0,23.5,0.127,30.57,42
-35.7985,145.2155,2013-01-26,310.5,80,22.7,0.0,23.5,0.127,30.57,42
-35.7886,145.2172,2013-01-26,301.1,38,22.7,0.0,23.5,0.127,30.57,42
-29.3262,145.0814,2013-01-27,332.5,78,31.0,0.0,24.1,0.114,28.58,36
-29.3412,145.08,2013-01-27,327.2,62,30.9,0.0,24.1,0.114,28.58,36
-29.3252,145.0749,2013-01-27,329.1,68,31.0,0.0,24.1,0.114,28.58,36
-36.9226,147.0993,2013-01-27,341.2,79,15.4,2.6,10.7,0.36,14.91,83
-36.9205,147.1236,2013-01-27,346.3,88,12.7,2.6,10.7,0.371,14.91,89
-36.9263,147.1187,2013-01-27,343.3,91,13.1,2.6,10.7,0.371,14.91,89
-36.9146,147.1164,2013-01-27,321.6,42,15.3,2.6,10.7,0.372,14.91,81
-36.9169,147.0918,2013-01-27,320.5,12,18.3,6.9,13.0,0.358,21.71,77
-36.7255,145.7502,2013-01-27,346.6,93,19.6,0.0,14.2,0.173,26.05,54
-36.7275,145.7263,2013-01-27,328.5,75,19.9,0.0,14.2,0.14,26.05,54
-33.4481,147.3149,2013-01-27,331.3,62,25.3,0.8,16.8,0.147,26.74,48
-36.9301,147.1135,2013-01-27,319.1,98,14.0,2.6,10.7,0.364,14.91,86
-36.9001,147.0776,2013-01-27,306.8,24,18.9,3.8,12.8,0.358,24.44,77
-36.7289,145.7504,2013-01-27,327.0,100,19.5,0.0,14.2,0.173,26.05,54
-36.7305,145.7392,2013-01-27,304.1,24,20.6,0.0,17.7,0.138,29.11,52
-36.7199,145.7484,2013-01-27,320.9,100,19.8,0.0,14.2,0.14,26.05,54
-36.7215,145.7372,2013-01-27,305.1,12,21.0,0.0,17.7,0.138,29.11,52
-36.7076,145.7688,2013-01-27,314.6,89,20.8,0.0,16.2,0.153,26.53,52
-36.7092,145.7576,2013-01-27,350.1,100,21.2,0.0,17.7,0.153,29.11,52
-36.6986,145.7667,2013-01-27,333.0,100,21.0,0.0,17.7,0.153,29.11,52
-36.7002,145.7555,2013-01-27,311.0,46,20.9,0.0,17.7,0.153,29.11,52
-36.6896,145.7647,2013-01-27,316.9,67,21.6,0.0,17.7,0.153,29.11,52
-36.6912,145.7535,2013-01-27,320.8,100,21.0,0.0,17.7,0.153,29.11,52
-36.6928,145.7423,2013-01-27,313.9,53,20.9,0.0,17.7,0.138,29.11,52
-36.6806,145.7627,2013-01-27,319.5,86,21.5,0.0,17.7,0.153,29.11,52
-36.6822,145.7515,2013-01-27,331.1,100,21.6,0.0,17.7,0.153,29.11,52
-36.6838,145.7403,2013-01-27,324.9,100,21.2,0.0,17.7,0.138,29.11,52
-36.6716,145.7606,2013-01-27,308.2,74,21.9,0.0,17.7,0.134,29.11,50
-36.6732,145.7494,2013-01-27,321.8,100,22.1,0.0,16.3,0.134,30.49,50
-36.6626,145.7586,2013-01-27,326.5,100,22.0,0.0,17.7,0.134,29.11,50
-36.6642,145.7474,2013-01-27,314.2,89,21.8,0.0,16.3,0.138,30.49,50
-33.4446,147.3286,2013-01-27,308.3,74,26.1,1.5,14.0,0.128,23.13,49
-33.4466,147.3164,2013-01-27,344.0,100,25.4,0.8,16.8,0.147,26.74,48
-33.4485,147.3046,2013-01-27,311.6,83,26.0,1.5,14.0,0.128,23.13,49
-33.4371,147.3143,2013-01-27,330.2,100,25.9,1.5,14.0,0.128,23.13,49
-33.4391,147.3023,2013-01-27,309.0,76,26.1,1.5,14.0,0.128,23.13,49
-33.427,147.3184,2013-01-27,316.2,93,26.0,1.5,14.0,0.128,23.13,49
-33.4408,147.3144,2013-01-27,312.7,86,25.8,1.5,14.0,0.128,23.13,49
-33.4468,147.3413,2013-01-27,305.0,63,26.3,1.5,14.0,0.128,23.13,49
-33.4491,147.3332,2013-01-27,307.5,72,26.2,1.5,14.0,0.128,23.13,49
-33.4526,147.3238,2013-01-28,356.7,98,25.9,0.2,15.3,0.144,23.28,53
-33.4617,147.3218,2013-01-28,325.4,44,25.8,0.2,15.3,0.144,23.28,53
-33.4508,147.3128,2013-01-28,352.5,95,25.7,0.2,15.3,0.144,23.28,53
-33.4556,147.3119,2013-01-28,349.8,92,25.7,0.2,15.3,0.144,23.28,53
-36.9164,147.112,2013-01-28,302.4,49,17.8,1.0,9.9,0.321,24.65,71
-36.7293,145.7486,2013-01-28,305.1,63,20.7,0.0,18.2,0.172,30.27,55
-36.9263,147.1183,2013-01-28,300.4,13,16.0,1.0,9.9,0.337,24.65,74
-28.8668,149.1878,2013-01-29,327.8,57,25.4,0.0,13.4,0.426,28.95,70
-28.8655,149.1975,2013-01-29,328.8,52,25.4,0.0,13.4,0.426,28.95,70
-30.2757,148.8971,2013-01-29,314.3,89,26.3,0.0,16.8,0.304,27.71,57
-36.9185,147.1236,2013-01-30,330.6,73,13.6,0.0,12.5,0.31,31.22,63
-31.838,145.7922,2013-01-30,353.0,94,25.1,0.0,12.2,0.105,32.0,22
-31.8471,145.7942,2013-01-30,350.7,92,25.0,0.0,12.2,0.105,32.0,22
-30.8369,146.8504,2013-01-30,342.7,84,27.3,0.0,14.7,0.128,31.82,23
-30.8273,146.8482,2013-01-30,392.5,100,27.3,0.0,14.7,0.136,31.82,24
-30.8293,146.8362,2013-01-30,366.1,100,27.3,0.0,14.7,0.136,31.82,24
-29.3537,149.2684,2013-01-30,334.0,59,26.1,0.0,11.5,0.389,31.04,53
-30.8244,146.8402,2013-01-30,303.8,57,27.3,0.0,14.7,0.136,31.82,24
-29.3499,148.9212,2013-01-30,300.4,12,26.0,0.0,11.9,0.388,31.07,48
-29.359,148.9194,2013-01-30,300.8,34,25.9,0.0,11.9,0.362,31.07,48
-30.8263,146.8518,2013-01-30,315.0,90,27.4,0.0,14.7,0.128,31.82,23
-36.9244,147.1097,2013-01-30,302.3,48,14.8,0.0,12.5,0.306,31.22,58
-31.7528,152.6797,2013-01-31,318.1,65,23.9,0.0,23.8,0.369,29.18,81
-31.7552,152.7232,2013-01-31,319.6,52,24.2,0.0,23.8,0.369,29.18,81
-28.9006,148.4984,2013-01-31,335.6,82,29.3,0.0,19.3,0.088,29.51,47
-28.904,148.4915,2013-01-31,336.4,83,29.3,0.0,19.3,0.088,29.51,47
-31.7487,152.6873,2013-01-31,320.5,70,24.1,0.0,23.8,0.379,29.18,82
-31.7695,152.699,2013-01-31,322.6,42,24.2,0.0,23.8,0.369,29.18,81
-31.7564,152.7148,2013-01-31,323.0,22,24.1,0.0,23.8,0.369,29.18,81
-31.7581,152.6976,2013-01-31,410.9,100,24.1,0.0,23.8,0.369,29.18,81
-31.7599,152.6802,2013-01-31,336.5,76,24.1,0.0,23.8,0.369,29.18,81
-31.7467,152.6961,2013-01-31,355.0,97,24.1,0.0,23.8,0.379,29.18,82
-30.8401,146.8347,2013-01-31,333.5,81,29.9,0.0,14.8,0.129,30.49,21
-28.9141,148.4968,2013-01-31,331.8,55,29.3,0.0,19.3,0.088,29.51,47
-36.938,147.1229,2013-01-31,426.9,100,15.2,0.0,18.9,0.294,30.6,48
-36.9471,147.0877,2013-01-31,452.0,100,16.7,0.0,18.9,0.277,30.6,43
-36.9669,147.1245,2013-01-31,327.9,79,13.6,0.0,18.9,0.294,30.6,47
-36.9755,147.0907,2013-01-31,325.4,80,16.1,0.0,18.9,0.292,30.6,49
-36.9502,147.1217,2013-01-31,443.1,100,14.8,0.0,18.9,0.294,30.6,48
-36.9587,147.0881,2013-01-31,435.3,100,19.0,0.0,15.9,0.27,30.27,43
-36.9337,147.1177,2013-01-31,401.7,100,16.6,0.0,18.9,0.277,30.6,43
-36.9429,147.0815,2013-01-31,405.7,100,19.3,0.0,21.3,0.286,29.02,40
-36.9548,147.1254,2013-01-31,398.0,100,13.4,0.0,18.9,0.294,30.6,47
-36.9632,147.0931,2013-01-31,409.1,100,18.5,0.0,21.3,0.27,29.02,42
-34.4774,149.1029,2013-01-31,302.1,47,23.9,0.0,17.9,0.253,31.21,50
-34.4789,149.0912,2013-01-31,302.0,46,23.7,0.0,17.9,0.253,31.21,50
-34.4603,150.8785,2013-01-31,312.2,84,23.0,0.4,25.5,0.368,27.6,82
-30.8337,146.8441,2013-01-31,316.7,94,30.0,0.0,14.8,0.129,30.49,21
-30.8352,146.8311,2013-01-31,309.8,78,30.0,0.0,14.8,0.129,30.49,21
-30.8352,146.8386,2013-01-31,321.7,100,30.0,0.0,14.8,0.129,30.49,21
-30.8252,146.837,2013-01-31,319.2,98,30.0,0.0,14.8,0.129,30.49,21
-31.7479,152.697,2013-01-31,307.9,73,24.1,0.0,23.8,0.379,29.18,82
-31.7573,152.7054,2013-01-31,388.7,100,24.0,0.0,23.8,0.369,29.18,81
-31.7528,152.7001,2013-01-31,403.6,100,24.1,0.0,23.8,0.369,29.18,81
-31.7548,152.712,2013-01-31,405.0,100,24.2,0.0,23.8,0.369,29.18,81
-31.7433,152.7023,2013-01-31,355.8,98,24.2,0.0,23.8,0.379,29.18,82
-31.7453,152.7142,2013-01-31,358.2,99,24.1,0.0,23.8,0.379,29.18,82
-30.8323,146.844,2013-01-31,355.2,97,30.0,0.0,14.8,0.129,30.49,21
-30.8379,146.8708,2013-01-31,329.2,80,29.8,0.0,14.8,0.121,30.49,21
-30.8364,146.8369,2013-01-31,347.2,93,30.0,0.0,14.8,0.129,30.49,21
-30.8422,146.8636,2013-01-31,338.8,88,29.8,0.0,14.8,0.121,30.49,21
-34.641,148.881,2013-02-01,329.0,76,17.0,5.6,25.7,0.253,19.44,61
-30.8426,146.8481,2013-02-01,348.5,91,25.6,0.2,25.2,0.126,30.55,26
-30.8441,146.8376,2013-02-01,334.6,72,25.6,0.2,25.2,0.126,30.55,26
-30.8336,146.8463,2013-02-01,359.4,99,25.6,0.2,25.2,0.126,30.55,26
-30.6017,148.0542,2013-02-01,330.2,66,29.2,0.0,27.8,0.25,28.53,34
-30.4555,148.106,2013-02-01,333.1,74,29.5,0.0,27.8,0.247,28.53,33
-28.904,148.4897,2013-02-01,353.9,96,30.5,0.0,28.2,0.078,27.85,37
-28.455,147.9903,2013-02-01,342.9,85,30.8,0.0,30.7,0.199,29.33,31
-28.398,147.1524,2013-02-01,354.6,96,30.4,0.0,29.8,0.073,30.83,26
-28.3995,147.1422,2013-02-01,341.8,83,30.2,0.0,29.8,0.04,30.83,26
-28.5396,146.1722,2013-02-01,349.7,92,27.9,0.0,30.1,0.104,31.13,20
-28.3895,147.1491,2013-02-01,320.4,100,30.2,0.0,29.8,0.04,30.83,26
-30.8294,146.8326,2013-02-01,306.4,68,25.6,0.2,25.2,0.126,30.55,26
-28.5302,146.1883,2013-02-01,335.7,100,27.9,0.0,30.1,0.104,31.13,20
-28.5346,146.1664,2013-02-01,341.5,100,27.9,0.0,30.1,0.104,31.13,20
-28.5175,146.1849,2013-02-01,306.5,68,27.9,0.0,30.1,0.104,31.13,20
-28.5323,146.1833,2013-02-01,337.3,100,27.9,0.0,30.1,0.104,31.13,20
-28.5365,146.1614,2013-02-01,322.4,100,27.9,0.0,30.1,0.104,31.13,20
-28.5195,146.1799,2013-02-01,323.5,100,27.9,0.0,30.1,0.104,31.13,20
-28.3888,147.1676,2013-02-01,309.0,76,30.4,0.0,29.8,0.073,30.83,26
-28.3922,147.1852,2013-02-01,306.3,67,30.4,0.0,29.8,0.073,30.83,26
-28.5235,146.1812,2013-02-01,329.7,100,27.9,0.0,30.1,0.104,31.13,20
-28.5275,146.2015,2013-02-01,307.9,73,27.9,0.0,30.1,0.104,31.13,20
-28.5358,146.178,2013-02-01,320.8,100,27.9,0.0,30.1,0.104,31.13,20
-28.3854,147.15,2013-02-01,316.9,94,30.4,0.0,29.8,0.073,30.83,26
-28.5379,146.1724,2013-02-01,305.3,64,27.9,0.0,30.1,0.104,31.13,20
-30.834,146.8525,2013-02-01,305.1,63,25.7,0.2,25.2,0.119,30.55,26
-28.5286,146.1867,2013-02-02,332.7,78,22.6,0.0,22.2,0.104,31.8,22
-28.3835,147.1407,2013-02-02,326.9,68,23.1,0.0,24.7,0.04,31.76,21
-28.3849,147.1516,2013-02-02,330.2,75,23.2,0.0,24.7,0.073,31.76,21
-28.3928,147.1392,2013-02-02,340.1,86,23.1,0.0,24.7,0.04,31.76,21
-28.3942,147.1501,2013-02-02,337.0,83,23.2,0.0,24.7,0.073,31.76,21
-28.5271,146.1764,2013-02-02,353.6,96,22.6,0.0,22.2,0.104,31.8,22
-28.5362,146.1748,2013-02-02,342.3,88,22.6,0.0,22.2,0.104,31.8,22
-31.7574,145.7566,2013-02-02,326.5,68,20.3,0.0,22.5,0.105,30.9,32
-30.8266,146.833,2013-02-02,350.5,94,22.0,0.0,21.2,0.126,30.04,30
-30.8281,146.8444,2013-02-02,380.0,100,22.0,0.0,21.2,0.126,30.04,30
-30.8375,146.8428,2013-02-02,325.5,70,22.0,0.0,21.2,0.126,30.04,30
-30.8187,146.846,2013-02-02,328.7,65,22.0,0.0,21.2,0.126,30.04,30
-29.2195,149.1398,2013-02-02,323.4,78,22.4,0.0,22.8,0.295,29.79,37
-29.2177,149.1323,2013-02-02,323.6,75,22.4,0.0,22.8,0.295,29.79,37
-28.3952,147.1427,2013-02-02,325.2,60,23.1,0.0,24.7,0.04,31.76,21
-28.5357,146.1676,2013-02-02,346.0,91,22.6,0.0,22.2,0.104,31.8,22
-28.5424,146.1614,2013-02-02,345.5,90,22.6,0.0,22.2,0.104,31.8,22
-34.4643,150.8872,2013-02-02,302.8,51,16.5,10.2,40.8,0.412,10.24,75
-28.5328,146.1745,2013-02-02,307.3,71,22.6,0.0,22.2,0.104,31.8,22
-28.5309,146.1949,2013-02-02,300.8,33,22.6,0.0,22.2,0.104,31.8,22
-36.9433,147.1309,2013-02-03,316.9,48,11.8,0.0,13.2,0.283,22.87,74
-28.538,146.186,2013-02-03,340.5,74,25.4,0.0,14.0,0.104,30.76,30
-28.646,151.1435,2013-02-03,321.5,69,20.2,0.0,11.7,0.35,30.73,58
-28.8498,149.7763,2013-02-03,321.6,30,20.7,0.0,20.1,0.384,30.87,57
-28.5358,146.1913,2013-02-03,337.9,40,25.4,0.0,14.0,0.104,30.76,30
-28.5373,146.1784,2013-02-03,347.2,89,25.4,0.0,14.0,0.104,30.76,30
-31.8444,145.7974,2013-02-03,334.9,66,23.8,0.0,14.1,0.105,31.16,25
-31.8335,145.7959,2013-02-03,335.8,73,23.7,0.0,14.1,0.105,31.16,25
-29.3872,152.7367,2013-02-03,315.1,64,20.5,0.0,14.2,0.361,28.9,59
-29.2514,149.152,2013-02-03,329.6,66,21.5,0.0,17.6,0.304,30.78,52
-28.6535,151.1559,2013-02-03,328.0,78,20.2,0.0,11.7,0.339,30.73,57
-28.6552,151.1453,2013-02-03,324.1,73,20.3,0.0,11.7,0.334,30.73,57
-28.6444,151.1541,2013-02-03,326.1,76,20.3,0.0,11.7,0.35,30.73,58
-36.9264,147.0559,2013-02-03,304.5,36,14.6,0.0,12.5,0.248,23.46,65
-36.9242,147.0689,2013-02-03,305.0,38,15.1,0.0,12.5,0.248,23.46,66
-36.9601,147.0913,2013-02-03,306.7,61,15.7,0.0,11.7,0.248,23.97,66
-28.5306,146.1893,2013-02-03,304.3,60,25.4,0.0,14.0,0.104,30.76,30
-28.6512,151.1543,2013-02-03,308.7,75,20.2,0.0,11.7,0.339,30.73,57
-28.6494,151.1601,2013-02-03,309.5,77,20.3,0.0,11.7,0.35,30.73,58
-36.9083,147.0658,2013-02-03,302.8,51,16.5,0.0,10.6,0.251,25.36,62
-36.9203,147.064,2013-02-03,304.7,61,15.2,0.0,10.6,0.248,24.87,66
-28.8227,148.9871,2013-02-04,325.3,40,23.2,0.0,19.4,0.109,27.39,51
-28.8318,148.9855,2013-02-04,326.7,68,23.2,0.0,19.4,0.109,27.39,51
-28.8332,148.9958,2013-02-04,328.9,73,23.2,0.0,19.4,0.109,27.39,51
-28.9063,148.4853,2013-02-04,340.4,86,24.5,0.0,19.1,0.069,28.37,43
-29.4502,148.7451,2013-02-04,327.8,70,24.2,0.0,19.4,0.172,28.04,45
-31.7591,145.7528,2013-02-04,344.4,88,26.1,0.0,13.8,0.105,29.94,30
-31.8395,145.7981,2013-02-04,332.3,73,25.8,0.0,13.8,0.105,29.94,30
-36.9139,147.0674,2013-02-04,319.4,49,18.4,0.0,9.2,0.243,27.36,62
-36.923,147.0652,2013-02-04,327.9,52,16.7,0.0,9.9,0.249,27.83,64
-29.4525,148.7378,2013-02-04,307.8,73,24.2,0.0,19.4,0.172,28.04,45
-29.4506,148.7608,2013-02-04,309.5,78,23.8,0.0,19.4,0.23,28.04,47
-29.4402,148.7542,2013-02-04,303.8,57,23.8,0.0,19.4,0.246,28.04,48
-29.4533,148.7557,2013-02-04,307.9,73,23.8,0.0,19.4,0.23,28.04,47
-29.4476,148.7661,2013-02-04,303.0,53,23.8,0.0,19.4,0.246,28.04,48
-29.4461,148.7527,2013-02-04,312.8,86,23.8,0.0,19.4,0.246,28.04,48
-28.5367,146.1778,2013-02-04,306.3,68,27.0,0.0,21.0,0.104,30.71,30
-36.9002,147.0713,2013-02-04,300.9,34,19.7,0.0,9.1,0.243,28.1,62
-36.9104,147.0691,2013-02-04,320.4,100,18.9,0.0,9.1,0.243,28.1,62
-36.9324,147.0796,2013-02-04,304.4,27,18.9,0.0,9.1,0.243,28.1,62
-36.9426,147.0773,2013-02-04,306.3,43,18.8,0.0,9.2,0.243,27.36,62
-36.9441,147.0905,2013-02-04,310.2,71,14.8,0.0,10.0,0.263,27.33,65
-36.9764,147.0993,2013-02-04,315.3,91,15.3,0.0,10.0,0.252,27.33,64
-36.9723,147.0936,2013-02-04,300.3,13,15.8,0.0,9.9,0.262,27.83,66
-36.9738,147.1076,2013-02-04,300.0,3,16.0,0.0,10.0,0.249,27.33,64
-28.9094,148.5029,2013-02-05,332.7,71,25.0,0.1,15.8,0.069,22.24,48
-36.9742,147.1036,2013-02-05,316.0,52,17.2,0.9,10.8,0.256,27.78,65
-34.4592,150.8808,2013-02-05,319.5,0,20.1,1.0,17.8,0.37,22.18,78
-36.9229,147.0839,2013-02-05,337.0,82,19.3,0.3,9.4,0.251,27.92,61
-36.9119,147.056,2013-02-05,328.8,81,19.3,0.3,9.4,0.251,27.92,61
-36.9845,147.1032,2013-02-05,315.6,61,14.4,0.6,11.0,0.257,27.11,67
-36.9748,147.0944,2013-02-05,317.2,20,17.0,0.9,10.8,0.256,27.78,65
-30.4142,152.937,2013-02-05,336.0,89,19.4,8.9,15.4,0.382,21.94,88
-30.4157,152.9266,2013-02-05,356.7,98,19.5,8.9,15.4,0.392,21.94,88
-30.0132,149.9684,2013-02-05,347.7,92,22.6,0.0,15.3,0.3,25.76,55
-29.6895,152.7335,2013-02-05,323.6,78,20.8,1.9,17.7,0.387,21.39,75
-28.9176,148.4968,2013-02-05,337.1,65,25.0,0.1,15.8,0.069,22.24,48
-34.0761,142.5858,2013-02-05,330.3,61,27.9,0.0,12.1,0.084,30.62,23
-36.9762,147.0811,2013-02-05,336.1,100,17.4,0.9,10.8,0.235,27.78,64
-36.9747,147.0925,2013-02-05,343.7,100,16.3,0.6,11.0,0.247,27.11,65
-36.9853,147.0832,2013-02-05,311.6,50,17.5,0.9,10.8,0.235,27.78,64
-36.9836,147.0945,2013-02-05,320.6,100,15.3,0.6,11.0,0.257,27.11,67
-36.9657,147.0904,2013-02-05,314.7,42,17.1,0.9,10.8,0.256,27.78,65
-36.982,147.1058,2013-02-05,306.7,37,14.5,0.6,11.0,0.257,27.11,67
-36.9672,147.0791,2013-02-05,340.5,100,16.6,0.6,11.0,0.242,27.11,65
-36.9206,147.0802,2013-02-05,309.4,77,20.0,0.0,9.1,0.237,28.64,61
-36.9492,147.075,2013-02-05,308.2,69,19.3,0.3,9.4,0.237,27.92,61
-30.6237,148.0726,2013-02-05,304.8,62,25.8,0.0,18.8,0.244,26.46,41
-32.5503,146.3314,2013-02-05,305.2,42,25.9,0.0,18.9,0.105,26.74,34
-32.5398,146.3401,2013-02-05,313.9,88,25.8,0.0,18.9,0.106,26.74,35
-32.5413,146.3295,2013-02-05,311.0,78,25.9,0.0,18.9,0.106,26.74,35
-31.9038,146.7203,2013-02-05,328.2,100,26.0,0.0,15.3,0.127,27.42,36
-31.9054,146.7096,2013-02-05,331.4,100,26.0,0.0,15.3,0.127,27.42,36
-31.8936,146.7343,2013-02-05,306.1,67,26.0,0.0,15.3,0.127,27.42,36
-31.8952,146.7236,2013-02-05,312.7,86,26.0,0.0,15.3,0.127,27.42,36
-31.8968,146.7129,2013-02-05,308.7,75,25.9,0.0,15.3,0.127,27.42,36
-29.4425,148.7562,2013-02-05,306.2,67,24.5,0.1,18.3,0.239,23.4,52
-29.4546,148.7457,2013-02-05,318.7,97,24.9,0.1,18.3,0.168,23.4,49
-29.4525,148.7585,2013-02-05,328.4,100,24.6,0.1,18.3,0.222,23.4,51
-29.4532,148.7519,2013-02-05,334.6,100,24.6,0.1,18.3,0.222,23.4,51
-29.451,148.7646,2013-02-05,314.0,88,24.6,0.1,18.3,0.222,23.4,51
-29.5098,148.8447,2013-02-05,304.0,55,24.5,0.1,18.3,0.222,23.4,51
-29.4484,148.7507,2013-02-05,300.9,29,24.5,0.1,18.3,0.239,23.4,52
-29.4488,148.7793,2013-02-05,302.4,49,24.5,0.1,18.3,0.239,23.4,52
-36.9713,147.1047,2013-02-05,311.1,82,16.6,0.6,11.0,0.242,27.11,65
-36.9742,147.098,2013-02-05,310.6,80,16.7,0.9,10.8,0.256,27.78,65
-30.924,151.4046,2013-02-06,315.9,65,15.7,0.0,13.4,0.337,28.44,72
-31.0048,151.9103,2013-02-06,313.5,63,14.5,0.0,12.9,0.358,26.2,78
-36.9707,147.088,2013-02-06,343.5,89,18.6,0.0,13.8,0.244,30.05,46
-36.9727,147.0999,2013-02-06,336.3,78,20.0,0.0,14.1,0.232,30.18,47
-36.98,147.0856,2013-02-06,342.7,91,18.6,0.0,13.8,0.244,30.05,46
-36.9213,147.0776,2013-02-06,334.7,84,21.8,0.0,10.8,0.232,29.98,49
-36.993,147.0883,2013-02-06,327.5,59,19.6,0.0,14.1,0.251,30.18,49
-36.9835,147.0859,2013-02-06,349.6,82,18.9,0.0,13.8,0.244,30.05,47
-36.9856,147.0735,2013-02-06,376.5,100,19.4,0.0,13.8,0.238,30.05,47
-36.9807,147.0789,2013-02-06,372.2,100,20.3,0.0,14.1,0.232,30.18,47
-36.9828,147.0658,2013-02-06,358.2,99,19.0,0.0,14.1,0.251,30.18,48
-36.9712,147.0764,2013-02-06,432.0,100,19.6,0.0,14.1,0.251,30.18,49
-36.9733,147.0635,2013-02-06,451.5,100,19.8,0.0,14.1,0.232,30.18,47
-36.9755,147.0505,2013-02-06,349.6,94,19.5,0.0,14.1,0.251,30.18,49
-36.9595,147.0867,2013-02-06,391.9,94,20.8,0.0,13.0,0.232,30.22,47
-36.9616,147.0742,2013-02-06,451.6,100,20.4,0.0,12.1,0.232,29.76,47
-36.9638,147.061,2013-02-06,409.5,100,19.1,0.0,14.1,0.251,30.18,48
-36.9659,147.0483,2013-02-06,327.8,77,20.2,0.0,14.1,0.232,30.18,47
-36.9418,147.1329,2013-02-06,332.8,73,16.9,0.0,13.8,0.261,30.05,50
-36.95,147.0841,2013-02-06,338.5,87,19.9,0.0,14.1,0.238,30.18,47
-36.9521,147.0719,2013-02-06,363.2,100,21.1,0.0,13.0,0.232,30.22,47
-36.9544,147.0582,2013-02-06,358.2,99,18.8,0.0,13.8,0.244,30.05,47
-36.9426,147.0691,2013-02-06,346.3,93,19.8,0.0,14.1,0.232,30.18,47
-36.9449,147.0555,2013-02-06,334.4,84,18.1,0.0,13.8,0.253,30.05,48
-36.9193,147.0898,2013-02-06,318.4,39,21.6,0.0,11.2,0.232,29.91,48
-30.541,149.9531,2013-02-06,322.6,69,21.9,0.0,12.1,0.267,27.63,58
-30.5282,149.9496,2013-02-06,351.9,96,22.0,0.0,12.1,0.211,27.63,58
-30.5329,149.9271,2013-02-06,328.7,78,21.9,0.0,12.1,0.211,27.63,58
-29.472,148.8261,2013-02-06,309.9,79,24.7,0.0,18.9,0.218,26.87,49
-29.4752,148.7829,2013-02-06,303.5,55,24.7,0.0,18.9,0.218,26.87,49
-29.7563,147.9942,2013-02-06,303.3,54,26.4,0.0,14.8,0.135,27.4,39
-36.9158,147.0812,2013-02-06,303.0,53,21.9,0.0,10.8,0.232,29.98,49
-36.9233,147.0676,2013-02-06,321.8,100,20.0,0.0,14.1,0.232,30.18,47
-36.9249,147.0792,2013-02-06,340.1,100,22.2,0.0,10.8,0.232,29.98,49
-36.9324,147.0655,2013-02-06,348.7,100,20.1,0.0,14.1,0.232,30.18,47
-36.934,147.0772,2013-02-06,319.6,66,21.7,0.0,11.2,0.246,29.91,48
-36.9399,147.0519,2013-02-06,317.3,79,18.8,0.0,13.8,0.238,30.05,47
-36.9415,147.0634,2013-02-06,389.4,100,19.4,0.0,13.8,0.238,30.05,47
-36.949,147.05,2013-02-06,310.1,27,19.6,0.0,14.1,0.238,30.18,47
-36.9506,147.0615,2013-02-06,335.8,100,19.5,0.0,13.8,0.238,30.05,47
-36.9644,147.094,2013-02-06,322.5,89,20.6,0.0,12.1,0.232,29.76,47
-36.9659,147.105,2013-02-06,336.9,100,17.6,0.0,13.8,0.253,30.05,48
-36.9674,147.116,2013-02-06,355.7,100,15.9,0.0,13.8,0.261,30.05,50
-36.969,147.1273,2013-02-06,312.6,72,15.8,0.0,13.8,0.261,30.05,50
-36.9766,147.1143,2013-02-06,365.5,100,17.4,0.0,13.8,0.253,30.05,48
-36.9781,147.1253,2013-02-06,329.9,86,14.4,0.0,13.8,0.261,30.05,50
-36.9868,147.0534,2013-02-06,304.8,31,17.0,0.0,13.8,0.253,30.05,48
-36.9885,147.0651,2013-02-06,313.3,64,19.3,0.0,14.1,0.251,30.18,49
-36.9956,147.0575,2013-02-06,319.2,87,16.9,0.0,13.8,0.253,30.05,48
-36.9972,147.069,2013-02-06,319.4,99,18.2,0.0,13.8,0.261,30.05,50
-37.0003,147.0917,2013-02-06,316.5,37,17.7,0.0,13.8,0.253,30.05,48
-37.0019,147.103,2013-02-06,319.3,73,15.8,0.0,13.8,0.261,30.05,50
-37.0034,147.1144,2013-02-06,302.7,18,16.9,0.0,13.8,0.253,30.05,48
-37.0094,147.0897,2013-02-06,319.4,94,16.9,0.0,13.8,0.253,30.05,48
-31.7551,145.7528,2013-02-07,328.8,56,29.9,0.0,17.6,0.105,27.42,25
-36.9265,147.052,2013-02-07,327.4,33,22.8,0.0,17.8,0.238,27.92,45
-36.9334,147.0449,2013-02-07,325.2,35,22.2,0.0,18.6,0.224,27.85,42
-31.9014,146.7312,2013-02-07,330.8,41,28.8,0.0,14.9,0.126,28.26,28
-31.9037,146.6968,2013-02-07,335.4,70,28.8,0.0,14.9,0.126,28.26,28
-31.9062,146.7273,2013-02-07,335.4,66,28.8,0.0,14.9,0.126,28.26,28
-31.8218,145.7869,2013-02-07,335.2,56,29.7,0.0,17.6,0.105,27.42,25
-31.4377,148.3578,2013-02-07,331.1,69,27.1,0.0,18.4,0.171,29.61,35
-37.019,147.1127,2013-02-07,319.4,99,20.6,0.0,21.1,0.253,27.78,40
-37.0205,147.0993,2013-02-07,309.4,57,19.9,0.0,21.1,0.244,27.78,40
-37.022,147.0858,2013-02-07,319.2,98,19.3,0.0,21.1,0.244,27.78,40
-37.009,147.1119,2013-02-07,327.5,100,17.7,0.0,21.1,0.251,27.78,41
-37.0121,147.0844,2013-02-07,319.3,69,19.5,0.0,21.1,0.244,27.78,40
-37.0136,147.0704,2013-02-07,335.7,100,19.5,0.0,21.1,0.244,27.78,40
-37.0075,147.1195,2013-02-07,316.2,49,19.5,0.0,21.1,0.244,27.78,40
-37.009,147.1061,2013-02-07,319.2,58,18.0,0.0,21.1,0.251,27.78,42
-37.0123,147.0786,2013-02-07,334.4,100,18.5,0.0,21.1,0.251,27.78,42
-37.0139,147.0645,2013-02-07,318.8,90,20.8,0.0,21.1,0.229,27.78,43
-36.9976,147.1181,2013-02-07,311.0,81,17.7,0.0,21.1,0.251,27.78,41
-36.9992,147.1044,2013-02-07,303.9,27,19.1,0.0,21.1,0.244,27.78,40
-37.0041,147.0624,2013-02-07,311.1,82,20.6,0.0,21.1,0.237,27.78,39
-37.0057,147.0483,2013-02-07,302.0,46,20.4,0.0,21.1,0.237,27.78,39
-36.9877,147.1166,2013-02-07,316.4,93,18.1,0.0,21.1,0.251,27.78,42
-36.9942,147.0609,2013-02-07,312.0,84,19.2,0.0,21.1,0.244,27.78,40
-36.9958,147.047,2013-02-07,324.9,100,20.4,0.0,21.1,0.253,27.78,40
-36.9547,147.0529,2013-02-07,305.8,51,20.6,0.0,21.1,0.237,27.78,39
-36.9564,147.0387,2013-02-07,301.5,5,22.3,0.0,18.6,0.221,27.85,40
-36.9449,147.051,2013-02-07,314.4,81,20.2,0.0,21.1,0.229,27.78,43
-34.4637,150.8871,2013-02-07,307.3,71,21.5,0.0,25.2,0.335,29.48,72
-29.4399,148.7635,2013-02-07,303.3,53,25.3,0.0,18.7,0.229,28.83,49
-29.3424,148.1614,2013-02-07,330.0,100,26.7,0.0,18.1,0.156,29.28,42
-29.4489,148.7652,2013-02-07,304.6,61,25.3,0.0,18.7,0.229,28.83,49
-29.3334,148.1597,2013-02-07,313.1,86,26.7,0.0,18.1,0.156,29.28,42
-28.5455,146.1658,2013-02-07,317.4,95,29.4,0.0,21.2,0.104,30.05,28
-37.0145,147.1132,2013-02-07,303.1,53,19.0,0.0,21.1,0.244,27.78,40
-34.1701,142.3932,2013-02-07,327.1,70,30.3,0.0,23.4,0.083,29.78,18
-34.1782,142.4277,2013-02-07,335.7,82,30.6,0.0,23.4,0.083,29.78,18
-34.1933,142.4224,2013-02-07,321.1,46,30.6,0.0,23.4,0.083,29.78,18
-34.1725,142.4224,2013-02-07,321.8,54,30.6,0.0,23.4,0.083,29.78,18
-34.1876,142.4172,2013-02-07,341.6,88,30.5,0.0,23.4,0.083,29.78,18
-34.4578,150.8797,2013-02-07,320.1,51,21.5,0.0,25.2,0.335,29.48,72
-37.031,147.0881,2013-02-07,329.0,77,18.7,0.0,21.1,0.251,27.78,42
-37.0129,147.1109,2013-02-07,324.4,67,18.7,0.0,21.1,0.251,27.78,42
-37.0066,147.0783,2013-02-07,328.7,68,19.3,0.0,21.1,0.244,27.78,40
-37.0032,147.0607,2013-02-07,332.8,86,20.1,0.0,21.1,0.244,27.78,40
-37.0024,147.1148,2013-02-07,326.7,59,18.1,0.0,21.1,0.251,27.78,42
-36.9918,147.1181,2013-02-07,340.1,90,18.7,0.0,21.1,0.251,27.78,42
-32.8374,150.8268,2013-02-08,320.0,56,23.8,0.0,12.0,0.334,28.83,65
-29.1259,149.3034,2013-02-08,343.1,86,25.1,0.0,15.8,0.243,28.3,53
-29.1235,149.3172,2013-02-08,336.6,78,25.1,0.0,15.9,0.243,28.03,53
-29.3428,148.165,2013-02-08,358.2,98,27.6,0.0,17.1,0.156,29.78,39
-29.3407,148.1771,2013-02-08,343.4,85,27.6,0.0,17.1,0.156,29.78,39
-31.8137,151.6394,2013-02-08,316.2,20,20.2,0.0,10.3,0.335,30.43,73
-31.8376,151.7014,2013-02-08,324.4,63,20.2,0.0,10.8,0.331,30.36,73
-31.8336,151.7057,2013-02-08,323.2,67,20.3,0.0,10.3,0.331,30.19,73
-32.0888,151.8324,2013-02-08,315.5,25,21.4,0.0,11.6,0.344,30.2,74
-28.4015,149.3337,2013-02-08,339.1,84,25.0,0.0,15.2,0.213,27.69,51
-28.4095,149.3504,2013-02-08,334.3,74,24.8,0.0,15.2,0.24,27.69,53
-28.412,149.3362,2013-02-08,347.6,91,25.1,0.0,15.2,0.213,27.69,51
-37.0328,147.0632,2013-02-08,328.8,100,20.9,0.3,21.2,0.238,27.68,41
-37.0348,147.1014,2013-02-08,320.9,38,19.6,0.3,21.2,0.244,27.68,41
-37.0134,147.1422,2013-02-08,332.3,100,19.7,0.3,21.2,0.244,27.68,41
-37.0178,147.1207,2013-02-08,335.0,100,20.2,0.3,21.2,0.238,27.68,41
-37.0268,147.0772,2013-02-08,337.2,100,21.7,0.3,21.2,0.231,27.68,39
-37.0315,147.0546,2013-02-08,314.0,48,20.6,0.3,21.2,0.238,27.68,41
-36.9971,147.1578,2013-02-08,304.6,61,18.1,0.3,21.2,0.245,27.68,41
-37.0013,147.1376,2013-02-08,397.4,100,21.0,0.3,21.2,0.238,27.68,41
-37.006,147.1149,2013-02-08,342.0,100,19.8,0.3,21.2,0.238,27.68,41
-37.0194,147.0509,2013-02-08,317.2,69,19.4,0.3,21.2,0.244,27.68,41
-36.9895,147.1322,2013-02-08,339.6,100,20.0,0.3,21.2,0.238,27.68,41
-36.9939,147.1109,2013-02-08,319.9,86,19.2,0.3,21.2,0.244,27.68,41
-37.0069,147.049,2013-02-08,325.8,100,20.7,0.3,21.2,0.25,27.68,42
-36.995,147.044,2013-02-08,318.3,97,20.4,0.3,21.2,0.238,27.68,41
-36.978,147.0635,2013-02-08,311.7,79,22.4,0.6,19.6,0.241,27.02,41
-36.9829,147.04,2013-02-08,332.0,100,21.7,0.3,21.2,0.231,27.68,39
-36.9708,147.036,2013-02-08,323.9,100,20.5,0.3,21.2,0.25,27.68,42
-36.9584,147.0337,2013-02-08,333.6,100,22.2,0.6,19.6,0.231,27.02,39
-36.963,147.012,2013-02-08,300.7,23,21.6,0.3,21.2,0.231,27.68,39
-36.9416,147.0517,2013-02-08,319.2,98,21.8,0.3,21.2,0.222,27.68,38
-36.946,147.0311,2013-02-08,323.8,100,22.9,0.6,19.6,0.222,27.02,38
-36.9691,147.0299,2013-02-08,324.4,100,21.0,0.3,21.2,0.25,27.68,42
-36.9566,147.0277,2013-02-08,328.9,100,20.9,0.3,21.2,0.25,27.68,42
-36.9352,147.0688,2013-02-08,303.6,30,24.5,0.6,17.1,0.233,26.38,36
-36.9398,147.0465,2013-02-08,328.5,100,23.1,0.6,19.6,0.218,27.02,37
-36.9441,147.0258,2013-02-08,312.6,85,23.1,0.6,19.6,0.218,27.02,37
-37.0253,147.147,2013-02-08,317.1,24,19.7,0.3,21.2,0.244,27.68,41
-37.019,147.1282,2013-02-08,332.2,63,21.0,0.3,21.2,0.238,27.68,41
-37.0405,147.0878,2013-02-08,309.6,33,20.9,0.3,21.2,0.238,27.68,41
-37.0362,147.1083,2013-02-08,314.4,10,19.8,0.3,21.2,0.238,27.68,41
-37.031,147.1325,2013-02-08,321.6,75,21.0,0.3,21.2,0.25,27.68,42
-37.0263,147.1546,2013-02-08,307.1,20,20.6,0.3,21.2,0.244,27.68,41
-37.0672,147.1456,2013-02-08,310.3,43,21.6,0.3,21.2,0.231,27.68,39
-37.0796,147.1483,2013-02-08,321.6,100,21.4,0.3,21.2,0.231,27.68,39
-37.0745,147.1729,2013-02-08,305.1,56,22.1,0.3,21.2,0.255,27.68,41
-37.0922,147.1503,2013-02-08,301.2,30,19.3,0.3,21.2,0.244,27.68,41
-37.0871,147.175,2013-02-08,300.4,16,20.5,0.3,21.2,0.258,27.68,42
-37.0283,147.0846,2013-02-08,337.1,100,20.8,0.3,21.2,0.238,27.68,41
-29.7238,148.5803,2013-02-08,302.7,51,27.5,0.0,18.5,0.158,29.93,41
-29.1292,149.3094,2013-02-08,303.5,55,25.1,0.0,15.8,0.243,28.3,53
-29.1199,149.3113,2013-02-08,303.8,57,25.1,0.0,15.9,0.243,28.03,53
-29.7201,148.592,2013-02-08,302.9,46,27.5,0.0,18.5,0.158,29.93,41
-29.4476,148.7602,2013-02-08,313.3,87,26.4,0.0,17.7,0.224,29.61,46
-29.7297,148.5899,2013-02-08,313.3,87,27.5,0.0,18.5,0.158,29.93,41
-29.4456,148.7486,2013-02-08,311.1,82,26.9,0.0,17.7,0.152,29.61,44
-34.4604,150.881,2013-02-08,302.9,52,22.7,0.0,21.9,0.318,28.7,78
-36.9307,147.0495,2013-02-08,323.4,100,24.1,0.6,17.1,0.218,26.38,37
-36.9327,147.062,2013-02-08,315.7,92,22.7,0.6,19.6,0.222,27.02,38
-36.94,147.0475,2013-02-08,319.7,99,22.8,0.6,19.6,0.218,27.02,37
-36.9435,147.0395,2013-02-08,324.7,100,24.5,1.3,14.2,0.205,27.64,36
-36.9508,147.0257,2013-02-08,334.8,100,21.6,0.3,21.2,0.231,27.68,39
-36.9528,147.0374,2013-02-08,374.8,100,23.1,0.6,19.6,0.218,27.02,37
-36.9622,147.0355,2013-02-08,351.1,100,22.1,0.6,19.6,0.231,27.02,39
-36.9641,147.0472,2013-02-08,324.1,80,23.5,0.6,19.6,0.218,27.02,37
-36.9715,147.0337,2013-02-08,356.0,100,20.4,0.3,21.2,0.238,27.68,41
-36.9734,147.0451,2013-02-08,376.1,100,22.5,0.6,19.6,0.241,27.02,41
-36.9856,147.1184,2013-02-08,318.7,97,18.2,0.3,21.2,0.244,27.68,41
-36.9875,147.1302,2013-02-08,352.0,100,19.3,0.3,21.2,0.244,27.68,41
-36.9895,147.1425,2013-02-08,355.6,100,18.2,0.3,21.2,0.244,27.68,41
-36.9915,147.1544,2013-02-08,353.3,100,18.6,0.3,21.2,0.245,27.68,41
-36.9828,147.043,2013-02-08,322.3,77,22.3,0.6,19.6,0.231,27.02,39
-36.9848,147.0553,2013-02-08,323.0,0,20.3,0.3,21.2,0.238,27.68,41
-36.9967,147.1276,2013-02-08,320.6,100,20.2,0.3,21.2,0.238,27.68,41
-36.9987,147.1394,2013-02-08,425.9,100,19.9,0.3,21.2,0.238,27.68,41
-37.0007,147.1516,2013-02-08,470.0,100,18.9,0.3,21.2,0.245,27.68,41
-37.0026,147.1635,2013-02-08,324.2,100,19.9,0.3,21.2,0.244,27.68,41
-37.006,147.1252,2013-02-08,325.7,100,19.9,0.3,21.2,0.238,27.68,41
-37.0079,147.1371,2013-02-08,414.2,100,20.0,0.3,21.2,0.238,27.68,41
-37.0099,147.1487,2013-02-08,382.3,100,21.5,0.3,21.2,0.231,27.68,39
-37.0118,147.1607,2013-02-08,333.4,100,20.3,0.3,21.2,0.244,27.68,41
-37.0152,147.1226,2013-02-08,325.9,100,20.1,0.3,21.2,0.238,27.68,41
-37.0172,147.1347,2013-02-08,317.5,87,20.5,0.3,21.2,0.238,27.68,41
-37.0192,147.1467,2013-02-08,343.5,100,19.3,0.3,21.2,0.244,27.68,41
-37.0146,147.0602,2013-02-08,318.4,62,21.4,0.3,21.2,0.231,27.68,39
-37.0205,147.0963,2013-02-08,312.5,56,20.9,0.3,21.2,0.238,27.68,41
-37.0225,147.1082,2013-02-08,312.1,31,20.9,0.3,21.2,0.238,27.68,41
-37.0283,147.1439,2013-02-08,334.8,100,20.8,0.3,21.2,0.238,27.68,41
-37.0303,147.1557,2013-02-08,339.8,100,22.5,0.3,21.2,0.222,27.68,38
-37.0259,147.0701,2013-02-08,341.7,100,20.6,0.3,21.2,0.238,27.68,41
-37.0278,147.0818,2013-02-08,355.5,100,21.3,0.3,21.2,0.231,27.68,39
-37.0298,147.0942,2013-02-08,337.5,100,20.1,0.3,21.2,0.238,27.68,41
-37.0318,147.1063,2013-02-08,344.7,100,20.3,0.3,21.2,0.238,27.68,41
-37.0375,147.1413,2013-02-08,332.8,100,21.6,0.3,21.2,0.231,27.68,39
-37.0338,147.1183,2013-02-08,310.8,67,19.5,0.3,21.2,0.244,27.68,41
-37.0633,147.1413,2013-02-08,318.9,98,22.2,0.3,21.2,0.241,27.68,41
-37.0357,147.1298,2013-02-08,308.9,26,20.4,0.3,21.2,0.238,27.68,41
-37.0395,147.1532,2013-02-08,304.3,20,22.8,0.3,21.2,0.222,27.68,38
-37.0765,147.163,2013-02-08,340.5,100,21.1,0.3,21.2,0.258,27.68,42
-37.0745,147.1512,2013-02-08,341.7,100,21.3,0.3,21.2,0.286,27.68,43
-37.0726,147.1397,2013-02-08,320.1,100,19.5,0.3,21.2,0.244,27.68,41
-37.0672,147.1649,2013-02-08,301.5,42,22.5,0.0,17.7,0.255,28.39,41
-37.0858,147.1614,2013-02-08,332.6,100,20.1,0.3,21.2,0.258,27.68,42
-37.0878,147.173,2013-02-08,316.9,94,20.2,0.3,21.2,0.258,27.68,42
-28.5209,149.1096,2013-02-09,325.6,58,26.4,0.0,16.2,0.073,28.83,50
-28.7709,150.2445,2013-02-09,327.5,75,25.0,0.0,21.6,0.078,29.5,58
-31.8253,145.8109,2013-02-09,341.9,85,31.3,0.0,16.5,0.105,28.06,24
-36.0907,148.3748,2013-02-09,313.9,62,19.7,1.4,23.9,0.261,26.96,45
-36.0837,148.3699,2013-02-09,317.5,69,19.8,1.4,23.9,0.237,26.96,38
-37.0284,147.0755,2013-02-09,344.2,92,19.8,2.2,20.9,0.254,22.99,47
-36.9673,147.0312,2013-02-09,361.4,68,19.7,2.2,20.9,0.232,22.99,49
-36.9784,147.0292,2013-02-09,362.4,75,18.2,2.2,20.9,0.239,22.99,49
-36.9886,147.1333,2013-02-09,331.6,83,18.3,2.2,20.9,0.246,22.99,49
-37.0137,147.0424,2013-02-09,328.8,46,19.2,2.2,20.9,0.254,22.99,47
-37.0207,147.1128,2013-02-09,350.4,95,19.6,2.2,20.9,0.232,22.99,49
-37.0225,147.1306,2013-02-09,345.8,93,19.6,2.2,20.9,0.232,22.99,49
-37.03,147.0922,2013-02-09,333.5,78,18.6,2.2,20.9,0.239,22.99,49
-37.0318,147.1097,2013-02-09,343.3,92,18.1,2.2,20.9,0.246,22.99,49
-37.0337,147.1285,2013-02-09,345.7,93,18.6,2.2,20.9,0.239,22.99,49
-37.0356,147.1478,2013-02-09,350.5,95,20.7,2.2,20.9,0.244,22.99,48
-37.0396,147.0746,2013-02-09,330.8,81,20.4,1.1,20.0,0.244,22.3,48
-37.0412,147.0905,2013-02-09,333.3,76,18.8,2.2,20.9,0.239,22.99,49
-37.0429,147.1076,2013-02-09,327.8,75,18.2,2.2,20.9,0.246,22.99,49
-37.0682,147.136,2013-02-09,318.8,54,19.6,2.2,20.9,0.254,22.99,47
-34.9998,150.6555,2013-02-09,315.6,49,23.8,0.0,24.7,0.284,24.76,83
-35.0018,150.6481,2013-02-09,317.2,59,24.6,0.0,24.7,0.295,24.76,78
-30.8513,146.4937,2013-02-09,331.5,67,30.8,0.0,13.7,0.13,29.3,27
-30.8638,146.49,2013-02-09,339.7,82,30.8,0.0,13.7,0.13,29.3,27
-30.8677,146.4991,2013-02-09,335.8,77,30.8,0.0,13.7,0.13,29.3,27
-37.0732,147.0736,2013-02-09,328.7,100,20.6,1.1,20.0,0.244,22.3,48
-37.0524,147.1723,2013-02-09,310.6,31,19.9,2.2,20.9,0.292,22.99,49
-37.0594,147.0937,2013-02-09,323.6,75,18.7,2.2,20.9,0.254,22.99,47
-37.0614,147.0713,2013-02-09,326.0,87,19.6,2.2,20.9,0.254,22.99,47
-37.0441,147.1315,2013-02-09,315.0,35,18.6,2.2,20.9,0.239,22.99,49
-37.0457,147.113,2013-02-09,312.5,30,18.2,2.2,20.9,0.246,22.99,49
-37.0475,147.093,2013-02-09,321.0,46,17.7,2.2,20.9,0.246,22.99,49
-37.0379,147.1253,2013-02-09,303.2,54,18.9,2.2,20.9,0.239,22.99,49
-37.0318,147.0628,2013-02-09,307.0,13,19.1,2.2,20.9,0.239,22.99,49
-36.9981,147.0364,2013-02-09,304.0,50,19.5,2.2,20.9,0.232,22.99,49
-36.9452,147.0209,2013-02-09,303.3,15,21.6,1.1,20.0,0.218,22.3,46
-36.9316,147.0379,2013-02-09,302.7,29,24.2,0.8,14.8,0.222,21.64,42
-37.104,147.2057,2013-02-09,314.2,51,19.7,2.2,20.9,0.263,22.99,48
-37.0695,147.1151,2013-02-09,305.9,16,19.8,2.2,20.9,0.254,22.99,47
-37.0713,147.0953,2013-02-09,331.8,100,18.7,2.2,20.9,0.246,22.99,49
-34.4605,150.8747,2013-02-09,306.1,42,23.4,0.0,21.7,0.307,26.01,82
-30.8532,146.4992,2013-02-09,307.7,72,30.8,0.0,13.7,0.13,29.3,27
-30.1633,148.7247,2013-02-09,306.9,66,27.9,0.0,16.3,0.193,28.93,43
-30.1535,148.7231,2013-02-09,332.3,100,27.9,0.0,16.3,0.193,28.93,43
-30.155,148.7108,2013-02-09,303.7,37,27.9,0.0,16.3,0.193,28.93,43
-29.1499,150.2203,2013-02-09,310.9,81,24.7,0.0,15.2,0.33,29.33,57
-29.1513,150.2097,2013-02-09,306.6,69,24.6,0.0,15.2,0.327,29.33,58
-28.278,151.4707,2013-02-09,309.9,79,21.1,0.4,15.3,0.266,22.08,73
-31.6666,146.3249,2013-02-09,316.3,44,30.7,0.0,14.7,0.107,28.5,26
-28.2809,151.4503,2013-02-09,303.1,53,21.0,0.4,15.3,0.266,22.08,73
-31.6746,146.3323,2013-02-09,321.9,31,30.7,0.0,14.7,0.107,28.5,26
-28.2795,151.4605,2013-02-09,303.4,55,21.1,0.4,15.3,0.266,22.08,73
-31.6862,146.3339,2013-02-09,321.2,66,30.7,0.0,14.7,0.107,28.5,26
-31.6692,146.3384,2013-02-09,313.4,87,30.7,0.0,14.7,0.107,28.5,26
-31.6833,146.3569,2013-02-09,306.5,52,30.6,0.0,14.7,0.121,28.5,26
-31.6814,146.3369,2013-02-09,317.5,95,30.7,0.0,14.7,0.107,28.5,26
-37.0446,147.1739,2013-02-09,323.5,83,19.3,2.2,20.9,0.246,22.99,49
-37.015,147.0452,2013-02-09,309.0,44,18.6,2.2,20.9,0.239,22.99,49
-37.0074,147.0403,2013-02-09,304.6,50,21.4,1.1,20.0,0.218,22.3,46
-37.0465,147.202,2013-02-09,313.5,57,18.7,2.2,20.9,0.246,22.99,49
-37.0586,147.1754,2013-02-09,316.1,64,20.6,2.2,20.9,0.261,22.99,47
-37.0604,147.2009,2013-02-09,308.4,47,18.6,2.2,20.9,0.263,22.99,48
-28.9068,149.6142,2013-02-09,328.9,80,25.6,0.0,15.5,0.245,29.22,55
-28.9017,149.5898,2013-02-09,321.8,28,25.6,0.0,15.5,0.245,29.22,55
-36.0788,148.3657,2013-02-09,318.5,62,19.7,1.4,23.9,0.237,26.96,38
-37.0953,147.1868,2013-02-09,308.1,19,20.0,2.2,20.9,0.279,22.99,48
-37.0617,147.0958,2013-02-09,325.2,45,18.6,2.2,20.9,0.246,22.99,49
-37.067,147.1198,2013-02-09,317.0,37,19.7,2.2,20.9,0.254,22.99,47
-37.0708,147.0545,2013-02-10,346.5,63,14.1,0.0,16.1,0.266,23.12,79
-37.0594,147.0665,2013-02-10,372.8,100,14.0,0.0,16.1,0.266,23.12,79
-37.0609,147.0529,2013-02-10,428.5,75,15.2,0.0,14.0,0.257,22.44,69
-37.0415,147.1335,2013-02-10,357.6,99,16.2,0.0,14.0,0.232,22.44,59
-37.0494,147.0651,2013-02-10,374.3,100,15.5,0.0,16.1,0.245,23.12,67
-37.0509,147.052,2013-02-10,474.7,87,14.4,0.0,14.0,0.257,22.44,69
-37.0237,147.2005,2013-02-10,318.9,76,14.3,0.0,14.0,0.246,22.44,62
-37.0331,147.119,2013-02-10,354.2,97,14.3,0.0,14.0,0.251,22.44,64
-37.0347,147.1057,2013-02-10,369.5,100,15.2,0.0,14.0,0.242,22.44,62
-37.041,147.0506,2013-02-10,390.7,94,15.8,0.0,14.0,0.242,22.44,62
-37.0426,147.0368,2013-02-10,364.2,87,16.0,0.0,14.0,0.232,22.44,59
-37.0188,147.1568,2013-02-10,337.6,90,14.5,0.0,14.0,0.302,22.44,75
-37.0234,147.1164,2013-02-10,380.5,100,15.1,0.0,14.0,0.257,22.44,69
-37.0249,147.1031,2013-02-10,360.5,100,15.3,0.0,14.0,0.242,22.44,62
-37.0311,147.0494,2013-02-10,348.1,95,13.8,0.0,14.0,0.242,22.44,61
-37.0326,147.0357,2013-02-10,359.4,99,14.6,0.0,14.0,0.242,22.44,61
-37.0342,147.022,2013-02-10,338.5,59,14.7,0.0,14.0,0.242,22.44,61
-37.0212,147.0471,2013-02-10,337.0,89,14.6,0.0,14.0,0.257,22.44,69
-37.0228,147.0333,2013-02-10,408.6,100,15.6,0.0,14.0,0.242,22.44,62
-37.0244,147.0197,2013-02-10,346.1,80,14.5,0.0,14.0,0.257,22.44,69
-37.0277,146.9902,2013-02-10,318.3,66,17.9,0.0,17.2,0.22,23.68,58
-37.0131,147.03,2013-02-10,363.2,100,18.4,0.0,16.1,0.218,23.12,54
-37.0114,147.0372,2013-02-10,332.7,87,14.8,0.0,14.0,0.257,22.44,69
-37.013,147.0229,2013-02-10,347.6,95,18.2,0.0,16.1,0.218,23.12,54
-37.003,147.022,2013-02-10,387.1,100,14.9,0.0,14.0,0.257,22.44,69
-37.0047,147.0075,2013-02-10,330.1,85,16.6,0.0,14.0,0.232,22.44,59
-36.9914,147.0349,2013-02-10,334.6,88,15.5,0.0,14.0,0.242,22.44,62
-36.9931,147.0207,2013-02-10,343.3,93,16.2,0.0,14.0,0.232,22.44,59
-36.9816,147.0329,2013-02-10,323.7,80,15.5,0.0,14.0,0.242,22.44,62
-36.9833,147.0185,2013-02-10,348.4,95,17.1,0.0,16.1,0.232,23.12,59
-36.9733,147.0172,2013-02-10,344.0,93,14.7,0.0,14.0,0.257,22.44,69
-36.9619,147.0287,2013-02-10,328.5,77,16.7,0.0,16.1,0.232,23.12,59
-36.9635,147.0149,2013-02-10,342.1,92,15.0,0.0,14.0,0.257,22.44,69
-36.9521,147.0264,2013-02-10,375.7,100,16.1,0.0,14.0,0.232,22.44,59
-36.9537,147.0121,2013-02-10,371.4,100,17.7,0.0,14.9,0.22,26.55,58
-36.9407,147.0371,2013-02-10,371.8,100,19.1,0.0,14.6,0.213,27.35,53
-36.9423,147.0236,2013-02-10,373.6,100,18.9,0.0,17.2,0.218,23.68,54
-36.9293,147.0488,2013-02-10,359.8,99,18.9,0.0,17.2,0.218,23.68,54
-36.9309,147.0348,2013-02-10,350.1,96,19.2,0.0,14.6,0.213,27.35,53
-36.3922,145.0331,2013-02-10,347.1,92,21.0,0.0,24.9,0.128,28.04,51
-37.0442,147.0229,2013-02-10,339.5,0,16.4,0.0,14.0,0.232,22.44,59
-37.1024,147.2181,2013-02-10,315.9,0,13.5,0.0,14.0,0.289,22.44,81
-37.0758,147.0987,2013-02-10,339.6,87,14.8,0.0,14.0,0.251,22.44,64
-37.0566,147.1769,2013-02-10,339.6,0,13.2,0.0,14.0,0.311,22.44,83
-37.0676,147.0826,2013-02-10,428.5,100,14.4,0.0,14.0,0.257,22.44,69
-37.0692,147.0684,2013-02-10,402.5,100,15.5,0.0,16.1,0.245,23.12,67
-36.9862,147.0259,2013-02-10,314.4,88,15.0,0.0,14.0,0.242,22.44,61
-37.0644,147.0655,2013-02-10,325.6,70,15.8,0.0,16.1,0.245,23.12,67
-37.0191,147.0208,2013-02-10,310.6,81,14.5,0.0,14.0,0.257,22.44,69
-37.0087,147.0194,2013-02-10,328.3,100,17.7,0.0,14.9,0.22,26.55,58
-36.9963,147.0289,2013-02-10,314.3,89,14.7,0.0,14.0,0.242,22.44,61
-36.9988,147.0152,2013-02-10,318.9,98,16.7,0.0,14.0,0.232,22.44,59
-36.9761,147.0231,2013-02-10,313.2,87,15.5,0.0,14.0,0.242,22.44,62
-36.9785,147.0099,2013-02-10,307.1,59,16.2,0.0,14.0,0.232,22.44,59
-36.9799,147.0192,2013-02-10,315.8,64,16.0,0.0,14.0,0.232,22.44,59
-36.9698,147.0159,2013-02-10,331.6,100,14.5,0.0,14.0,0.257,22.44,69
-36.9595,147.0141,2013-02-10,321.4,80,17.2,0.0,16.1,0.232,23.12,59
-36.9491,147.0123,2013-02-10,320.3,88,18.9,0.0,17.2,0.218,23.68,54
-36.9363,147.0245,2013-02-10,319.1,94,18.9,0.0,17.2,0.218,23.68,54
-36.939,147.0095,2013-02-10,307.0,41,19.1,0.0,17.2,0.218,23.68,54
-36.9208,147.0512,2013-02-10,314.3,32,20.1,0.0,17.2,0.23,23.68,51
-36.9234,147.037,2013-02-10,323.7,68,20.9,0.0,14.7,0.218,27.91,49
-36.9261,147.0219,2013-02-10,315.3,56,20.1,0.0,14.6,0.205,27.35,49
-36.9078,147.0637,2013-02-10,304.4,18,20.3,0.0,14.6,0.23,27.35,51
-36.9104,147.0492,2013-02-10,326.5,100,21.5,0.0,14.7,0.218,27.91,49
-36.9132,147.0338,2013-02-10,315.9,47,20.4,0.0,14.6,0.205,27.35,49
-36.8975,147.0615,2013-02-10,303.2,53,21.7,0.0,14.7,0.218,27.91,49
-37.068,147.0869,2013-02-10,309.4,64,14.6,0.0,14.0,0.257,22.44,69
-37.0705,147.0732,2013-02-10,336.2,100,15.6,0.0,16.1,0.245,23.12,67
-37.0732,147.0586,2013-02-10,316.1,37,16.6,0.0,14.0,0.232,22.44,59
-37.063,147.0562,2013-02-10,315.7,58,14.1,0.0,16.1,0.266,23.12,79
-28.46,147.9692,2013-02-10,302.1,43,29.5,0.0,15.6,0.198,26.9,43
-29.1145,150.2175,2013-02-10,303.7,57,25.2,0.2,14.5,0.317,26.85,62
-29.4542,148.7624,2013-02-10,304.1,59,28.5,0.0,17.2,0.204,26.14,47
-29.1137,150.2468,2013-02-10,303.1,53,25.1,0.2,14.5,0.317,26.85,62
-29.1112,150.2328,2013-02-10,314.9,90,25.1,0.2,14.5,0.317,26.85,62
-29.1502,150.2091,2013-02-10,304.4,60,25.0,0.3,13.3,0.313,26.48,63
-29.1215,150.2304,2013-02-10,305.0,62,25.1,0.2,14.5,0.317,26.85,62
-29.1526,150.2231,2013-02-10,305.5,64,25.0,0.3,13.3,0.313,26.48,63
-29.1566,150.2151,2013-02-10,306.8,69,25.0,0.3,13.3,0.313,26.48,63
-29.4424,148.755,2013-02-10,312.0,84,28.4,0.0,17.2,0.218,26.14,47
-29.4455,148.7719,2013-02-10,305.0,62,28.4,0.0,17.2,0.218,26.14,47
-29.453,148.763,2013-02-10,313.2,87,28.5,0.0,17.2,0.204,26.14,47
-36.9126,147.0451,2013-02-10,322.7,71,21.3,0.0,14.7,0.218,27.91,49
-36.912,147.0524,2013-02-10,315.3,28,20.8,0.0,14.7,0.218,27.91,49
-37.0012,147.0171,2013-02-10,324.5,100,14.8,0.0,14.0,0.257,22.44,69
-36.9988,147.0239,2013-02-10,334.3,88,15.1,0.0,14.0,0.242,22.44,62
-36.9742,147.0135,2013-02-10,307.0,20,14.5,0.0,14.0,0.257,22.44,69
-37.0043,147.0329,2013-02-10,320.5,100,18.3,0.0,16.1,0.218,23.12,54
-37.0149,147.0295,2013-02-10,302.7,32,17.6,0.0,14.9,0.22,26.55,58
-37.0534,147.0538,2013-02-10,326.3,100,14.6,0.0,14.0,0.257,22.44,69
-37.067,147.0658,2013-02-10,346.4,100,14.2,0.0,16.1,0.266,23.12,79
-37.0703,147.083,2013-02-10,323.7,100,15.1,0.0,14.0,0.257,22.44,69
-28.4609,147.9786,2013-02-11,329.3,67,31.0,0.0,22.7,0.199,27.41,36
-28.9164,148.485,2013-02-11,329.0,70,30.1,0.0,19.7,0.067,27.58,43
-28.9179,148.4958,2013-02-11,327.3,66,30.1,0.0,19.7,0.067,27.58,43
-29.9227,151.9852,2013-02-11,315.3,66,17.9,5.6,10.1,0.392,23.76,82
-28.3394,152.1707,2013-02-11,319.2,61,21.0,0.0,15.6,0.262,28.96,69
-29.9221,151.9963,2013-02-11,315.0,67,18.1,5.6,10.1,0.392,23.76,82
-28.3281,152.1722,2013-02-11,320.4,63,21.1,0.0,15.6,0.262,28.96,69
-28.4533,147.9906,2013-02-11,331.0,69,31.0,0.0,22.7,0.199,27.41,36
-31.9051,146.7288,2013-02-11,337.4,82,29.0,0.0,20.2,0.131,22.86,42
-31.9067,146.7395,2013-02-11,335.7,80,29.0,0.0,20.2,0.131,22.86,42
-31.9142,146.7271,2013-02-11,334.4,78,29.0,0.0,20.2,0.131,22.86,42
-31.9157,146.7378,2013-02-11,330.6,71,29.1,0.0,20.2,0.131,22.86,42
-36.9073,147.013,2013-02-11,311.7,52,17.1,0.0,13.5,0.213,27.13,64
-36.9124,147.0188,2013-02-11,334.5,86,16.4,0.0,12.3,0.213,27.06,64
-36.914,147.0319,2013-02-11,329.1,32,18.3,0.0,11.0,0.2,26.41,59
-36.9281,147.0668,2013-02-11,323.8,77,16.3,0.0,12.3,0.215,27.06,66
-37.0135,147.0182,2013-02-11,327.8,31,15.3,0.0,12.3,0.241,27.06,69
-37.0543,147.1894,2013-02-11,316.7,50,13.7,0.2,13.8,0.285,26.77,73
-37.0638,147.1877,2013-02-11,332.0,86,13.9,0.2,13.8,0.285,26.77,73
-29.1605,150.1947,2013-02-11,325.8,80,25.4,2.2,15.8,0.309,27.83,66
-37.0458,147.0317,2013-02-11,321.8,69,14.6,0.2,13.8,0.226,26.77,67
-37.1131,147.2302,2013-02-11,310.1,31,13.4,0.2,13.8,0.267,26.77,72
-37.0719,147.0501,2013-02-11,362.7,94,14.4,0.0,12.3,0.264,27.06,72
-37.0764,147.0287,2013-02-11,318.0,56,16.4,0.0,11.0,0.215,26.1,65
-37.0647,147.0231,2013-02-11,335.3,54,14.6,0.0,12.3,0.264,27.06,72
-37.065,147.0637,2013-02-11,357.4,86,14.0,0.0,12.3,0.264,27.06,72
-37.0693,147.0426,2013-02-11,398.9,94,15.1,0.0,12.3,0.241,27.06,69
-36.9973,147.0167,2013-02-11,321.6,29,15.0,0.2,13.8,0.226,26.77,67
-36.9187,147.0117,2013-02-11,333.5,82,17.4,0.0,13.5,0.213,27.13,64
-36.924,147.0141,2013-02-11,302.9,25,17.4,0.0,11.0,0.208,26.41,62
-36.9081,147.008,2013-02-11,305.1,33,16.1,0.0,12.3,0.213,27.06,64
-36.9094,147.0144,2013-02-11,305.8,66,16.3,0.0,12.3,0.213,27.06,64
-32.9184,146.3424,2013-02-11,305.8,66,29.0,0.0,13.3,0.128,27.48,34
-32.9199,146.3479,2013-02-11,303.4,55,29.0,0.0,13.3,0.128,27.48,34
-28.4437,152.1831,2013-02-11,314.1,89,20.4,0.0,14.3,0.312,28.58,70
-32.9157,146.3364,2013-02-11,310.3,80,29.0,0.0,13.3,0.128,27.48,34
-32.9173,146.3501,2013-02-11,306.4,68,29.0,0.0,13.3,0.116,27.48,35
-37.0721,147.0722,2013-02-11,303.9,19,14.9,0.2,13.8,0.226,26.77,67
-36.9517,147.0076,2013-02-11,317.4,72,15.6,0.0,11.0,0.229,26.1,68
-36.9182,147.013,2013-02-11,319.1,98,16.9,0.0,11.0,0.213,26.1,64
-36.9164,146.9942,2013-02-11,309.6,35,16.3,0.0,12.3,0.215,27.06,66
-28.34,152.1727,2013-02-11,316.1,59,21.0,0.0,15.6,0.262,28.96,69
-37.0806,147.0657,2013-02-11,308.8,30,14.3,0.2,13.8,0.254,26.77,71
-36.9273,147.0063,2013-02-11,317.1,52,17.5,0.0,11.0,0.208,26.41,62
-36.9204,147.004,2013-02-11,320.5,39,16.6,0.0,12.3,0.213,27.06,64
-37.0361,147.1308,2013-02-11,308.6,47,14.1,0.2,13.8,0.237,26.77,69
-37.0719,147.0736,2013-02-11,313.5,69,14.8,0.0,12.3,0.241,27.06,69
-37.101,147.1612,2013-02-12,321.4,38,12.9,0.1,12.7,0.24,22.53,71
-37.0399,147.1067,2013-02-12,320.4,0,13.1,0.1,12.7,0.24,22.53,71
-36.9584,147.0023,2013-02-12,326.7,68,15.9,0.1,12.7,0.221,22.53,69
-36.9602,146.9822,2013-02-12,322.6,51,16.2,0.0,12.5,0.221,22.58,69
-36.9212,147.0152,2013-02-12,329.8,81,18.2,0.0,12.5,0.203,23.0,65
-33.4612,147.5266,2013-02-12,335.5,64,26.8,0.0,24.3,0.13,26.99,45
-30.7079,146.0519,2013-02-12,333.7,79,30.0,0.0,23.6,0.107,24.62,43
-37.0579,147.0289,2013-02-12,304.2,59,16.3,0.0,12.5,0.236,22.58,71
-37.0471,147.0378,2013-02-12,379.3,100,14.3,0.1,12.7,0.231,22.53,70
-37.0325,147.0104,2013-02-12,323.5,100,14.0,0.1,12.7,0.231,22.53,70
-37.0234,147.0086,2013-02-12,325.1,100,16.5,0.0,12.5,0.221,22.58,69
-37.0251,146.9974,2013-02-12,306.6,69,17.4,0.0,12.5,0.208,22.58,66
-37.0142,147.0069,2013-02-12,312.7,58,16.4,0.0,12.5,0.236,22.58,71
-37.0052,147.0045,2013-02-12,319.3,98,16.3,0.0,12.5,0.221,22.58,69
-36.997,147.0081,2013-02-12,318.1,96,17.1,0.0,12.5,0.208,22.58,66
-36.9988,146.997,2013-02-12,300.6,10,18.8,0.0,10.5,0.203,22.24,65
-36.9863,147.0171,2013-02-12,318.9,98,15.9,0.1,12.7,0.221,22.53,69
-36.988,147.006,2013-02-12,318.2,96,18.2,0.0,10.5,0.203,22.24,65
-36.9772,147.0148,2013-02-12,306.3,66,15.6,0.1,12.7,0.221,22.53,69
-36.9789,147.0035,2013-02-12,338.9,100,16.3,0.0,12.5,0.236,22.58,71
-36.9499,147.0086,2013-02-12,333.1,100,18.0,0.0,12.5,0.208,23.0,66
-36.9517,146.997,2013-02-12,369.8,100,17.3,0.0,12.5,0.208,22.58,66
-36.9535,146.9853,2013-02-12,304.5,60,15.4,0.1,12.7,0.221,22.53,69
-36.9408,147.0064,2013-02-12,331.4,100,17.3,0.0,12.5,0.208,22.58,66
-36.9426,146.9948,2013-02-12,330.0,97,16.8,0.0,12.5,0.21,22.58,67
-36.93,147.0158,2013-02-12,308.5,36,17.8,0.0,11.5,0.208,22.0,66
-36.9318,147.0042,2013-02-12,331.7,100,17.8,0.0,11.5,0.208,22.0,66
-36.9335,146.9926,2013-02-12,327.6,91,16.8,0.0,12.5,0.21,22.58,67
-36.9209,147.0136,2013-02-12,309.8,61,18.7,0.0,10.5,0.196,22.24,62
-36.9227,147.0019,2013-02-12,327.4,100,17.6,0.0,12.5,0.208,22.58,66
-37.088,147.0653,2013-02-12,302.6,21,14.3,0.1,12.7,0.24,22.53,71
-37.0764,147.0927,2013-02-12,303.0,52,15.7,0.1,12.7,0.221,22.53,69
-37.0781,147.0813,2013-02-12,310.2,78,15.1,0.1,12.7,0.247,22.53,72
-37.0799,147.0697,2013-02-12,318.8,98,14.1,0.1,12.7,0.247,22.53,72
-37.0725,147.0563,2013-02-12,318.2,96,15.2,0.0,12.5,0.257,22.58,74
-37.0743,147.045,2013-02-12,316.8,94,16.7,0.0,12.5,0.224,22.58,70
-37.0652,147.0426,2013-02-12,316.2,93,14.8,0.1,12.7,0.247,22.53,72
-37.0562,147.0401,2013-02-12,319.8,99,14.6,0.1,12.7,0.247,22.53,72
-30.7065,146.0468,2013-02-12,319.1,98,30.1,0.0,23.6,0.102,24.62,42
-34.1511,142.437,2013-02-12,311.5,83,26.5,0.0,17.5,0.083,29.45,36
-30.7047,146.058,2013-02-12,309.5,78,30.0,0.0,23.6,0.107,24.62,43
-30.7083,146.0356,2013-02-12,349.9,100,30.1,0.0,23.6,0.102,24.62,42
-30.7101,146.0245,2013-02-12,369.1,100,30.1,0.0,23.6,0.102,24.62,42
-30.7118,146.0133,2013-02-12,357.4,100,30.1,0.0,23.6,0.102,24.62,42
-30.7136,146.0022,2013-02-12,318.8,98,30.1,0.0,23.6,0.102,24.62,42
-30.6954,146.056,2013-02-12,313.0,86,30.0,0.0,23.6,0.107,24.62,43
-30.6972,146.0448,2013-02-12,325.1,100,30.1,0.0,23.6,0.102,24.62,42
-30.699,146.0336,2013-02-12,336.8,100,30.1,0.0,23.6,0.102,24.62,42
-30.7008,146.0225,2013-02-12,347.9,100,30.1,0.0,23.6,0.102,24.62,42
-30.7026,146.0113,2013-02-12,356.7,100,30.1,0.0,23.6,0.102,24.62,42
-30.7043,146.0002,2013-02-12,369.0,100,30.1,0.0,23.6,0.102,24.62,42
-30.7061,145.989,2013-02-12,366.8,100,30.1,0.0,23.6,0.102,24.62,42
-30.7079,145.9779,2013-02-12,309.6,55,30.1,0.0,23.6,0.102,24.62,42
-30.6908,146.0486,2013-02-12,314.0,88,30.2,0.0,23.6,0.102,24.62,42
-30.6926,146.0374,2013-02-12,322.6,100,30.1,0.0,23.6,0.102,24.62,42
-30.6943,146.0262,2013-02-12,341.4,100,30.1,0.0,23.6,0.102,24.62,42
-30.6961,146.0151,2013-02-12,350.1,100,30.1,0.0,23.6,0.102,24.62,42
-30.6978,146.0039,2013-02-12,344.2,100,30.1,0.0,23.6,0.102,24.62,42
-30.6996,145.9927,2013-02-12,357.4,100,30.1,0.0,23.6,0.102,24.62,42
-30.7013,145.9816,2013-02-12,326.2,100,30.1,0.0,23.6,0.102,24.62,42
-29.4701,145.881,2013-02-12,395.5,100,31.5,0.0,27.3,0.125,25.29,36
-29.4719,145.8699,2013-02-12,354.4,100,31.6,0.0,26.3,0.125,25.11,36
-29.4607,145.879,2013-02-12,326.5,100,31.5,0.0,27.3,0.125,25.29,36
-29.4625,145.8679,2013-02-12,329.4,83,31.6,0.0,26.3,0.125,25.11,36
-28.9138,148.4772,2013-02-12,312.7,85,28.7,0.0,17.7,0.069,25.11,46
-29.4586,145.8757,2013-02-12,305.8,66,31.6,0.0,27.3,0.125,25.29,36
-29.4751,145.8705,2013-02-12,301.0,1,31.5,0.0,26.3,0.125,25.11,36
-29.4594,145.868,2013-02-12,306.0,66,31.6,0.0,26.3,0.125,25.11,36
-29.4694,145.9094,2013-02-12,303.9,57,31.6,0.0,27.3,0.125,25.29,36
-30.6899,146.0406,2013-02-12,315.5,91,30.2,0.0,23.6,0.102,24.62,42
-30.6969,145.9971,2013-02-12,331.5,100,30.1,0.0,23.6,0.102,24.62,42
-30.7059,146.0356,2013-02-12,349.5,100,30.1,0.0,23.6,0.102,24.62,42
-30.6882,145.9956,2013-02-12,305.6,54,30.1,0.0,23.6,0.102,24.62,42
-30.6974,146.0339,2013-02-12,336.6,100,30.1,0.0,23.6,0.102,24.62,42
-30.7066,146.072,2013-02-12,311.3,82,30.0,0.0,23.6,0.107,24.62,43
-30.7042,145.9906,2013-02-12,326.7,100,30.1,0.0,23.6,0.102,24.62,42
-30.7134,146.0289,2013-02-12,340.0,100,30.1,0.0,23.6,0.102,24.62,42
-36.9779,147.012,2013-02-12,303.9,57,15.7,0.1,12.7,0.221,22.53,69
-36.9232,147.006,2013-02-12,311.6,29,17.8,0.0,11.5,0.208,22.0,66
-36.9335,146.9982,2013-02-12,306.7,26,16.6,0.0,12.5,0.21,22.58,67
-36.9387,147.0216,2013-02-12,306.2,16,18.3,0.0,10.5,0.203,22.24,65
-37.022,147.025,2013-02-12,315.1,90,14.6,0.1,12.7,0.231,22.53,70
-37.0166,147.0166,2013-02-12,304.1,47,16.3,0.0,12.5,0.221,22.58,69
-37.03,147.0152,2013-02-12,310.8,67,14.6,0.1,12.7,0.231,22.53,70
-37.0658,147.0527,2013-02-12,342.9,100,15.8,0.0,12.5,0.257,22.58,74
-28.9189,148.4807,2013-02-13,373.1,100,27.6,0.0,18.1,0.069,26.74,45
-28.9206,148.4913,2013-02-13,354.5,97,27.6,0.0,18.1,0.069,26.74,45
-29.3731,145.584,2013-02-13,345.9,92,31.0,0.0,20.2,0.11,23.12,33
-30.7635,149.9576,2013-02-13,321.8,73,22.9,0.0,16.6,0.294,28.93,55
-30.6873,146.0311,2013-02-13,349.7,95,29.3,0.0,20.7,0.102,23.27,38
-30.6895,146.0439,2013-02-13,344.7,92,29.3,0.0,20.7,0.102,23.27,38
-30.7158,146.018,2013-02-13,336.1,54,29.3,0.0,20.7,0.102,23.27,38
-30.7212,145.9901,2013-02-13,323.7,27,29.2,0.0,20.7,0.102,23.27,38
-31.3912,150.1764,2013-02-13,322.6,76,21.2,0.0,18.4,0.262,29.34,58
-31.3927,150.1871,2013-02-13,316.2,55,21.4,0.0,18.4,0.262,29.34,58
-31.9054,146.7282,2013-02-13,325.4,69,26.7,0.0,21.5,0.129,27.44,43
-31.9148,146.7261,2013-02-13,326.6,71,26.7,0.0,21.5,0.129,27.44,43
-36.9269,147.0021,2013-02-13,328.6,82,18.7,0.2,11.3,0.205,22.86,68
-36.9287,147.0133,2013-02-13,323.2,70,18.7,0.2,11.3,0.2,22.86,65
-36.945,146.9979,2013-02-13,327.3,32,17.7,0.3,9.7,0.205,22.31,67
-36.9467,147.0091,2013-02-13,334.7,74,18.8,0.2,11.3,0.2,22.86,65
-36.9557,147.0071,2013-02-13,321.3,25,17.1,0.3,9.7,0.219,22.31,70
-36.9824,147.0062,2013-02-13,331.1,71,17.0,0.3,9.7,0.219,22.31,70
-37.0048,147.1529,2013-02-13,312.1,42,14.2,3.4,7.9,0.242,22.01,74
-37.0065,147.1642,2013-02-13,330.1,85,15.3,3.4,7.9,0.242,22.01,74
-37.0173,147.1734,2013-02-13,314.0,29,13.9,3.4,7.9,0.24,22.01,74
-37.0353,147.1692,2013-02-13,320.8,70,13.7,3.4,7.9,0.24,22.01,74
-37.046,147.1783,2013-02-13,309.0,17,14.9,3.4,7.9,0.242,22.01,74
-37.0292,147.0072,2013-02-13,321.0,30,15.0,3.4,7.9,0.231,22.01,72
-37.0584,147.1987,2013-02-13,343.5,93,15.0,3.4,7.9,0.26,22.01,75
-37.0759,147.2528,2013-02-13,313.4,47,14.7,3.4,7.9,0.284,22.01,76
-37.0524,147.0368,2013-02-13,324.8,40,15.7,3.4,7.9,0.246,22.01,73
-37.0614,147.0346,2013-02-13,327.2,49,15.7,3.4,7.9,0.246,22.01,73
-37.0752,147.125,2013-02-13,341.7,77,14.5,3.4,7.9,0.242,22.01,74
-37.0771,147.0833,2013-02-13,338.5,57,16.4,3.4,7.9,0.219,22.01,70
-37.0824,147.1173,2013-02-13,317.5,48,13.9,3.4,7.9,0.242,22.01,74
-37.0841,147.1286,2013-02-13,307.5,23,13.2,3.4,7.9,0.242,22.01,74
-37.0845,147.0701,2013-02-13,333.3,52,14.3,3.4,7.9,0.242,22.01,74
-37.0982,147.1603,2013-02-13,313.8,55,13.3,3.4,7.9,0.242,22.01,74
-37.0999,147.1714,2013-02-13,329.6,84,14.5,3.4,7.9,0.242,22.01,74
-37.1016,147.1826,2013-02-13,311.9,44,15.7,3.4,7.9,0.26,22.01,75
-37.1084,147.2276,2013-02-13,313.8,68,15.1,3.4,7.9,0.26,22.01,75
-37.1101,147.2388,2013-02-13,306.6,21,15.6,3.4,7.9,0.26,22.01,75
-36.9361,147.0052,2013-02-13,325.6,0,18.2,1.4,9.9,0.205,22.06,67
-36.9266,147.0119,2013-02-13,321.0,45,19.0,0.0,9.9,0.2,22.69,65
-36.9294,146.9962,2013-02-13,333.0,77,17.4,0.3,9.7,0.21,22.31,70
-33.4549,147.5748,2013-02-13,353.6,96,25.7,0.0,23.0,0.125,28.17,43
-30.7132,146.0553,2013-02-13,339.1,76,29.1,0.0,20.7,0.106,23.27,39
-30.7161,146.0396,2013-02-13,366.4,100,29.2,0.0,20.7,0.102,23.27,38
-30.7191,146.0239,2013-02-13,337.5,64,29.2,0.0,20.7,0.102,23.27,38
-30.7249,145.9926,2013-02-13,334.9,53,29.2,0.0,20.7,0.102,23.27,38
-30.717,145.9744,2013-02-13,360.4,100,29.2,0.0,20.7,0.102,23.27,38
-30.7132,146.0499,2013-02-13,345.6,85,29.3,0.0,20.7,0.102,23.27,38
-30.7161,146.0341,2013-02-13,353.4,91,29.2,0.0,20.7,0.102,23.27,38
-30.7138,145.9844,2013-02-13,347.5,61,29.2,0.0,20.7,0.102,23.27,38
-30.6944,146.0287,2013-02-13,350.9,66,29.3,0.0,20.7,0.102,23.27,38
-30.6835,146.026,2013-02-13,339.2,66,29.3,0.0,20.7,0.102,23.27,38
-29.368,145.5919,2013-02-13,306.2,67,31.0,0.0,20.2,0.11,23.12,33
-29.3663,145.5814,2013-02-13,301.5,41,31.0,0.0,20.2,0.11,23.12,33
-30.4609,148.0644,2013-02-13,305.3,64,27.1,0.0,20.7,0.263,26.86,45
-28.9242,148.4859,2013-02-13,307.4,71,27.6,0.0,18.1,0.069,26.74,45
-30.0909,145.8018,2013-02-14,313.9,38,28.4,0.0,17.7,0.068,17.72,41
-30.0929,145.8236,2013-02-14,332.1,74,28.4,0.0,17.7,0.068,17.72,41
-34.4626,150.8738,2013-02-14,320.8,53,21.0,0.1,18.2,0.301,24.88,74
-34.4635,150.8793,2013-02-14,321.7,42,21.1,0.1,18.2,0.301,24.88,74
-28.3088,151.3551,2013-02-14,323.9,46,21.3,0.0,17.8,0.203,24.25,64
-34.4636,150.8893,2013-02-14,309.7,78,21.0,0.1,18.2,0.301,24.88,74
-34.4656,150.877,2013-02-14,303.9,57,21.0,0.1,18.2,0.301,24.88,74
-30.4634,148.0621,2013-02-14,302.1,11,26.4,0.0,18.9,0.256,25.07,40
-30.1596,148.734,2013-02-14,305.5,65,25.6,0.0,16.3,0.197,24.64,44
-29.2178,150.1888,2013-02-14,309.9,79,23.6,0.0,18.1,0.293,24.05,52
-29.22,150.1762,2013-02-14,300.3,25,23.7,0.0,18.1,0.293,24.05,52
-29.1226,149.2751,2013-02-14,303.0,50,25.3,0.0,20.7,0.207,23.0,45
-29.1245,149.2635,2013-02-14,309.9,79,25.3,0.0,20.7,0.207,23.0,45
-37.438,142.3093,2013-02-14,300.6,31,23.7,1.1,10.8,0.157,23.79,57
-36.977,146.9642,2013-02-15,308.3,32,18.4,0.6,7.6,0.234,23.18,71
-37.2169,146.2948,2013-02-15,314.2,61,20.6,4.8,10.3,0.188,22.92,68
-37.4393,142.2942,2013-02-15,317.7,53,24.1,0.2,8.3,0.161,24.91,62
-37.4447,142.3188,2013-02-15,315.9,35,24.0,0.2,8.3,0.161,24.91,62
-37.441,142.3131,2013-02-15,319.4,27,23.7,0.2,8.3,0.161,24.91,62
-37.4426,142.2986,2013-02-15,343.3,91,23.8,0.2,8.3,0.161,24.91,62
-37.4341,142.2829,2013-02-15,343.8,79,23.8,0.2,8.3,0.161,24.91,62
-37.4442,142.2845,2013-02-15,335.3,85,24.1,0.2,8.3,0.161,24.91,62
-37.4326,142.297,2013-02-15,350.1,89,23.9,0.2,8.3,0.161,24.91,62
-30.6688,146.002,2013-02-15,397.4,100,27.7,0.0,16.5,0.101,20.76,38
-30.6706,145.9908,2013-02-15,372.2,94,27.7,0.0,16.5,0.101,20.76,38
-30.6724,145.9797,2013-02-15,327.4,27,27.6,0.0,16.5,0.101,20.76,38
-30.6727,146.0375,2013-02-15,332.2,49,27.7,0.0,16.5,0.101,20.76,38
-30.6745,146.0263,2013-02-15,355.4,97,27.7,0.0,16.5,0.101,20.76,38
-30.6781,146.004,2013-02-15,334.0,64,27.7,0.0,16.5,0.101,20.76,38
-30.6799,145.9928,2013-02-15,361.5,100,27.6,0.0,16.5,0.101,20.76,38
-30.6817,145.9817,2013-02-15,380.4,94,27.6,0.0,16.5,0.101,20.76,38
-30.667,146.0132,2013-02-15,356.6,98,27.7,0.0,16.5,0.101,20.76,38
-30.6626,146.0087,2013-02-15,314.6,89,27.7,0.0,16.5,0.101,20.76,38
-30.6648,146.0215,2013-02-15,309.6,78,27.7,0.0,16.5,0.101,20.76,38
-30.6779,145.9786,2013-02-15,312.0,84,27.6,0.0,16.5,0.101,20.76,38
-31.6479,146.7276,2013-02-15,306.7,69,26.5,0.0,17.8,0.109,24.7,40
-37.0406,146.4367,2013-02-15,300.3,24,16.8,0.6,10.0,0.215,23.64,72
-37.3086,146.5555,2013-02-15,306.3,68,16.7,0.6,10.0,0.262,23.64,74
-37.3756,142.3086,2013-02-15,300.6,31,23.3,1.0,7.9,0.161,24.19,62
-37.3787,142.3251,2013-02-15,307.8,72,23.5,0.2,8.3,0.161,24.91,62
-37.3796,142.3179,2013-02-15,311.4,82,22.7,1.0,7.9,0.174,24.19,64
-37.4263,142.2683,2013-02-15,305.6,10,23.8,0.2,8.3,0.161,24.91,62
-37.4295,142.2848,2013-02-15,322.6,100,23.7,0.2,8.3,0.161,24.91,62
-37.4401,142.2812,2013-02-15,317.4,95,23.8,0.2,8.3,0.161,24.91,62
-37.4432,142.2976,2013-02-15,310.0,38,23.8,0.2,8.3,0.161,24.91,62
-37.4507,142.2778,2013-02-15,317.7,79,24.3,0.2,8.3,0.154,24.91,60
-37.4534,142.2717,2013-02-15,306.2,39,24.0,0.2,8.3,0.154,24.91,60
-30.8309,146.451,2013-02-16,323.7,61,27.4,0.0,15.6,0.118,25.06,43
-31.8264,145.8069,2013-02-16,332.3,78,27.0,0.0,16.3,0.105,23.91,42
-31.837,145.8053,2013-02-16,327.6,71,26.9,0.0,16.3,0.105,23.91,42
-37.374,142.3044,2013-02-16,315.8,21,24.0,0.0,12.3,0.165,25.63,58
-37.3755,142.3169,2013-02-16,333.7,83,23.8,1.2,12.5,0.165,25.3,58
-37.3835,142.3027,2013-02-16,342.3,90,24.1,2.4,11.9,0.165,25.1,58
-37.385,142.3152,2013-02-16,374.3,100,24.2,2.4,11.9,0.165,25.1,58
-37.4278,142.2686,2013-02-16,326.4,36,24.3,2.4,11.9,0.165,25.1,58
-37.4293,142.2811,2013-02-16,338.5,85,24.1,2.4,11.9,0.165,25.1,58
-37.4404,142.292,2013-02-16,325.6,36,24.6,2.4,11.9,0.165,25.1,58
-37.4483,142.2777,2013-02-16,332.5,34,24.8,2.4,11.9,0.165,25.1,58
-37.45,142.2903,2013-02-16,333.2,65,24.8,2.4,11.9,0.165,25.1,58
-37.4532,142.2837,2013-02-16,326.9,74,24.7,2.4,11.9,0.159,25.1,58
-37.2341,141.245,2013-02-16,334.9,77,26.8,0.0,13.6,0.145,25.28,47
-37.3281,147.2976,2013-02-16,302.1,19,21.2,0.0,12.4,0.271,27.36,71
-37.3296,147.2832,2013-02-16,317.7,95,18.8,0.4,12.4,0.262,24.1,70
-37.3369,147.279,2013-02-16,301.3,31,18.6,0.0,13.2,0.3,26.28,71
-37.3247,147.2918,2013-02-16,314.0,88,20.3,0.0,12.4,0.271,27.36,71
-37.3262,147.2776,2013-02-16,313.6,87,18.9,0.4,12.4,0.262,24.1,70
-37.3157,147.2746,2013-02-16,301.0,34,19.8,0.0,12.3,0.271,26.05,71
-37.0511,146.7614,2013-02-16,300.7,32,20.6,0.1,8.4,0.221,23.12,65
-37.0527,146.7453,2013-02-16,305.3,64,19.6,0.2,11.6,0.224,22.53,64
-37.3885,142.3107,2013-02-16,306.1,67,24.5,2.4,11.9,0.165,25.1,58
-37.3882,142.3052,2013-02-16,305.3,64,24.3,2.4,11.9,0.165,25.1,58
-37.0388,146.4229,2013-02-16,302.1,47,17.6,0.0,12.8,0.223,22.19,65
-30.1558,148.7348,2013-02-16,314.2,89,26.1,0.0,17.8,0.197,25.92,49
-29.378,145.5986,2013-02-16,304.1,58,26.9,0.2,19.2,0.124,24.02,50
-37.313,147.2889,2013-02-16,309.1,76,21.1,0.0,12.4,0.271,27.36,71
-37.3098,147.2834,2013-02-16,306.5,68,20.9,0.0,12.4,0.271,27.36,71
-37.3839,142.3252,2013-02-16,310.5,80,23.3,1.2,12.5,0.177,25.3,58
-29.227,150.1861,2013-02-16,320.4,57,23.6,0.0,17.4,0.292,25.25,55
-29.1584,150.3605,2013-02-16,324.7,76,23.2,0.0,17.4,0.303,25.25,56
-29.2196,150.1938,2013-02-16,320.4,36,23.6,0.0,17.4,0.292,25.25,55
-37.0823,147.0883,2013-02-16,311.7,34,15.9,0.0,14.0,0.278,23.9,70
-37.3221,147.2817,2013-02-16,323.3,50,19.0,0.4,12.4,0.262,24.1,70
-37.0852,147.0741,2013-02-16,312.3,45,15.1,0.0,14.0,0.279,23.9,69
-37.3412,147.2951,2013-02-17,370.1,100,21.2,0.0,10.0,0.257,27.78,63
-37.3427,147.2837,2013-02-17,378.4,100,20.3,0.0,10.3,0.256,27.95,63
-37.3364,147.2589,2013-02-17,328.9,82,18.6,0.0,11.9,0.284,26.65,63
-37.3227,147.2915,2013-02-17,328.8,36,20.7,0.0,10.3,0.257,27.95,63
-37.3135,147.2895,2013-02-17,321.8,37,21.8,0.0,10.0,0.257,27.78,63
-37.315,147.2778,2013-02-17,334.9,86,20.8,0.0,10.0,0.257,27.78,63
-37.0672,147.2106,2013-02-17,328.5,79,16.6,0.0,7.9,0.279,25.33,62
-37.0841,147.0798,2013-02-17,353.6,91,16.1,0.0,7.9,0.266,25.33,62
-37.0872,147.0558,2013-02-17,340.1,89,16.1,0.0,7.9,0.266,25.33,62
-37.0573,146.7626,2013-02-17,335.1,85,20.7,0.0,7.7,0.215,24.94,59
-37.0588,146.7507,2013-02-17,342.9,91,19.5,0.0,7.7,0.229,24.94,61
-37.0537,146.7565,2013-02-17,332.1,82,20.0,0.0,7.7,0.229,24.94,61
-37.0552,146.7445,2013-02-17,324.0,72,20.3,0.0,7.7,0.217,24.94,60
-37.3971,142.3454,2013-02-17,342.1,84,26.2,0.0,10.1,0.174,23.07,46
-37.3869,142.3237,2013-02-17,351.5,82,25.6,0.0,10.4,0.174,24.75,45
-29.2221,150.1952,2013-02-17,332.6,41,23.4,0.0,18.6,0.284,25.97,55
-29.2243,150.1825,2013-02-17,346.9,92,23.5,0.0,18.6,0.284,25.97,55
-37.3082,147.294,2013-02-17,305.4,63,19.8,0.0,10.9,0.248,28.09,62
-37.3117,147.2762,2013-02-17,301.7,22,20.9,0.0,10.0,0.257,27.78,63
-37.3102,147.29,2013-02-17,306.1,29,21.8,0.0,10.0,0.257,27.78,63
-37.1031,147.0348,2013-02-17,307.3,65,17.2,0.0,7.9,0.266,25.33,63
-37.0886,147.0488,2013-02-17,309.4,77,17.3,0.0,7.9,0.266,25.33,63
-37.0548,146.7441,2013-02-17,316.3,93,20.6,0.0,7.7,0.215,24.94,59
-36.9838,146.9893,2013-02-17,300.5,29,18.2,0.0,7.9,0.235,25.33,62
-37.0443,146.4318,2013-02-17,309.1,76,17.1,0.0,10.1,0.216,26.54,58
-37.0474,146.4157,2013-02-17,300.7,32,17.4,0.0,10.1,0.216,26.54,58
-37.0333,146.4304,2013-02-17,323.3,100,19.0,0.0,10.1,0.22,26.54,57
-37.0365,146.4139,2013-02-17,318.1,96,18.8,0.0,10.1,0.216,26.54,58
-37.4328,142.2995,2013-02-17,317.1,94,26.2,0.0,10.1,0.174,23.07,46
-37.4263,142.2921,2013-02-17,320.5,100,25.9,0.0,10.1,0.174,23.07,45
-37.419,142.2784,2013-02-17,313.5,75,25.6,0.0,10.4,0.174,24.75,45
-37.3995,142.3451,2013-02-17,343.0,100,26.4,0.0,10.1,0.174,23.07,46
-37.4012,142.3336,2013-02-17,401.5,100,25.9,0.0,10.1,0.174,23.07,45
-37.403,142.3222,2013-02-17,360.8,100,26.5,0.0,10.1,0.174,23.07,46
-37.4099,142.2762,2013-02-17,308.8,64,25.8,0.0,10.4,0.174,24.75,45
-37.3904,142.3428,2013-02-17,333.6,100,25.7,0.0,10.4,0.174,24.75,45
-37.3922,142.3313,2013-02-17,356.2,100,25.8,0.0,10.4,0.174,24.75,45
-37.3939,142.3199,2013-02-17,344.7,100,26.4,0.0,10.1,0.174,23.07,46
-37.3831,142.329,2013-02-17,324.4,100,25.4,0.0,10.4,0.178,24.75,46
-37.3849,142.3176,2013-02-17,317.2,95,25.8,0.0,10.4,0.174,24.75,45
-37.3866,142.3063,2013-02-17,316.9,94,26.1,0.0,10.1,0.174,23.07,46
-37.3883,142.2948,2013-02-17,319.0,98,25.9,0.0,10.1,0.174,23.07,45
-37.3758,142.3154,2013-02-17,320.8,100,25.6,0.0,10.4,0.174,24.75,45
-37.3775,142.304,2013-02-17,321.7,100,26.0,0.0,10.1,0.174,23.07,46
-37.3793,142.2925,2013-02-17,305.2,59,25.6,0.0,10.4,0.174,24.75,45
-29.1434,148.9961,2013-02-17,300.6,31,25.7,0.0,19.9,0.196,27.46,48
-30.6728,148.791,2013-02-17,303.3,54,24.7,0.0,19.4,0.134,27.53,45
-37.0815,147.0555,2013-02-17,310.8,81,17.2,0.0,7.9,0.266,25.33,63
-37.0604,147.2241,2013-02-17,301.6,42,17.6,0.0,7.9,0.279,25.33,62
-37.084,147.0699,2013-02-17,312.4,85,16.4,0.0,7.9,0.266,25.33,62
-37.0483,146.755,2013-02-17,308.7,75,21.1,0.0,8.3,0.21,24.47,58
-37.0507,146.7687,2013-02-17,311.6,83,21.5,0.0,8.3,0.215,24.47,59
-37.0584,146.7531,2013-02-17,315.1,91,20.1,0.0,7.7,0.229,24.94,61
-37.0608,146.7666,2013-02-17,306.6,69,20.1,0.0,7.7,0.229,24.94,61
-37.0284,146.4244,2013-02-17,302.1,47,19.4,0.0,10.1,0.241,26.54,58
-37.0313,146.4397,2013-02-17,305.1,63,18.4,0.0,10.1,0.216,26.54,58
-37.0388,146.4229,2013-02-17,322.8,100,18.3,0.0,10.1,0.216,26.54,58
-37.0416,146.4378,2013-02-17,315.8,92,17.7,0.0,10.1,0.216,26.54,58
-37.3083,147.287,2013-02-17,305.8,50,21.1,0.0,10.0,0.257,27.78,63
-37.3108,147.3011,2013-02-17,304.8,41,19.9,0.0,10.9,0.248,28.09,62
-37.3398,147.2921,2013-02-17,308.7,75,21.5,0.0,10.0,0.257,27.78,63
-37.3421,147.3056,2013-02-17,303.0,40,21.7,0.0,10.0,0.257,27.78,63
-37.3735,142.3037,2013-02-17,306.6,68,25.9,0.0,10.4,0.174,24.35,45
-37.3789,142.3284,2013-02-17,318.8,97,25.9,0.0,10.1,0.174,23.07,45
-37.384,142.3518,2013-02-17,312.3,69,26.3,0.0,10.1,0.173,23.07,46
-37.4252,142.3038,2013-02-17,305.3,64,26.5,0.0,10.1,0.174,23.07,46
-37.4052,142.337,2013-02-17,324.4,100,26.3,0.0,10.1,0.174,23.07,46
-37.3978,142.3652,2013-02-17,300.5,2,26.6,0.0,10.1,0.173,23.07,46
-37.3915,142.3234,2013-02-17,320.5,100,26.0,0.0,10.1,0.174,23.07,46
-37.3967,142.3474,2013-02-17,336.7,100,26.4,0.0,10.1,0.174,23.07,46
-37.3872,142.3177,2013-02-17,317.4,90,26.1,0.0,10.1,0.174,23.07,46
-37.3926,142.3421,2013-02-17,327.3,100,25.9,0.0,10.1,0.174,23.07,45
-28.9258,149.9671,2013-02-18,335.8,86,24.1,0.0,18.0,0.209,20.8,55
-28.9241,149.9519,2013-02-18,319.9,66,24.1,0.0,18.0,0.209,20.8,55
-28.9367,149.9656,2013-02-18,330.5,82,24.1,0.0,18.0,0.209,20.8,55
-28.9355,148.4812,2013-02-18,324.5,71,25.9,0.0,19.5,0.067,24.3,49
-28.9371,148.4938,2013-02-18,319.9,61,25.9,0.0,19.5,0.067,24.3,49
-28.9939,148.3764,2013-02-18,318.2,46,26.1,0.0,19.5,0.086,24.3,48
-31.2526,145.6652,2013-02-18,327.0,64,27.1,0.0,18.1,0.111,25.07,34
-31.2541,145.6759,2013-02-18,333.6,78,27.0,0.0,18.1,0.111,25.07,34
-36.5669,147.3442,2013-02-18,312.6,21,23.1,0.0,11.1,0.215,24.79,56
-36.8392,146.8,2013-02-18,309.7,30,18.2,0.0,11.4,0.19,24.25,55
-36.9928,146.9868,2013-02-18,315.2,66,20.6,0.0,9.7,0.207,24.81,58
-37.0147,146.9975,2013-02-18,313.6,59,20.3,0.0,9.7,0.207,24.81,58
-37.0617,147.2264,2013-02-18,323.7,72,18.7,0.3,11.0,0.261,24.08,59
-37.0582,147.13,2013-02-18,315.7,48,17.7,0.3,11.0,0.256,24.08,59
-37.0678,147.2178,2013-02-18,320.0,62,17.0,0.3,11.0,0.268,24.08,60
-37.0667,147.1127,2013-02-18,324.3,79,18.1,0.3,11.0,0.229,24.08,59
-37.0683,147.1269,2013-02-18,313.0,56,17.1,0.3,11.0,0.256,24.08,59
-37.0486,146.768,2013-02-18,318.0,26,21.8,0.0,9.2,0.204,24.93,56
-37.0568,146.7508,2013-02-18,325.7,77,20.0,0.0,10.7,0.221,24.43,58
-37.0585,146.7655,2013-02-18,322.9,48,20.5,0.0,10.7,0.221,24.43,58
-37.0994,147.0328,2013-02-18,312.5,40,17.8,0.3,11.0,0.256,24.08,59
-37.1009,147.0458,2013-02-18,314.3,42,15.4,0.3,11.0,0.244,24.08,59
-37.0376,146.4139,2013-02-18,315.3,62,18.8,0.0,12.3,0.21,23.8,55
-37.0408,146.4408,2013-02-18,332.2,84,18.1,0.0,12.3,0.21,23.8,55
-37.309,147.2767,2013-02-18,344.4,93,21.7,0.0,12.9,0.245,22.37,59
-37.3107,147.2924,2013-02-18,319.4,47,22.3,0.0,12.9,0.245,22.25,59
-37.3193,147.2746,2013-02-18,349.9,95,21.1,0.0,12.9,0.238,22.37,58
-37.37,142.3112,2013-02-18,339.4,86,27.2,0.0,20.4,0.165,25.87,34
-37.3718,142.3226,2013-02-18,353.2,96,27.5,0.0,20.4,0.165,25.87,34
-37.3773,142.2978,2013-02-18,336.3,83,27.1,0.0,20.5,0.165,26.18,34
-37.3791,142.3091,2013-02-18,335.0,82,27.3,0.0,22.2,0.165,25.73,34
-37.3808,142.3205,2013-02-18,374.9,100,26.8,0.0,20.5,0.171,26.18,34
-37.3825,142.3318,2013-02-18,360.6,100,27.0,0.0,20.5,0.165,26.18,34
-37.3842,142.3431,2013-02-18,339.8,86,27.2,0.0,22.2,0.165,25.73,34
-37.3864,142.2957,2013-02-18,370.2,100,27.2,0.0,22.2,0.165,25.73,34
-37.3881,142.3069,2013-02-18,363.1,100,27.6,0.0,22.2,0.165,25.73,34
-37.3898,142.3183,2013-02-18,336.9,84,27.6,0.0,22.2,0.165,25.73,34
-37.3915,142.3297,2013-02-18,341.5,88,26.9,0.0,20.5,0.165,26.18,34
-37.3933,142.341,2013-02-18,376.8,100,27.2,0.0,22.2,0.165,25.73,34
-37.395,142.3523,2013-02-18,330.9,77,27.4,0.0,22.2,0.165,25.73,34
-37.3954,142.2935,2013-02-18,328.5,73,27.1,0.0,20.5,0.165,26.18,34
-37.3971,142.3049,2013-02-18,358.7,99,27.3,0.0,22.2,0.165,25.73,34
-37.3988,142.3162,2013-02-18,363.6,100,27.7,0.0,22.2,0.165,25.73,34
-37.4006,142.3275,2013-02-18,350.0,94,27.5,0.0,22.2,0.165,25.73,34
-37.4023,142.3389,2013-02-18,378.3,100,27.3,0.0,22.2,0.165,25.73,34
-37.404,142.3501,2013-02-18,395.0,100,27.8,0.0,22.2,0.165,25.73,34
-37.4079,142.3141,2013-02-18,401.0,100,26.9,0.0,20.5,0.165,26.18,34
-37.4096,142.3254,2013-02-18,366.2,100,27.7,0.0,22.2,0.165,25.73,34
-37.4113,142.3367,2013-02-18,363.1,100,27.9,0.0,22.2,0.165,25.73,34
-37.413,142.348,2013-02-18,383.9,100,27.8,0.0,22.2,0.165,25.73,34
-37.4117,142.2779,2013-02-18,358.9,99,27.0,0.0,20.5,0.165,26.18,34
-37.4134,142.2893,2013-02-18,330.6,76,26.9,0.0,20.5,0.165,26.18,34
-37.4169,142.3119,2013-02-18,373.5,100,27.5,0.0,22.2,0.165,25.73,34
-37.4186,142.3233,2013-02-18,365.7,100,27.4,0.0,22.2,0.165,25.73,34
-37.4203,142.3345,2013-02-18,331.3,44,27.9,0.0,22.2,0.165,25.73,34
-37.4187,142.2702,2013-02-18,363.9,100,27.3,0.0,22.2,0.165,25.73,34
-37.4204,142.2816,2013-02-18,415.9,100,26.8,0.0,20.5,0.171,26.18,34
-37.4221,142.293,2013-02-18,391.3,100,27.1,0.0,20.5,0.165,26.18,34
-37.4256,142.3156,2013-02-18,339.7,86,27.9,0.0,22.2,0.165,25.73,34
-37.4273,142.3269,2013-02-18,333.3,79,27.9,0.0,22.2,0.165,25.73,34
-37.4277,142.2681,2013-02-18,335.2,82,27.7,0.0,22.2,0.165,25.73,34
-37.4294,142.2794,2013-02-18,400.7,100,27.5,0.0,22.2,0.165,25.73,34
-37.4312,142.2908,2013-02-18,409.7,100,27.2,0.0,22.2,0.165,25.73,34
-37.4329,142.3021,2013-02-18,352.6,95,27.6,0.0,22.2,0.165,25.73,34
-37.4363,142.3248,2013-02-18,325.0,66,28.0,0.0,22.2,0.165,25.73,34
-37.3927,142.3096,2013-02-18,344.5,89,27.7,0.0,22.2,0.165,25.73,34
-37.106,147.0281,2013-02-18,323.0,64,17.9,0.3,11.0,0.256,24.08,59
-37.059,146.7597,2013-02-18,316.5,53,20.6,0.0,10.7,0.221,24.43,58
-37.065,146.7328,2013-02-18,317.5,59,19.8,0.0,10.7,0.216,24.43,57
-36.9935,146.9898,2013-02-18,316.7,57,20.2,0.0,10.7,0.207,24.43,58
-37.4617,142.3205,2013-02-18,371.5,100,28.0,0.0,22.2,0.164,25.73,34
-37.4643,142.3062,2013-02-18,372.6,100,27.9,0.0,22.2,0.164,25.73,34
-37.4491,142.3318,2013-02-18,390.6,75,28.1,0.0,22.2,0.165,25.73,34
-37.4517,142.3174,2013-02-18,412.0,100,27.5,0.0,22.2,0.164,25.73,34
-37.4543,142.3032,2013-02-18,430.8,100,27.8,0.0,22.2,0.164,25.73,34
-37.4569,142.2889,2013-02-18,366.2,100,27.9,0.0,22.2,0.164,25.73,34
-37.4391,142.3289,2013-02-18,362.8,75,28.1,0.0,22.2,0.165,25.73,34
-37.4417,142.3143,2013-02-18,394.0,100,27.5,0.0,22.2,0.165,25.73,34
-37.4443,142.3001,2013-02-18,372.3,100,27.7,0.0,22.2,0.165,25.73,34
-37.4429,142.3242,2013-02-18,364.8,87,27.8,0.0,22.2,0.165,25.73,34
-37.4454,142.3098,2013-02-18,382.3,100,27.7,0.0,22.2,0.165,25.73,34
-37.4479,142.2956,2013-02-18,347.7,81,27.8,0.0,22.2,0.165,25.73,34
-37.4328,142.3214,2013-02-18,368.7,94,27.9,0.0,22.2,0.165,25.73,34
-37.4354,142.3068,2013-02-18,397.1,100,27.5,0.0,22.2,0.165,25.73,34
-37.4379,142.2926,2013-02-18,363.4,100,27.9,0.0,22.2,0.165,25.73,34
-37.4176,142.3474,2013-02-18,367.1,87,28.0,0.0,22.2,0.165,25.73,34
-37.4202,142.3328,2013-02-18,365.8,94,27.8,0.0,22.2,0.165,25.73,34
-37.4228,142.3183,2013-02-18,469.0,100,27.5,0.0,22.2,0.165,25.73,34
-37.4254,142.304,2013-02-18,501.0,100,27.8,0.0,22.2,0.165,25.73,34
-37.428,142.2893,2013-02-18,492.0,100,27.2,0.0,22.2,0.165,25.73,34
-37.4305,142.2752,2013-02-18,358.2,88,27.6,0.0,22.2,0.165,25.73,34
-37.433,142.2609,2013-02-18,350.8,85,27.7,0.0,22.2,0.165,25.73,34
-37.405,142.3589,2013-02-18,373.7,100,28.0,0.0,22.2,0.162,25.73,34
-37.4076,142.3443,2013-02-18,363.0,100,27.5,0.0,22.2,0.165,25.73,34
-37.4102,142.3298,2013-02-18,343.1,84,27.9,0.0,22.2,0.165,25.73,34
-37.4129,142.3149,2013-02-18,414.0,100,26.8,0.0,20.5,0.171,26.18,34
-37.4154,142.3007,2013-02-18,453.6,100,27.3,0.0,22.2,0.165,25.73,34
-37.418,142.286,2013-02-18,450.3,100,26.9,0.0,20.5,0.165,26.18,34
-37.4205,142.2721,2013-02-18,379.5,100,27.3,0.0,22.2,0.165,25.73,34
-37.423,142.2579,2013-02-18,351.6,83,27.7,0.0,22.2,0.165,25.73,34
-37.395,142.3558,2013-02-18,412.1,100,27.4,0.0,22.2,0.165,25.73,34
-37.3976,142.3412,2013-02-18,443.0,100,27.6,0.0,22.2,0.165,25.73,34
-37.4002,142.3269,2013-02-18,343.5,88,27.7,0.0,22.2,0.165,25.73,34
-37.4028,142.3122,2013-02-18,393.9,100,27.2,0.0,20.5,0.165,26.18,34
-37.4054,142.2978,2013-02-18,419.7,100,27.3,0.0,22.2,0.165,25.73,34
-37.408,142.2833,2013-02-18,345.4,73,27.0,0.0,20.5,0.165,26.18,34
-37.4105,142.2692,2013-02-18,334.8,52,27.2,0.0,20.5,0.165,26.18,34
-37.3849,142.3528,2013-02-18,340.0,85,27.7,0.0,22.2,0.165,25.73,34
-37.3876,142.3378,2013-02-18,387.7,100,26.8,0.0,20.5,0.171,26.18,34
-37.3902,142.3237,2013-02-18,348.0,92,27.3,0.0,22.2,0.165,25.73,34
-37.3954,142.2949,2013-02-18,384.2,100,27.1,0.0,20.5,0.165,26.18,34
-37.3775,142.3352,2013-02-18,335.8,80,27.4,0.0,22.2,0.165,25.73,34
-37.3802,142.3205,2013-02-18,365.5,100,26.8,0.0,20.5,0.171,26.18,34
-37.3853,142.292,2013-02-18,366.9,100,27.2,0.0,22.2,0.165,25.73,34
-37.3701,142.318,2013-02-18,344.8,89,27.4,0.0,20.4,0.165,25.87,34
-37.3727,142.3035,2013-02-18,335.6,80,27.2,0.0,20.4,0.165,25.87,34
-36.376,146.6199,2013-02-18,333.1,81,23.0,0.0,10.2,0.164,25.11,47
-36.3828,146.6179,2013-02-18,328.3,74,23.3,0.0,12.2,0.164,25.44,47
-37.4007,142.1854,2013-02-18,309.9,68,28.2,0.0,22.2,0.169,25.73,34
-37.3986,142.2409,2013-02-18,354.1,100,26.5,0.0,20.5,0.192,26.18,34
-37.3968,142.2906,2013-02-18,381.2,100,27.1,0.0,20.5,0.165,26.18,34
-37.379,142.291,2013-02-18,348.3,100,26.9,0.0,20.5,0.165,26.18,34
-37.414,142.2983,2013-02-18,347.5,100,26.9,0.0,20.5,0.165,26.18,34
-37.43,142.3486,2013-02-18,306.2,40,28.0,0.0,22.2,0.165,25.73,34
-37.4165,142.2416,2013-02-18,336.1,100,25.9,0.0,20.5,0.192,26.18,34
-37.4145,142.2921,2013-02-18,349.4,100,26.9,0.0,20.5,0.171,26.18,34
-37.3799,142.2504,2013-02-18,319.3,70,23.9,0.0,20.5,0.171,26.18,33
-37.3785,142.2974,2013-02-18,350.0,100,26.9,0.0,20.5,0.165,26.18,34
-37.3772,142.3404,2013-02-18,365.4,100,27.4,0.0,22.2,0.165,25.73,34
-37.3769,142.3468,2013-02-18,365.6,100,27.6,0.0,22.2,0.165,25.73,34
-37.3996,142.1932,2013-02-18,313.9,73,28.1,0.0,22.2,0.169,25.73,34
-37.3978,142.2482,2013-02-18,367.1,100,26.7,0.0,20.5,0.192,26.18,34
-37.3963,142.2973,2013-02-18,380.4,100,27.1,0.0,20.5,0.165,26.18,34
-37.4157,142.248,2013-02-18,347.5,100,26.8,0.0,20.5,0.192,26.18,34
-37.3807,142.2432,2013-02-18,313.0,55,24.4,0.0,20.5,0.192,26.18,33
-37.3595,142.3386,2013-02-18,335.5,92,27.8,0.0,20.4,0.165,25.87,34
-37.3612,142.2909,2013-02-18,327.9,94,27.0,0.0,20.4,0.165,25.87,34
-37.0632,146.7654,2013-02-18,301.8,29,20.1,0.0,10.7,0.221,24.43,58
-37.3598,142.3338,2013-02-18,334.8,89,27.8,0.0,20.4,0.165,25.87,34
-37.3617,142.2866,2013-02-18,322.4,100,26.9,0.0,20.5,0.165,26.18,34
-37.0433,146.7327,2013-02-18,305.9,44,19.5,0.0,12.3,0.216,23.8,57
-37.0372,146.4376,2013-02-18,310.1,79,18.1,0.0,12.3,0.21,23.8,55
-37.0392,146.4092,2013-02-18,302.9,52,18.5,0.0,12.3,0.21,23.8,55
-37.0307,146.428,2013-02-18,310.2,79,19.2,0.0,12.3,0.212,23.8,55
-37.0522,146.7556,2013-02-18,301.5,5,20.3,0.0,10.7,0.221,24.43,58
-37.034,146.42,2013-02-18,302.7,51,19.4,0.0,12.3,0.212,23.8,55
-37.0358,146.4395,2013-02-18,302.5,50,17.8,0.0,12.3,0.21,23.8,55
-37.0887,147.0307,2013-02-18,303.0,53,18.9,0.0,11.4,0.243,24.25,59
-37.0903,147.0491,2013-02-18,309.5,77,16.9,0.3,11.0,0.244,24.08,59
-37.0715,146.7368,2013-02-19,318.6,30,19.5,2.9,12.0,0.216,19.4,61
-37.0605,146.7352,2013-02-19,339.4,86,20.6,1.4,11.2,0.207,21.56,57
-37.0623,146.7169,2013-02-19,346.8,94,21.7,0.3,9.4,0.207,23.55,58
-37.0495,146.7331,2013-02-19,354.7,97,21.0,1.4,11.2,0.207,21.56,58
-37.0513,146.7156,2013-02-19,331.6,75,20.9,1.4,11.2,0.207,21.56,57
-37.0369,146.7485,2013-02-19,318.6,45,20.5,1.4,11.2,0.207,21.56,58
-37.0385,146.732,2013-02-19,327.0,80,19.2,2.1,10.2,0.216,21.72,61
-37.0337,146.4265,2013-02-19,322.9,44,20.1,2.0,11.2,0.224,20.06,56
-34.4607,150.879,2013-02-19,327.0,67,21.9,0.0,18.2,0.304,24.8,81
-32.9335,146.3232,2013-02-19,358.1,98,28.3,0.0,13.9,0.118,25.5,32
-32.9212,146.3365,2013-02-19,348.7,87,28.4,0.0,13.9,0.118,25.5,32
-32.9229,146.3215,2013-02-19,378.7,100,28.3,0.0,13.9,0.118,25.5,32
-30.895,149.9659,2013-02-19,337.9,70,24.6,0.0,17.7,0.138,26.27,52
-30.8964,149.9555,2013-02-19,331.5,29,24.6,0.0,17.7,0.138,26.27,52
-30.1431,149.8317,2013-02-19,329.9,15,25.1,0.0,17.4,0.274,26.41,51
-28.9008,148.3742,2013-02-19,347.9,92,27.2,0.0,16.7,0.164,23.41,46
-37.3436,142.2855,2013-02-19,334.5,100,16.3,0.0,19.2,0.166,23.99,61
-37.3451,142.2734,2013-02-19,317.8,38,15.9,0.0,19.2,0.166,23.99,61
-37.3282,142.3313,2013-02-19,322.8,69,18.2,0.0,19.2,0.188,23.99,62
-37.3312,142.308,2013-02-19,323.0,100,16.2,0.0,19.2,0.166,23.99,61
-37.3327,142.2959,2013-02-19,318.3,35,16.4,0.0,19.2,0.166,23.99,61
-37.3342,142.2839,2013-02-19,369.5,100,16.0,0.0,19.2,0.166,23.99,61
-37.3358,142.2714,2013-02-19,336.6,81,17.0,0.0,19.2,0.166,23.99,61
-37.3374,142.2587,2013-02-19,353.8,100,17.7,0.0,19.2,0.166,23.99,61
-37.3188,142.3301,2013-02-19,340.0,100,17.8,0.0,19.2,0.166,23.99,61
-37.3203,142.3184,2013-02-19,321.2,40,16.1,0.0,19.2,0.166,23.99,61
-37.3218,142.3061,2013-02-19,354.3,100,16.4,0.0,19.2,0.166,23.99,61
-37.3249,142.2816,2013-02-19,361.4,100,16.9,0.0,19.2,0.166,23.99,61
-37.3265,142.269,2013-02-19,333.9,63,17.5,0.0,19.2,0.166,23.99,61
-37.3281,142.2562,2013-02-19,333.9,58,18.7,0.0,18.7,0.188,24.38,62
-37.3094,142.3289,2013-02-19,316.0,92,15.9,0.0,19.2,0.166,23.99,61
-37.3109,142.3165,2013-02-19,356.4,100,16.3,0.0,19.2,0.166,23.99,61
-37.3125,142.3043,2013-02-19,355.7,100,15.9,0.0,19.2,0.166,23.99,61
-37.3016,142.3144,2013-02-19,332.7,100,17.0,0.0,19.2,0.166,23.99,61
-37.3031,142.3021,2013-02-19,348.9,100,17.3,0.0,19.2,0.166,23.99,61
-37.3047,142.2897,2013-02-19,342.6,100,16.9,0.0,19.2,0.166,23.99,61
-37.2923,142.3123,2013-02-19,338.9,100,17.5,0.0,19.2,0.166,23.99,61
-37.2939,142.2997,2013-02-19,376.0,100,18.2,0.0,19.2,0.188,23.99,62
-37.2954,142.2874,2013-02-19,418.1,100,18.2,0.0,19.2,0.188,23.99,62
-37.2829,142.3104,2013-02-19,309.8,78,17.3,0.0,19.2,0.166,23.99,61
-37.2861,142.2853,2013-02-19,409.0,100,18.7,0.0,18.7,0.188,24.38,62
-37.2737,142.3079,2013-02-19,305.2,25,18.5,0.0,18.7,0.188,24.38,62
-37.2752,142.2956,2013-02-19,386.3,100,18.9,0.0,18.7,0.188,24.38,62
-37.2767,142.2833,2013-02-19,399.3,100,18.4,0.0,18.7,0.188,24.38,62
-37.2783,142.2709,2013-02-19,316.3,45,19.3,0.0,18.7,0.188,24.38,62
-37.2845,142.2979,2013-02-19,355.9,100,17.6,0.0,19.2,0.166,23.99,61
-37.0516,146.7194,2013-02-19,300.7,32,20.9,1.4,11.2,0.207,21.56,57
-37.034,146.7667,2013-02-19,304.6,32,21.7,0.3,9.4,0.201,23.55,55
-37.0361,146.7539,2013-02-19,309.7,75,19.7,1.4,11.2,0.221,21.56,62
-37.0382,146.7414,2013-02-19,322.2,99,20.5,1.4,11.2,0.207,21.56,58
-37.0402,146.7289,2013-02-19,311.0,35,19.0,2.1,10.2,0.216,21.72,61
-36.9896,146.9751,2013-02-19,308.3,74,19.5,2.6,9.5,0.23,23.79,63
-37.0334,146.4415,2013-02-19,327.2,100,18.5,2.9,12.0,0.208,19.4,58
-37.024,146.4398,2013-02-19,301.2,9,20.3,2.0,11.2,0.224,20.06,56
-37.0259,146.4277,2013-02-19,316.4,93,19.6,2.9,12.0,0.209,19.4,57
-37.0279,146.4155,2013-02-19,323.9,100,20.3,2.0,11.2,0.224,20.06,56
-37.0299,146.4031,2013-02-19,306.2,48,19.1,2.9,12.0,0.208,19.4,58
-37.0186,146.413,2013-02-19,305.9,31,18.9,2.9,12.0,0.208,19.4,58
-37.3761,142.2971,2013-02-19,302.8,44,18.2,0.0,19.2,0.16,23.99,62
-37.3837,142.2363,2013-02-19,309.2,58,18.0,0.0,19.2,0.188,23.99,61
-37.3607,142.3438,2013-02-19,334.2,100,18.8,0.0,18.7,0.16,24.38,62
-37.3652,142.3073,2013-02-19,335.1,100,18.5,0.0,18.7,0.16,24.38,62
-37.3668,142.2952,2013-02-19,340.1,100,18.4,0.0,18.7,0.16,24.38,62
-37.3758,142.2221,2013-02-19,314.6,13,17.9,0.0,19.2,0.188,23.99,61
-37.3774,142.2092,2013-02-19,318.9,35,18.6,0.0,18.6,0.165,23.1,62
-37.3548,142.3488,2013-02-19,336.4,100,18.7,0.0,18.7,0.16,24.38,62
-37.3564,142.3365,2013-02-19,335.9,100,18.9,0.0,18.7,0.16,24.38,62
-37.361,142.3001,2013-02-19,337.9,100,18.5,0.0,18.7,0.16,24.38,62
-37.3625,142.2881,2013-02-19,316.4,17,18.1,0.0,18.7,0.16,24.38,62
-37.3701,142.2277,2013-02-19,306.2,46,16.7,0.0,19.2,0.188,23.99,61
-37.3718,142.2149,2013-02-19,316.7,94,17.5,0.0,19.2,0.188,23.99,61
-37.3455,142.3468,2013-02-19,336.3,100,19.1,0.0,18.7,0.188,24.38,62
-37.347,142.3346,2013-02-19,314.5,12,19.2,0.0,18.7,0.188,24.38,62
-37.3516,142.2985,2013-02-19,337.9,100,17.9,0.0,19.2,0.16,23.99,62
-37.3531,142.2866,2013-02-19,331.4,92,17.6,0.0,19.2,0.166,23.99,61
-37.3361,142.3449,2013-02-19,328.2,100,19.4,0.0,18.7,0.188,24.38,62
-37.3421,142.2973,2013-02-19,322.0,100,17.1,0.0,19.2,0.166,23.99,61
-37.2693,142.3011,2013-02-19,344.5,100,19.1,0.0,18.7,0.188,24.38,62
-37.2709,142.2888,2013-02-19,402.0,100,19.0,0.0,18.7,0.188,24.38,62
-37.2725,142.2765,2013-02-19,405.4,100,18.9,0.0,18.7,0.188,24.38,62
-37.274,142.2642,2013-02-19,321.3,100,19.9,0.0,18.7,0.133,24.38,59
-37.2615,142.2871,2013-02-19,377.8,100,18.4,0.0,19.2,0.188,23.99,62
-37.2631,142.2746,2013-02-19,404.8,100,19.4,0.0,18.7,0.188,24.38,62
-37.2647,142.2623,2013-02-19,319.5,99,19.9,0.0,18.7,0.133,24.38,59
-34.4631,150.8789,2013-02-19,301.9,45,21.9,0.0,18.2,0.304,24.8,81
-37.0254,146.997,2013-02-19,306.6,69,19.7,2.1,10.2,0.213,21.72,59
-37.0663,146.7489,2013-02-19,314.3,38,21.3,0.8,9.2,0.207,23.72,58
-37.0683,146.7363,2013-02-19,325.6,100,19.8,1.4,11.2,0.216,21.56,61
-37.0589,146.734,2013-02-19,329.9,96,19.7,1.4,11.2,0.221,21.56,62
-37.0495,146.7317,2013-02-19,336.1,100,20.9,1.4,11.2,0.207,21.56,58
-32.9239,146.3289,2013-02-19,305.7,65,28.4,0.0,13.9,0.118,25.5,32
-32.9261,146.3161,2013-02-19,307.9,73,28.3,0.0,13.9,0.118,25.5,32
-37.0572,146.7457,2013-02-19,308.2,28,19.9,1.4,11.2,0.221,21.56,62
-37.0596,146.738,2013-02-19,309.4,51,21.0,1.4,11.2,0.207,21.56,58
-37.0638,146.758,2013-02-19,303.5,12,19.7,1.4,11.2,0.221,21.56,62
-37.282,142.2696,2013-02-19,312.9,54,19.8,0.0,18.7,0.133,24.38,59
-37.2519,142.2829,2013-02-19,319.2,98,19.4,0.0,18.7,0.188,24.38,62
-37.2668,142.2755,2013-02-19,352.0,100,19.8,0.0,18.7,0.133,24.38,59
-37.2773,142.3183,2013-02-19,342.9,100,17.7,0.0,19.2,0.166,23.99,61
-37.2927,142.3135,2013-02-19,337.0,100,17.5,0.0,19.2,0.166,23.99,61
-37.2615,142.2733,2013-02-19,349.1,100,19.8,0.0,18.7,0.133,24.38,59
-37.2721,142.3152,2013-02-19,349.1,100,18.3,0.0,19.2,0.188,23.99,62
-37.2767,142.2671,2013-02-19,320.2,75,19.8,0.0,18.7,0.133,24.38,59
-37.2877,142.3107,2013-02-19,339.1,100,17.9,0.0,19.2,0.166,23.99,61
-37.3029,142.3051,2013-02-19,330.1,86,17.4,0.0,19.2,0.166,23.99,61
-37.3503,142.3616,2013-02-19,318.4,32,18.7,0.0,18.7,0.16,24.38,62
-37.257,142.3074,2013-02-19,337.2,100,17.4,0.0,19.2,0.166,23.99,61
-37.2752,142.3073,2013-02-19,325.2,100,18.2,0.0,19.2,0.188,23.99,62
-37.2523,142.2516,2013-02-19,309.6,66,19.9,0.0,18.7,0.133,24.38,59
-37.2538,142.2995,2013-02-19,338.9,100,18.2,0.0,19.2,0.166,23.99,61
-37.2552,142.2601,2013-02-19,323.5,100,19.9,0.0,18.7,0.133,24.38,59
-37.272,142.3,2013-02-19,331.5,100,19.0,0.0,18.7,0.188,24.38,62
-37.2901,142.2973,2013-02-19,314.9,39,18.2,0.0,19.2,0.188,23.99,62
-37.3467,142.3536,2013-02-19,324.4,100,19.7,0.0,18.7,0.156,24.38,59
-37.2882,142.2947,2013-02-19,313.9,49,18.2,0.0,19.2,0.188,23.99,62
-37.3445,142.3504,2013-02-19,323.7,100,19.7,0.0,18.7,0.156,24.38,59
-28.859,148.7354,2013-02-20,326.5,64,27.3,0.0,24.2,0.081,27.21,47
-28.9345,148.4946,2013-02-20,332.2,75,27.4,0.0,23.4,0.067,26.99,46
-34.4667,150.8895,2013-02-20,317.1,0,21.4,2.6,18.7,0.306,22.76,88
-36.9905,146.9671,2013-02-20,312.3,59,20.7,0.0,10.0,0.208,23.28,68
-36.9921,146.9784,2013-02-20,314.2,64,20.4,0.0,9.9,0.208,22.77,68
-37.0211,146.4062,2013-02-20,316.7,67,18.2,0.4,15.9,0.21,20.3,67
-37.0227,146.4175,2013-02-20,334.3,86,19.7,0.3,16.2,0.219,22.24,62
-37.0243,146.4288,2013-02-20,334.5,86,19.6,0.4,15.9,0.219,20.3,62
-37.026,146.44,2013-02-20,328.6,82,18.8,0.4,15.9,0.208,20.3,65
-37.0696,146.7447,2013-02-20,331.3,71,19.9,0.2,13.8,0.207,21.81,66
-37.0333,146.4267,2013-02-20,312.0,23,19.7,0.3,16.2,0.219,22.24,62
-37.0366,146.4492,2013-02-20,354.0,97,18.0,0.4,15.9,0.21,20.3,67
-37.2547,142.2679,2013-02-20,312.0,23,18.5,0.0,16.8,0.132,27.86,53
-37.2573,142.2822,2013-02-20,328.6,47,18.3,0.0,16.8,0.186,27.86,56
-37.2646,142.2651,2013-02-20,369.6,100,18.6,0.0,16.8,0.132,27.86,53
-37.2671,142.2792,2013-02-20,337.6,50,18.4,0.0,16.8,0.132,27.86,53
-37.2697,142.2934,2013-02-20,337.0,59,17.6,0.0,16.8,0.186,27.86,56
-37.2722,142.3076,2013-02-20,324.0,62,17.7,0.0,16.8,0.186,27.86,56
-37.277,142.2766,2013-02-20,381.0,100,17.9,0.0,16.8,0.186,27.86,56
-37.2869,142.2738,2013-02-20,353.8,90,18.2,0.0,16.8,0.186,27.86,56
-37.2943,142.2568,2013-02-20,337.8,76,18.5,0.0,16.8,0.132,27.86,53
-37.3068,142.2688,2013-02-20,345.9,89,17.5,0.0,16.8,0.186,27.86,56
-37.3094,142.2834,2013-02-20,337.1,41,17.2,0.0,17.2,0.164,27.91,56
-37.3079,142.2774,2013-02-20,346.0,86,17.2,0.0,17.2,0.186,27.91,55
-37.3523,142.3511,2013-02-20,327.6,76,17.8,0.0,16.8,0.157,27.86,56
-37.355,142.251,2013-02-20,326.9,69,16.1,0.0,17.2,0.164,27.91,56
-37.3646,142.3045,2013-02-20,321.4,70,17.8,0.0,16.8,0.158,27.86,56
-37.3649,142.2486,2013-02-20,348.7,95,15.2,0.0,17.2,0.186,27.91,55
-37.372,142.2881,2013-02-20,328.7,82,17.6,0.0,16.8,0.158,27.86,56
-37.3745,142.3018,2013-02-20,346.2,93,17.5,0.0,16.8,0.158,27.86,56
-37.3316,142.3068,2013-02-20,361.3,100,15.2,0.0,17.2,0.164,27.91,55
-37.1044,147.0255,2013-02-20,336.3,85,15.8,5.7,11.3,0.281,20.31,80
-37.102,147.0346,2013-02-20,320.2,34,15.8,5.7,11.3,0.281,20.31,80
-37.1049,147.0198,2013-02-20,327.8,79,16.6,0.0,12.8,0.258,21.09,78
-37.0937,147.017,2013-02-20,314.1,50,17.3,0.0,9.9,0.259,22.77,80
-37.0312,146.4282,2013-02-20,340.9,85,18.3,0.4,15.9,0.21,20.3,67
-37.0343,146.4114,2013-02-20,329.8,65,17.7,0.4,15.9,0.21,20.3,67
-37.0236,146.4086,2013-02-20,324.6,70,18.0,0.4,15.9,0.21,20.3,67
-37.3909,142.2808,2013-02-20,327.8,56,17.5,0.0,17.2,0.158,27.91,56
-37.3643,142.3392,2013-02-20,325.8,31,18.1,0.0,16.8,0.158,27.86,56
-37.3713,142.2932,2013-02-20,326.3,43,17.5,0.0,16.8,0.158,27.86,56
-37.3535,142.3485,2013-02-20,328.8,41,18.0,0.0,16.8,0.158,27.86,56
-37.3692,142.2447,2013-02-20,331.4,62,14.8,0.0,17.2,0.186,27.91,55
-37.3744,142.2109,2013-02-20,327.5,31,17.4,0.0,16.8,0.163,27.86,55
-37.3567,142.2654,2013-02-20,355.3,97,15.4,0.0,17.2,0.164,27.91,55
-37.3585,142.254,2013-02-20,357.1,98,15.7,0.0,17.2,0.164,27.91,55
-37.3602,142.2426,2013-02-20,354.7,97,15.6,0.0,17.2,0.186,27.91,55
-37.3636,142.2199,2013-02-20,325.8,45,16.5,0.0,17.2,0.186,27.91,55
-37.3477,142.2632,2013-02-20,375.1,100,15.8,0.0,17.2,0.164,27.91,55
-37.3494,142.2519,2013-02-20,365.9,100,16.0,0.0,17.2,0.164,27.91,56
-37.3245,142.3533,2013-02-20,326.8,62,18.4,0.0,16.8,0.154,27.86,54
-37.3263,142.3418,2013-02-20,349.1,94,17.8,0.0,16.8,0.186,27.86,56
-37.3281,142.3302,2013-02-20,326.0,40,17.5,0.0,17.2,0.164,27.91,56
-37.3334,142.2953,2013-02-20,398.2,100,15.4,0.0,17.2,0.164,27.91,55
-37.3352,142.2838,2013-02-20,350.7,88,14.8,0.0,17.2,0.164,27.91,55
-37.3369,142.2724,2013-02-20,350.0,94,15.5,0.0,17.2,0.164,27.91,55
-37.3386,142.2611,2013-02-20,358.7,99,16.1,0.0,17.2,0.164,27.91,56
-37.3137,142.3626,2013-02-20,380.5,100,18.5,0.0,16.8,0.154,27.86,54
-37.3155,142.351,2013-02-20,396.6,100,18.0,0.0,16.8,0.164,27.86,56
-37.3173,142.3393,2013-02-20,431.1,100,16.8,0.0,17.2,0.164,27.91,56
-37.3191,142.3276,2013-02-20,370.7,100,16.1,0.0,17.2,0.164,27.91,56
-37.3208,142.316,2013-02-20,381.9,100,15.1,0.0,17.2,0.164,27.91,55
-37.3226,142.3046,2013-02-20,417.5,100,15.6,0.0,17.2,0.164,27.91,55
-37.3243,142.2932,2013-02-20,397.1,100,16.0,0.0,17.2,0.164,27.91,55
-37.3261,142.2817,2013-02-20,366.3,100,15.7,0.0,17.2,0.164,27.91,55
-37.3278,142.2704,2013-02-20,333.1,70,16.3,0.0,17.2,0.164,27.91,56
-37.3312,142.2479,2013-02-20,351.8,95,17.7,0.0,16.8,0.126,27.86,55
-37.2657,142.2621,2013-02-20,353.5,96,18.6,0.0,16.8,0.132,27.86,53
-37.264,142.2736,2013-02-20,345.2,91,18.4,0.0,16.8,0.186,27.86,56
-37.2622,142.2849,2013-02-20,327.9,42,17.6,0.0,16.8,0.186,27.86,56
-37.2748,142.2643,2013-02-20,342.9,82,18.6,0.0,16.8,0.132,27.86,53
-37.273,142.2757,2013-02-20,337.5,54,18.1,0.0,16.8,0.186,27.86,56
-37.2898,142.2735,2013-02-20,330.8,54,18.0,0.0,16.8,0.186,27.86,56
-37.3023,142.2529,2013-02-20,327.8,50,18.5,0.0,16.8,0.132,27.86,53
-37.2936,142.3096,2013-02-20,333.9,45,16.4,0.0,17.2,0.164,27.91,56
-37.3097,142.2663,2013-02-20,332.9,46,17.3,0.0,17.2,0.186,27.91,56
-37.3079,142.2777,2013-02-20,332.9,70,17.1,0.0,17.2,0.186,27.91,55
-37.301,142.323,2013-02-20,328.2,53,15.4,0.0,17.2,0.164,27.91,55
-37.2992,142.3343,2013-02-20,440.1,100,14.6,0.0,17.2,0.164,27.91,55
-37.2974,142.3461,2013-02-20,484.3,100,16.1,0.0,17.2,0.164,27.91,56
-37.2956,142.358,2013-02-20,359.9,99,17.8,0.0,16.8,0.164,27.86,56
-37.3239,142.2345,2013-02-20,377.3,100,18.3,0.0,16.8,0.126,27.86,55
-37.3222,142.2459,2013-02-20,404.6,100,18.2,0.0,16.8,0.126,27.86,55
-37.3187,142.2684,2013-02-20,336.4,67,16.9,0.0,17.2,0.164,27.91,56
-37.317,142.2797,2013-02-20,334.8,83,16.3,0.0,17.2,0.164,27.91,56
-37.3153,142.2911,2013-02-20,329.7,53,16.6,0.0,17.2,0.164,27.91,56
-37.3135,142.3024,2013-02-20,386.5,100,15.2,0.0,17.2,0.164,27.91,55
-37.3118,142.3138,2013-02-20,334.1,70,15.6,0.0,17.2,0.164,27.91,55
-37.31,142.3252,2013-02-20,348.3,93,15.0,0.0,17.2,0.164,27.91,55
-37.3083,142.3367,2013-02-20,414.7,100,14.6,0.0,17.2,0.164,27.91,55
-37.3065,142.3486,2013-02-20,459.9,100,17.3,0.0,17.2,0.164,27.91,56
-37.3046,142.3603,2013-02-20,410.1,100,18.3,0.0,16.8,0.164,27.86,56
-28.4021,149.3718,2013-02-20,341.5,87,26.0,0.0,20.9,0.193,27.03,53
-29.3637,145.5834,2013-02-20,344.1,88,29.7,0.0,24.1,0.11,27.02,30
-29.3517,145.5803,2013-02-20,338.4,77,29.7,0.0,24.1,0.11,27.02,30
-28.3945,149.3776,2013-02-20,335.0,80,25.9,0.0,20.6,0.193,26.22,53
-28.4028,149.3417,2013-02-20,329.2,70,26.1,0.0,20.9,0.184,27.03,52
-28.4102,149.3358,2013-02-20,325.1,56,26.1,0.0,20.9,0.184,27.03,52
-37.0335,146.4352,2013-02-20,304.0,58,17.7,0.4,15.9,0.21,20.3,67
-29.348,145.5742,2013-02-20,306.3,66,29.6,0.0,24.1,0.173,27.02,30
-29.341,145.5668,2013-02-20,306.3,66,29.6,0.0,24.1,0.173,27.02,30
-37.2767,142.1645,2013-02-20,373.2,100,18.6,0.0,19.3,0.126,28.04,55
-37.265,142.2366,2013-02-20,353.7,100,18.4,0.0,16.8,0.126,27.86,55
-37.2706,142.211,2013-02-20,342.7,100,18.5,0.0,19.3,0.126,28.04,55
-37.2762,142.1853,2013-02-20,403.0,100,18.5,0.0,19.3,0.126,28.04,55
-37.2818,142.1597,2013-02-20,351.4,100,18.5,0.0,19.3,0.126,28.04,55
-37.2464,142.2573,2013-02-20,315.2,88,18.7,0.0,16.8,0.154,27.86,54
-37.2519,142.232,2013-02-20,343.5,100,18.4,0.0,16.8,0.126,27.86,55
-37.2576,142.2063,2013-02-20,332.2,100,18.5,0.0,19.3,0.126,28.04,55
-37.2671,142.2911,2013-02-20,315.7,83,17.3,0.0,17.2,0.186,27.91,56
-37.2619,142.3149,2013-02-20,309.5,58,16.8,0.0,17.2,0.164,27.91,56
-37.3022,142.1944,2013-02-20,327.4,87,18.5,0.0,19.3,0.126,28.04,55
-37.2966,142.2202,2013-02-20,338.5,100,18.5,0.0,18.0,0.126,27.96,55
-37.291,142.2458,2013-02-20,346.8,99,18.4,0.0,16.8,0.126,27.86,55
-37.2695,142.3447,2013-02-20,317.8,37,15.5,0.0,17.2,0.164,27.91,55
-37.2593,142.2622,2013-02-20,357.4,100,18.6,0.0,16.8,0.132,27.86,53
-37.271,142.1901,2013-02-20,378.7,100,18.5,0.0,19.3,0.126,28.04,55
-37.2652,142.2157,2013-02-20,333.9,100,18.5,0.0,18.0,0.126,27.96,55
-37.2594,142.2413,2013-02-20,374.4,100,18.4,0.0,16.8,0.126,27.86,55
-37.2537,142.2667,2013-02-20,350.0,100,18.5,0.0,16.8,0.132,27.86,53
-37.284,142.1947,2013-02-20,404.9,100,18.5,0.0,19.3,0.126,28.04,55
-37.2782,142.2203,2013-02-20,359.5,100,18.4,0.0,16.8,0.126,27.86,55
-37.2725,142.2458,2013-02-20,355.0,100,18.4,0.0,16.8,0.126,27.86,55
-37.2668,142.2711,2013-02-20,322.4,49,18.5,0.0,16.8,0.132,27.86,53
-37.297,142.1992,2013-02-20,341.6,100,18.5,0.0,18.0,0.126,27.96,55
-37.2912,142.2248,2013-02-20,339.8,100,18.5,0.0,18.0,0.126,27.96,55
-37.2855,142.2504,2013-02-20,351.0,100,18.6,0.0,16.8,0.132,27.86,53
-37.31,142.2038,2013-02-20,325.0,90,18.4,0.0,16.8,0.126,27.86,55
-37.3043,142.2294,2013-02-20,345.7,100,18.5,0.0,18.0,0.126,27.96,55
-37.2986,142.2548,2013-02-20,338.7,100,18.5,0.0,16.8,0.132,27.86,53
-37.2761,142.3553,2013-02-20,316.2,93,17.3,0.0,17.2,0.164,27.91,56
-37.3173,142.2339,2013-02-20,332.2,75,18.4,0.0,16.8,0.126,27.86,55
-37.3119,142.2581,2013-02-20,326.7,73,17.9,0.0,16.8,0.186,27.86,56
-37.344,142.2399,2013-02-20,309.5,30,17.5,0.0,16.8,0.126,27.86,55
-37.3628,142.2183,2013-02-20,306.3,41,16.6,0.0,17.2,0.186,27.91,55
-37.2724,142.2667,2013-02-20,337.3,100,18.5,0.0,16.8,0.132,27.86,53
-37.278,142.2413,2013-02-20,351.4,100,18.4,0.0,16.8,0.126,27.86,55
-37.2836,142.2156,2013-02-20,368.2,100,18.5,0.0,18.0,0.126,27.96,55
-37.2892,142.1899,2013-02-20,373.6,100,18.5,0.0,19.3,0.126,28.04,55
-37.254,142.2865,2013-02-20,311.9,43,18.1,0.0,16.8,0.186,27.86,56
-29.5681,147.4158,2013-02-20,315.9,92,28.8,0.0,25.7,0.125,28.21,36
-29.5696,147.4274,2013-02-20,322.4,100,28.8,0.0,25.7,0.125,28.21,36
-29.5776,147.4143,2013-02-20,308.8,76,28.8,0.0,25.7,0.125,28.21,36
-29.5792,147.4258,2013-02-20,316.0,92,28.8,0.0,25.7,0.125,28.21,36
-29.3348,145.5809,2013-02-20,310.2,37,29.6,0.0,24.1,0.173,27.02,30
-29.3363,145.5912,2013-02-20,317.9,96,29.6,0.0,24.1,0.173,27.02,30
-29.3453,145.5895,2013-02-20,314.2,89,29.6,0.0,24.1,0.173,27.02,30
-37.2637,142.3647,2013-02-20,439.2,100,18.2,0.0,16.8,0.154,27.86,54
-37.0283,146.4552,2013-02-20,301.0,37,18.8,0.4,15.9,0.208,20.3,65
-37.253,142.3555,2013-02-20,364.1,100,18.0,0.0,16.8,0.164,27.86,56
-37.2547,142.3668,2013-02-20,371.9,100,18.6,0.0,16.8,0.154,27.86,54
-37.2499,142.2741,2013-02-20,337.0,100,18.3,0.0,16.8,0.154,27.86,54
-37.2517,142.2855,2013-02-20,318.0,63,18.1,0.0,16.8,0.186,27.86,56
-37.262,142.3535,2013-02-20,426.6,100,17.2,0.0,17.2,0.164,27.91,56
-37.2564,142.378,2013-02-20,312.0,54,18.8,0.0,17.2,0.154,27.91,54
-37.2482,142.2628,2013-02-20,311.8,48,18.6,0.0,16.8,0.154,27.86,54
-37.3189,142.2402,2013-02-20,320.3,30,18.3,0.0,16.8,0.126,27.86,55
-37.3224,142.2631,2013-02-20,324.4,37,17.2,0.0,17.2,0.186,27.91,55
-37.3331,142.2726,2013-02-20,307.5,9,16.0,0.0,17.2,0.164,27.91,56
-37.3171,142.2289,2013-02-20,334.7,100,18.4,0.0,16.8,0.126,27.86,55
-37.3154,142.2175,2013-02-20,315.2,55,18.5,0.0,18.0,0.126,27.96,55
-37.2485,142.2039,2013-02-20,316.3,93,18.7,0.0,19.3,0.132,28.04,53
-37.2503,142.2152,2013-02-20,313.6,87,18.4,0.0,16.8,0.126,27.86,55
-37.252,142.2266,2013-02-20,311.2,66,18.5,0.0,18.0,0.126,27.96,55
-37.2537,142.2379,2013-02-20,350.9,100,18.4,0.0,16.8,0.126,27.86,55
-37.2555,142.2493,2013-02-20,386.6,100,18.4,0.0,16.8,0.126,27.86,55
-37.2572,142.2606,2013-02-20,356.5,100,18.6,0.0,16.8,0.132,27.86,53
-37.2654,142.3759,2013-02-20,315.2,75,18.7,0.0,17.2,0.154,27.91,54
-37.259,142.2719,2013-02-20,343.9,100,18.5,0.0,16.8,0.132,27.86,53
-37.2624,142.2948,2013-02-20,336.3,100,16.9,0.0,17.2,0.164,27.91,56
-37.2642,142.3061,2013-02-20,406.4,100,17.3,0.0,17.2,0.186,27.91,56
-37.2659,142.3175,2013-02-20,333.2,100,17.1,0.0,17.2,0.164,27.91,56
-37.2676,142.3289,2013-02-20,320.3,100,15.9,0.0,17.2,0.164,27.91,55
-37.2711,142.3514,2013-02-20,318.6,97,16.9,0.0,17.2,0.195,27.91,57
-37.2728,142.3626,2013-02-20,342.5,100,18.3,0.0,16.8,0.164,27.86,56
-37.2593,142.2131,2013-02-20,315.9,63,18.4,0.0,16.8,0.126,27.86,55
-37.261,142.2244,2013-02-20,321.6,95,18.5,0.0,18.0,0.126,27.96,55
-37.2628,142.2358,2013-02-20,318.5,74,18.4,0.0,16.8,0.126,27.86,55
-37.2645,142.2471,2013-02-20,343.8,100,18.4,0.0,16.8,0.126,27.86,55
-37.2663,142.2585,2013-02-20,343.8,100,18.6,0.0,16.8,0.132,27.86,53
-37.268,142.2698,2013-02-20,334.8,100,18.6,0.0,16.8,0.132,27.86,53
-37.2732,142.3039,2013-02-20,321.3,32,17.8,0.0,16.8,0.186,27.86,56
-37.2749,142.3153,2013-02-20,312.2,25,17.3,0.0,17.2,0.164,27.91,56
-37.2766,142.3268,2013-02-20,367.4,100,16.4,0.0,17.2,0.164,27.91,56
-37.2784,142.3382,2013-02-20,323.5,100,15.0,0.0,17.2,0.164,27.91,55
-37.2835,142.3717,2013-02-20,311.8,60,18.4,0.0,16.8,0.154,27.86,54
-37.2631,142.1769,2013-02-20,322.0,100,18.6,0.0,19.3,0.126,28.04,55
-37.2649,142.1882,2013-02-20,318.3,97,18.5,0.0,19.3,0.126,28.04,55
-37.2701,142.2223,2013-02-20,341.2,100,18.5,0.0,18.0,0.126,27.96,55
-37.2718,142.2336,2013-02-20,338.5,100,18.5,0.0,18.0,0.126,27.96,55
-37.2735,142.245,2013-02-20,337.6,100,18.4,0.0,16.8,0.126,27.86,55
-37.2753,142.2563,2013-02-20,363.8,100,18.6,0.0,16.8,0.132,27.86,53
-37.277,142.2677,2013-02-20,344.1,100,18.5,0.0,16.8,0.132,27.86,53
-37.2839,142.3133,2013-02-20,317.9,86,16.0,0.0,17.2,0.164,27.91,56
-37.2857,142.3247,2013-02-20,301.9,7,16.0,0.0,17.2,0.164,27.91,55
-37.2722,142.1747,2013-02-20,343.3,100,18.5,0.0,19.3,0.126,28.04,55
-37.2739,142.1861,2013-02-20,394.5,100,18.5,0.0,19.3,0.126,28.04,55
-37.2756,142.1974,2013-02-20,390.5,100,18.5,0.0,19.3,0.126,28.04,55
-37.2774,142.2088,2013-02-20,347.3,100,18.5,0.0,19.3,0.126,28.04,55
-37.2826,142.2428,2013-02-20,325.4,56,18.4,0.0,16.8,0.126,27.86,55
-37.2843,142.2542,2013-02-20,358.3,100,18.6,0.0,16.8,0.132,27.86,53
-37.286,142.2655,2013-02-20,320.9,0,18.4,0.0,16.8,0.186,27.86,56
-37.2812,142.1726,2013-02-20,305.2,63,18.5,0.0,19.3,0.126,28.04,55
-37.2829,142.184,2013-02-20,315.6,49,18.5,0.0,19.3,0.126,28.04,55
-37.2864,142.2067,2013-02-20,330.1,69,18.5,0.0,19.3,0.126,28.04,55
-37.2881,142.218,2013-02-20,335.2,100,18.5,0.0,19.3,0.126,28.04,55
-37.2899,142.2294,2013-02-20,327.0,49,18.4,0.0,16.8,0.126,27.86,55
-37.2933,142.2521,2013-02-20,360.3,100,18.6,0.0,16.8,0.132,27.86,53
-37.2951,142.2634,2013-02-20,331.3,82,18.4,0.0,16.8,0.186,27.86,56
-37.2985,142.2863,2013-02-20,313.6,32,17.0,0.0,17.2,0.164,27.91,56
-37.3006,142.2386,2013-02-20,345.5,100,18.4,0.0,16.8,0.126,27.86,55
-37.3024,142.2499,2013-02-20,332.5,73,18.4,0.0,16.8,0.126,27.86,55
-37.3058,142.2728,2013-02-20,323.3,34,17.3,0.0,17.2,0.186,27.91,56
-37.3076,142.2842,2013-02-20,311.2,35,17.2,0.0,17.2,0.164,27.91,56
-37.3029,142.197,2013-02-20,309.6,78,18.5,0.0,19.3,0.126,28.04,55
-37.3046,142.2083,2013-02-20,321.4,100,18.5,0.0,19.3,0.126,28.04,55
-37.3063,142.2197,2013-02-20,316.8,47,18.5,0.0,18.0,0.126,27.96,55
-37.3081,142.231,2013-02-20,317.8,95,18.4,0.0,16.8,0.126,27.86,55
-37.3098,142.2424,2013-02-20,324.9,85,18.4,0.0,16.8,0.126,27.86,55
-37.3116,142.2538,2013-02-20,325.7,46,18.3,0.0,16.8,0.186,27.86,56
-37.3133,142.2653,2013-02-20,328.3,73,17.2,0.0,17.2,0.164,27.91,56
-37.3151,142.2767,2013-02-20,312.0,38,16.5,0.0,17.2,0.164,27.91,56
-37.3623,142.2185,2013-02-20,305.8,66,16.5,0.0,17.2,0.186,27.91,55
-29.7571,149.5726,2013-02-20,317.4,62,25.6,0.0,22.4,0.133,25.03,51
-29.7689,149.6195,2013-02-20,316.5,62,25.6,0.0,22.4,0.133,25.03,51
-29.7598,149.5797,2013-02-20,319.5,71,25.6,0.0,22.4,0.133,25.03,51
-37.2818,142.2113,2013-02-21,388.4,100,22.3,0.0,18.0,0.123,25.21,63
-37.3617,142.2337,2013-02-21,310.0,42,19.3,0.0,18.4,0.183,23.35,64
-37.2562,142.2429,2013-02-21,332.8,83,22.2,0.0,16.4,0.123,23.68,63
-37.2684,142.2413,2013-02-21,335.6,79,22.3,0.0,18.0,0.123,25.21,63
-37.2768,142.1969,2013-02-21,371.7,100,22.3,0.0,18.3,0.123,25.41,63
-37.2788,142.2183,2013-02-21,374.9,100,22.3,0.0,18.0,0.123,25.21,63
-37.2836,142.2328,2013-02-21,327.0,45,22.2,0.0,16.4,0.123,23.68,63
-37.2591,142.236,2013-02-21,336.3,76,22.3,0.0,18.0,0.123,25.21,63
-37.28,142.1898,2013-02-21,347.8,94,22.3,0.0,18.3,0.123,25.41,63
-37.2561,142.2261,2013-02-21,363.3,94,22.3,0.0,18.0,0.123,25.21,63
-34.4654,150.8772,2013-02-21,321.2,42,21.3,5.4,18.1,0.344,15.92,88
-37.2761,142.1753,2013-02-21,333.3,42,22.3,0.0,18.3,0.123,25.41,63
-37.2692,142.3371,2013-02-21,329.3,53,19.0,0.0,18.4,0.162,23.35,64
-37.2522,142.3422,2013-02-21,330.4,79,20.6,0.0,18.4,0.162,23.35,64
-37.2718,142.2896,2013-02-21,323.3,37,21.9,0.0,16.4,0.183,23.68,64
-37.2516,142.3349,2013-02-21,333.7,68,20.7,0.0,18.4,0.162,23.35,64
-29.3417,145.5889,2013-02-21,330.8,68,29.1,0.0,20.5,0.172,28.3,33
-29.3413,145.573,2013-02-21,331.4,71,29.1,0.0,20.5,0.172,28.3,33
-29.2119,148.8911,2013-02-21,334.1,69,26.4,0.0,23.2,0.202,23.72,43
-29.2871,149.1177,2013-02-21,349.8,93,25.9,0.0,23.2,0.198,23.72,45
-29.2855,149.1313,2013-02-21,383.2,100,25.9,0.0,22.4,0.198,22.31,45
-29.2839,149.1448,2013-02-21,336.8,80,25.9,0.0,22.4,0.198,22.31,45
-29.5757,147.4254,2013-02-21,338.9,82,27.9,0.0,24.1,0.124,27.82,38
-37.2844,142.2385,2013-02-21,323.3,48,22.2,0.0,16.4,0.123,23.68,63
-37.2118,142.286,2013-02-21,334.7,100,19.4,0.0,18.4,0.162,23.35,64
-37.0791,147.0453,2013-02-21,306.4,62,16.5,11.6,6.8,0.296,18.93,85
-37.0807,147.0339,2013-02-21,305.7,53,17.4,9.5,8.1,0.296,20.13,86
-37.0404,146.9902,2013-02-21,329.2,91,17.3,9.5,8.1,0.272,20.13,83
-37.0329,146.9768,2013-02-21,347.1,100,18.1,4.9,7.6,0.251,20.56,82
-37.3654,142.2115,2013-02-21,317.1,94,20.9,0.0,18.4,0.183,23.35,64
-37.3672,142.193,2013-02-21,304.8,62,22.1,0.0,16.4,0.162,23.68,64
-37.3526,142.2275,2013-02-21,315.4,91,20.1,0.0,18.4,0.183,23.35,64
-37.3545,142.2087,2013-02-21,328.4,100,21.9,0.0,16.4,0.162,23.68,64
-37.3148,142.2733,2013-02-21,303.6,37,20.1,0.0,18.4,0.162,23.35,64
-37.3135,142.2662,2013-02-21,305.0,42,20.7,0.0,18.4,0.162,23.35,64
-37.2864,142.3144,2013-02-21,306.4,20,19.9,0.0,18.4,0.162,23.35,64
-37.2738,142.3298,2013-02-21,315.6,44,19.9,0.0,18.4,0.162,23.35,64
-37.2756,142.3117,2013-02-21,327.7,100,20.8,0.0,18.4,0.162,23.35,64
-37.2629,142.3278,2013-02-21,315.6,46,19.5,0.0,18.4,0.162,23.35,64
-37.2505,142.3421,2013-02-21,307.0,30,20.6,0.0,18.4,0.162,23.35,64
-37.2521,142.3254,2013-02-21,328.8,100,20.5,0.0,18.4,0.162,23.35,64
-37.2538,142.3088,2013-02-21,321.8,100,20.2,0.0,18.4,0.162,23.35,64
-37.2574,142.2728,2013-02-21,314.3,83,22.5,0.0,16.4,0.131,23.68,61
-37.2591,142.2558,2013-02-21,328.1,100,22.6,0.0,16.4,0.131,23.68,61
-37.2608,142.2388,2013-02-21,315.6,76,22.3,0.0,16.4,0.123,23.68,63
-37.2413,142.3234,2013-02-21,328.4,100,20.9,0.0,18.4,0.162,23.35,64
-37.243,142.3066,2013-02-21,333.6,100,21.1,0.0,18.4,0.162,23.35,64
-37.2447,142.2894,2013-02-21,329.9,100,21.0,0.0,18.4,0.162,23.35,64
-37.2464,142.2717,2013-02-21,345.6,100,21.5,0.0,16.4,0.153,23.68,62
-37.2482,142.2541,2013-02-21,368.4,100,22.9,0.0,16.4,0.12,23.68,59
-37.2498,142.2371,2013-02-21,346.1,100,22.6,0.0,18.0,0.131,25.21,61
-37.2288,142.3381,2013-02-21,320.6,59,21.2,0.0,18.4,0.162,23.35,64
-37.2304,142.3222,2013-02-21,330.9,95,20.3,0.0,18.4,0.162,23.35,64
-37.232,142.3052,2013-02-21,339.7,100,20.5,0.0,18.4,0.162,23.35,64
-37.2337,142.2881,2013-02-21,379.1,100,21.0,0.0,18.4,0.162,23.35,64
-37.2354,142.2708,2013-02-21,426.4,100,21.3,0.0,18.4,0.153,23.35,62
-37.2372,142.2526,2013-02-21,410.1,100,22.6,0.0,16.4,0.153,23.68,62
-37.2389,142.2354,2013-02-21,327.7,100,22.6,0.0,16.4,0.131,23.68,61
-37.2406,142.2184,2013-02-21,307.4,32,22.6,0.0,18.0,0.131,25.21,61
-37.2181,142.3352,2013-02-21,322.0,60,22.4,0.0,16.4,0.153,23.68,62
-37.2195,142.3203,2013-02-21,339.0,100,20.2,0.0,18.4,0.162,23.35,64
-37.2211,142.3044,2013-02-21,335.1,100,19.7,0.0,18.4,0.162,23.35,64
-37.2227,142.2874,2013-02-21,348.2,100,20.1,0.0,18.4,0.162,23.35,64
-37.2245,142.2692,2013-02-21,362.6,100,21.3,0.0,18.4,0.153,23.35,62
-37.2263,142.2508,2013-02-21,342.3,100,22.6,0.0,16.4,0.153,23.68,62
-37.2089,142.3164,2013-02-21,321.2,91,22.4,0.0,16.4,0.153,23.68,62
-37.2104,142.3011,2013-02-21,333.6,100,21.6,0.0,16.4,0.153,23.68,62
-37.2136,142.268,2013-02-21,339.9,100,20.2,0.0,18.4,0.162,23.35,64
-37.2154,142.2491,2013-02-21,323.5,100,22.5,0.0,16.4,0.131,23.68,61
-37.2161,142.3293,2013-02-21,326.4,100,22.1,0.0,16.4,0.153,23.68,62
-37.2176,142.3141,2013-02-21,333.6,100,20.4,0.0,18.4,0.162,23.35,64
-37.2193,142.2984,2013-02-21,333.6,100,19.5,0.0,18.4,0.162,23.35,64
-37.221,142.2812,2013-02-21,342.9,100,20.2,0.0,18.4,0.162,23.35,64
-37.223,142.2625,2013-02-21,340.9,100,21.5,0.0,16.4,0.153,23.68,62
-37.2248,142.2446,2013-02-21,314.8,43,22.5,0.0,16.4,0.131,23.68,61
-37.207,142.3103,2013-02-21,323.7,100,22.4,0.0,16.4,0.153,23.68,62
-37.2086,142.2951,2013-02-21,335.8,100,21.8,0.0,16.4,0.153,23.68,62
-37.2101,142.2798,2013-02-21,331.7,100,19.5,0.0,18.4,0.162,23.35,64
-37.2121,142.2609,2013-02-21,325.5,100,22.1,0.0,16.4,0.153,23.68,62
-37.1978,142.2922,2013-02-21,332.9,100,22.4,0.0,16.4,0.153,23.68,62
-37.1993,142.2771,2013-02-21,332.6,100,20.1,0.0,18.4,0.162,23.35,64
-37.187,142.2898,2013-02-21,317.8,69,22.9,0.0,18.0,0.12,25.21,59
-37.1886,142.2742,2013-02-21,336.1,100,21.8,0.0,16.4,0.153,23.68,62
-37.1903,142.2568,2013-02-21,303.6,37,22.5,0.0,16.4,0.153,23.68,62
-37.1761,142.288,2013-02-21,312.5,74,22.9,0.0,18.0,0.12,25.21,59
-37.1778,142.2715,2013-02-21,353.0,100,22.6,0.0,16.4,0.153,23.68,62
-37.1795,142.2547,2013-02-21,316.3,93,22.9,0.0,16.4,0.12,23.68,59
-35.7868,147.5864,2013-02-21,311.4,82,21.8,3.2,8.0,0.162,22.41,63
-35.0942,148.2591,2013-02-21,368.5,100,22.1,0.4,22.0,0.136,23.96,59
-35.0959,148.2478,2013-02-21,348.6,100,21.9,0.6,22.8,0.136,23.77,59
-34.4606,150.8766,2013-02-21,304.1,56,21.3,5.4,18.1,0.344,15.92,88
-30.6789,148.0974,2013-02-21,304.5,55,26.7,0.0,25.2,0.233,26.44,43
-30.6808,148.0857,2013-02-21,303.7,43,26.7,0.0,25.2,0.233,26.44,43
-30.5708,148.1097,2013-02-21,309.2,77,26.8,0.0,25.1,0.243,26.45,43
-29.8076,148.8777,2013-02-21,309.3,77,26.0,0.0,25.7,0.103,23.94,45
-29.8091,148.8717,2013-02-21,309.6,78,26.0,0.0,27.2,0.103,25.68,45
-29.6299,149.1372,2013-02-21,307.5,72,25.7,0.0,24.2,0.196,22.36,46
-29.5818,147.43,2013-02-21,318.6,97,27.9,0.0,24.1,0.124,27.82,38
-29.5707,147.4392,2013-02-21,314.7,78,27.9,0.0,24.1,0.124,27.82,38
-29.5724,147.428,2013-02-21,313.9,88,27.9,0.0,24.1,0.124,27.82,38
-29.3353,145.5837,2013-02-21,312.8,86,29.1,0.0,20.5,0.172,28.3,33
-35.0935,148.2822,2013-02-21,314.0,88,22.3,0.4,22.0,0.136,23.96,59
-35.0986,148.2753,2013-02-21,317.2,95,22.2,0.4,22.0,0.136,23.96,59
-35.0872,148.2539,2013-02-21,324.2,100,22.2,0.4,22.0,0.136,23.96,59
-35.0923,148.2475,2013-02-21,316.3,93,22.0,0.6,22.8,0.136,23.77,59
-37.2245,142.2621,2013-02-21,340.1,100,22.0,0.0,16.4,0.153,23.68,62
-37.2264,142.2928,2013-02-21,330.8,100,20.4,0.0,18.4,0.162,23.35,64
-37.2396,142.2619,2013-02-21,325.2,71,22.3,0.0,16.4,0.153,23.68,62
-37.2416,142.2934,2013-02-21,326.3,100,20.8,0.0,18.4,0.162,23.35,64
-37.209,142.288,2013-02-21,311.1,11,19.7,0.0,18.4,0.162,23.35,64
-37.2223,142.256,2013-02-21,335.6,100,22.4,0.0,16.4,0.153,23.68,62
-37.224,142.2857,2013-02-21,335.2,99,20.3,0.0,18.4,0.162,23.35,64
-37.2374,142.2552,2013-02-21,321.7,62,22.5,0.0,16.4,0.153,23.68,62
-37.2392,142.2866,2013-02-21,333.5,100,20.9,0.0,18.4,0.162,23.35,64
-37.2412,142.32,2013-02-21,313.5,27,21.0,0.0,18.4,0.162,23.35,64
-37.1645,142.2698,2013-02-21,305.4,39,23.0,0.0,18.0,0.12,25.21,59
-37.1665,142.303,2013-02-21,309.4,77,22.1,0.0,16.4,0.153,23.68,62
-37.2094,142.2627,2013-02-21,317.5,58,22.1,0.0,16.4,0.153,23.68,62
-37.2114,142.2948,2013-02-21,313.5,48,20.7,0.0,18.4,0.162,23.35,64
-28.9172,148.4715,2013-02-22,328.1,73,26.1,0.0,28.0,0.067,24.52,44
-29.5705,147.4425,2013-02-22,328.1,66,27.1,0.0,29.1,0.124,25.47,40
-29.5806,147.4402,2013-02-22,338.8,83,27.1,0.0,29.1,0.124,25.47,40
-31.9026,146.7137,2013-02-22,325.8,72,25.7,0.0,23.9,0.126,25.52,42
-31.9051,146.7273,2013-02-22,328.4,76,25.7,0.0,23.9,0.126,25.52,42
-31.9128,146.7112,2013-02-22,327.5,64,25.6,0.0,23.9,0.126,25.52,42
-31.9152,146.7248,2013-02-22,331.2,79,25.7,0.0,23.9,0.126,25.52,42
-31.7607,145.7471,2013-02-22,324.4,58,27.3,0.0,24.9,0.103,27.37,36
-31.7621,145.7399,2013-02-22,325.0,67,27.3,0.0,24.9,0.103,27.37,36
-37.0249,146.9885,2013-02-22,326.9,59,19.3,0.0,9.6,0.27,23.21,67
-37.0021,146.9685,2013-02-22,316.3,31,19.6,0.0,9.6,0.27,23.21,67
-37.0042,146.9812,2013-02-22,349.5,96,18.5,0.0,11.3,0.283,22.46,68
-37.0062,146.9929,2013-02-22,330.8,80,20.0,0.0,8.7,0.27,22.9,67
-37.0155,146.9907,2013-02-22,334.5,88,19.7,0.0,9.6,0.27,23.21,67
-37.0342,146.9864,2013-02-22,329.0,81,18.6,0.0,10.9,0.293,23.33,69
-37.0601,147.1431,2013-02-22,309.7,66,17.5,0.0,11.3,0.335,22.46,73
-37.0436,146.9845,2013-02-22,314.0,37,18.2,0.0,11.3,0.283,22.46,68
-37.0814,147.0377,2013-02-22,304.3,28,17.8,0.0,11.3,0.322,22.46,71
-37.0835,147.0503,2013-02-22,304.5,34,15.8,0.1,12.8,0.333,22.62,72
-37.0115,146.4193,2013-02-22,320.6,68,18.8,0.0,13.2,0.262,21.57,67
-37.021,146.4168,2013-02-22,318.0,55,18.9,0.0,13.4,0.262,21.36,67
-37.0274,146.4544,2013-02-22,308.9,14,18.4,0.0,13.2,0.271,21.57,69
-37.3175,146.699,2013-02-22,336.7,90,14.8,0.0,11.3,0.314,22.46,73
-37.3196,146.7116,2013-02-22,315.3,74,14.4,0.0,11.3,0.314,22.46,73
-37.3191,146.7133,2013-02-22,319.7,64,14.3,0.0,11.3,0.314,22.46,73
-37.3211,146.7014,2013-02-22,347.8,94,14.7,0.0,11.3,0.314,22.46,73
-37.323,146.6898,2013-02-22,328.6,83,15.7,0.0,11.3,0.337,22.46,76
-37.3118,146.6991,2013-02-22,343.7,93,15.1,0.0,11.3,0.314,22.46,73
-37.3136,146.6879,2013-02-22,317.9,68,16.6,0.0,11.3,0.34,22.46,78
-37.0512,147.205,2013-02-22,320.2,75,15.1,0.1,12.8,0.339,22.62,71
-37.0618,147.1427,2013-02-22,318.6,69,17.4,0.0,11.3,0.335,22.46,73
-37.0811,147.0294,2013-02-22,337.5,82,18.1,0.0,11.3,0.313,22.46,71
-37.0582,147.0303,2013-02-22,322.6,32,17.4,0.0,11.3,0.322,22.46,71
-37.0149,146.9939,2013-02-22,336.5,59,19.6,0.0,9.6,0.27,23.21,67
-37.0076,146.9784,2013-02-22,342.8,90,17.7,0.0,11.3,0.308,22.46,70
-37.0001,146.9641,2013-02-22,340.7,73,20.2,0.0,8.7,0.27,22.9,67
-37.031,146.4509,2013-02-22,337.6,59,18.7,0.0,13.2,0.259,21.57,67
-37.0216,146.4489,2013-02-22,328.9,0,19.3,0.0,13.4,0.262,21.36,67
-33.2038,146.4793,2013-02-22,337.3,75,26.7,0.0,28.0,0.135,24.91,39
-33.1962,146.464,2013-02-22,346.7,78,26.7,0.0,28.0,0.135,24.91,39
-29.3728,145.6152,2013-02-22,341.5,87,28.3,0.0,20.0,0.11,27.32,34
-29.6013,147.4404,2013-02-22,337.8,69,27.1,0.0,29.1,0.124,25.47,40
-29.5873,147.4538,2013-02-22,341.7,87,26.9,0.0,29.1,0.077,25.47,40
-29.5903,147.4377,2013-02-22,351.9,94,27.1,0.0,29.1,0.124,25.47,40
-29.5763,147.451,2013-02-22,338.1,80,26.9,0.0,29.1,0.077,25.47,40
-29.5887,147.4486,2013-02-22,344.0,89,27.1,0.0,29.1,0.124,25.47,40
-29.5916,147.4325,2013-02-22,344.4,79,27.1,0.0,29.1,0.124,25.47,40
-29.5777,147.4458,2013-02-22,340.5,86,27.1,0.0,29.1,0.124,25.47,40
-28.8629,148.7374,2013-02-22,330.9,61,25.8,0.0,29.3,0.081,24.01,45
-37.3154,146.6933,2013-02-22,315.6,92,15.5,0.0,11.3,0.337,22.46,76
-37.3165,146.6986,2013-02-22,317.0,94,14.8,0.0,11.3,0.314,22.46,73
-37.248,142.2793,2013-02-22,318.9,98,24.8,0.0,15.0,0.152,23.26,52
-37.2295,142.2558,2013-02-22,305.5,42,24.9,0.0,15.0,0.152,23.26,52
-37.1939,142.2574,2013-02-22,303.6,51,25.0,0.0,15.0,0.152,23.26,53
-37.3547,142.2101,2013-02-22,321.7,100,24.4,0.0,15.0,0.163,23.26,56
-37.3579,142.1936,2013-02-22,316.4,93,24.6,0.0,15.0,0.163,23.26,56
-37.2884,142.3139,2013-02-22,312.6,60,22.6,0.0,14.7,0.161,23.38,54
-37.3092,142.2616,2013-02-22,301.0,31,24.0,0.0,15.0,0.182,23.26,55
-37.2857,142.3242,2013-02-22,311.2,27,22.0,0.0,14.7,0.161,23.38,54
-37.2604,142.3354,2013-02-22,309.6,11,22.1,0.0,14.7,0.161,23.38,54
-37.2589,142.2828,2013-02-22,308.3,16,24.5,0.0,15.0,0.182,23.26,55
-37.2635,142.3188,2013-02-22,321.1,72,22.6,0.0,14.7,0.161,23.38,54
-37.2449,142.2954,2013-02-22,312.5,18,22.8,0.0,14.7,0.161,23.38,54
-31.8216,145.8284,2013-02-22,301.1,38,27.0,0.0,24.9,0.105,27.37,37
-35.8499,147.0555,2013-02-22,301.3,39,22.6,0.0,14.5,0.133,23.97,48
-36.9999,146.9988,2013-02-22,308.4,74,19.4,0.0,9.6,0.27,23.21,67
-37.065,147.0127,2013-02-22,312.4,66,16.1,0.1,12.8,0.328,22.62,71
-37.0667,147.0245,2013-02-22,322.7,100,18.0,0.0,11.3,0.322,22.46,71
-37.0683,147.0359,2013-02-22,312.1,52,17.2,0.1,12.8,0.322,22.62,71
-37.0758,147.0225,2013-02-22,316.2,69,17.7,0.0,11.3,0.322,22.46,71
-37.0832,147.0089,2013-02-22,319.3,66,16.5,0.1,12.8,0.333,22.62,72
-37.009,146.4181,2013-02-22,320.0,100,18.3,0.0,13.2,0.271,21.57,69
-37.0106,146.4295,2013-02-22,307.3,64,20.2,0.0,12.2,0.248,21.8,65
-37.094,147.0189,2013-02-22,316.5,66,18.5,0.0,11.3,0.333,22.13,73
-37.0335,146.4593,2013-02-22,310.5,80,20.2,0.0,12.2,0.248,21.8,65
-37.2519,142.3229,2013-02-22,320.7,98,22.7,0.0,14.7,0.161,23.38,54
-37.308,146.7073,2013-02-22,321.8,100,14.7,0.0,11.3,0.314,22.46,73
-37.3096,146.7187,2013-02-22,302.2,18,14.5,0.0,11.3,0.314,22.46,73
-37.3155,146.6942,2013-02-22,314.7,67,15.6,0.0,11.3,0.314,22.46,73
-37.3171,146.7053,2013-02-22,331.7,100,14.8,0.0,11.3,0.314,22.46,73
-37.3187,146.7167,2013-02-22,307.0,59,14.2,0.0,11.3,0.314,22.46,73
-37.2469,142.295,2013-02-22,325.7,100,23.2,0.0,14.7,0.161,23.38,54
-37.2494,142.309,2013-02-22,313.3,7,22.8,0.0,14.7,0.161,23.38,54
-37.2544,142.3368,2013-02-22,312.0,58,22.6,0.0,14.7,0.161,23.38,54
-37.2644,142.3346,2013-02-22,308.4,74,21.6,0.0,14.7,0.161,23.38,54
-37.2815,142.3149,2013-02-22,314.3,53,22.6,0.0,14.7,0.161,23.38,54
-37.2841,142.3294,2013-02-22,323.4,100,21.4,0.0,14.7,0.161,23.38,54
-37.3572,142.2144,2013-02-22,305.9,66,24.1,0.0,15.0,0.163,23.26,56
-31.8371,145.82,2013-02-23,334.0,80,25.2,0.0,22.3,0.105,22.73,48
-31.8338,145.8334,2013-02-23,326.9,55,25.2,0.0,22.3,0.105,22.73,48
-36.022,144.4897,2013-02-23,327.4,74,26.6,0.0,19.3,0.148,23.7,38
-37.3119,146.705,2013-02-23,313.2,64,14.4,0.0,8.6,0.286,20.74,68
-37.3253,146.7038,2013-02-23,307.9,40,14.3,0.0,8.6,0.286,20.74,68
-37.3203,146.6993,2013-02-23,309.7,26,14.7,0.0,8.6,0.286,20.74,68
-37.1711,142.268,2013-02-23,328.9,48,25.9,0.0,15.7,0.12,26.9,40
-37.1986,142.2563,2013-02-23,327.7,63,25.3,0.0,15.7,0.15,26.9,43
-37.2307,142.2649,2013-02-23,332.3,75,24.2,0.0,15.6,0.15,26.9,42
-37.2441,142.2915,2013-02-23,336.5,85,23.5,0.0,15.6,0.16,26.9,44
-37.2558,142.3038,2013-02-23,324.4,41,22.6,0.0,15.6,0.16,26.9,44
-37.2575,142.3181,2013-02-23,319.8,46,23.2,0.0,15.6,0.16,26.9,44
-37.2692,142.3304,2013-02-23,325.6,31,22.3,0.0,15.6,0.16,26.9,44
-37.2698,142.2444,2013-02-23,339.5,88,25.3,0.0,15.7,0.122,26.9,44
-37.288,142.3127,2013-02-23,337.3,86,22.9,0.0,15.6,0.16,26.9,44
-37.2896,142.3262,2013-02-23,347.4,93,21.6,0.0,15.6,0.16,26.9,44
-37.2866,142.3214,2013-02-23,340.6,88,22.2,0.0,15.6,0.16,26.9,44
-37.2859,142.2211,2013-02-23,321.9,35,25.4,0.0,18.6,0.122,26.99,44
-37.2968,142.3194,2013-02-23,324.3,71,21.7,0.0,15.6,0.16,26.9,44
-37.311,142.2601,2013-02-23,318.7,27,24.4,0.0,15.7,0.182,26.9,44
-37.3569,142.2083,2013-02-23,324.6,59,25.0,0.0,15.7,0.168,26.9,44
-37.3643,142.2007,2013-02-23,323.6,37,25.1,0.0,15.7,0.168,26.9,44
-37.173,142.2433,2013-02-23,325.1,38,25.6,0.0,15.7,0.13,26.9,42
-37.274,142.3153,2013-02-23,353.8,96,23.7,0.0,15.6,0.16,26.9,44
-37.1953,142.3157,2013-02-23,333.2,56,25.9,0.0,18.6,0.12,26.99,40
-37.1941,142.2576,2013-02-23,443.1,100,25.2,0.0,15.7,0.15,26.9,43
-37.1997,142.2326,2013-02-23,331.4,77,25.6,0.0,15.7,0.13,26.9,42
-37.175,142.28,2013-02-23,327.5,51,25.9,0.0,18.6,0.12,26.99,40
-37.1808,142.2538,2013-02-23,345.0,91,25.8,0.0,15.7,0.12,26.9,40
-37.1673,142.2695,2013-02-23,328.8,60,25.9,0.0,18.6,0.12,26.99,40
-37.3009,142.3214,2013-02-23,337.2,84,21.7,0.0,15.6,0.16,26.9,44
-37.2684,142.34,2013-02-23,347.6,92,22.0,0.0,15.6,0.16,26.9,44
-37.2089,142.2665,2013-02-23,304.5,16,24.5,0.0,15.7,0.15,26.9,43
-37.3388,142.2115,2013-02-23,303.0,10,25.2,0.0,15.7,0.122,26.9,44
-37.3416,142.2335,2013-02-23,321.7,100,24.2,0.0,15.7,0.122,26.9,44
-37.3368,142.2398,2013-02-23,310.9,81,24.0,0.0,15.6,0.182,26.9,44
-37.1957,142.2635,2013-02-23,309.3,77,24.8,0.0,15.7,0.15,26.9,43
-37.35,142.244,2013-02-23,303.3,31,23.5,0.0,15.6,0.182,26.9,44
-31.4639,149.8928,2013-02-23,302.2,47,20.2,12.1,28.7,0.336,10.11,88
-37.0884,147.0116,2013-02-23,300.5,28,16.5,0.3,11.2,0.295,19.87,70
-37.3188,146.7197,2013-02-23,312.5,85,14.0,0.0,8.6,0.286,20.74,68
-37.3261,146.7164,2013-02-23,312.5,85,14.3,0.0,8.6,0.286,20.74,68
-37.1935,142.2737,2013-02-23,308.3,70,22.7,0.0,15.6,0.16,26.9,44
-37.2057,142.2712,2013-02-23,316.5,93,23.3,0.0,15.6,0.16,26.9,44
-37.2091,142.2665,2013-02-23,316.9,94,24.5,0.0,15.7,0.15,26.9,43
-37.3342,142.2435,2013-02-23,309.7,70,24.3,0.0,15.7,0.122,26.9,44
-36.9866,147.0133,2013-02-23,313.6,21,18.2,0.0,10.2,0.271,20.58,66
-37.0665,147.0034,2013-02-23,316.8,20,14.7,0.3,11.2,0.299,19.87,70
-37.0694,147.0179,2013-02-23,322.0,73,15.6,0.3,11.2,0.305,19.87,71
-37.0722,147.0325,2013-02-23,314.6,13,18.3,0.0,10.2,0.271,20.58,66
-37.101,147.0061,2013-02-23,314.2,39,17.7,0.0,8.6,0.286,20.74,69
-37.3241,146.7135,2013-02-23,320.8,65,14.1,0.0,8.6,0.286,20.74,68
-37.3312,146.6909,2013-02-23,322.1,61,15.2,0.0,8.6,0.286,20.74,68
-28.9287,141.4426,2013-02-24,338.3,54,30.5,0.0,11.6,0.024,28.23,23
-28.9154,141.4676,2013-02-24,347.0,87,30.4,0.0,11.6,0.071,28.23,24
-28.8935,141.4777,2013-02-24,343.0,42,30.4,0.0,11.6,0.071,28.23,24
-28.8818,141.4894,2013-02-24,347.2,54,30.4,0.0,11.6,0.071,28.23,24
-28.8833,141.4762,2013-02-24,347.9,62,30.4,0.0,11.6,0.071,28.23,24
-28.8701,141.501,2013-02-24,340.5,53,30.4,0.0,12.8,0.071,28.25,24
-28.8716,141.4878,2013-02-24,388.4,100,30.4,0.0,12.8,0.071,28.25,24
-28.8731,141.4746,2013-02-24,352.1,66,30.4,0.0,12.8,0.071,28.25,24
-28.8614,141.4863,2013-02-24,377.0,100,30.4,0.0,12.8,0.071,28.25,24
-28.8629,141.473,2013-02-24,378.4,100,30.4,0.0,12.8,0.071,28.25,24
-28.862,141.4931,2013-02-24,353.2,95,30.4,0.0,12.8,0.071,28.25,24
-28.8635,141.4799,2013-02-24,370.2,100,30.4,0.0,12.8,0.071,28.25,24
-28.8518,141.4915,2013-02-24,336.6,55,30.5,0.0,12.8,0.071,28.25,24
-28.8534,141.4783,2013-02-24,363.6,100,30.5,0.0,12.8,0.071,28.25,24
-28.855,141.4651,2013-02-24,339.7,53,30.5,0.0,12.8,0.071,28.25,24
-28.874,141.5065,2013-02-24,310.2,34,30.4,0.0,12.8,0.071,28.25,24
-28.8685,141.4989,2013-02-24,307.1,32,30.4,0.0,12.8,0.071,28.25,24
-30.1528,148.7497,2013-02-24,306.2,67,26.0,2.0,16.5,0.377,24.93,67
-37.0855,147.0002,2013-02-24,318.5,76,18.3,1.1,7.4,0.289,17.68,80
-37.091,147.0043,2013-02-24,301.6,43,18.2,8.2,6.1,0.289,16.84,80
-37.0484,147.0099,2013-02-24,311.1,68,17.5,8.2,6.1,0.304,16.84,82
-28.8767,141.5064,2013-02-25,341.7,84,32.5,0.0,16.9,0.07,23.41,24
-28.8861,141.5044,2013-02-25,340.9,83,32.5,0.0,16.9,0.07,23.41,24
-28.9353,141.4184,2013-02-25,329.5,39,32.6,0.0,16.9,0.024,23.41,24
-28.9371,141.4296,2013-02-25,331.4,50,32.6,0.0,16.9,0.024,23.41,24
-28.939,141.4409,2013-02-25,347.9,90,32.6,0.0,16.9,0.024,23.41,24
-31.8316,145.8254,2013-02-25,333.8,75,30.5,0.0,17.4,0.105,22.65,41
-36.9873,146.4263,2013-02-25,312.1,23,22.1,0.0,8.6,0.227,20.62,62
-37.0582,146.9957,2013-02-25,315.5,36,18.4,0.0,9.6,0.293,21.27,67
-37.0602,147.0149,2013-02-25,322.0,58,20.6,0.0,9.6,0.291,21.27,67
-37.062,147.0329,2013-02-25,325.3,58,20.3,0.0,9.6,0.291,21.27,67
-37.0595,147.0076,2013-02-25,327.1,79,19.7,0.0,9.6,0.31,21.27,68
-37.0614,147.0268,2013-02-25,319.6,63,20.8,0.0,8.4,0.291,21.19,67
-37.063,147.0438,2013-02-25,313.0,11,19.7,0.0,9.6,0.31,21.27,68
-37.1025,146.9849,2013-02-25,313.2,16,19.9,0.0,9.6,0.31,21.27,68
-37.1045,147.004,2013-02-25,320.8,64,21.9,0.0,8.4,0.251,21.61,65
-37.2807,142.2253,2013-02-25,328.0,76,23.5,0.0,16.6,0.117,21.63,61
-37.2823,142.2367,2013-02-25,324.3,39,23.5,0.2,13.7,0.117,21.23,61
-33.5191,146.2371,2013-02-25,335.5,70,29.3,0.0,13.2,0.168,22.6,46
-33.5258,146.2349,2013-02-25,335.4,71,29.3,0.0,13.2,0.168,22.6,46
-37.1143,146.9874,2013-02-25,305.6,37,20.5,0.0,9.6,0.291,21.27,67
-37.1023,146.9873,2013-02-25,315.5,90,20.3,0.0,9.6,0.291,21.27,67
-37.1006,147.0062,2013-02-25,312.2,70,21.3,0.0,8.4,0.325,21.19,69
-37.056,147.0132,2013-02-25,353.2,97,21.2,0.0,8.4,0.291,21.19,67
-37.0614,147.0374,2013-02-25,329.3,85,19.5,0.0,9.6,0.31,21.27,68
-37.1084,147.0119,2013-02-25,316.9,41,22.7,0.0,8.4,0.3,21.74,68
-33.4013,145.6301,2013-02-26,338.7,89,28.1,1.1,16.3,0.136,15.89,53
-30.6326,148.2002,2013-02-27,325.6,73,25.6,0.4,21.5,0.383,21.82,61
-30.6404,148.1873,2013-02-27,325.4,76,25.6,0.4,21.5,0.383,21.82,61
-30.6419,148.1985,2013-02-27,331.4,84,25.6,0.4,21.5,0.383,21.82,61
-37.2789,142.2328,2013-03-02,321.9,55,18.8,0.0,17.4,0.131,26.24,56
-37.4934,141.0348,2013-03-02,389.2,100,20.2,0.0,18.4,0.181,26.06,49
-37.4994,141.0081,2013-03-02,353.8,97,20.4,0.0,18.4,0.181,26.06,49
-37.488,141.0282,2013-03-02,380.3,100,20.2,0.0,18.4,0.181,26.06,49
-37.494,141.0014,2013-03-02,328.4,78,20.4,0.0,18.4,0.181,26.06,49
-33.2866,146.3098,2013-03-04,325.3,68,23.3,0.0,20.0,0.252,24.69,56
-33.2866,146.3014,2013-03-04,326.4,80,23.3,0.0,20.0,0.252,24.69,56
-31.0807,148.2163,2013-03-04,301.2,39,23.5,0.0,23.6,0.46,24.51,61
-31.0821,148.2049,2013-03-04,319.5,99,23.6,0.0,23.6,0.46,24.51,61
-31.0836,148.1934,2013-03-04,300.2,19,23.6,0.0,23.6,0.46,24.51,61
-28.1614,151.2579,2013-03-04,319.0,98,21.8,0.0,27.8,0.372,18.35,73
-37.1775,148.8492,2013-03-05,316.0,69,17.7,0.0,12.1,0.339,26.33,67
-37.1791,148.838,2013-03-05,404.2,100,17.4,0.0,12.1,0.339,26.33,67
-37.1807,148.8267,2013-03-05,334.6,87,17.6,0.0,12.1,0.339,26.33,67
-34.4636,150.8725,2013-03-05,318.0,67,21.6,0.0,17.6,0.376,19.89,69
-37.0562,148.9194,2013-03-05,319.7,53,18.4,0.0,12.1,0.308,26.33,67
-37.0578,148.9082,2013-03-05,317.4,54,18.4,0.0,12.1,0.308,26.33,67
-35.5543,146.3344,2013-03-05,334.4,79,23.0,0.0,23.5,0.216,25.91,51
-35.5559,146.3224,2013-03-05,336.4,81,23.0,0.0,23.5,0.216,25.91,51
-34.9963,147.4951,2013-03-05,336.2,82,21.7,0.0,22.3,0.248,26.14,59
-34.4615,150.8849,2013-03-05,317.9,0,21.5,0.0,17.6,0.376,19.89,69
-34.791,147.2518,2013-03-05,339.9,86,22.0,0.0,22.8,0.239,26.1,56
-34.7925,147.2406,2013-03-05,367.6,100,22.1,0.0,22.8,0.233,26.1,55
-34.3774,147.653,2013-03-05,330.4,74,21.9,0.0,19.5,0.227,26.09,56
-33.3803,146.408,2013-03-05,334.0,53,23.3,0.0,20.8,0.228,25.54,52
-32.8238,146.527,2013-03-05,340.5,88,23.0,0.0,19.9,0.232,24.51,56
-31.0385,148.6302,2013-03-05,325.8,70,23.4,0.0,24.9,0.394,25.98,56
-33.3956,148.089,2013-03-05,348.9,93,21.8,0.0,16.6,0.302,25.87,58
-30.4335,148.5547,2013-03-05,307.3,71,24.4,0.0,23.1,0.29,25.41,56
-28.3064,152.0979,2013-03-05,308.3,74,18.9,0.0,29.3,0.385,16.06,83
-30.4293,148.5701,2013-03-05,317.3,95,24.4,0.0,23.1,0.29,25.41,56
-34.4597,150.8817,2013-03-05,305.0,63,21.6,0.0,17.6,0.376,19.89,69
-28.8443,149.7889,2013-03-06,312.3,59,22.2,0.0,20.9,0.396,20.35,66
-28.9133,148.4712,2013-03-06,324.1,75,22.7,0.0,19.5,0.217,21.05,63
-35.5269,146.3377,2013-03-06,322.3,70,24.0,0.0,18.9,0.206,22.95,52
-28.9081,148.468,2013-03-06,309.2,59,22.7,0.0,19.5,0.217,21.05,63
-33.5933,148.5281,2013-03-06,338.1,86,21.4,0.0,14.8,0.281,25.39,63
-35.5882,146.2048,2013-03-06,326.0,71,24.2,0.0,18.9,0.196,22.95,51
-35.5113,146.2342,2013-03-06,324.5,68,24.1,0.0,18.9,0.2,22.95,51
-35.517,146.2085,2013-03-06,325.5,70,24.2,0.0,18.9,0.2,22.95,51
-35.5036,146.2239,2013-03-06,327.5,72,24.0,0.0,18.9,0.2,22.95,51
-34.7009,147.455,2013-03-06,328.7,75,22.2,0.0,19.0,0.222,24.99,57
-34.7083,147.4232,2013-03-06,337.0,84,22.2,0.0,19.0,0.222,24.99,56
-33.8807,148.7024,2013-03-06,324.0,67,20.5,0.0,12.1,0.288,25.52,66
-33.8919,148.7016,2013-03-06,322.3,64,20.4,0.0,12.1,0.288,25.52,66
-33.5825,148.5288,2013-03-06,330.2,78,21.4,0.0,14.8,0.281,25.39,63
-33.592,148.49,2013-03-06,324.5,69,21.4,0.0,14.8,0.281,25.39,63
-32.8417,147.1192,2013-03-06,322.3,60,23.1,0.0,17.3,0.261,23.85,58
-28.3123,152.0995,2013-03-06,306.1,67,19.0,0.0,23.8,0.371,17.64,80
-28.3137,152.0893,2013-03-06,300.7,32,18.9,0.0,23.8,0.371,17.64,80
-28.8157,148.9709,2013-03-06,313.6,66,22.5,0.0,21.8,0.251,19.75,64
-37.2272,148.8828,2013-03-07,332.8,0,18.8,0.0,12.0,0.322,21.86,73
-36.7638,149.0986,2013-03-07,325.6,74,19.3,0.0,11.0,0.378,21.45,73
-36.7542,149.0969,2013-03-07,335.4,87,19.0,0.0,11.0,0.378,21.45,73
-36.7557,149.084,2013-03-07,324.9,79,19.4,0.0,11.0,0.378,21.45,73
-35.3237,149.108,2013-03-07,328.3,81,19.0,0.0,9.0,0.283,24.65,71
-34.4657,150.8829,2013-03-07,320.1,51,22.0,0.0,21.8,0.345,25.53,74
-34.8556,147.5629,2013-03-07,341.9,88,23.0,0.0,11.2,0.222,24.46,59
-34.8572,147.5488,2013-03-07,333.3,79,23.4,0.0,11.2,0.218,24.46,57
-34.0357,148.2457,2013-03-07,329.4,74,22.5,0.0,8.1,0.259,25.01,62
-33.887,148.4667,2013-03-07,325.8,70,21.1,0.0,7.9,0.252,24.87,66
-33.3207,146.9024,2013-03-07,336.0,80,23.8,0.0,14.4,0.234,25.35,55
-33.0758,147.8899,2013-03-07,343.3,89,23.1,0.0,14.3,0.273,25.31,60
-33.0772,147.8773,2013-03-07,330.6,74,23.1,0.0,14.3,0.273,25.31,60
-33.0727,147.8956,2013-03-07,331.4,75,23.1,0.0,14.3,0.273,25.31,60
-33.0742,147.883,2013-03-07,339.0,85,23.1,0.0,14.3,0.273,25.31,60
-33.1422,146.7749,2013-03-07,339.3,83,23.8,0.0,14.8,0.304,25.29,55
-32.2498,147.2328,2013-03-07,331.4,68,24.3,0.0,13.1,0.164,25.16,52
-28.686,151.076,2013-03-07,320.1,64,21.1,0.0,12.6,0.307,20.52,69
-28.9131,148.4647,2013-03-07,327.8,43,23.1,0.0,15.4,0.188,23.3,62
-28.9145,148.4541,2013-03-07,328.6,38,23.1,0.0,15.4,0.188,23.3,62
-30.9613,148.0783,2013-03-07,302.0,46,23.3,0.0,15.0,0.333,22.23,61
-30.9644,148.0616,2013-03-07,310.5,80,23.3,0.0,15.0,0.333,22.23,61
-30.4282,148.5718,2013-03-07,305.4,64,23.5,0.0,12.8,0.252,20.4,59
-30.9594,148.0721,2013-03-07,302.3,48,23.3,0.0,15.0,0.333,22.23,61
-28.5088,149.2706,2013-03-08,317.5,65,22.8,0.0,19.5,0.334,17.38,66
-28.5103,149.281,2013-03-08,332.3,84,22.9,0.0,19.5,0.334,17.38,66
-28.8637,148.7318,2013-03-08,318.6,56,23.7,0.0,20.2,0.193,19.15,61
-33.4626,146.4693,2013-03-08,351.4,95,25.2,0.0,15.3,0.19,23.99,48
-36.2861,142.9324,2013-03-08,333.2,71,29.3,0.0,16.6,0.193,23.16,32
-37.1901,148.995,2013-03-08,316.7,63,19.4,0.0,15.0,0.313,24.31,71
-37.1952,148.9708,2013-03-08,349.4,95,18.4,0.0,13.9,0.313,24.49,71
-37.1777,148.991,2013-03-08,315.8,67,19.1,0.0,15.0,0.313,24.31,71
-37.1827,148.9675,2013-03-08,355.6,98,19.1,0.0,15.0,0.313,24.31,71
-36.7665,149.1,2013-03-08,314.2,65,18.5,0.0,12.8,0.365,24.46,76
-36.754,149.0953,2013-03-08,312.1,60,18.2,0.0,12.8,0.365,24.46,76
-35.4575,147.3765,2013-03-08,323.7,62,24.0,0.0,16.1,0.225,23.38,55
-35.4706,146.1252,2013-03-08,331.7,74,26.8,0.0,16.0,0.171,23.89,46
-35.0171,147.1925,2013-03-08,330.9,76,25.6,0.0,18.3,0.195,24.56,47
-35.174,146.3994,2013-03-08,335.5,80,26.3,0.0,15.5,0.201,24.09,47
-33.8435,148.5216,2013-03-08,327.0,34,22.0,0.0,15.2,0.242,25.66,58
-33.8442,148.5437,2013-03-08,324.4,52,22.1,0.0,15.2,0.242,25.66,58
-33.8496,148.5181,2013-03-08,323.7,40,21.9,0.0,15.2,0.242,25.66,58
-33.9437,147.7516,2013-03-08,329.9,75,23.7,0.0,11.6,0.22,25.27,52
-33.9483,147.7295,2013-03-08,328.4,73,23.6,0.0,11.6,0.219,25.27,52
-33.9434,147.7444,2013-03-08,327.1,39,23.6,0.0,11.6,0.219,25.27,52
-33.5778,148.7177,2013-03-08,322.0,61,22.4,0.0,16.8,0.254,25.69,56
-33.7661,147.7088,2013-03-08,347.6,92,23.7,0.0,11.5,0.228,25.18,53
-33.7615,147.7237,2013-03-08,335.1,82,23.7,0.0,11.5,0.228,25.18,53
-33.766,147.7016,2013-03-08,336.3,83,23.7,0.0,11.5,0.228,25.18,53
-33.5819,148.522,2013-03-08,321.8,57,22.6,0.0,16.8,0.248,25.69,55
-33.5666,148.3323,2013-03-08,326.4,68,22.8,0.0,15.2,0.249,25.47,55
-33.5718,148.3079,2013-03-08,323.6,59,22.8,0.0,15.2,0.249,25.47,55
-33.4467,146.933,2013-03-08,328.9,70,24.3,0.0,13.3,0.212,24.33,50
-33.4443,146.927,2013-03-08,331.0,78,24.4,0.0,13.3,0.212,24.33,50
-37.3607,149.9585,2013-03-09,375.3,100,22.0,0.0,23.7,0.275,21.76,80
-37.3278,149.9543,2013-03-09,323.5,0,20.7,0.0,23.7,0.288,21.76,82
-37.326,149.9473,2013-03-09,314.5,0,20.7,0.0,23.7,0.288,21.76,82
-37.1513,148.8485,2013-03-09,356.1,98,19.8,0.0,13.0,0.299,21.85,71
-35.5911,146.245,2013-03-09,327.1,54,26.6,0.0,17.8,0.163,22.74,43
-34.461,150.8789,2013-03-09,320.8,0,22.1,0.0,25.3,0.328,19.92,77
-34.5734,148.6677,2013-03-09,323.5,75,20.6,0.0,12.4,0.237,23.44,63
-34.029,148.5519,2013-03-09,334.6,83,22.8,0.0,15.7,0.234,22.28,60
-31.059,148.4073,2013-03-09,329.8,0,23.7,0.0,13.5,0.35,18.46,60
-31.0607,148.3913,2013-03-09,327.3,0,23.7,0.0,13.5,0.35,18.46,60
-37.3376,149.9669,2013-03-09,328.3,100,21.0,0.0,23.7,0.285,21.76,83
-37.3064,149.952,2013-03-09,304.0,58,20.9,0.0,23.7,0.288,21.76,82
-37.2393,148.9185,2013-03-09,307.1,70,18.8,0.0,13.0,0.304,21.85,72
-34.4621,150.8819,2013-03-09,305.7,65,21.9,0.0,25.3,0.328,19.92,77
-29.3973,148.8322,2013-03-09,301.9,45,24.0,0.0,15.0,0.304,18.6,61
-28.8196,148.9856,2013-03-10,324.6,74,24.0,0.0,15.9,0.154,22.3,56
-28.8215,148.997,2013-03-10,319.4,58,24.0,0.0,15.9,0.154,22.3,56
-30.3849,148.2189,2013-03-10,323.2,72,24.7,0.0,14.0,0.341,20.37,59
-30.3869,148.2309,2013-03-10,322.5,71,24.7,0.0,14.0,0.341,20.37,59
-34.4658,150.8906,2013-03-10,314.9,0,22.0,0.0,19.6,0.316,22.89,75
-30.3883,148.2285,2013-03-10,323.6,47,24.7,0.0,14.0,0.341,20.37,59
-31.4596,149.8956,2013-03-10,310.9,81,22.0,0.0,9.7,0.363,23.58,66
-31.4637,149.8892,2013-03-10,308.3,74,21.8,0.0,10.2,0.363,23.88,66
-31.4652,149.901,2013-03-10,303.0,52,22.0,0.0,9.7,0.363,23.58,66
-37.1242,149.2346,2013-03-10,330.8,83,20.7,0.0,10.5,0.297,18.9,74
-37.1211,149.229,2013-03-10,328.6,82,20.4,0.0,10.5,0.297,18.9,74
-33.8378,142.1473,2013-03-11,332.1,76,29.4,0.0,11.0,0.227,23.4,32
-33.8393,142.1599,2013-03-11,334.1,79,29.7,0.0,11.0,0.215,23.4,31
-37.1187,149.2222,2013-03-11,356.0,98,19.4,0.0,14.0,0.29,22.6,79
-37.1211,149.263,2013-03-11,333.0,86,19.6,0.0,14.0,0.295,22.6,80
-37.1126,149.2155,2013-03-11,339.2,90,19.1,0.2,13.3,0.29,22.4,79
-37.1147,149.256,2013-03-11,338.4,90,18.9,0.0,14.0,0.295,22.6,80
-37.1283,149.2145,2013-03-11,313.7,67,19.5,0.0,13.3,0.29,22.8,79
-37.1305,149.2548,2013-03-11,312.6,65,19.1,0.0,13.3,0.295,22.8,80
-34.4591,150.8773,2013-03-11,322.6,55,21.7,0.8,16.9,0.311,17.89,82
-37.1259,149.2485,2013-03-11,315.8,17,19.6,0.0,13.3,0.29,22.8,79
-37.1278,149.2205,2013-03-11,379.1,100,19.4,0.0,13.3,0.29,22.8,79
-37.112,149.2468,2013-03-11,311.7,30,20.1,0.0,14.0,0.29,22.6,79
-37.1139,149.2194,2013-03-11,323.4,80,19.2,0.0,14.0,0.29,22.6,79
-34.8671,147.7212,2013-03-11,322.7,71,24.9,0.0,16.9,0.183,23.52,55
-34.8679,147.7141,2013-03-11,322.0,68,24.8,0.0,16.9,0.183,23.52,55
-34.3087,148.0108,2013-03-11,323.5,72,24.4,0.0,13.7,0.182,24.27,55
-34.3102,148.0187,2013-03-11,325.8,76,24.4,0.0,13.7,0.182,24.27,55
-32.3923,152.2554,2013-03-11,332.0,75,21.4,1.3,12.4,0.288,17.56,82
-29.7954,150.73,2013-03-11,313.8,23,21.5,0.0,14.7,0.265,22.02,66
-28.8063,148.9632,2013-03-11,336.7,82,24.3,0.0,17.4,0.138,23.0,57
-28.8065,148.9702,2013-03-11,330.7,56,24.3,0.0,17.4,0.138,23.0,57
-35.5979,145.302,2013-03-11,325.9,65,28.4,0.0,9.7,0.131,21.84,39
-34.4633,150.8863,2013-03-11,313.9,88,21.6,0.8,16.9,0.311,17.89,82
-32.3979,152.2488,2013-03-11,306.7,69,21.1,1.3,12.4,0.284,17.56,82
-32.3335,146.7646,2013-03-11,304.2,59,25.6,0.0,12.9,0.146,23.97,48
-31.462,149.897,2013-03-11,303.4,55,21.4,0.0,14.8,0.351,24.72,66
-31.4636,149.8863,2013-03-11,319.0,98,21.2,0.0,13.0,0.351,24.16,66
-28.501,147.3476,2013-03-11,336.0,100,24.9,0.0,18.1,0.175,22.27,53
-28.5024,147.3373,2013-03-11,319.8,99,24.9,0.0,18.1,0.175,22.27,53
-28.898,148.4878,2013-03-11,319.9,66,24.8,0.0,17.0,0.109,22.75,54
-30.0709,149.3658,2013-03-11,318.7,35,24.1,0.0,15.1,0.279,23.35,57
-30.0816,149.3632,2013-03-11,318.4,42,24.1,0.0,15.1,0.279,23.35,57
-31.6482,148.3711,2013-03-11,322.3,73,24.0,0.0,17.7,0.232,24.35,54
-32.393,152.2403,2013-03-11,337.1,84,21.3,1.3,12.4,0.284,17.56,82
-32.3948,152.2512,2013-03-11,331.6,81,21.5,1.3,12.4,0.288,17.56,82
-35.5266,145.9099,2013-03-11,320.8,63,27.5,0.0,13.6,0.141,21.28,45
-37.1213,149.2121,2013-03-11,347.8,95,19.2,0.0,14.0,0.29,22.6,79
-37.1235,149.2248,2013-03-11,422.3,100,19.5,0.0,14.0,0.29,22.6,79
-37.1256,149.2375,2013-03-11,326.4,83,19.8,0.0,14.0,0.29,22.6,79
-37.1249,149.2177,2013-03-11,393.4,100,19.5,0.0,14.0,0.29,22.6,79
-37.1272,149.2305,2013-03-11,379.0,100,19.4,0.0,13.3,0.29,22.8,79
-36.7627,149.0589,2013-03-12,325.4,66,19.8,0.0,12.8,0.263,22.83,74
-36.7044,148.6816,2013-03-12,320.3,61,22.7,0.0,8.9,0.296,22.7,68
-36.538,149.6012,2013-03-12,322.9,36,19.3,0.0,14.3,0.328,23.25,81
-36.5267,149.6105,2013-03-12,332.5,45,18.6,0.0,13.0,0.312,22.98,82
-36.5098,149.5948,2013-03-12,337.2,88,20.1,0.0,14.7,0.307,23.31,82
-35.8351,149.9365,2013-03-12,344.5,69,20.9,0.0,16.6,0.305,23.62,78
-35.8189,149.9732,2013-03-12,335.6,72,21.5,0.0,18.8,0.305,23.43,79
-35.8212,149.9601,2013-03-12,337.2,43,20.7,0.0,16.6,0.305,23.62,79
-35.8234,149.9471,2013-03-12,333.5,24,21.0,0.0,16.6,0.305,23.62,78
-35.4708,147.019,2013-03-12,334.1,79,25.5,0.0,18.6,0.166,23.48,49
-35.1975,147.4355,2013-03-12,334.3,79,24.7,0.0,17.4,0.174,23.36,53
-35.1991,147.4245,2013-03-12,341.4,87,24.7,0.0,17.4,0.174,23.36,53
-35.2334,147.193,2013-03-12,328.4,66,25.1,0.0,18.4,0.174,23.47,50
-35.235,147.182,2013-03-12,353.8,96,25.1,0.0,18.4,0.174,23.47,50
-35.2366,147.171,2013-03-12,344.4,89,25.2,0.0,18.4,0.174,23.47,50
-34.8487,147.8548,2013-03-12,325.1,52,24.0,0.0,17.1,0.177,23.45,55
-34.5527,148.6822,2013-03-12,328.7,77,21.0,0.0,13.0,0.206,24.31,60
-34.5546,148.6705,2013-03-12,331.0,79,21.0,0.0,13.0,0.206,24.31,60
-34.5434,148.68,2013-03-12,334.1,83,21.0,0.0,13.0,0.21,24.31,59
-34.5453,148.6683,2013-03-12,338.0,86,21.1,0.0,13.0,0.21,24.31,59
-34.8274,145.9201,2013-03-12,327.1,57,27.3,0.0,17.9,0.133,23.55,43
-34.8289,145.9091,2013-03-12,325.4,19,27.3,0.0,17.9,0.133,23.55,43
-34.4167,147.9678,2013-03-12,332.5,78,23.8,0.0,16.5,0.168,23.67,52
-34.306,148.0299,2013-03-12,330.7,68,23.6,0.0,15.8,0.174,23.95,52
-34.2864,147.8513,2013-03-12,334.9,81,24.1,0.0,15.9,0.166,23.91,51
-34.2882,147.8402,2013-03-12,327.3,49,24.2,0.0,15.9,0.16,23.91,50
-37.1342,149.2261,2013-03-12,330.3,84,20.0,0.0,14.6,0.283,23.03,76
-37.1249,149.2238,2013-03-12,353.6,97,20.0,0.0,13.8,0.283,22.99,76
-37.1269,149.2119,2013-03-12,330.6,84,19.9,0.0,14.6,0.283,23.03,76
-36.7885,149.0776,2013-03-12,335.6,87,19.9,0.0,12.8,0.263,22.83,74
-36.7903,149.0658,2013-03-12,347.0,94,19.8,0.0,12.8,0.263,22.83,74
-36.783,149.0518,2013-03-12,321.8,67,20.3,0.0,12.8,0.263,22.83,75
-36.7738,149.0495,2013-03-12,325.2,55,20.0,0.0,12.8,0.307,22.83,72
-34.0191,142.4808,2013-03-12,338.3,81,30.7,0.0,21.2,0.125,24.12,28
-33.9353,147.7356,2013-03-12,362.8,100,24.2,0.0,16.2,0.178,24.11,51
-33.937,147.7245,2013-03-12,371.0,100,24.2,0.0,16.2,0.178,24.11,51
-33.6657,148.9552,2013-03-12,433.4,100,20.6,0.0,14.7,0.217,24.67,58
-33.6677,148.9433,2013-03-12,399.1,100,20.9,0.0,14.7,0.2,24.67,56
-33.6562,148.953,2013-03-12,343.4,91,20.7,0.0,14.7,0.217,24.67,58
-33.6582,148.941,2013-03-12,338.6,87,20.9,0.0,14.7,0.2,24.67,56
-33.8313,147.6425,2013-03-12,361.6,100,24.4,0.0,15.9,0.182,24.24,51
-33.833,147.6314,2013-03-12,337.0,83,24.4,0.0,15.9,0.182,24.24,51
-33.9805,145.794,2013-03-12,342.5,87,27.5,0.0,19.1,0.16,23.66,43
-33.982,145.7831,2013-03-12,334.7,78,27.6,0.0,19.1,0.16,23.66,43
-33.813,146.3349,2013-03-12,327.3,17,26.6,0.0,16.8,0.127,23.84,44
-33.8025,146.3438,2013-03-12,343.8,88,26.6,0.0,16.8,0.127,23.84,44
-34.0278,142.4966,2013-03-12,359.3,99,30.7,0.0,21.2,0.125,24.12,28
-34.0294,142.4824,2013-03-12,332.5,69,30.7,0.0,21.2,0.125,24.12,28
-33.4177,146.4608,2013-03-12,349.7,93,26.1,0.0,16.5,0.16,24.13,46
-32.3964,152.2445,2013-03-12,327.0,78,20.4,0.1,10.5,0.284,17.5,80
-32.3861,152.2544,2013-03-12,332.6,84,21.2,0.3,13.4,0.289,19.21,80
-32.3897,152.236,2013-03-12,344.1,81,21.4,0.3,13.4,0.284,19.21,80
-32.1251,149.6126,2013-03-12,319.7,52,19.9,0.0,16.9,0.267,23.91,70
-29.4717,148.9589,2013-03-12,328.8,61,24.1,0.0,16.9,0.239,22.4,52
-29.4738,148.9525,2013-03-12,326.7,65,24.1,0.0,16.9,0.239,22.4,52
-29.4491,148.7312,2013-03-12,341.7,88,24.2,0.0,16.6,0.18,22.32,52
-29.4392,148.7289,2013-03-12,333.7,81,24.2,0.0,16.6,0.18,22.32,52
-29.326,148.9133,2013-03-12,331.6,59,24.1,0.0,16.8,0.28,22.19,53
-28.8722,148.7378,2013-03-12,334.3,81,24.3,0.0,19.2,0.115,23.0,50
-28.9043,148.4922,2013-03-12,328.8,73,24.4,0.0,16.6,0.099,21.75,49
-28.8492,148.58,2013-03-12,327.7,72,24.4,0.0,18.9,0.065,22.56,49
-36.4894,149.6002,2013-03-12,300.6,18,19.9,0.0,14.7,0.309,23.31,83
-29.2269,149.1896,2013-03-12,300.4,27,23.9,0.0,17.7,0.245,22.41,53
-31.6351,152.5408,2013-03-12,302.9,52,19.2,1.5,10.0,0.369,15.91,85
-36.4752,149.6226,2013-03-12,316.1,51,20.9,0.0,18.4,0.303,23.25,82
-35.8314,149.9375,2013-03-12,303.4,19,20.5,0.0,16.6,0.305,23.62,78
-36.4774,149.7028,2013-03-12,307.2,14,20.3,0.0,15.5,0.305,23.27,82
-36.4736,149.6114,2013-03-12,310.4,14,20.5,0.0,18.4,0.302,23.25,82
-36.481,149.5982,2013-03-12,311.0,43,20.8,0.0,18.4,0.303,23.25,82
-36.4826,149.6094,2013-03-12,313.9,59,20.0,0.0,15.5,0.305,23.27,82
-36.5342,149.5914,2013-03-12,302.7,51,19.7,0.0,14.7,0.309,23.31,83
-36.7701,149.059,2013-03-12,300.2,19,19.9,0.0,12.8,0.263,22.83,74
-37.3481,149.9488,2013-03-12,302.6,50,20.9,0.0,29.3,0.267,23.14,84
-33.0631,151.2991,2013-03-13,310.8,58,19.0,0.0,13.5,0.318,23.13,78
-33.0653,151.3272,2013-03-13,329.0,83,19.0,0.0,13.5,0.318,23.13,78
-33.0551,151.3226,2013-03-13,331.3,85,18.9,0.0,13.5,0.318,23.13,78
-33.1221,149.017,2013-03-13,311.0,29,19.7,0.0,10.1,0.168,23.22,65
-33.8411,142.1382,2013-03-13,320.6,62,25.6,0.0,25.6,0.22,23.11,38
-33.8427,142.149,2013-03-13,322.2,66,25.6,0.0,25.6,0.22,23.11,38
-34.0302,142.482,2013-03-13,336.4,85,26.1,0.0,25.9,0.123,23.07,36
-34.0318,142.4929,2013-03-13,323.0,67,26.1,0.0,25.9,0.123,23.07,36
-34.0392,142.4802,2013-03-13,346.9,92,26.1,0.0,25.9,0.123,23.07,36
-35.7982,148.7592,2013-03-13,308.7,28,17.7,0.0,19.7,0.301,22.59,68
-36.4796,149.6885,2013-03-13,318.0,59,21.6,0.0,11.5,0.298,22.57,70
-36.7854,149.0591,2013-03-13,317.5,68,19.3,0.0,16.9,0.255,22.81,69
-36.7723,149.066,2013-03-13,317.4,68,19.4,0.0,16.9,0.255,22.81,69
-36.7684,149.0583,2013-03-13,312.3,46,19.2,0.0,16.9,0.255,22.81,69
-36.1166,148.5686,2013-03-13,330.3,68,16.4,0.0,20.5,0.291,22.51,69
-36.1185,148.5222,2013-03-13,318.0,69,16.9,0.0,20.5,0.278,22.51,69
-36.0991,148.5694,2013-03-13,332.6,61,16.8,0.0,20.5,0.293,22.51,68
-36.1148,148.5621,2013-03-13,333.2,70,16.4,0.0,20.5,0.291,22.51,69
-36.1169,148.5146,2013-03-13,312.0,51,17.0,0.0,20.5,0.278,22.51,69
-36.0973,148.5626,2013-03-13,330.3,55,15.9,0.0,20.5,0.278,22.51,68
-35.7024,149.9532,2013-03-13,311.0,45,22.1,0.0,14.2,0.297,23.48,68
-31.5816,152.7888,2013-03-13,339.6,91,20.6,0.7,10.5,0.262,15.73,75
-31.569,152.7873,2013-03-13,333.5,87,20.8,0.7,10.5,0.262,15.73,75
-33.057,151.31,2013-03-13,340.5,91,19.1,0.0,13.5,0.318,23.13,78
-31.5796,152.8099,2013-03-13,310.8,44,20.9,0.7,10.5,0.262,15.73,75
-36.787,149.0768,2013-03-13,313.4,49,19.2,0.0,16.9,0.255,22.81,69
-36.7724,149.0754,2013-03-13,320.9,73,19.1,0.0,16.9,0.255,22.81,69
-36.7708,149.0696,2013-03-13,319.7,72,19.3,0.0,16.9,0.255,22.81,69
-36.3795,149.5583,2013-03-13,324.9,74,20.8,0.3,12.1,0.318,23.0,69
-36.4098,149.5043,2013-03-13,315.3,40,18.5,0.3,19.2,0.308,23.64,66
-36.3793,149.5497,2013-03-13,335.5,87,20.2,0.4,15.0,0.305,23.4,68
-36.3928,149.498,2013-03-13,338.4,89,19.0,0.3,19.2,0.307,23.64,67
-34.9294,143.7089,2013-03-13,325.7,72,26.1,0.0,24.0,0.162,21.87,36
-36.3935,149.506,2013-03-13,344.9,93,18.8,0.3,19.2,0.307,23.64,67
-32.9333,148.1771,2013-03-13,321.1,74,23.0,0.0,16.4,0.201,24.03,55
-32.9186,148.168,2013-03-13,321.7,45,23.1,0.0,17.4,0.201,23.95,55
-32.9304,148.1206,2013-03-13,325.3,71,23.2,0.0,17.4,0.201,23.95,54
-34.0966,142.5351,2013-03-13,343.2,90,26.1,0.0,25.9,0.086,23.07,36
-34.1008,142.515,2013-03-13,338.8,86,26.1,0.0,25.9,0.086,23.07,36
-32.4273,147.2084,2013-03-13,323.0,66,25.4,0.0,14.3,0.137,23.01,43
-34.0968,142.5064,2013-03-13,332.6,80,26.1,0.0,25.9,0.086,23.07,36
-34.0928,142.5266,2013-03-13,347.4,93,26.1,0.0,25.9,0.086,23.07,36
-34.1048,142.5301,2013-03-13,334.5,80,26.1,0.0,25.9,0.086,23.07,36
-34.0888,142.5115,2013-03-13,338.3,86,26.1,0.0,25.9,0.086,23.07,36
-32.9454,148.1299,2013-03-13,327.1,80,23.1,0.0,17.4,0.201,23.95,54
-31.4604,149.8895,2013-03-13,317.6,95,21.4,0.0,8.3,0.331,23.55,62
-31.5741,152.8006,2013-03-13,305.0,62,19.3,0.3,9.5,0.343,14.95,80
-31.5757,152.7901,2013-03-13,303.8,55,20.7,0.7,10.5,0.262,15.73,75
-31.565,152.7988,2013-03-13,300.5,11,20.8,0.7,10.5,0.262,15.73,75
-31.5666,152.7882,2013-03-13,305.3,62,20.8,0.7,10.5,0.262,15.73,75
-31.4698,149.8912,2013-03-13,300.5,29,21.4,0.0,8.3,0.331,23.55,62
-29.5994,148.5707,2013-03-13,305.9,66,24.6,0.0,16.6,0.227,22.55,48
-29.7249,149.9258,2013-03-13,323.3,77,22.4,0.0,12.9,0.276,22.27,56
-29.723,149.9204,2013-03-13,324.2,74,22.4,0.0,12.9,0.276,22.27,56
-31.6382,152.533,2013-03-13,323.4,80,18.6,0.4,9.4,0.366,15.1,85
-31.6406,152.5466,2013-03-13,333.8,88,19.1,0.3,9.5,0.357,14.95,85
-31.6352,152.5417,2013-03-13,331.2,86,19.0,0.3,9.5,0.363,14.95,84
-34.0304,142.4989,2013-03-14,316.4,59,20.7,0.0,22.1,0.123,24.66,39
-34.037,142.4912,2013-03-14,317.3,57,20.8,0.0,22.1,0.123,24.66,39
-36.1175,148.5598,2013-03-14,325.7,44,15.7,0.4,15.5,0.292,21.1,77
-36.0961,148.579,2013-03-14,331.7,65,16.6,0.4,15.5,0.326,21.1,77
-35.8084,148.7512,2013-03-14,315.7,53,16.8,1.8,13.5,0.322,18.77,75
-35.3739,148.8363,2013-03-14,325.9,50,18.5,1.8,11.0,0.284,16.8,75
-35.3655,148.8393,2013-03-14,324.5,57,18.2,0.1,10.8,0.283,18.9,77
-35.3548,148.8486,2013-03-14,336.2,87,18.4,0.1,10.8,0.283,18.9,77
-35.5989,146.2416,2013-03-14,330.0,76,22.0,0.0,21.5,0.137,24.06,45
-35.6004,146.2275,2013-03-14,328.0,73,22.1,0.0,21.5,0.137,24.06,45
-35.6016,146.2367,2013-03-14,331.3,78,22.0,0.0,21.5,0.137,24.06,45
-35.585,146.2908,2013-03-14,327.0,71,22.2,0.0,21.5,0.14,24.06,46
-35.5866,146.2769,2013-03-14,336.7,84,22.2,0.0,21.5,0.14,24.06,46
-35.575,146.2891,2013-03-14,331.7,78,22.2,0.0,21.5,0.14,24.06,46
-35.5766,146.2751,2013-03-14,333.9,81,22.2,0.0,21.5,0.14,24.06,46
-35.5649,146.2873,2013-03-14,339.3,86,22.2,0.0,21.5,0.14,24.06,46
-35.5665,146.2734,2013-03-14,327.9,73,22.2,0.0,21.5,0.14,24.06,46
-35.5323,146.0229,2013-03-14,322.6,58,21.9,0.0,23.8,0.134,24.09,44
-35.4216,146.0359,2013-03-14,331.0,77,21.9,0.0,23.8,0.136,24.09,44
-35.1956,147.1721,2013-03-14,329.9,76,22.9,0.0,13.1,0.163,23.74,47
-35.0755,147.1704,2013-03-14,334.6,82,23.2,0.0,13.8,0.156,23.62,46
-34.9307,146.939,2013-03-14,337.6,85,22.9,0.0,15.9,0.078,23.75,43
-34.7519,147.2266,2013-03-14,331.8,78,23.0,0.0,14.2,0.153,23.53,44
-34.7424,147.2248,2013-03-14,328.8,74,23.2,0.0,14.2,0.145,23.53,43
-34.4404,148.0059,2013-03-14,325.8,62,23.9,0.0,13.7,0.159,22.39,46
-34.2951,147.8598,2013-03-14,334.3,67,24.1,0.0,14.3,0.155,22.8,45
-34.2966,147.8483,2013-03-14,372.5,100,24.1,0.0,14.3,0.149,22.8,45
-34.2874,147.8465,2013-03-14,328.3,67,24.1,0.0,14.3,0.149,22.8,45
-34.2796,147.8332,2013-03-14,329.0,64,24.1,0.0,14.3,0.149,22.8,45
-34.1367,148.6951,2013-03-14,327.9,74,23.5,0.0,10.2,0.179,20.57,56
-34.1382,148.6841,2013-03-14,328.6,77,23.3,0.0,10.2,0.179,20.57,56
-34.097,148.3044,2013-03-14,327.7,69,24.0,0.0,12.8,0.185,21.64,50
-34.0985,148.2932,2013-03-14,329.7,77,24.0,0.0,12.8,0.185,21.64,50
-34.0879,148.3026,2013-03-14,332.5,80,24.0,0.0,12.8,0.185,21.64,50
-34.0894,148.2914,2013-03-14,327.5,74,23.9,0.0,12.8,0.185,21.64,50
-34.1473,147.8486,2013-03-14,327.5,72,24.3,0.0,14.3,0.157,22.8,44
-34.0149,148.2366,2013-03-14,324.2,67,24.2,0.0,12.8,0.18,21.64,49
-34.1237,145.679,2013-03-14,324.4,33,22.8,0.0,18.1,0.153,23.57,39
-33.9327,146.6311,2013-03-14,327.0,64,23.9,0.0,16.1,0.142,23.76,38
-33.9342,146.6184,2013-03-14,329.7,73,24.0,0.0,15.8,0.142,23.71,38
-33.5678,148.4935,2013-03-14,337.1,86,23.8,0.0,10.6,0.18,21.33,55
-34.043,142.5032,2013-03-14,326.4,71,20.8,0.0,22.1,0.123,24.66,39
-34.0304,142.5017,2013-03-14,352.7,96,20.8,0.0,22.1,0.123,24.66,39
-34.0323,142.48,2013-03-14,338.9,86,20.7,0.0,22.1,0.123,24.66,39
-34.0343,142.4582,2013-03-14,324.4,58,20.6,0.0,22.1,0.123,24.66,39
-33.2823,148.8271,2013-03-14,354.2,97,22.6,0.0,11.1,0.188,21.01,57
-33.4186,146.8332,2013-03-14,324.7,61,24.5,0.0,16.3,0.157,23.51,37
-33.4201,146.8211,2013-03-14,334.8,80,24.5,0.0,16.3,0.157,23.51,37
-33.4091,146.4264,2013-03-14,330.1,73,24.7,0.0,16.2,0.145,23.69,36
-33.4106,146.4138,2013-03-14,331.5,76,24.7,0.0,16.2,0.145,23.69,36
-33.7537,141.9722,2013-03-14,325.2,68,20.3,0.0,22.5,0.191,24.79,41
-33.2374,146.4999,2013-03-14,326.5,66,25.0,0.0,15.8,0.149,23.67,37
-32.9159,148.1557,2013-03-14,334.6,74,24.7,0.0,13.4,0.191,21.66,50
-31.6429,152.5479,2013-03-14,340.7,91,19.7,0.0,12.2,0.335,24.04,78
-31.6452,152.5343,2013-03-14,336.3,89,19.0,0.0,10.5,0.356,23.91,79
-31.6475,152.5207,2013-03-14,323.2,79,18.6,0.0,12.4,0.356,24.58,79
-31.3569,149.5499,2013-03-14,329.6,72,22.2,0.0,14.3,0.238,21.13,55
-30.4627,150.1038,2013-03-14,324.4,51,21.5,0.0,14.4,0.201,24.49,63
-29.5579,153.0407,2013-03-14,314.9,63,21.3,0.0,14.2,0.366,19.72,75
-29.7246,149.9228,2013-03-14,329.9,67,23.0,0.0,15.9,0.266,24.97,59
-29.7263,149.912,2013-03-14,327.3,41,23.0,0.0,15.9,0.266,24.97,59
-28.8988,148.494,2013-03-14,342.0,87,25.1,0.0,15.5,0.085,24.33,45
-28.9003,148.4837,2013-03-14,328.7,70,25.1,0.0,15.5,0.085,24.33,45
-28.7111,150.6154,2013-03-15,322.5,64,22.8,0.0,10.9,0.165,23.48,68
-28.8241,148.9919,2013-03-15,355.2,97,25.6,0.0,11.7,0.103,23.95,52
-28.8256,149.0032,2013-03-15,332.0,80,25.6,0.0,11.7,0.103,23.95,52
-28.8981,148.4955,2013-03-15,331.4,78,26.6,0.0,9.5,0.08,23.97,47
-30.5384,147.9491,2013-03-15,328.6,75,26.6,0.0,10.9,0.165,22.24,50
-30.5477,147.9474,2013-03-15,343.2,90,26.6,0.0,10.9,0.165,22.24,50
-30.5492,147.9585,2013-03-15,325.3,70,26.5,0.0,10.9,0.238,22.24,51
-33.7409,141.9734,2013-03-15,328.3,78,21.8,0.0,14.1,0.099,24.44,42
-33.1156,149.0289,2013-03-15,313.6,32,21.3,0.0,12.4,0.157,19.25,68
-33.4707,148.4468,2013-03-15,320.3,54,22.9,0.0,10.2,0.171,20.67,57
-33.4723,148.4592,2013-03-15,321.8,35,22.7,0.0,10.2,0.18,20.67,59
-33.7334,141.989,2013-03-15,321.8,68,21.8,0.0,14.1,0.099,24.44,42
-33.7433,141.9865,2013-03-15,327.4,77,21.8,0.0,14.1,0.099,24.44,43
-34.0189,142.5026,2013-03-15,361.8,100,21.9,0.0,13.6,0.122,24.34,42
-34.021,142.515,2013-03-15,335.7,85,21.9,0.0,13.6,0.122,24.34,42
-34.0285,142.5003,2013-03-15,325.8,75,21.9,0.0,13.6,0.122,24.34,42
-36.0931,148.5744,2013-03-15,312.0,60,15.5,0.0,9.6,0.291,20.19,77
-35.5722,146.1293,2013-03-15,354.0,96,22.4,0.0,12.1,0.133,23.47,45
-35.5764,146.1089,2013-03-15,344.8,91,22.5,0.0,13.6,0.133,23.7,45
-35.2048,147.421,2013-03-15,325.6,71,22.4,0.0,14.0,0.159,20.59,58
-34.8578,147.7279,2013-03-15,327.1,73,22.7,0.0,16.3,0.162,21.74,58
-34.7415,147.214,2013-03-15,326.6,71,22.8,0.0,13.1,0.142,23.34,51
-34.7454,147.2074,2013-03-15,328.6,75,22.8,0.0,13.1,0.142,23.34,51
-34.3284,147.8681,2013-03-15,322.5,62,23.3,0.0,13.3,0.151,23.04,53
-34.2631,147.8127,2013-03-15,338.0,85,23.3,0.0,13.3,0.145,23.04,52
-34.2692,147.7853,2013-03-15,345.8,91,23.3,0.0,13.3,0.145,23.04,52
-34.2581,147.8032,2013-03-15,328.5,75,23.3,0.0,13.3,0.145,23.04,52
-34.2641,147.7758,2013-03-15,324.3,67,23.3,0.0,13.3,0.145,23.04,52
-34.0483,142.5157,2013-03-15,376.1,100,21.9,0.0,13.6,0.122,24.34,42
-34.0507,142.5021,2013-03-15,339.7,85,21.9,0.0,13.6,0.086,24.34,42
-34.0383,142.5132,2013-03-15,358.5,99,21.9,0.0,13.6,0.122,24.34,42
-34.0407,142.4996,2013-03-15,361.1,100,21.9,0.0,13.6,0.122,24.34,42
-29.1842,148.8442,2013-03-15,347.7,87,26.5,0.0,10.2,0.204,23.84,49
-29.1707,148.8755,2013-03-15,340.2,86,26.4,0.0,10.7,0.213,23.66,49
-29.1801,148.8346,2013-03-15,334.1,80,26.5,0.0,10.2,0.204,23.84,49
-29.5951,148.5751,2013-03-15,306.0,66,27.0,0.0,10.2,0.207,23.99,47
-29.597,148.5566,2013-03-15,308.1,73,27.1,0.0,10.2,0.207,23.99,47
-28.3759,151.9126,2013-03-15,306.9,70,19.6,0.0,13.5,0.317,22.96,74
-28.1874,149.4403,2013-03-15,302.3,48,23.9,0.0,12.7,0.209,24.63,60
-28.189,149.4249,2013-03-15,310.1,79,23.9,0.0,12.7,0.209,24.63,60
-29.5944,148.5733,2013-03-15,303.2,54,27.0,0.0,10.2,0.207,23.99,47
-35.811,148.7573,2013-03-16,319.5,79,14.7,0.0,17.2,0.317,20.49,67
-34.1035,149.0136,2013-03-16,323.5,59,21.2,0.0,18.1,0.158,23.5,58
-34.0934,149.0119,2013-03-16,388.5,100,21.4,0.0,18.1,0.158,23.5,58
-34.095,148.9983,2013-03-16,355.4,97,21.3,0.0,18.1,0.158,23.5,58
-34.0834,149.0102,2013-03-16,358.1,99,21.4,0.0,18.1,0.158,23.5,58
-34.0849,148.9967,2013-03-16,332.5,60,21.2,0.0,18.1,0.158,23.5,58
-32.7113,147.7605,2013-03-16,324.9,63,23.4,0.0,22.1,0.153,24.11,49
-32.7129,147.7453,2013-03-16,337.6,85,23.4,0.0,22.1,0.152,24.11,47
-32.7186,147.7561,2013-03-16,333.6,81,23.5,0.0,22.1,0.153,24.11,49
-32.7203,147.741,2013-03-16,326.3,71,23.4,0.0,22.1,0.152,24.11,47
-32.0868,151.8001,2013-03-16,332.8,86,22.5,0.0,10.5,0.32,19.97,79
-32.0883,151.7896,2013-03-16,319.0,72,21.6,0.1,9.2,0.349,20.97,79
-29.3253,148.3389,2013-03-16,338.9,83,27.8,0.0,16.7,0.149,23.49,42
-29.3268,148.3266,2013-03-16,350.9,94,27.8,0.0,16.7,0.149,23.49,42
-28.3231,148.468,2013-03-16,338.7,75,27.9,0.0,13.8,0.03,22.35,44
-28.3246,148.4562,2013-03-16,354.3,96,27.9,0.0,13.8,0.03,22.35,44
-34.4618,150.8817,2013-03-16,301.0,37,21.7,0.3,17.6,0.338,21.0,80
-31.4586,149.8889,2013-03-16,302.7,51,23.7,0.0,16.0,0.309,21.69,63
-30.9457,148.2127,2013-03-16,305.5,65,26.8,0.0,19.8,0.285,23.61,44
-30.9504,148.208,2013-03-16,306.1,67,26.7,0.0,19.8,0.162,23.61,45
-30.4806,148.0639,2013-03-16,304.6,61,27.7,0.0,21.3,0.269,24.53,41
-29.3235,148.3268,2013-03-16,305.9,66,27.8,0.0,16.7,0.149,23.49,42
-28.2436,150.213,2013-03-17,321.6,56,23.8,0.0,22.1,0.137,25.39,43
-28.5969,150.176,2013-03-17,312.9,24,23.9,0.0,21.7,0.198,25.33,40
-29.3231,148.3361,2013-03-17,317.4,55,23.1,0.0,23.8,0.144,25.35,32
-30.3734,149.8022,2013-03-17,318.5,69,21.5,0.0,18.0,0.199,25.17,41
-32.6933,148.069,2013-03-17,317.1,69,18.5,0.0,24.0,0.151,24.66,44
-33.8184,150.789,2013-03-17,307.7,35,18.5,0.0,18.4,0.271,20.84,56
-34.4575,150.8845,2013-03-17,318.4,59,18.0,0.2,37.6,0.33,20.43,67
-33.7456,142.0076,2013-03-17,312.4,37,17.0,0.0,25.4,0.099,24.45,43
-32.8254,146.5102,2013-03-17,319.3,62,18.4,0.0,22.3,0.117,24.87,40
-30.5811,149.8729,2013-03-17,326.6,79,20.5,0.0,17.8,0.162,25.1,42
-30.5874,149.8443,2013-03-17,325.7,78,20.2,0.0,16.1,0.293,25.1,43
-30.5782,149.8637,2013-03-17,332.8,84,20.4,0.0,17.8,0.162,25.1,42
-30.5843,149.8352,2013-03-17,314.5,40,20.1,0.0,16.1,0.293,25.1,43
-30.0917,149.3676,2013-03-17,303.3,54,22.7,0.0,21.3,0.234,25.24,35
-35.652,148.346,2013-03-17,303.0,52,11.9,0.4,15.3,0.26,21.31,61
-28.9032,148.5044,2013-03-18,319.5,62,22.9,0.0,15.7,0.073,24.55,41
-29.4108,149.9501,2013-03-18,357.5,98,21.6,0.0,16.9,0.186,23.51,49
-29.4135,149.9918,2013-03-18,324.0,72,21.6,0.0,16.9,0.186,23.51,49
-29.3265,148.3438,2013-03-18,317.6,55,22.6,0.0,16.2,0.142,24.57,42
-29.4145,149.9426,2013-03-18,353.0,96,21.7,0.0,16.9,0.187,23.51,49
-29.417,149.9843,2013-03-18,333.0,83,21.6,0.0,16.9,0.186,23.51,49
-29.324,148.3368,2013-03-18,321.4,67,22.6,0.0,16.2,0.142,24.57,42
-34.7391,143.1824,2013-03-18,313.7,44,17.6,0.0,17.4,0.256,23.56,45
-35.5543,146.2651,2013-03-18,327.2,81,17.1,0.0,17.1,0.134,23.58,40
-35.5563,146.2317,2013-03-18,316.5,63,17.1,0.0,17.1,0.133,23.58,41
-35.5551,146.2585,2013-03-18,329.1,82,17.1,0.0,17.1,0.134,23.58,40
-35.5034,146.1184,2013-03-18,320.1,73,17.2,0.0,17.7,0.132,23.63,40
-35.5055,146.0844,2013-03-18,317.3,68,17.2,0.0,17.7,0.132,23.63,40
-35.5061,146.1136,2013-03-18,320.3,54,17.2,0.0,17.7,0.132,23.63,40
-35.3489,147.3148,2013-03-18,323.7,77,15.8,0.0,12.8,0.154,23.33,46
-35.2842,147.1562,2013-03-18,332.7,85,16.5,0.0,12.8,0.156,23.33,46
-35.2167,147.4287,2013-03-18,320.9,74,16.1,0.0,10.2,0.153,23.28,47
-35.208,147.1723,2013-03-18,325.2,78,16.6,0.0,12.8,0.154,23.33,46
-35.1939,147.1709,2013-03-18,345.1,93,16.6,0.0,12.8,0.154,23.33,46
-35.196,147.1424,2013-03-18,325.6,79,16.5,0.0,12.8,0.152,23.33,45
-34.8548,147.7213,2013-03-18,321.9,74,16.5,0.0,14.6,0.154,23.56,46
-34.4602,150.877,2013-03-18,314.8,0,17.1,0.0,31.3,0.313,21.09,64
-34.2627,147.8744,2013-03-18,319.1,65,17.4,0.0,16.9,0.144,22.68,45
-34.2263,146.0481,2013-03-18,317.6,59,18.2,0.0,14.9,0.15,23.37,40
-29.3183,148.3212,2013-03-18,326.9,69,22.6,0.0,16.2,0.142,24.57,42
-28.9028,148.4879,2013-03-18,331.4,77,22.9,0.0,15.7,0.073,24.55,41
-28.8288,148.9911,2013-03-18,320.8,45,22.6,0.0,17.4,0.095,24.85,43
-28.8941,148.4982,2013-03-18,328.7,53,22.9,0.0,15.7,0.073,24.55,41
-37.1436,149.2213,2013-03-18,307.8,72,9.8,0.7,11.9,0.356,15.04,77
-37.1346,149.2192,2013-03-18,306.4,56,9.9,0.7,11.9,0.356,15.04,77
-35.6613,148.3412,2013-03-18,301.0,37,10.9,0.0,8.0,0.256,23.12,63
-35.3928,148.8615,2013-03-18,301.1,38,12.5,0.0,13.7,0.218,23.22,61
-35.3944,148.8504,2013-03-18,303.8,57,11.4,0.0,10.8,0.273,22.59,60
-34.4609,150.8779,2013-03-18,303.3,55,17.1,0.0,31.3,0.313,21.09,64
-33.8725,149.2327,2013-03-18,320.9,98,13.5,0.0,16.8,0.217,22.64,59
-33.8742,149.2217,2013-03-18,317.1,84,14.2,0.0,16.8,0.221,22.64,56
-33.8634,149.2307,2013-03-18,320.9,100,13.5,0.0,16.8,0.217,22.64,59
-33.865,149.2197,2013-03-18,308.4,64,14.4,0.0,16.8,0.221,22.64,56
-33.8542,149.2286,2013-03-18,301.1,21,13.9,0.0,16.8,0.245,22.64,58
-30.4667,148.0616,2013-03-18,303.1,53,21.6,0.0,18.5,0.258,24.35,41
-28.3136,152.0954,2013-03-19,310.0,53,17.1,0.0,21.0,0.254,16.65,78
-28.8812,148.5056,2013-03-19,318.4,63,24.3,0.0,22.7,0.072,20.92,46
-29.2594,149.1938,2013-03-19,320.5,69,23.6,0.0,23.7,0.206,20.93,48
-33.1062,147.5019,2013-03-19,325.8,79,20.3,0.0,19.9,0.145,21.25,49
-33.1088,147.5162,2013-03-19,375.5,100,20.3,0.0,19.9,0.145,21.25,49
-33.3913,148.2256,2013-03-19,318.2,58,19.7,0.0,18.1,0.156,21.93,47
-33.3901,148.2193,2013-03-19,317.5,53,19.7,0.0,18.1,0.156,21.93,47
-33.872,149.2242,2013-03-19,317.6,64,14.6,0.0,18.0,0.211,19.77,60
-34.46,150.8781,2013-03-19,314.7,58,17.4,1.7,13.0,0.315,17.4,77
-35.394,148.8607,2013-03-19,306.3,53,12.7,0.0,13.0,0.211,19.05,73
-35.6435,149.9461,2013-03-19,301.7,23,14.0,1.7,8.1,0.322,17.79,83
-35.6682,148.3499,2013-03-19,311.0,59,11.6,0.0,8.3,0.251,20.77,66
-36.4725,149.6947,2013-03-19,308.9,58,14.2,0.0,9.1,0.321,19.69,79
-37.1386,149.2346,2013-03-19,377.8,100,11.7,0.2,12.1,0.34,19.06,80
-37.1459,149.2209,2013-03-19,300.8,33,11.5,0.2,12.1,0.34,19.06,80
-35.3705,147.2936,2013-03-19,325.2,73,18.0,0.0,22.1,0.154,22.78,45
-35.4848,146.5113,2013-03-19,349.8,94,18.8,0.0,17.9,0.136,22.96,41
-35.4865,146.5001,2013-03-19,342.5,89,18.8,0.0,17.9,0.136,22.96,41
-35.478,146.503,2013-03-19,326.8,72,18.8,0.0,17.9,0.136,22.96,41
-35.7514,144.4873,2013-03-19,323.6,61,19.4,0.0,15.4,0.123,22.83,46
-35.6936,144.5677,2013-03-19,371.3,100,19.4,0.0,15.4,0.128,22.83,46
-35.2124,147.4266,2013-03-19,339.6,88,18.5,0.0,20.6,0.152,22.34,45
-35.344,146.5946,2013-03-19,331.1,78,19.2,0.0,20.2,0.14,22.92,41
-35.5553,146.7682,2013-03-19,325.1,70,18.6,0.0,17.6,0.139,23.03,42
-35.9035,147.783,2013-03-19,318.8,67,13.2,0.0,9.1,0.221,20.99,62
-35.9054,147.7712,2013-03-19,315.8,59,13.7,0.0,5.9,0.251,21.39,63
-36.7153,141.082,2013-03-19,327.9,78,17.9,0.0,13.5,0.198,22.23,54
-36.2596,143.2597,2013-03-19,342.3,89,18.4,0.0,14.5,0.141,22.26,50
-36.2611,143.2474,2013-03-19,327.5,75,18.4,0.0,14.5,0.141,22.26,50
-35.4048,148.851,2013-03-19,315.8,54,12.6,0.0,13.0,0.211,19.05,73
-35.9561,144.7339,2013-03-19,328.1,74,19.1,0.0,16.0,0.129,22.86,47
-35.5649,146.8888,2013-03-19,323.3,69,18.0,0.0,18.9,0.139,23.05,42
-35.5539,146.8981,2013-03-19,321.7,57,18.0,0.0,18.9,0.139,23.05,42
-35.5557,146.8866,2013-03-19,333.4,82,18.1,0.0,18.9,0.139,23.05,42
-35.4796,147.03,2013-03-19,352.2,96,18.5,0.0,18.9,0.145,23.05,42
-35.4814,147.0184,2013-03-19,328.5,77,18.5,0.0,18.9,0.145,23.05,42
-35.4466,147.0579,2013-03-19,339.9,88,18.2,0.0,18.9,0.147,23.05,43
-35.4484,147.0464,2013-03-19,324.9,71,18.4,0.0,18.9,0.14,23.05,42
-35.461,146.906,2013-03-19,356.9,98,18.4,0.0,18.9,0.139,23.05,42
-35.4628,146.8946,2013-03-19,338.3,86,18.3,0.0,18.9,0.139,23.05,42
-35.2002,147.2036,2013-03-19,331.4,80,18.9,0.0,22.1,0.152,22.78,44
-35.1909,147.2013,2013-03-19,336.8,85,18.9,0.0,22.1,0.152,22.78,44
-35.4646,145.1586,2013-03-19,336.4,84,19.5,0.0,14.4,0.128,23.09,44
-35.4662,145.1476,2013-03-19,336.4,84,19.5,0.0,14.4,0.127,23.09,45
-35.4556,145.1567,2013-03-19,361.7,100,19.5,0.0,14.4,0.128,23.09,44
-35.4571,145.1457,2013-03-19,368.9,100,19.5,0.0,14.4,0.127,23.09,45
-34.9763,147.4431,2013-03-19,340.6,88,18.9,0.0,23.0,0.145,22.41,44
-34.9591,147.4885,2013-03-19,327.4,64,18.7,0.0,23.0,0.148,22.41,46
-34.8915,147.6902,2013-03-19,331.1,81,17.7,0.0,21.7,0.153,22.0,47
-35.3609,143.4308,2013-03-19,328.1,43,19.3,0.0,14.1,0.139,22.91,47
-34.6631,148.0716,2013-03-19,321.5,46,17.8,0.0,23.1,0.151,22.12,50
-35.3516,143.429,2013-03-19,333.2,81,19.3,0.0,14.1,0.139,22.91,47
-34.6279,148.2208,2013-03-19,334.7,85,17.0,0.0,22.8,0.152,22.33,50
-34.6182,148.2183,2013-03-19,335.3,85,17.0,0.0,24.5,0.152,22.52,50
-34.6421,147.7813,2013-03-19,330.7,80,18.1,0.0,23.4,0.145,22.29,45
-34.6441,147.7691,2013-03-19,335.0,84,18.3,0.0,23.4,0.145,22.29,45
-34.6339,147.6341,2013-03-19,327.0,75,18.8,0.0,23.4,0.141,22.29,44
-34.5185,147.6496,2013-03-19,327.7,76,18.9,0.0,23.4,0.129,22.52,44
-34.5205,147.6375,2013-03-19,336.7,85,18.9,0.0,23.4,0.129,22.52,44
-34.5091,147.6473,2013-03-19,339.3,87,19.0,0.0,23.4,0.129,22.52,44
-34.5111,147.6351,2013-03-19,353.9,97,19.0,0.0,23.4,0.129,22.52,44
-34.5157,147.548,2013-03-19,322.9,63,18.8,0.0,23.8,0.131,22.65,43
-34.5177,147.5359,2013-03-19,377.0,100,18.8,0.0,23.8,0.131,22.65,43
-34.4691,147.6502,2013-03-19,336.6,77,19.0,0.0,23.4,0.138,22.52,44
-34.4712,147.6381,2013-03-19,345.9,92,19.1,0.0,23.4,0.129,22.52,44
-34.4671,147.6442,2013-03-19,339.9,88,19.1,0.0,23.4,0.129,22.52,44
-34.4691,147.632,2013-03-19,328.0,73,19.1,0.0,23.4,0.129,22.52,44
-34.9563,142.6358,2013-03-19,329.5,54,19.3,0.0,13.3,0.136,22.66,46
-34.1413,147.8135,2013-03-19,332.9,67,19.6,0.0,22.0,0.139,22.71,43
-34.1434,147.8011,2013-03-19,367.8,94,19.6,0.0,22.0,0.139,22.71,43
-33.8869,149.224,2013-03-19,332.9,74,15.0,0.0,17.7,0.24,20.26,58
-33.7216,148.6516,2013-03-19,322.8,73,18.8,0.0,17.9,0.165,20.98,48
-33.6763,148.6117,2013-03-19,321.0,45,19.0,0.0,17.8,0.162,21.54,48
-33.8734,146.6825,2013-03-19,333.2,75,19.7,0.0,16.6,0.136,22.95,40
-33.6447,145.5271,2013-03-19,338.6,85,20.8,0.0,15.6,0.144,23.59,36
-28.6969,150.1222,2013-03-19,338.9,88,22.5,0.0,24.7,0.06,21.68,53
-30.4746,148.0691,2013-03-19,309.8,78,22.7,0.0,20.6,0.255,15.52,49
-30.4763,148.0798,2013-03-19,318.6,97,22.6,0.0,20.6,0.255,15.52,49
-33.8788,149.2244,2013-03-19,319.1,78,14.7,0.0,17.7,0.211,20.5,60
-33.8848,149.2008,2013-03-19,310.5,42,15.4,0.0,17.7,0.24,20.26,58
-33.8864,149.2117,2013-03-19,311.2,21,15.4,0.0,17.7,0.24,20.26,58
-33.8879,149.2225,2013-03-19,311.8,20,14.7,0.0,17.7,0.211,20.5,60
-35.8092,148.7742,2013-03-19,305.6,65,10.5,0.0,9.2,0.291,18.75,72
-28.2102,149.9254,2013-03-20,316.7,59,22.4,0.0,20.1,0.048,21.68,53
-29.0484,150.2959,2013-03-20,339.1,89,21.3,0.0,20.2,0.18,21.1,55
-29.0508,150.3224,2013-03-20,349.9,95,21.3,0.0,20.2,0.284,21.1,55
-28.8905,148.4933,2013-03-20,321.5,70,24.1,0.0,21.6,0.072,24.0,45
-29.0534,150.29,2013-03-20,320.8,72,21.3,0.0,20.2,0.284,21.1,55
-29.0557,150.3165,2013-03-20,353.8,97,21.3,0.0,20.2,0.284,21.1,55
-29.3152,148.3305,2013-03-20,319.3,65,24.0,0.0,20.9,0.139,23.99,45
-33.8834,149.2049,2013-03-20,312.4,52,15.7,0.7,14.2,0.241,17.49,68
-33.8913,149.2233,2013-03-20,313.7,39,15.0,0.7,14.5,0.211,16.93,68
-35.2605,148.2608,2013-03-20,322.8,77,18.3,0.0,18.0,0.158,19.73,59
-35.2572,148.2546,2013-03-20,320.8,75,18.4,0.0,18.0,0.158,19.73,59
-35.2591,148.2783,2013-03-20,318.0,72,17.6,0.0,15.6,0.176,20.09,62
-35.6516,148.3524,2013-03-20,315.7,66,13.2,0.0,11.9,0.248,19.95,67
-35.3542,141.0423,2013-03-20,320.2,66,21.9,0.0,18.0,0.056,22.99,31
-35.3558,141.0534,2013-03-20,322.6,70,21.9,0.0,18.0,0.056,22.99,31
-35.3632,141.0404,2013-03-20,317.8,31,21.8,0.0,18.0,0.056,22.99,31
-37.0994,149.1434,2013-03-20,351.2,96,14.4,0.0,14.8,0.326,20.71,72
-37.1026,149.136,2013-03-20,336.3,90,14.4,0.0,14.8,0.326,20.71,72
-37.1283,149.2201,2013-03-20,323.1,82,14.0,0.0,16.6,0.325,19.93,74
-34.9133,150.0118,2013-03-20,310.9,65,15.0,0.0,15.6,0.273,16.39,78
-34.6739,147.8569,2013-03-20,312.3,58,18.4,0.3,18.0,0.148,19.31,57
-34.6815,147.894,2013-03-20,310.2,26,18.9,0.3,18.0,0.148,19.31,57
-34.4861,148.03,2013-03-20,321.7,79,19.2,0.4,19.0,0.147,19.2,55
-34.4788,148.0248,2013-03-20,317.8,58,19.5,0.4,19.0,0.147,19.2,55
-33.8049,150.593,2013-03-20,319.4,75,17.1,0.2,10.8,0.287,17.72,80
-33.8718,148.576,2013-03-20,334.1,87,19.5,0.3,15.5,0.162,18.15,59
-33.8738,148.5413,2013-03-20,319.0,40,19.3,0.3,15.5,0.135,18.15,58
-33.8765,148.5723,2013-03-20,332.7,86,19.5,0.0,17.3,0.162,17.95,59
-33.6234,148.5658,2013-03-20,316.0,57,19.8,0.0,17.9,0.155,17.58,56
-31.7727,151.4256,2013-03-20,307.9,54,12.8,0.1,10.8,0.35,19.01,82
-31.533,148.347,2013-03-20,319.4,65,22.5,0.0,19.1,0.279,21.18,49
-28.2221,149.865,2013-03-20,318.1,49,22.4,0.0,21.5,0.048,22.19,53
-29.2277,150.3267,2013-03-20,327.1,75,20.5,0.0,19.2,0.281,21.0,56
-29.1849,150.3658,2013-03-20,319.9,70,21.0,0.0,19.2,0.275,21.0,57
-29.1838,150.3813,2013-03-20,322.2,49,21.0,0.0,17.1,0.275,20.16,57
-28.8899,148.4917,2013-03-20,322.0,70,24.1,0.0,21.6,0.072,24.0,45
-28.8898,148.4872,2013-03-20,321.8,70,24.1,0.0,21.6,0.072,24.0,45
-28.2262,149.8605,2013-03-20,318.8,65,22.4,0.0,21.5,0.048,22.19,53
-34.4097,146.1475,2013-03-20,315.0,24,22.3,0.0,24.1,0.128,16.7,45
-34.4066,146.1421,2013-03-20,317.3,53,22.3,0.0,24.1,0.128,16.7,45
-34.3964,146.1836,2013-03-20,318.1,57,22.2,0.0,24.1,0.131,16.7,46
-34.899,146.0441,2013-03-20,316.6,51,22.0,0.0,24.9,0.126,17.47,47
-33.8667,149.2049,2013-03-20,308.7,35,16.7,1.1,17.0,0.194,17.69,65
-36.4779,149.6984,2013-03-20,301.3,39,15.4,0.2,17.1,0.314,20.2,81
-35.6031,150.0148,2013-03-20,301.5,42,16.1,0.5,15.0,0.325,17.58,84
-34.4659,150.8875,2013-03-20,303.8,37,19.4,0.2,20.0,0.325,18.48,75
-34.4584,150.8746,2013-03-20,304.0,58,19.3,0.2,20.0,0.325,18.48,75
-33.876,149.2068,2013-03-20,315.4,54,16.1,0.7,14.2,0.216,17.49,66
-33.8774,149.1952,2013-03-20,317.2,53,16.3,0.7,14.2,0.216,17.49,66
-30.4846,148.0735,2013-03-20,305.0,63,23.8,0.0,21.2,0.253,23.28,45
-29.9133,149.5461,2013-03-20,300.8,34,22.9,0.0,21.5,0.045,22.62,49
-29.107,149.006,2013-03-20,302.3,48,23.8,0.0,21.7,0.197,23.59,46
-29.0061,150.2681,2013-03-20,372.2,100,21.4,0.0,20.2,0.18,21.1,55
-29.0093,150.2852,2013-03-20,347.6,94,21.4,0.0,20.2,0.18,21.1,55
-29.0175,150.2653,2013-03-20,343.2,92,21.3,0.0,20.2,0.18,21.1,55
-29.0207,150.2825,2013-03-20,324.5,79,21.3,0.0,20.2,0.18,21.1,55
-29.0021,150.2622,2013-03-20,316.2,68,21.4,0.0,20.2,0.18,21.1,55
-29.0055,150.2793,2013-03-20,328.7,83,21.4,0.0,20.2,0.18,21.1,55
-29.0136,150.2594,2013-03-20,351.0,96,21.4,0.0,20.2,0.18,21.1,55
-29.0169,150.2766,2013-03-20,371.3,100,21.4,0.0,20.2,0.18,21.1,55
-33.8169,150.1082,2013-03-20,303.1,48,14.1,1.9,11.4,0.307,16.64,81
-33.8758,149.2028,2013-03-20,311.5,71,15.9,0.7,14.2,0.241,17.49,68
-34.0359,149.8587,2013-03-21,338.6,60,14.2,1.4,23.5,0.304,19.64,74
-34.0377,149.8472,2013-03-21,333.9,31,14.1,1.4,23.5,0.309,19.64,74
-31.4011,148.7345,2013-03-21,318.7,53,23.1,0.4,24.2,0.124,22.94,49
-30.0929,149.8002,2013-03-21,384.1,94,22.2,0.0,21.9,0.265,17.27,57
-29.4561,150.2233,2013-03-21,365.9,94,21.4,0.0,18.3,0.157,15.76,61
-29.4539,150.236,2013-03-21,400.0,87,21.3,0.0,18.3,0.157,15.76,61
-29.1048,149.0183,2013-03-21,301.4,41,24.1,0.0,20.5,0.197,16.16,54
-28.8803,148.3741,2013-03-21,301.4,41,25.0,0.0,22.7,0.167,18.75,51
-31.7886,152.613,2013-03-22,324.5,82,23.4,0.2,14.6,0.296,20.94,78
-29.0471,150.339,2013-03-22,323.7,74,24.4,0.0,19.1,0.172,22.58,61
-29.2731,152.9807,2013-03-22,305.0,63,23.0,0.0,13.5,0.312,20.67,80
-35.4876,150.0553,2013-03-23,321.7,42,18.2,0.0,18.8,0.3,22.28,74
-35.4493,150.0596,2013-03-23,322.8,50,17.8,0.4,16.1,0.312,21.78,70
-35.451,147.253,2013-03-23,319.0,70,16.2,0.0,12.8,0.304,21.16,63
-35.102,147.3052,2013-03-23,322.8,73,17.7,0.0,13.2,0.283,22.19,59
-35.1036,147.2908,2013-03-23,319.8,68,17.4,0.0,13.2,0.283,22.19,59
-34.9289,147.6596,2013-03-23,314.6,49,17.0,0.0,14.5,0.283,22.35,58
-34.4653,150.8857,2013-03-23,320.4,57,22.2,3.4,19.5,0.328,21.37,74
-36.479,149.6971,2013-03-23,309.7,63,16.4,3.7,11.9,0.331,17.68,83
-35.6109,150.0263,2013-03-23,315.5,53,17.9,0.0,18.8,0.305,22.28,75
-35.6215,149.9997,2013-03-23,315.1,10,17.3,0.4,16.1,0.305,21.78,75
-35.6124,150.0148,2013-03-23,313.2,44,18.1,0.1,12.5,0.305,20.46,75
-35.6032,150.0128,2013-03-23,314.6,15,18.7,0.1,12.5,0.3,20.46,74
-33.5394,146.4203,2013-03-23,330.1,77,20.6,0.0,12.9,0.144,22.86,46
-33.2283,146.9467,2013-03-23,322.4,65,21.3,0.0,11.3,0.164,22.92,46
-32.5494,146.6909,2013-03-23,326.3,48,22.5,0.0,10.0,0.138,23.09,47
-32.5505,146.5901,2013-03-23,331.5,80,22.2,0.0,10.0,0.13,23.15,46
-31.8429,145.8169,2013-03-23,335.7,53,23.8,0.0,10.5,0.114,23.3,45
-31.8072,152.6195,2013-03-23,302.5,50,23.5,3.2,8.5,0.299,16.99,85
-29.5917,152.6623,2013-03-24,309.3,58,23.4,6.8,7.5,0.334,17.55,88
-31.827,145.8224,2013-03-24,334.0,83,23.2,0.0,15.5,0.11,23.15,38
-31.8287,145.8335,2013-03-24,323.9,52,23.2,0.0,15.5,0.11,23.15,38
-31.834,145.8257,2013-03-24,327.3,76,23.2,0.0,15.5,0.11,23.15,38
-34.461,150.8822,2013-03-24,318.3,57,22.1,1.2,13.8,0.32,21.12,78
-33.8453,150.8924,2013-03-24,314.7,42,23.7,0.0,8.4,0.188,21.25,72
-35.4608,150.0543,2013-03-24,320.1,79,19.0,0.0,12.1,0.291,21.81,64
-35.4891,150.0344,2013-03-24,341.4,92,17.7,0.0,19.2,0.306,22.01,63
-35.4908,150.0488,2013-03-24,315.4,75,18.9,0.0,17.1,0.291,21.95,64
-35.618,150.0067,2013-03-24,309.1,57,18.6,0.0,17.1,0.298,21.95,66
-35.3439,148.6878,2013-03-24,315.0,71,13.5,0.0,19.9,0.338,22.34,69
-34.6912,148.1151,2013-03-24,317.2,68,18.7,0.0,18.6,0.259,22.32,56
-31.6836,145.706,2013-03-24,321.1,33,23.4,0.0,15.5,0.113,23.15,38
-31.6859,145.7202,2013-03-24,326.4,69,23.4,0.0,15.5,0.113,23.15,38
-32.7321,146.4854,2013-03-24,321.8,64,22.3,0.0,16.3,0.111,23.03,39
-31.757,145.8095,2013-03-24,328.7,36,23.3,0.0,15.5,0.11,23.15,38
-31.7607,145.7912,2013-03-24,333.4,68,23.3,0.0,15.5,0.11,23.15,38
-31.7618,145.8037,2013-03-24,331.8,78,23.3,0.0,15.5,0.11,23.15,38
-31.7503,145.8006,2013-03-24,329.4,73,23.3,0.0,15.5,0.11,23.15,38
-31.68,145.7241,2013-03-24,323.0,52,23.4,0.0,15.5,0.113,23.15,38
-32.737,146.4937,2013-03-24,322.4,66,22.1,0.0,16.3,0.111,23.03,39
-34.4595,150.8795,2013-03-24,307.3,71,22.4,1.2,13.8,0.32,21.12,78
-31.787,152.6194,2013-03-24,305.1,63,23.9,0.2,8.3,0.309,19.72,86
-29.4436,152.0511,2013-03-24,305.5,64,18.4,3.3,13.2,0.43,19.48,86
-32.5455,146.5838,2013-03-25,320.4,62,22.2,0.0,9.9,0.118,22.72,38
-36.6522,147.9923,2013-03-25,324.2,82,11.9,0.0,7.7,0.332,22.09,70
-36.7071,148.8427,2013-03-25,318.3,78,15.5,0.0,8.8,0.291,21.54,66
-36.7088,148.8243,2013-03-25,311.9,69,15.2,0.0,8.8,0.283,21.54,69
-36.7643,147.7746,2013-03-25,312.4,51,13.5,0.0,10.0,0.337,20.73,70
-36.7501,147.795,2013-03-25,334.2,87,13.7,0.0,10.0,0.332,20.73,69
-36.7519,147.7719,2013-03-25,328.8,76,13.7,0.0,10.7,0.332,21.33,69
-36.7609,147.7925,2013-03-25,313.9,42,12.6,0.0,11.7,0.339,21.54,70
-36.7486,147.7893,2013-03-25,341.5,92,13.6,0.0,10.0,0.343,20.73,68
-36.7363,147.7862,2013-03-25,352.7,97,15.4,0.0,9.0,0.335,21.65,67
-36.6578,147.9769,2013-03-25,302.3,39,13.2,0.0,11.7,0.332,21.54,70
-36.6436,147.9984,2013-03-25,344.8,94,11.9,0.0,7.7,0.323,22.09,70
-36.6455,147.9756,2013-03-25,395.9,100,13.2,0.0,11.7,0.334,21.54,71
-36.6543,147.9689,2013-03-25,323.2,81,13.9,0.0,11.7,0.328,21.54,70
-36.64,147.9905,2013-03-25,370.5,100,12.4,0.0,7.7,0.334,22.09,70
-36.6419,147.9691,2013-03-25,366.8,100,12.3,0.0,7.7,0.334,22.09,70
-36.6258,148.0106,2013-03-25,369.4,100,12.1,0.0,7.7,0.323,22.09,70
-36.6137,148.0078,2013-03-25,358.6,99,12.8,0.0,7.5,0.334,21.65,70
-36.4419,146.2853,2013-03-25,313.0,37,18.4,0.0,7.6,0.278,20.78,65
-36.2658,145.83,2013-03-25,328.3,84,18.7,0.0,7.8,0.251,20.81,67
-36.2678,145.801,2013-03-25,326.2,82,18.7,0.0,7.8,0.251,20.81,67
-36.261,145.822,2013-03-25,339.6,91,18.7,0.0,7.8,0.251,20.81,67
-36.2631,145.793,2013-03-25,320.9,77,18.7,0.0,7.8,0.251,20.81,67
-36.1969,145.9307,2013-03-25,323.2,79,18.9,0.0,8.5,0.243,20.87,67
-36.1923,145.9256,2013-03-25,322.1,78,18.9,0.0,8.5,0.243,20.87,67
-35.8196,148.7735,2013-03-25,311.0,64,13.5,0.0,10.1,0.347,21.96,66
-35.5129,150.3649,2013-03-25,311.2,53,20.4,0.4,15.3,0.15,16.74,83
-35.5155,150.3736,2013-03-25,309.3,28,20.3,0.4,15.3,0.15,16.74,83
-35.5171,150.359,2013-03-25,306.8,25,20.4,0.4,15.3,0.15,16.74,83
-35.8712,143.6617,2013-03-25,323.8,42,19.7,0.0,11.6,0.177,20.28,57
-35.8626,143.653,2013-03-25,321.1,56,19.7,0.0,11.6,0.177,20.28,57
-35.4185,146.8982,2013-03-25,327.4,81,19.4,0.0,8.2,0.244,21.39,58
-35.1277,147.1512,2013-03-25,335.9,87,19.4,0.0,8.6,0.244,21.61,58
-35.0872,146.8581,2013-03-25,321.0,53,19.6,0.0,9.7,0.234,21.52,57
-35.0892,146.8346,2013-03-25,367.5,100,19.3,0.0,9.7,0.237,21.52,57
-35.0911,146.8108,2013-03-25,325.1,74,19.4,0.0,9.7,0.237,21.52,57
-34.0703,148.3609,2013-03-25,323.5,73,19.7,0.0,7.2,0.241,22.4,55
-34.9658,147.5463,2013-03-25,322.6,74,18.8,0.0,10.2,0.249,21.82,59
-34.9767,147.4167,2013-03-25,324.5,70,19.3,0.0,10.2,0.251,21.82,59
-34.9752,147.4117,2013-03-25,326.0,77,19.3,0.0,10.2,0.251,21.82,59
-34.8543,147.6062,2013-03-25,319.7,66,18.7,0.0,9.4,0.244,21.92,58
-34.82,147.4298,2013-03-25,322.5,72,19.0,0.0,9.4,0.242,21.92,55
-34.8219,147.4084,2013-03-25,322.2,72,18.9,0.0,9.4,0.242,21.92,55
-34.4637,150.8805,2013-03-25,318.3,54,21.4,0.7,18.6,0.308,18.77,77
-34.8749,146.6025,2013-03-25,323.1,73,19.9,0.0,8.8,0.23,21.48,56
-34.7719,147.7002,2013-03-25,324.6,75,19.4,0.0,9.9,0.249,21.99,56
-34.7737,147.6796,2013-03-25,326.1,77,19.3,0.0,9.9,0.249,21.99,56
-34.8487,146.7695,2013-03-25,321.5,54,20.0,0.0,9.4,0.212,21.6,55
-34.8784,146.5978,2013-03-25,321.9,70,19.9,0.0,8.9,0.23,21.39,56
-34.7687,147.6947,2013-03-25,334.6,85,19.3,0.0,9.9,0.249,21.99,56
-34.7706,147.6741,2013-03-25,323.2,73,19.3,0.0,9.9,0.249,21.99,56
-34.8511,146.7647,2013-03-25,322.1,70,19.7,0.0,9.4,0.149,21.6,56
-34.6529,148.1635,2013-03-25,335.1,86,18.4,0.0,8.5,0.245,22.13,59
-34.6559,148.1765,2013-03-25,327.7,79,18.2,0.0,8.5,0.245,22.13,59
-34.6578,148.1571,2013-03-25,325.3,77,18.2,0.0,8.5,0.245,22.13,59
-34.733,146.9328,2013-03-25,325.2,75,20.2,0.0,9.4,0.232,21.73,53
-34.735,146.9097,2013-03-25,326.5,77,20.2,0.0,9.4,0.232,21.73,53
-34.7409,146.8398,2013-03-25,322.3,71,20.1,0.0,9.4,0.231,21.6,54
-34.6642,147.2879,2013-03-25,322.4,72,19.7,0.0,10.7,0.242,21.83,53
-34.6517,147.2862,2013-03-25,336.9,87,19.8,0.0,10.7,0.242,21.83,53
-34.6536,147.2643,2013-03-25,322.9,72,19.8,0.0,10.7,0.242,21.83,53
-34.5567,148.2203,2013-03-25,318.7,67,18.6,0.0,8.6,0.25,22.2,58
-34.5584,148.2015,2013-03-25,321.2,71,18.6,0.0,8.6,0.25,22.2,58
-34.4888,148.8174,2013-03-25,328.8,81,18.5,0.0,10.5,0.264,22.27,58
-34.562,148.2162,2013-03-25,323.5,74,18.7,0.0,8.6,0.25,22.2,58
-34.6507,147.2814,2013-03-25,331.1,82,19.8,0.0,10.7,0.242,21.83,53
-34.4885,148.83,2013-03-25,320.9,72,18.6,0.0,10.5,0.264,22.27,58
-34.4903,148.8127,2013-03-25,320.3,70,18.4,0.0,10.5,0.264,22.27,58
-34.5444,147.8988,2013-03-25,325.1,76,19.7,0.0,9.8,0.241,22.14,55
-34.5463,147.879,2013-03-25,322.3,72,19.6,0.0,9.8,0.241,22.14,55
-34.5307,147.5049,2013-03-25,327.8,78,19.6,0.0,9.1,0.227,22.01,53
-34.5377,147.5201,2013-03-25,326.3,77,19.4,0.0,9.1,0.227,22.01,53
-34.5397,147.499,2013-03-25,322.4,71,19.6,0.0,9.1,0.227,22.01,53
-34.4876,147.3853,2013-03-25,325.0,75,19.6,0.0,9.1,0.218,22.01,52
-34.2885,147.4538,2013-03-25,324.5,74,20.1,0.0,8.8,0.226,22.11,52
-34.2903,147.4328,2013-03-25,344.0,91,20.2,0.0,8.8,0.219,22.11,51
-34.157,148.2874,2013-03-25,320.2,67,19.7,0.0,9.0,0.242,22.32,53
-34.1589,148.2686,2013-03-25,321.8,71,20.0,0.0,9.0,0.242,22.32,54
-34.0785,148.4965,2013-03-25,320.6,61,20.0,0.0,6.4,0.241,22.43,55
-34.0805,148.4897,2013-03-25,316.8,32,19.7,0.0,6.4,0.247,22.43,56
-34.0684,148.3793,2013-03-25,317.8,40,19.4,0.0,6.4,0.241,22.43,55
-34.005,147.7301,2013-03-25,364.9,100,20.6,0.0,9.1,0.193,22.3,49
-34.0069,147.7102,2013-03-25,329.1,79,20.6,0.0,9.1,0.193,22.3,49
-33.9052,148.1964,2013-03-25,318.7,59,20.0,0.0,7.2,0.221,22.4,52
-33.9071,148.1781,2013-03-25,333.1,83,19.8,0.0,7.2,0.221,22.4,52
-33.9537,147.6962,2013-03-25,326.3,72,20.6,0.0,9.1,0.193,22.3,49
-33.9416,147.6946,2013-03-25,327.9,77,20.9,0.0,9.1,0.179,22.3,47
-33.7605,148.152,2013-03-25,324.7,73,20.3,0.0,7.3,0.227,22.51,51
-33.7623,148.133,2013-03-25,324.5,73,20.5,0.0,7.3,0.205,22.51,51
-33.3305,151.1095,2013-03-25,324.7,79,21.7,0.0,11.6,0.247,21.57,73
-33.3192,151.1203,2013-03-25,318.0,62,21.3,0.0,11.6,0.247,21.57,73
-33.3207,151.1079,2013-03-25,345.3,93,21.4,0.0,11.6,0.247,21.57,73
-33.3223,151.0955,2013-03-25,332.4,86,21.2,0.0,11.6,0.247,21.57,73
-31.7974,150.7716,2013-03-25,316.3,66,21.1,0.0,9.9,0.288,22.74,58
-32.356,150.0129,2013-03-25,348.9,94,21.0,0.0,12.5,0.313,23.01,62
-31.7682,151.4299,2013-03-25,339.0,90,17.3,0.0,11.0,0.355,21.89,69
-31.7667,151.4415,2013-03-25,315.9,62,17.3,0.0,11.0,0.355,21.89,69
-30.1232,153.0188,2013-03-25,313.9,67,23.7,2.0,10.1,0.357,18.92,86
-30.0343,145.9402,2013-03-25,336.3,82,25.3,0.0,11.3,0.047,23.83,34
-29.4567,150.2369,2013-03-25,332.7,67,24.6,0.0,10.0,0.173,22.51,63
-32.5872,148.3254,2013-03-25,318.5,45,19.9,0.0,7.3,0.285,22.89,55
-30.4096,151.4565,2013-03-25,314.7,63,19.7,0.0,13.7,0.208,23.35,63
-28.4409,150.5465,2013-03-25,323.8,70,25.7,0.0,16.1,0.214,23.66,63
-28.4394,150.5577,2013-03-25,328.8,79,25.7,0.0,16.1,0.214,23.66,64
-36.3435,141.5253,2013-03-25,313.2,87,17.9,0.0,10.2,0.147,15.4,66
-36.3329,141.5125,2013-03-25,307.1,70,17.8,0.0,10.2,0.147,15.4,66
-36.3313,141.5301,2013-03-25,302.0,25,17.9,0.0,10.2,0.147,15.4,66
-36.3442,141.5141,2013-03-25,313.9,86,17.9,0.0,10.2,0.147,15.4,66
-36.3425,141.5318,2013-03-25,305.1,21,17.9,0.0,10.2,0.147,15.4,66
-36.3323,141.5237,2013-03-25,310.9,80,17.8,0.0,10.2,0.147,15.4,66
-36.3453,141.5076,2013-03-25,301.6,31,17.9,0.0,10.2,0.147,15.4,66
-28.9382,148.238,2013-03-26,312.9,62,27.0,0.0,17.4,0.143,19.79,49
-29.2198,149.9416,2013-03-26,317.1,48,25.8,0.0,17.6,0.083,20.73,58
-29.7995,150.0491,2013-03-26,317.6,53,24.7,0.0,15.5,0.256,20.54,59
-30.4068,151.4581,2013-03-26,313.6,70,19.2,0.0,12.6,0.15,19.94,71
-28.43,150.5491,2013-03-26,318.9,70,25.3,0.0,18.2,0.201,20.79,60
-28.4316,150.5594,2013-03-26,327.0,80,25.2,0.0,18.2,0.203,20.79,61
-28.8591,150.2836,2013-03-26,318.8,56,24.9,0.0,18.3,0.179,20.97,62
-34.4607,150.8841,2013-03-26,312.5,55,21.8,0.0,19.6,0.305,15.16,88
-31.7969,150.7688,2013-03-26,311.2,64,20.5,0.0,8.4,0.273,18.56,74
-36.7353,147.797,2013-03-26,303.2,38,16.4,0.0,11.3,0.327,20.85,67
-36.3161,145.733,2013-03-26,334.5,83,21.6,0.0,12.7,0.223,20.79,57
-36.898,143.5449,2013-03-26,329.5,78,20.8,0.0,15.9,0.182,20.81,50
-36.8995,143.5335,2013-03-26,343.2,90,21.0,0.0,15.9,0.182,20.81,50
-36.9011,143.5222,2013-03-26,329.8,78,21.1,0.0,15.9,0.182,20.81,50
-36.4457,145.6737,2013-03-26,323.9,69,21.5,0.0,13.0,0.232,20.73,58
-36.6766,145.2522,2013-03-26,323.3,68,21.3,0.0,14.5,0.234,20.62,56
-36.1335,147.2142,2013-03-26,311.9,30,17.3,0.4,9.2,0.324,20.86,70
-36.1358,147.201,2013-03-26,334.7,86,17.0,0.2,10.6,0.324,20.87,70
-36.6644,143.7022,2013-03-26,325.6,71,21.1,0.0,14.6,0.179,20.76,50
-36.3613,145.6649,2013-03-26,323.0,67,21.1,0.0,12.7,0.232,20.79,58
-36.6553,143.7002,2013-03-26,323.0,52,21.1,0.0,14.6,0.179,20.76,50
-35.8926,148.7371,2013-03-26,332.0,86,14.4,0.0,15.3,0.346,19.56,70
-36.6784,145.2408,2013-03-26,322.0,60,21.2,0.0,14.5,0.212,20.62,56
-36.6121,145.4864,2013-03-26,328.5,77,21.1,0.0,12.7,0.248,20.71,57
-36.7111,147.8052,2013-03-26,349.0,95,16.0,0.0,13.6,0.336,21.05,66
-36.7134,147.7922,2013-03-26,348.1,95,16.7,0.0,13.6,0.339,21.05,64
-36.7157,147.779,2013-03-26,311.3,60,17.6,0.2,10.6,0.327,20.87,67
-36.8187,145.4056,2013-03-26,324.3,73,20.7,0.0,14.4,0.247,20.66,58
-36.8205,145.3941,2013-03-26,325.6,75,20.7,0.0,14.4,0.247,20.66,58
-36.7467,145.2165,2013-03-26,341.4,89,21.2,0.0,14.5,0.212,20.62,56
-36.6306,145.6109,2013-03-26,324.3,71,21.0,0.0,14.4,0.257,20.66,58
-37.2209,149.04,2013-03-26,355.1,98,17.6,0.0,11.3,0.3,19.92,71
-37.2238,149.0241,2013-03-26,418.0,100,17.0,0.0,11.3,0.3,19.92,70
-37.2267,149.0088,2013-03-26,317.5,73,17.1,0.0,11.3,0.3,19.92,71
-37.2105,149.037,2013-03-26,387.5,100,17.7,0.0,11.3,0.3,19.92,71
-37.2134,149.0212,2013-03-26,407.5,100,17.2,0.0,11.3,0.3,19.92,71
-37.2284,148.7073,2013-03-26,371.5,100,18.0,0.0,10.0,0.295,20.12,69
-37.2312,148.692,2013-03-26,327.8,83,17.7,0.0,11.3,0.295,19.92,69
-37.2296,148.717,2013-03-26,328.4,84,18.6,0.0,10.0,0.295,20.12,69
-37.2325,148.7012,2013-03-26,342.0,92,17.7,0.0,11.3,0.295,19.92,69
-37.2195,148.7134,2013-03-26,320.5,77,18.0,0.0,10.0,0.295,20.12,69
-37.2223,148.6982,2013-03-26,335.0,88,18.1,0.0,10.0,0.295,20.12,69
-37.3398,147.5687,2013-03-26,350.6,96,14.7,0.1,14.7,0.327,21.08,63
-37.342,147.5557,2013-03-26,314.9,71,15.1,0.1,14.7,0.327,21.08,64
-37.3398,147.5634,2013-03-26,336.6,89,14.9,0.1,14.7,0.327,21.08,63
-37.308,147.513,2013-03-26,313.3,69,14.1,0.1,14.7,0.342,21.08,63
-37.2983,147.5106,2013-03-26,406.4,100,14.8,0.1,14.7,0.342,21.08,63
-37.3005,147.4976,2013-03-26,399.5,100,15.0,0.1,14.7,0.342,21.08,63
-37.2886,147.5082,2013-03-26,345.4,94,15.0,0.1,14.7,0.342,21.08,63
-37.2909,147.4951,2013-03-26,346.9,94,15.4,0.1,14.7,0.342,21.08,63
-37.0058,148.7486,2013-03-26,310.9,62,17.5,0.0,8.4,0.292,20.31,67
-37.2292,147.4865,2013-03-26,319.5,77,17.0,0.0,12.9,0.297,20.96,63
-37.2315,147.473,2013-03-26,314.3,70,16.5,0.0,12.9,0.319,20.96,63
-37.2197,147.483,2013-03-26,460.5,100,15.7,0.2,14.3,0.327,21.11,64
-37.222,147.4696,2013-03-26,447.6,100,15.5,0.2,14.3,0.327,21.11,64
-37.2102,147.4794,2013-03-26,335.6,88,14.3,0.1,14.7,0.339,21.08,64
-37.2126,147.4659,2013-03-26,342.4,92,14.1,0.1,14.7,0.339,21.08,64
-37.1959,147.504,2013-03-26,347.0,94,15.6,0.2,14.3,0.327,21.11,64
-37.1983,147.49,2013-03-26,392.1,100,14.5,0.1,14.7,0.339,21.08,64
-37.1863,147.5008,2013-03-26,342.6,92,15.1,0.1,14.7,0.339,21.08,64
-37.1887,147.487,2013-03-26,407.6,100,14.0,0.1,14.7,0.339,21.08,64
-37.191,147.4737,2013-03-26,318.3,75,14.2,0.1,14.7,0.339,21.08,64
-36.4799,149.6981,2013-03-26,310.7,58,19.3,0.0,10.7,0.309,17.0,81
-36.4799,149.6911,2013-03-26,308.5,57,19.1,0.0,10.7,0.309,17.0,81
-36.7413,147.8043,2013-03-26,322.7,32,16.6,0.0,13.6,0.345,21.05,63
-36.7309,147.8103,2013-03-26,390.0,100,14.9,0.2,14.8,0.326,21.03,65
-36.7331,147.7975,2013-03-26,411.3,100,16.3,0.0,11.3,0.327,20.85,67
-36.7355,147.7838,2013-03-26,352.9,97,16.8,0.0,11.3,0.327,20.85,67
-36.7379,147.7699,2013-03-26,377.5,100,15.8,0.0,13.6,0.336,21.05,66
-36.721,147.8078,2013-03-26,373.1,100,15.7,0.0,13.6,0.336,21.05,65
-36.7232,147.7948,2013-03-26,446.3,100,15.9,0.0,13.6,0.324,21.05,67
-36.7256,147.7814,2013-03-26,397.3,100,16.8,0.0,13.6,0.345,21.05,63
-36.728,147.7675,2013-03-26,349.0,95,16.6,0.0,13.6,0.345,21.05,63
-35.9217,146.5131,2013-03-26,333.1,83,21.6,0.2,11.8,0.236,20.83,57
-36.0369,145.7427,2013-03-26,325.8,69,22.1,0.0,13.1,0.224,20.87,54
-36.0277,145.7404,2013-03-26,323.6,51,22.1,0.0,13.1,0.224,20.87,54
-35.8236,146.9197,2013-03-26,322.1,71,20.1,0.0,10.8,0.249,20.43,58
-35.8257,146.9072,2013-03-26,323.4,73,20.6,0.0,10.5,0.252,20.66,57
-35.8785,146.4764,2013-03-26,329.9,79,21.6,0.2,11.8,0.236,20.83,57
-35.903,146.3294,2013-03-26,328.6,77,21.7,0.1,12.5,0.227,20.88,55
-35.905,146.3172,2013-03-26,339.8,88,21.6,0.1,12.5,0.227,20.88,55
-35.869,146.474,2013-03-26,326.9,76,21.6,0.2,12.0,0.236,20.89,57
-35.8711,146.4617,2013-03-26,329.7,79,21.6,0.2,12.0,0.236,20.89,57
-35.9201,146.1075,2013-03-26,327.6,75,22.0,0.2,13.0,0.22,20.88,54
-35.9474,145.9408,2013-03-26,325.7,67,22.2,0.2,13.0,0.209,20.88,53
-36.1056,144.9385,2013-03-26,353.8,84,22.7,0.0,11.9,0.193,20.83,48
-36.1073,144.9273,2013-03-26,324.7,65,22.8,0.0,11.9,0.193,20.83,48
-35.9148,146.1129,2013-03-26,339.9,66,22.0,0.2,13.0,0.22,20.88,54
-35.9168,146.1009,2013-03-26,328.6,57,22.0,0.2,13.0,0.22,20.88,54
-36.0996,144.9316,2013-03-26,343.0,67,22.7,0.0,11.9,0.193,20.83,48
-35.6616,147.5632,2013-03-26,335.9,86,19.8,0.0,10.1,0.254,20.2,62
-35.664,147.5495,2013-03-26,323.3,73,19.7,0.0,10.1,0.258,20.2,64
-35.8193,146.6367,2013-03-26,325.1,73,21.7,0.2,12.1,0.24,20.78,55
-35.8213,146.6242,2013-03-26,325.7,74,21.7,0.2,12.0,0.24,20.89,55
-35.7144,147.1983,2013-03-26,344.8,92,20.9,0.0,13.0,0.255,20.59,58
-35.7167,147.1852,2013-03-26,331.6,82,21.0,0.2,9.7,0.255,20.65,58
-35.9058,146.0484,2013-03-26,329.3,76,22.2,0.2,13.0,0.214,20.88,53
-36.2075,144.078,2013-03-26,327.0,70,22.7,0.0,13.9,0.28,20.8,46
-36.2283,143.9334,2013-03-26,343.7,90,22.4,0.0,13.9,0.285,20.8,47
-36.2299,143.9222,2013-03-26,327.2,71,22.4,0.0,13.9,0.285,20.8,47
-35.7578,146.8844,2013-03-26,347.8,93,21.3,0.0,10.5,0.252,20.66,57
-35.7599,146.8716,2013-03-26,382.8,100,21.2,0.2,12.1,0.252,20.78,57
-35.7568,146.8308,2013-03-26,319.5,63,21.1,0.2,12.1,0.249,20.78,56
-35.8795,146.0916,2013-03-26,326.5,72,22.0,0.2,13.0,0.22,20.88,54
-35.9272,145.7952,2013-03-26,327.7,73,22.3,0.0,13.1,0.205,20.87,53
-35.9291,145.7835,2013-03-26,326.9,72,22.3,0.0,13.1,0.205,20.87,53
-35.6783,147.2303,2013-03-26,333.6,84,21.0,0.2,9.7,0.255,20.65,58
-35.9293,145.6621,2013-03-26,321.7,51,22.3,0.0,13.1,0.211,20.87,52
-35.6051,147.2316,2013-03-26,321.0,67,21.0,0.0,12.0,0.251,20.39,57
-35.6718,146.605,2013-03-26,329.1,78,21.9,0.2,12.0,0.238,20.89,54
-35.7313,146.2484,2013-03-26,324.8,69,22.3,0.2,12.6,0.22,20.93,52
-35.7334,146.2363,2013-03-26,326.2,72,22.3,0.2,12.6,0.22,20.93,52
-35.6674,146.5131,2013-03-26,338.6,87,21.9,0.2,12.0,0.233,20.89,53
-35.6695,146.5007,2013-03-26,323.1,65,22.0,0.2,12.0,0.233,20.89,53
-35.6636,146.5196,2013-03-26,324.1,65,21.9,0.2,12.0,0.233,20.89,53
-35.6656,146.5072,2013-03-26,336.7,85,21.9,0.2,12.0,0.233,20.89,53
-35.625,146.6922,2013-03-26,323.6,68,22.0,0.0,13.5,0.236,20.73,52
-35.6271,146.6796,2013-03-26,323.1,67,22.0,0.2,12.1,0.236,20.78,52
-35.65,146.542,2013-03-26,325.5,71,22.1,0.2,12.0,0.231,20.89,51
-35.652,146.5296,2013-03-26,334.1,82,21.9,0.2,12.0,0.233,20.89,53
-35.5813,146.8928,2013-03-26,320.5,62,21.4,0.0,13.0,0.236,20.59,53
-35.5676,146.6774,2013-03-26,321.8,63,22.0,0.0,13.5,0.236,20.73,52
-35.5698,146.6649,2013-03-26,335.0,84,22.1,0.0,13.5,0.236,20.73,52
-35.5602,146.6624,2013-03-26,328.5,76,22.1,0.0,13.5,0.236,20.73,52
-35.5719,146.5351,2013-03-26,331.2,79,22.1,0.1,12.7,0.231,20.84,51
-35.567,146.5401,2013-03-26,344.3,91,22.1,0.1,12.7,0.231,20.84,51
-35.5691,146.5276,2013-03-26,332.0,80,22.1,0.1,12.7,0.231,20.84,51
-35.5645,146.4361,2013-03-26,350.7,95,22.1,0.1,12.7,0.227,20.84,51
-35.5907,146.2768,2013-03-26,340.8,88,22.3,0.2,12.1,0.222,20.95,51
-35.5927,146.2646,2013-03-26,326.7,71,22.3,0.2,12.1,0.222,20.95,51
-35.6739,145.7629,2013-03-26,320.1,26,22.5,0.2,13.1,0.206,20.98,50
-35.5406,146.5203,2013-03-26,323.6,65,22.2,0.1,12.7,0.23,20.84,50
-35.5813,146.2744,2013-03-26,323.8,57,22.3,0.2,12.1,0.222,20.95,51
-35.4575,146.8941,2013-03-26,325.1,71,21.6,0.0,13.0,0.232,20.59,52
-35.427,146.9538,2013-03-26,323.5,68,21.9,0.0,13.0,0.233,20.59,53
-35.4293,146.9409,2013-03-26,321.6,63,21.9,0.0,13.0,0.23,20.59,52
-35.4187,146.879,2013-03-26,322.9,65,22.0,0.0,13.0,0.23,20.59,52
-35.4675,146.5872,2013-03-26,328.4,74,22.1,0.1,12.7,0.233,20.84,50
-35.4579,146.5847,2013-03-26,337.5,85,22.0,0.1,12.7,0.233,20.84,50
-35.3862,146.9514,2013-03-26,324.7,69,21.9,0.0,13.0,0.233,20.59,53
-35.4081,146.8224,2013-03-26,328.0,74,21.7,0.0,13.5,0.23,20.73,51
-35.4241,146.6679,2013-03-26,324.9,69,22.3,0.0,13.5,0.227,20.73,50
-35.4262,146.6553,2013-03-26,334.1,82,22.3,0.0,13.5,0.227,20.73,50
-35.3668,146.9464,2013-03-26,323.9,67,22.0,0.0,13.7,0.23,20.45,52
-35.5922,145.5797,2013-03-26,326.3,67,22.7,0.0,13.2,0.197,21.09,49
-35.2439,147.2369,2013-03-26,324.5,69,21.4,0.0,13.2,0.236,20.27,55
-35.534,145.1775,2013-03-26,345.7,91,23.2,0.0,13.0,0.171,21.1,45
-35.5358,145.1661,2013-03-26,341.5,87,23.2,0.0,13.0,0.171,21.1,45
-35.5249,145.1753,2013-03-26,377.0,100,23.2,0.0,13.0,0.171,21.1,45
-35.5267,145.1639,2013-03-26,371.1,100,23.2,0.0,13.0,0.171,21.1,45
-35.1849,147.1052,2013-03-26,323.1,64,21.9,0.0,13.7,0.232,20.45,53
-35.5023,145.0351,2013-03-26,326.8,66,23.4,0.2,13.3,0.164,21.09,44
-35.2005,146.7171,2013-03-26,328.4,70,22.4,0.0,13.1,0.227,20.57,49
-35.2027,146.7043,2013-03-26,327.0,58,22.3,0.0,13.1,0.227,20.57,49
-35.1887,146.7273,2013-03-26,327.4,38,22.4,0.0,13.1,0.227,20.57,49
-35.1909,146.7146,2013-03-26,340.6,87,22.4,0.0,13.1,0.227,20.57,49
-34.9597,147.74,2013-03-26,336.6,85,20.4,0.0,10.5,0.235,19.85,62
-34.7533,148.7458,2013-03-26,317.9,54,18.9,0.0,11.1,0.251,17.7,69
-34.7425,148.7429,2013-03-26,326.8,75,19.4,0.0,11.1,0.25,17.7,66
-34.9596,147.5631,2013-03-26,334.3,83,20.6,0.0,12.2,0.237,20.04,60
-34.962,147.5493,2013-03-26,340.0,88,21.0,0.0,12.2,0.235,20.04,58
-35.0785,146.8257,2013-03-26,338.7,86,22.3,0.0,13.1,0.223,20.34,49
-35.0807,146.8129,2013-03-26,351.1,95,22.3,0.0,13.1,0.223,20.34,49
-35.071,146.8104,2013-03-26,338.9,86,22.3,0.0,13.1,0.223,20.34,49
-35.0733,146.7976,2013-03-26,342.4,89,22.3,0.0,13.1,0.223,20.34,49
-35.0755,146.7847,2013-03-26,341.0,88,22.3,0.0,13.1,0.223,20.34,49
-34.8963,147.738,2013-03-26,321.2,62,20.9,0.0,10.5,0.233,19.85,60
-34.8907,147.7309,2013-03-26,361.0,100,20.8,0.0,10.5,0.233,19.85,60
-35.074,146.4886,2013-03-26,346.3,91,22.5,0.0,12.0,0.217,20.44,48
-34.7886,147.8237,2013-03-26,325.5,72,21.1,0.0,11.8,0.23,19.85,60
-34.7899,147.8324,2013-03-26,321.0,56,21.1,0.0,11.8,0.23,19.85,60
-34.678,148.3323,2013-03-26,332.4,82,19.8,0.0,10.5,0.234,18.98,64
-34.6808,148.3168,2013-03-26,340.6,89,19.8,0.0,10.5,0.234,18.98,64
-35.4928,143.2152,2013-03-26,334.3,78,23.2,0.0,14.8,0.145,21.01,48
-35.4533,143.2982,2013-03-26,330.0,71,23.2,0.0,14.8,0.144,21.01,48
-34.5093,148.6257,2013-03-26,318.7,60,19.7,0.0,12.5,0.242,17.9,62
-34.8689,146.6078,2013-03-26,333.0,79,22.8,0.0,13.1,0.214,20.29,47
-34.871,146.5952,2013-03-26,335.5,82,22.8,0.0,13.1,0.214,20.29,47
-34.8062,146.5458,2013-03-26,341.5,88,23.1,0.0,13.1,0.214,20.29,46
-34.4993,148.1742,2013-03-26,360.1,100,20.2,0.0,12.4,0.23,19.02,57
-34.502,148.1592,2013-03-26,355.6,97,20.3,0.0,12.4,0.23,19.02,57
-35.2999,142.9452,2013-03-26,333.7,73,23.2,0.0,15.3,0.147,21.1,50
-35.2908,142.9433,2013-03-26,328.7,64,23.2,0.0,15.3,0.147,21.1,50
-34.3922,148.316,2013-03-26,324.4,44,20.0,0.0,12.4,0.228,19.02,56
-34.395,148.3007,2013-03-26,335.8,80,20.3,0.0,12.4,0.228,19.02,56
-34.7145,145.9225,2013-03-26,340.4,86,23.4,0.0,9.3,0.179,20.68,44
-34.7165,145.9106,2013-03-26,343.0,88,23.4,0.0,9.3,0.179,20.68,45
-34.5972,146.2731,2013-03-26,330.9,74,23.6,0.0,12.1,0.186,20.58,43
-34.6422,146.0049,2013-03-26,347.7,92,23.6,0.0,9.3,0.175,20.68,43
-35.9385,146.5303,2013-03-26,322.9,43,21.6,0.2,11.8,0.236,20.83,57
-36.1119,145.4477,2013-03-26,332.9,80,22.3,0.1,12.7,0.214,20.87,52
-35.9291,146.5279,2013-03-26,356.6,98,21.6,0.2,11.8,0.236,20.83,57
-35.9311,146.5155,2013-03-26,427.3,100,21.6,0.2,11.8,0.236,20.83,57
-35.9332,146.5032,2013-03-26,343.0,90,21.6,0.2,11.8,0.236,20.83,57
-36.1418,145.1936,2013-03-26,330.7,77,22.5,0.0,11.9,0.201,20.76,51
-35.8865,146.7248,2013-03-26,324.4,73,21.0,0.3,10.5,0.25,20.78,58
-34.6442,145.9928,2013-03-26,325.9,49,23.6,0.0,9.3,0.175,20.68,43
-34.6378,146.0108,2013-03-26,335.6,81,23.5,0.0,9.3,0.175,20.68,43
-34.6398,145.9987,2013-03-26,355.6,97,23.6,0.0,9.3,0.175,20.68,43
-34.4642,146.8694,2013-03-26,327.1,70,23.0,0.0,15.5,0.209,20.28,44
-34.2218,148.1133,2013-03-26,330.6,79,21.1,0.0,13.3,0.219,19.35,52
-34.2573,147.9193,2013-03-26,326.9,73,21.8,0.0,13.3,0.212,19.35,51
-34.26,147.9046,2013-03-26,327.0,74,21.8,0.0,13.3,0.212,19.35,51
-34.263,147.8284,2013-03-26,342.2,89,21.9,0.0,13.3,0.209,19.58,51
-34.2867,147.6978,2013-03-26,327.9,75,22.0,0.0,13.3,0.209,19.58,50
-34.2893,147.6834,2013-03-26,324.4,68,21.9,0.0,13.3,0.209,19.58,50
-34.287,147.6374,2013-03-26,324.4,65,21.8,0.0,13.3,0.21,19.58,50
-34.4604,146.1629,2013-03-26,324.4,52,23.8,0.0,12.1,0.181,20.58,42
-35.0739,141.8845,2013-03-26,332.1,73,23.7,0.0,16.1,0.148,21.22,47
-33.9741,148.6291,2013-03-26,331.1,80,20.8,0.0,12.1,0.241,18.48,63
-33.9771,148.6126,2013-03-26,346.6,92,20.5,0.0,11.6,0.241,18.62,63
-34.3154,146.6569,2013-03-26,356.5,98,23.6,0.0,16.1,0.193,20.47,42
-34.3176,146.6441,2013-03-26,340.9,87,23.7,0.0,16.1,0.183,20.47,42
-34.3995,145.9778,2013-03-26,367.2,100,23.9,0.0,10.5,0.149,20.75,41
-33.852,148.537,2013-03-26,330.3,79,20.4,0.0,12.1,0.244,18.48,64
-33.3235,151.1148,2013-03-26,333.4,74,22.3,0.0,12.2,0.239,16.59,81
-34.0131,147.3927,2013-03-26,326.9,73,22.4,0.0,13.8,0.187,19.81,49
-33.9495,147.6897,2013-03-26,343.1,90,22.0,0.0,13.3,0.17,19.49,51
-33.9521,147.6752,2013-03-26,324.8,67,21.9,0.0,13.3,0.181,19.49,51
-34.1569,145.7627,2013-03-26,363.6,100,24.2,0.0,10.0,0.174,21.13,41
-34.1589,145.7508,2013-03-26,334.7,79,24.2,0.0,10.0,0.174,21.13,41
-33.9704,145.8921,2013-03-26,336.6,81,24.5,0.0,13.0,0.159,21.2,39
-33.9724,145.8801,2013-03-26,338.9,84,24.5,0.0,13.0,0.159,21.2,39
-33.9609,145.8898,2013-03-26,348.6,92,24.5,0.0,13.0,0.159,21.2,39
-33.9629,145.8778,2013-03-26,336.3,81,24.5,0.0,13.0,0.159,21.2,39
-33.6189,147.6749,2013-03-26,328.6,75,22.1,0.0,12.8,0.164,19.22,55
-33.6149,147.6686,2013-03-26,326.0,56,22.1,0.0,12.8,0.164,19.22,55
-33.62,146.5727,2013-03-26,328.2,65,24.2,0.0,14.9,0.15,21.46,39
-33.6187,146.5804,2013-03-26,327.7,60,24.2,0.0,14.9,0.15,21.46,39
-33.3572,146.8455,2013-03-26,341.2,81,23.4,0.0,13.8,0.146,21.24,41
-33.3595,146.8321,2013-03-26,344.0,89,23.4,0.0,13.8,0.146,21.24,41
-36.1921,145.9277,2013-03-26,324.1,44,21.7,0.3,13.1,0.233,20.8,58
-36.2014,145.93,2013-03-26,323.6,40,21.7,0.3,13.1,0.233,20.8,58
-35.93,147.4959,2013-03-26,326.9,50,18.3,0.1,9.1,0.303,20.58,66
-35.9179,147.5059,2013-03-26,345.5,93,17.4,0.1,9.1,0.303,20.58,66
-35.9202,147.493,2013-03-26,334.8,52,18.5,0.2,9.3,0.303,20.03,66
-36.1695,146.0083,2013-03-26,337.8,86,21.4,0.3,13.1,0.234,20.8,58
-36.1715,145.9964,2013-03-26,335.8,84,21.4,0.3,13.1,0.234,20.8,58
-35.9057,147.5168,2013-03-26,338.2,88,17.6,0.1,9.1,0.303,20.58,66
-35.908,147.5033,2013-03-26,335.6,87,17.7,0.1,9.1,0.303,20.58,66
-36.1981,145.7702,2013-03-26,340.6,88,21.7,0.0,12.7,0.229,20.79,57
-36.2,145.7585,2013-03-26,338.2,86,21.7,0.0,12.7,0.229,20.79,57
-35.8981,147.5009,2013-03-26,358.8,99,18.5,0.2,9.3,0.303,20.03,66
-35.9005,147.4877,2013-03-26,354.2,97,19.0,0.0,9.3,0.334,20.41,65
-35.9028,147.4745,2013-03-26,367.9,100,18.7,0.0,9.3,0.334,20.41,65
-36.151,146.0036,2013-03-26,342.0,89,21.4,0.3,13.1,0.234,20.8,58
-36.1529,145.9918,2013-03-26,325.0,52,21.4,0.3,13.1,0.234,20.8,58
-36.1889,145.7679,2013-03-26,324.6,69,21.8,0.0,12.7,0.229,20.79,57
-36.134,146.0488,2013-03-26,337.7,86,21.6,0.3,13.1,0.225,20.8,56
-36.1359,146.037,2013-03-26,338.6,87,21.6,0.3,13.1,0.225,20.8,56
-36.1398,146.0132,2013-03-26,326.1,68,21.7,0.3,13.1,0.225,20.8,56
-36.1417,146.0013,2013-03-26,374.7,100,21.7,0.3,13.1,0.225,20.8,56
-36.2001,145.6375,2013-03-26,331.7,79,22.1,0.0,12.7,0.229,20.79,54
-35.8784,147.4956,2013-03-26,338.0,88,18.2,0.1,9.1,0.303,20.58,66
-35.8807,147.4827,2013-03-26,348.1,94,19.4,0.0,9.3,0.334,20.41,65
-36.1382,145.9635,2013-03-26,351.7,95,21.7,0.3,13.1,0.225,20.8,56
-36.1401,145.9516,2013-03-26,371.0,100,21.7,0.3,13.1,0.225,20.8,56
-36.2647,145.1644,2013-03-26,333.3,81,22.1,0.0,11.9,0.234,20.76,54
-36.2665,145.1531,2013-03-26,329.2,75,22.1,0.0,11.9,0.234,20.76,54
-35.8686,147.4929,2013-03-26,319.8,69,17.8,0.2,9.3,0.303,20.03,66
-35.8709,147.4798,2013-03-26,348.0,94,19.1,0.0,10.1,0.334,20.2,65
-35.8703,147.4882,2013-03-26,337.1,88,18.3,0.2,9.3,0.303,20.03,66
-35.8726,147.4749,2013-03-26,328.9,81,18.8,0.0,10.1,0.334,20.2,65
-35.9968,146.6819,2013-03-26,321.2,68,21.2,0.3,10.5,0.244,20.78,61
-36.3391,144.2465,2013-03-26,335.6,83,22.5,0.0,13.8,0.156,20.8,47
-36.3407,144.2354,2013-03-26,341.4,88,22.5,0.0,13.8,0.156,20.8,47
-36.1181,145.456,2013-03-26,327.1,72,22.2,0.1,12.7,0.213,20.87,53
-36.1199,145.4445,2013-03-26,333.1,80,22.3,0.1,12.7,0.214,20.87,52
-36.3257,144.0824,2013-03-26,324.0,66,22.4,0.0,13.9,0.171,20.8,47
-36.3273,144.0712,2013-03-26,331.6,79,22.4,0.0,13.9,0.171,20.8,47
-31.2314,147.6582,2013-03-26,321.1,47,24.5,0.0,14.0,0.283,18.04,51
-37.2085,149.0385,2013-03-26,301.6,38,17.5,0.0,11.3,0.3,19.92,71
-36.1324,147.2065,2013-03-26,301.9,45,17.0,0.2,10.6,0.324,20.87,70
-37.2224,148.7432,2013-03-26,303.0,53,17.9,0.0,10.0,0.295,20.12,69
-37.312,148.6536,2013-03-26,320.4,100,17.8,0.0,10.0,0.295,20.12,69
-37.2192,148.7176,2013-03-26,300.8,34,18.2,0.0,10.0,0.295,20.12,69
-33.4531,148.2089,2013-03-27,316.0,56,24.5,0.0,21.8,0.217,20.73,57
-33.4495,148.2148,2013-03-27,315.3,53,24.7,0.0,21.8,0.242,20.73,56
-33.5552,147.635,2013-03-27,319.9,66,25.7,0.0,23.4,0.202,21.18,53
-34.6287,148.3415,2013-03-27,316.9,61,23.4,0.0,22.5,0.223,19.94,57
-34.6308,148.3733,2013-03-27,326.3,77,23.7,0.0,22.5,0.227,19.94,59
-36.9665,149.2598,2013-03-27,310.0,61,19.6,0.0,17.5,0.264,20.8,59
-36.9686,149.2982,2013-03-27,308.5,51,20.0,0.0,17.5,0.264,20.8,59
-34.6275,148.3489,2013-03-27,323.4,74,23.4,0.0,22.5,0.223,19.94,57
-34.6298,148.3803,2013-03-27,323.3,74,23.5,0.0,17.8,0.225,19.78,60
-35.9022,147.5021,2013-03-27,338.0,89,20.8,0.0,16.0,0.292,20.22,64
-35.8869,147.5009,2013-03-27,361.9,100,20.9,0.0,17.7,0.292,20.2,64
-35.8891,147.4625,2013-03-27,340.5,90,22.3,0.0,16.6,0.326,20.11,63
-35.9403,146.507,2013-03-27,322.6,77,25.7,0.0,21.7,0.221,19.76,49
-35.8716,147.4996,2013-03-27,321.7,74,20.8,0.0,17.7,0.292,20.2,64
-35.8737,147.4631,2013-03-27,318.0,64,20.9,0.0,17.7,0.292,20.2,64
-35.8908,147.4964,2013-03-27,369.6,100,20.9,0.0,17.7,0.292,20.2,64
-35.8932,147.4582,2013-03-27,331.9,79,22.1,0.0,20.3,0.332,20.22,65
-35.9503,146.5036,2013-03-27,326.5,81,25.4,0.0,21.7,0.217,19.76,50
-35.8754,147.4951,2013-03-27,341.0,91,20.9,0.0,17.7,0.292,20.2,64
-35.8777,147.4585,2013-03-27,321.1,75,20.8,0.0,16.0,0.292,20.22,64
-35.4952,150.1857,2013-03-27,327.2,74,22.2,0.0,14.1,0.274,20.43,68
-35.4944,150.2034,2013-03-27,320.2,63,23.2,0.0,19.9,0.259,20.07,72
-35.4963,150.1814,2013-03-27,325.7,80,22.3,0.0,14.1,0.278,20.43,68
-35.9566,146.5083,2013-03-27,321.0,66,25.5,0.0,21.7,0.217,19.76,50
-37.2107,149.0222,2013-03-27,308.4,59,19.0,0.0,20.4,0.291,20.92,58
-37.221,149.0194,2013-03-27,310.1,63,18.2,0.0,20.4,0.291,20.92,58
-37.1084,149.0068,2013-03-27,313.4,55,19.0,0.0,20.4,0.257,20.92,60
-37.1104,148.9761,2013-03-27,317.3,74,19.5,0.0,20.4,0.257,20.92,60
-37.1038,148.9992,2013-03-27,319.4,76,18.6,0.0,20.4,0.291,20.92,58
-37.106,148.9679,2013-03-27,310.9,64,19.8,0.0,20.4,0.257,20.92,60
-36.9873,149.4707,2013-03-27,317.2,74,19.7,0.0,17.5,0.292,20.8,61
-36.981,149.4648,2013-03-27,328.7,84,20.1,0.0,17.5,0.269,20.8,61
-36.9655,149.4889,2013-03-27,314.9,71,20.0,0.0,15.5,0.264,20.57,65
-36.9675,149.4613,2013-03-27,310.6,52,20.6,0.0,12.9,0.264,20.67,65
-36.7368,147.7754,2013-03-27,308.7,24,17.7,0.0,20.6,0.328,20.42,63
-36.7218,147.7719,2013-03-27,311.3,55,18.9,0.0,20.6,0.319,20.42,64
-36.7239,147.7366,2013-03-27,308.3,36,19.9,0.0,16.3,0.351,20.16,62
-35.4363,147.0288,2013-03-27,319.1,71,25.6,0.0,23.9,0.218,20.44,49
-35.2183,146.6853,2013-03-27,322.9,75,26.5,0.0,23.9,0.212,20.47,47
-35.2104,146.6803,2013-03-27,321.6,72,26.5,0.0,23.9,0.212,20.47,47
-35.1164,146.6337,2013-03-27,337.8,88,26.8,0.0,24.5,0.206,20.54,46
-35.1214,146.6664,2013-03-27,325.7,77,26.6,0.0,24.5,0.208,20.54,46
-35.1237,146.6273,2013-03-27,334.3,85,26.8,0.0,24.5,0.206,20.54,46
-34.7136,150.2925,2013-03-27,330.0,57,21.4,0.0,13.9,0.295,18.77,72
-33.7715,150.1331,2013-03-27,329.2,61,19.5,0.0,8.9,0.325,17.68,74
-33.3308,148.7896,2013-03-27,320.6,66,22.6,0.0,20.2,0.276,19.86,63
-33.645,148.0198,2013-03-27,320.7,71,24.9,0.0,23.0,0.196,20.97,55
-33.8755,146.0492,2013-03-27,323.9,74,27.6,0.0,24.3,0.148,20.75,40
-33.8732,146.0893,2013-03-27,330.9,82,28.1,0.0,25.4,0.157,20.72,40
-33.6732,150.4973,2013-03-27,319.5,67,20.9,0.0,7.6,0.278,18.17,76
-33.6762,150.5024,2013-03-27,314.1,54,21.3,0.0,7.6,0.278,18.17,76
-33.784,150.1354,2013-03-27,347.1,94,18.8,0.0,14.4,0.325,17.59,73
-34.6956,150.3283,2013-03-27,353.3,97,21.2,0.0,13.9,0.299,18.77,77
-34.6977,150.305,2013-03-27,347.1,94,22.8,0.0,9.3,0.296,19.12,74
-34.6177,148.215,2013-03-27,317.9,62,22.9,0.0,24.4,0.22,20.15,56
-34.415,147.6759,2013-03-27,320.7,70,25.2,0.0,25.2,0.201,20.82,52
-34.4164,147.6711,2013-03-27,321.2,72,25.2,0.0,25.2,0.201,20.82,52
-34.2694,148.0629,2013-03-27,318.9,67,24.2,0.0,24.4,0.207,20.82,54
-34.1664,148.2589,2013-03-27,343.8,91,24.2,0.0,23.5,0.212,20.4,56
-33.7739,150.5144,2013-03-27,312.3,38,21.1,0.0,7.6,0.28,18.17,77
-34.0164,147.404,2013-03-27,320.5,70,25.8,0.0,24.9,0.177,21.13,51
-33.7822,150.1554,2013-03-27,323.7,60,20.5,0.0,8.9,0.309,17.68,75
-32.602,148.3054,2013-03-27,340.1,89,23.8,0.0,19.3,0.25,21.69,59
-32.5997,148.3338,2013-03-27,342.7,91,23.4,0.0,17.7,0.25,21.41,59
-32.616,148.3069,2013-03-27,327.4,78,23.7,0.0,19.3,0.25,21.69,59
-32.6136,148.3358,2013-03-27,318.2,50,23.1,0.0,17.7,0.25,21.41,59
-32.5924,148.3092,2013-03-27,317.4,53,23.7,0.0,19.3,0.25,21.69,59
-32.6064,148.3107,2013-03-27,353.2,96,23.7,0.0,19.3,0.25,21.69,59
-32.6042,148.3393,2013-03-27,337.0,87,22.6,0.0,17.7,0.285,21.41,62
-33.255,146.7642,2013-03-27,323.0,73,27.2,0.0,25.6,0.148,21.18,44
-33.2649,146.7699,2013-03-27,321.6,71,27.2,0.0,25.6,0.148,21.18,44
-33.333,148.7629,2013-03-27,325.2,77,22.8,0.0,19.5,0.262,20.53,61
-34.6973,150.3348,2013-03-27,341.8,88,21.1,0.0,13.2,0.299,18.48,77
-34.6992,150.3129,2013-03-27,381.0,100,21.4,0.0,13.9,0.295,18.77,72
-34.6867,150.3105,2013-03-27,323.9,75,22.8,0.0,9.3,0.286,19.12,73
-29.0235,150.3937,2013-03-27,333.9,85,23.7,0.0,16.0,0.219,22.05,59
-29.1909,150.1183,2013-03-27,324.4,57,24.6,0.0,18.6,0.287,22.38,56
-29.1872,150.1045,2013-03-27,324.4,68,24.7,0.0,18.6,0.287,22.38,56
-29.2051,150.3949,2013-03-27,326.2,72,23.7,0.0,15.3,0.31,21.94,59
-29.2033,150.4122,2013-03-27,326.1,69,23.7,0.0,15.3,0.31,21.94,59
-29.4395,152.0312,2013-03-27,316.2,68,17.4,0.0,11.4,0.368,20.89,82
-29.7984,150.034,2013-03-27,325.3,76,24.4,0.0,16.8,0.253,21.93,55
-29.9188,149.8631,2013-03-27,324.4,64,24.9,0.0,17.1,0.265,20.77,54
-31.4323,148.2898,2013-03-27,330.0,80,25.6,0.0,23.1,0.342,22.0,52
-31.4461,148.2913,2013-03-27,326.4,76,25.6,0.0,23.1,0.342,22.0,52
-31.4388,148.2975,2013-03-27,339.6,88,25.6,0.0,23.1,0.342,22.0,52
-28.2848,153.4513,2013-03-27,306.7,49,22.5,0.6,11.4,0.341,15.76,86
-33.9151,145.8946,2013-03-27,320.3,56,28.2,0.0,24.7,0.154,20.65,40
-33.9196,145.8922,2013-03-27,320.0,69,28.2,0.0,24.7,0.154,20.65,40
-35.4925,150.1851,2013-03-27,309.2,77,22.7,0.0,14.1,0.259,20.43,72
-36.9894,149.4736,2013-03-27,304.4,52,19.2,0.0,18.7,0.292,20.93,61
-35.5015,150.1871,2013-03-27,311.7,63,22.9,0.0,14.1,0.259,20.43,72
-35.4909,150.1962,2013-03-27,306.9,64,23.0,0.0,14.1,0.259,20.43,72
-35.4365,150.0641,2013-03-27,303.8,57,22.1,0.0,12.1,0.29,20.07,69
-34.4576,150.8862,2013-03-27,308.2,74,23.2,0.0,21.6,0.295,19.81,85
-34.4593,150.875,2013-03-27,304.3,60,23.1,0.0,21.6,0.295,19.81,85
-32.6033,148.3168,2013-03-27,306.0,66,23.5,0.0,16.9,0.25,21.66,59
-32.6019,148.3277,2013-03-27,308.8,75,22.5,0.0,17.7,0.285,21.41,62
-33.6784,150.4948,2013-03-27,302.6,40,20.7,0.0,8.2,0.278,17.7,76
-33.7703,150.1313,2013-03-27,307.3,21,19.6,0.0,8.9,0.325,17.68,74
-30.9463,148.2163,2013-03-27,302.1,46,26.3,0.0,22.7,0.284,22.05,49
-31.2258,147.6485,2013-03-27,306.0,66,26.5,0.0,20.8,0.232,22.06,49
-31.2243,147.6592,2013-03-27,309.5,77,26.3,0.0,20.8,0.266,22.06,50
-32.5928,148.3259,2013-03-27,304.9,15,23.4,0.0,17.7,0.25,21.41,59
-30.1978,149.0786,2013-03-27,304.7,61,26.1,0.0,17.2,0.188,21.77,50
-30.4897,148.0715,2013-03-27,305.3,64,26.8,0.0,22.9,0.252,22.19,48
-30.1963,149.089,2013-03-27,313.8,88,26.1,0.0,17.2,0.188,21.77,50
-30.2194,150.7168,2013-03-27,327.4,82,20.5,0.0,8.6,0.199,18.05,69
-30.2172,150.7044,2013-03-27,311.4,57,20.4,0.0,8.6,0.199,18.05,69
-31.7163,152.2302,2013-03-27,308.3,55,22.4,0.0,12.3,0.293,20.75,79
-29.451,149.0123,2013-03-27,314.0,45,26.2,0.0,19.3,0.197,22.62,49
-29.62,149.1091,2013-03-27,316.7,62,26.2,0.0,19.3,0.197,22.62,49
-29.3876,149.4767,2013-03-27,315.5,47,25.7,0.0,18.1,0.219,22.57,51
-31.209,151.39,2013-03-27,312.7,63,17.5,0.0,7.7,0.288,16.98,79
-32.4653,150.3225,2013-03-27,312.0,56,22.8,0.0,10.2,0.284,19.18,69
-31.7613,151.4329,2013-03-27,326.1,81,17.1,0.0,6.5,0.342,15.87,80
-33.6777,150.4921,2013-03-27,316.2,60,20.6,0.0,8.2,0.278,17.7,76
-33.6797,150.5041,2013-03-27,313.3,39,21.0,0.0,7.6,0.278,18.17,76
-35.4297,150.0576,2013-03-28,317.8,62,21.4,1.8,17.8,0.284,10.15,70
-31.7662,151.4296,2013-03-28,308.9,41,17.4,0.6,11.4,0.34,17.85,75
-28.8598,149.9176,2013-03-28,328.3,73,25.4,0.0,17.6,0.061,21.39,55
-29.4644,150.2181,2013-03-28,329.4,64,23.9,0.0,15.3,0.153,20.23,61
-29.284,148.9006,2013-03-28,332.3,72,26.0,0.0,17.4,0.236,20.17,54
-29.2863,148.8874,2013-03-28,324.0,39,26.0,0.0,17.4,0.236,20.17,54
-28.8814,149.9228,2013-03-28,338.9,88,25.4,0.0,18.4,0.061,20.92,55
-28.8679,149.9355,2013-03-28,378.7,94,25.4,0.0,17.6,0.061,21.39,55
-28.8571,149.9329,2013-03-28,339.4,88,25.4,0.0,17.6,0.061,21.39,55
-28.8688,149.9053,2013-03-28,301.0,35,25.5,0.0,17.6,0.061,21.39,55
-34.3283,147.9286,2013-03-29,305.0,57,14.8,0.0,13.9,0.292,21.89,50
-32.5856,146.6535,2013-03-29,306.7,53,16.8,0.0,16.6,0.177,22.53,44
-33.6581,146.5584,2013-03-29,303.1,41,16.2,0.0,16.4,0.207,21.91,42
-36.0392,146.9601,2013-03-29,305.6,60,14.0,0.0,13.5,0.323,20.95,60
-35.0807,150.6064,2013-03-29,310.0,79,17.4,1.5,22.9,0.207,18.89,64
-31.4486,150.5764,2013-03-29,311.5,44,20.3,3.8,15.6,0.338,22.82,63
-34.4575,150.8773,2013-03-29,311.0,54,17.9,0.0,25.3,0.306,15.7,60
-35.0802,150.6079,2013-03-29,307.3,60,17.4,1.5,22.9,0.207,18.89,64
-35.0809,150.6011,2013-03-29,303.5,19,17.3,1.5,22.9,0.207,18.89,64
-35.7904,147.014,2013-03-30,314.4,75,14.5,0.0,12.7,0.295,17.35,67
-35.792,147.001,2013-03-30,337.2,85,14.6,0.0,12.7,0.295,17.35,67
-35.0836,150.6038,2013-03-30,313.4,64,18.7,0.0,21.1,0.197,19.92,71
-34.4594,150.8851,2013-03-30,312.4,0,19.1,0.0,21.3,0.29,20.51,67
-34.4612,150.8739,2013-03-30,309.3,57,19.1,0.0,21.3,0.29,20.51,67
-33.8941,148.2381,2013-03-30,323.5,78,15.9,0.0,11.5,0.242,20.2,58
-34.6973,147.5565,2013-03-30,322.0,65,15.2,0.0,13.4,0.26,19.27,62
-34.6988,147.5447,2013-03-30,330.6,85,15.2,0.0,13.4,0.252,19.27,61
-34.0946,147.8954,2013-03-30,323.3,78,16.0,0.0,11.6,0.25,20.05,58
-33.6708,150.5074,2013-03-30,307.4,55,16.3,0.0,7.9,0.292,21.1,71
-33.6724,150.4964,2013-03-30,307.8,57,16.4,0.0,7.9,0.292,21.1,71
-33.8926,148.2493,2013-03-30,314.1,65,15.7,0.0,11.5,0.242,20.2,58
-33.0965,148.2943,2013-03-30,319.9,64,16.5,0.0,11.1,0.268,19.68,63
-30.3161,149.4171,2013-03-30,350.5,95,21.4,0.0,12.3,0.116,22.53,49
-30.3177,149.4066,2013-03-30,323.0,73,21.4,0.0,12.3,0.116,22.53,49
-28.423,152.2781,2013-03-30,308.4,42,17.8,0.2,12.0,0.322,8.69,86
-28.9643,148.2849,2013-03-30,332.1,80,21.0,0.0,9.8,0.067,23.24,41
-30.6534,147.7233,2013-03-31,320.9,77,19.8,0.1,15.4,0.258,13.2,51
-30.6549,147.7342,2013-03-31,368.1,100,19.9,0.1,15.4,0.258,13.2,51
-30.6608,147.7272,2013-03-31,328.9,84,19.9,0.1,15.4,0.258,13.2,51
-30.6623,147.7381,2013-03-31,315.1,70,19.8,0.1,15.4,0.258,13.2,51
-36.0043,146.2946,2013-04-01,314.0,36,15.7,0.0,12.7,0.248,15.9,66
-36.1019,145.7801,2013-04-01,326.2,81,16.1,0.0,12.8,0.211,16.35,65
-36.0062,146.3233,2013-04-01,314.9,26,15.7,0.0,12.7,0.248,15.9,66
-36.0024,146.3157,2013-04-01,349.7,95,15.7,0.0,12.7,0.248,15.9,66
-35.9475,145.9361,2013-04-01,317.9,54,16.3,0.0,13.0,0.211,16.02,64
-35.9448,145.9534,2013-04-01,312.3,28,16.2,0.0,13.0,0.225,16.02,64
-35.9467,145.9312,2013-04-01,317.5,69,16.3,0.0,13.0,0.211,16.02,64
-35.5739,149.4034,2013-04-01,315.4,70,13.4,0.4,11.3,0.275,19.77,73
-35.9225,145.7689,2013-04-01,337.5,89,16.4,0.0,12.8,0.195,16.35,62
-35.8628,145.8755,2013-04-01,316.8,49,16.2,0.0,13.9,0.211,17.31,63
-35.8614,145.8684,2013-04-01,315.5,53,16.3,0.0,13.8,0.211,17.56,64
-34.0503,149.8553,2013-04-01,312.6,56,11.8,0.0,12.4,0.339,16.62,72
-31.8379,145.8186,2013-04-01,331.2,79,19.1,0.0,12.1,0.143,18.22,56
-32.7245,148.3565,2013-04-01,323.9,45,15.0,0.0,11.5,0.256,17.28,65
-32.7155,148.3622,2013-04-01,334.7,81,15.2,0.0,11.5,0.256,17.28,65
-32.0603,152.5157,2013-04-01,331.0,87,19.0,3.2,17.3,0.314,13.1,85
-31.8981,152.1758,2013-04-01,306.9,50,18.1,3.4,12.2,0.309,13.39,87
-29.3286,148.1526,2013-04-01,308.5,75,21.0,0.0,14.1,0.176,19.11,49
-28.9845,150.3825,2013-04-02,315.1,66,21.1,0.0,12.0,0.241,17.15,54
-28.986,150.3928,2013-04-02,312.1,52,21.1,0.0,12.0,0.241,17.15,54
-28.8815,148.4689,2013-04-02,334.9,85,22.0,0.0,15.8,0.087,21.65,44
-29.5367,151.5804,2013-04-02,306.7,53,16.8,0.0,11.6,0.304,17.28,72
-29.5137,147.8008,2013-04-02,351.7,96,20.9,0.0,15.8,0.168,22.2,47
-29.5154,147.8117,2013-04-02,328.0,78,21.0,0.0,15.8,0.168,22.2,47
-31.3168,148.7826,2013-04-02,315.1,61,18.9,0.0,16.3,0.157,21.73,50
-31.7499,151.4343,2013-04-02,305.5,30,14.0,0.0,9.9,0.326,20.3,73
-31.7594,151.4327,2013-04-02,314.7,71,14.2,0.0,9.9,0.348,20.3,71
-31.638,148.1731,2013-04-02,321.2,68,18.6,0.0,16.5,0.317,21.44,51
-31.6396,148.1838,2013-04-02,319.3,52,18.6,0.0,16.5,0.317,21.44,51
-31.647,148.1712,2013-04-02,328.2,78,18.6,0.0,16.5,0.317,21.44,51
-31.6487,148.1819,2013-04-02,328.7,81,18.6,0.0,16.5,0.317,21.44,51
-32.3407,147.708,2013-04-02,315.2,64,18.0,0.0,16.4,0.157,21.21,53
-32.4076,147.0292,2013-04-02,316.8,68,18.2,0.0,16.3,0.158,21.09,50
-32.7321,148.3943,2013-04-02,310.9,39,15.8,0.0,16.8,0.261,21.11,59
-32.9674,146.3809,2013-04-02,315.0,65,18.0,0.0,15.7,0.222,20.78,53
-33.2371,147.3599,2013-04-02,312.7,59,18.0,0.0,15.7,0.167,20.74,53
-34.4523,150.8659,2013-04-02,319.8,75,19.0,0.0,17.7,0.307,19.04,70
-34.4468,148.4739,2013-04-02,316.0,71,14.4,0.0,19.9,0.236,20.3,65
-35.3587,148.7363,2013-04-02,308.1,64,12.5,0.0,14.1,0.309,18.68,76
-35.3603,148.7475,2013-04-02,307.7,63,13.7,0.0,15.2,0.309,19.92,76
-35.6344,147.1805,2013-04-02,311.6,68,14.9,0.0,16.7,0.254,14.6,69
-35.8816,146.5094,2013-04-02,313.5,41,15.9,0.0,16.3,0.249,13.62,67
-35.8893,146.5129,2013-04-02,322.3,80,15.9,0.0,16.3,0.249,13.62,67
-35.896,145.6937,2013-04-02,309.0,26,16.9,0.0,15.8,0.184,12.2,63
-35.9412,145.7322,2013-04-02,312.3,63,16.9,0.0,15.8,0.184,12.2,63
-36.3566,144.8783,2013-04-02,311.3,52,17.0,0.0,18.6,0.217,11.37,65
-36.1618,143.619,2013-04-02,307.2,57,17.5,0.1,19.4,0.191,7.74,66
-35.3646,148.7323,2013-04-02,308.6,56,12.2,0.0,14.1,0.309,18.68,75
-36.5599,147.2413,2013-04-02,334.3,89,12.5,0.0,11.3,0.348,12.68,78
-36.666,144.7276,2013-04-02,322.6,79,15.7,0.0,19.5,0.225,9.56,68
-36.6095,144.7765,2013-04-02,328.5,84,16.5,0.1,19.4,0.223,10.05,67
-36.5111,144.9864,2013-04-02,314.1,52,16.5,0.1,19.4,0.188,10.56,67
-36.5131,144.9741,2013-04-02,323.9,75,16.5,0.1,19.4,0.188,10.56,67
-35.568,149.3797,2013-04-02,307.4,64,13.2,0.0,6.5,0.254,18.66,72
-36.2709,145.4354,2013-04-02,382.2,100,16.4,0.0,16.2,0.232,11.56,66
-36.2731,145.4226,2013-04-02,338.7,90,16.4,0.0,16.2,0.232,11.56,66
-35.7226,147.3589,2013-04-02,310.0,37,14.6,0.0,16.7,0.259,14.6,71
-36.2722,144.0569,2013-04-02,320.5,45,17.4,0.1,18.8,0.21,8.59,65
-35.9328,145.9671,2013-04-02,343.5,92,16.7,0.0,16.1,0.215,12.48,65
-35.376,148.737,2013-04-02,307.4,45,12.9,0.0,15.6,0.309,17.89,76
-35.6494,147.0193,2013-04-02,325.1,82,15.8,0.0,16.9,0.244,14.61,67
-35.8093,146.1442,2013-04-02,310.6,54,16.7,0.0,17.3,0.224,13.54,64
-35.8737,145.7213,2013-04-02,327.7,74,16.9,0.0,16.7,0.184,12.54,63
-35.5623,147.1015,2013-04-02,305.9,27,15.3,0.0,18.6,0.25,14.93,68
-35.5871,146.8501,2013-04-02,328.6,79,15.7,0.0,18.4,0.246,14.61,67
-35.5033,146.8053,2013-04-02,313.3,61,15.8,0.0,18.4,0.239,14.61,66
-35.3235,147.4426,2013-04-02,309.9,57,15.4,0.0,19.4,0.228,15.8,67
-35.3266,147.4262,2013-04-02,310.9,61,15.4,0.0,19.4,0.228,15.8,67
-35.4509,146.5807,2013-04-02,322.1,73,16.0,0.0,17.6,0.236,14.25,65
-35.3266,147.1881,2013-04-02,324.4,80,15.5,0.0,19.1,0.227,15.58,66
-35.3252,147.1822,2013-04-02,324.2,79,15.5,0.0,19.1,0.227,15.58,66
-34.9379,147.394,2013-04-02,314.5,64,15.9,0.0,20.1,0.214,17.05,63
-34.941,147.3775,2013-04-02,346.4,93,16.0,0.0,20.1,0.214,17.05,63
-34.9831,146.9621,2013-04-02,315.3,63,16.7,0.0,19.1,0.187,15.67,63
-34.745,148.1587,2013-04-02,321.5,76,14.0,0.0,18.5,0.252,18.96,64
-34.7484,148.1413,2013-04-02,333.9,86,14.7,0.0,20.9,0.255,19.62,65
-34.9696,146.9748,2013-04-02,315.5,64,16.7,0.0,19.1,0.187,15.67,63
-34.9725,146.9591,2013-04-02,333.9,86,16.7,0.0,19.1,0.187,15.67,63
-35.0044,146.7252,2013-04-02,328.1,81,16.7,0.0,18.3,0.193,14.65,62
-35.0072,146.7099,2013-04-02,321.9,74,16.6,0.0,18.3,0.193,14.65,62
-34.7796,147.7363,2013-04-02,313.2,62,16.0,0.0,21.2,0.241,18.82,64
-34.9036,147.0887,2013-04-02,314.1,61,16.3,0.0,19.1,0.199,15.67,62
-34.6835,148.1036,2013-04-02,317.3,70,15.4,0.0,20.9,0.255,19.22,65
-34.6834,148.1159,2013-04-02,313.3,55,15.3,0.0,20.9,0.255,19.22,65
-34.687,148.0977,2013-04-02,312.2,44,15.4,0.0,20.9,0.255,19.22,65
-34.6128,148.2912,2013-04-02,319.4,73,14.8,0.0,19.8,0.254,20.1,65
-34.5975,148.307,2013-04-02,318.8,73,14.9,0.0,19.8,0.254,20.1,65
-34.6013,148.2878,2013-04-02,346.7,94,14.7,0.0,19.8,0.254,20.1,65
-34.6587,147.9352,2013-04-02,313.7,63,14.8,0.0,20.9,0.248,19.22,65
-34.6474,147.9321,2013-04-02,332.0,85,15.2,0.0,20.9,0.249,19.22,63
-34.6509,147.914,2013-04-02,333.1,86,14.9,0.0,20.9,0.248,19.22,65
-34.4761,148.7242,2013-04-02,318.3,72,14.4,0.0,19.3,0.253,20.41,66
-34.6596,147.7492,2013-04-02,319.4,73,15.6,0.0,21.2,0.243,18.82,63
-34.663,147.7319,2013-04-02,327.5,81,15.8,0.0,21.2,0.243,18.82,63
-34.4734,148.718,2013-04-02,312.6,56,14.4,0.0,19.3,0.253,20.41,66
-34.6626,147.7443,2013-04-02,328.6,82,15.6,0.0,21.2,0.243,18.82,63
-34.6658,147.7271,2013-04-02,318.9,72,15.8,0.0,21.2,0.243,18.82,63
-34.618,147.5495,2013-04-02,338.9,89,16.0,0.0,19.7,0.227,19.09,61
-34.6214,147.5324,2013-04-02,323.5,77,16.0,0.0,19.7,0.227,19.09,61
-34.4012,148.2958,2013-04-02,322.3,76,14.7,0.0,19.8,0.245,20.1,63
-34.3991,147.9004,2013-04-02,321.5,75,16.4,0.0,19.4,0.241,19.94,61
-34.4026,147.8824,2013-04-02,348.8,95,16.4,0.0,19.4,0.241,19.94,61
-34.3878,147.8972,2013-04-02,315.1,48,16.5,0.0,19.4,0.241,19.94,61
-34.3913,147.8792,2013-04-02,338.5,89,16.4,0.0,19.4,0.241,19.94,61
-34.0881,148.7346,2013-04-02,311.5,56,15.4,0.0,16.3,0.24,20.65,61
-34.3003,147.622,2013-04-02,314.4,29,16.8,0.0,17.9,0.236,19.81,58
-34.3037,147.6045,2013-04-02,318.3,59,16.7,0.0,17.9,0.236,19.81,58
-34.0821,148.7494,2013-04-02,312.3,60,15.7,0.0,16.3,0.24,20.65,62
-34.3032,147.6171,2013-04-02,320.3,73,16.8,0.0,17.9,0.236,19.81,58
-34.0988,148.2917,2013-04-02,314.6,65,16.0,0.0,18.3,0.243,20.48,61
-34.2017,147.7745,2013-04-02,318.1,70,16.9,0.0,18.1,0.232,20.05,58
-34.9532,143.2897,2013-04-02,321.1,66,18.3,0.0,18.1,0.249,9.67,64
-34.0693,148.2153,2013-04-02,314.6,65,16.1,0.0,18.3,0.24,20.48,60
-33.9799,148.4141,2013-04-02,321.5,76,15.7,0.0,17.1,0.234,20.53,62
-33.9764,148.4079,2013-04-02,323.2,77,15.6,0.0,17.1,0.234,20.53,62
-33.9593,148.0579,2013-04-02,314.1,46,16.1,0.0,17.6,0.223,20.4,58
-34.3338,146.0321,2013-04-02,315.1,49,17.8,0.0,16.0,0.179,15.88,56
-34.3247,146.0375,2013-04-02,324.1,75,17.8,0.0,16.0,0.179,15.88,56
-33.5432,147.9271,2013-04-02,320.0,67,17.2,0.0,16.6,0.207,20.73,56
-33.5469,147.9085,2013-04-02,320.6,68,17.2,0.0,16.6,0.207,20.73,56
-33.5238,147.9019,2013-04-02,324.9,79,17.2,0.0,16.6,0.207,20.73,56
-34.0034,148.4837,2013-04-02,311.7,57,15.5,0.0,17.1,0.237,20.53,63
-34.927,147.6926,2013-04-02,309.9,49,15.3,0.0,20.6,0.236,17.41,65
-35.0666,146.828,2013-04-02,318.1,45,16.5,0.0,18.3,0.199,14.65,63
-35.0532,146.8405,2013-04-02,322.4,75,16.5,0.0,18.3,0.199,14.65,63
-35.0561,146.8252,2013-04-02,360.9,100,16.5,0.0,18.3,0.199,14.65,63
-35.0589,146.8098,2013-04-02,326.2,78,16.5,0.0,18.3,0.199,14.65,63
-33.0123,147.5023,2013-04-02,315.8,62,17.7,0.0,16.3,0.195,20.9,54
-33.572,146.3167,2013-04-02,319.8,67,18.2,0.0,15.6,0.17,19.84,53
-33.5747,146.3017,2013-04-02,322.2,72,18.2,0.0,15.6,0.17,19.84,53
-32.9859,148.1417,2013-04-02,315.1,58,16.4,0.0,17.3,0.253,20.96,58
-33.0089,147.5203,2013-04-02,320.5,71,17.7,0.0,16.3,0.195,20.9,54
-32.7318,148.3884,2013-04-02,312.6,42,15.7,0.0,16.8,0.261,21.11,59
-32.7362,148.3664,2013-04-02,314.1,51,14.3,0.0,17.2,0.241,20.99,60
-32.5458,148.3881,2013-04-02,333.6,86,15.9,0.0,16.0,0.24,21.19,57
-32.5499,148.3677,2013-04-02,325.4,79,16.1,0.0,16.0,0.24,21.19,57
-32.0698,150.02,2013-04-02,312.4,60,17.2,0.0,12.0,0.229,21.59,61
-32.0649,150.0105,2013-04-02,316.8,69,16.9,0.0,13.4,0.229,21.63,61
-32.3412,147.7068,2013-04-02,322.9,75,18.0,0.0,16.4,0.157,21.21,53
-32.3472,147.7013,2013-04-02,321.2,70,18.0,0.0,16.4,0.157,21.21,53
-32.4151,147.0343,2013-04-02,315.9,58,18.2,0.0,16.3,0.158,21.09,50
-31.6155,149.1581,2013-04-02,314.9,62,17.3,0.0,14.8,0.192,21.73,55
-31.4706,148.2613,2013-04-02,321.0,72,18.6,0.0,16.1,0.33,21.52,51
-31.475,148.2401,2013-04-02,324.5,76,18.7,0.0,16.1,0.313,21.52,50
-31.4698,148.2538,2013-04-02,326.5,79,18.6,0.0,16.1,0.33,21.52,51
-31.4741,148.2325,2013-04-02,317.5,65,18.7,0.0,16.1,0.313,21.52,50
-31.4642,147.3375,2013-04-02,322.8,72,19.1,0.0,14.8,0.154,21.48,49
-31.4678,147.3189,2013-04-02,319.6,66,19.1,0.0,14.8,0.154,21.48,49
-29.3199,148.8791,2013-04-02,333.6,84,22.4,0.0,15.6,0.247,20.94,43
-29.3253,148.8535,2013-04-02,344.5,92,22.4,0.0,16.0,0.247,21.41,43
-29.3063,148.8753,2013-04-02,331.5,82,22.4,0.0,15.6,0.247,20.94,43
-29.3118,148.8497,2013-04-02,332.6,83,22.4,0.0,16.0,0.202,21.41,43
-29.314,148.8701,2013-04-02,355.6,98,22.4,0.0,16.0,0.247,21.41,43
-29.3192,148.8445,2013-04-02,336.7,86,22.4,0.0,16.0,0.202,21.41,43
-28.8581,149.9241,2013-04-03,318.7,51,21.3,0.0,11.7,0.083,21.15,50
-29.3985,148.821,2013-04-03,315.3,30,21.6,0.0,17.1,0.221,20.91,46
-29.4085,148.8142,2013-04-03,314.7,52,21.6,0.0,17.1,0.221,20.91,46
-29.411,148.8491,2013-04-03,314.9,53,21.6,0.0,17.1,0.221,20.91,46
-29.5112,147.7893,2013-04-03,325.2,76,21.1,0.0,15.9,0.165,21.58,47
-29.5136,147.8193,2013-04-03,320.9,71,21.2,0.0,15.9,0.165,21.58,47
-34.3086,141.6364,2013-04-03,312.4,59,17.2,0.0,20.3,0.205,20.24,54
-35.5726,145.9493,2013-04-03,323.7,80,16.6,0.0,18.3,0.198,19.82,53
-35.8306,146.4422,2013-04-03,316.8,63,16.4,0.0,14.1,0.234,19.36,57
-35.8328,146.4366,2013-04-03,312.2,63,16.4,0.0,14.1,0.234,19.36,57
-35.8348,146.4672,2013-04-03,314.8,54,16.4,0.0,14.1,0.239,19.36,58
-35.8773,146.0437,2013-04-03,313.2,68,16.3,0.0,18.4,0.206,19.81,53
-36.7097,147.4751,2013-04-03,309.1,68,10.6,0.0,11.9,0.35,18.16,71
-37.1602,149.7585,2013-04-03,314.5,23,13.5,0.0,27.0,0.275,15.02,65
-37.1646,149.7662,2013-04-03,316.4,50,12.9,0.0,27.0,0.275,15.02,66
-35.3727,146.8793,2013-04-03,325.1,80,17.1,0.0,17.1,0.219,16.95,63
-36.7033,147.4993,2013-04-03,302.3,48,9.7,0.0,13.2,0.35,18.16,71
-36.7055,147.4698,2013-04-03,311.6,71,10.0,0.0,13.2,0.349,18.16,70
-36.6843,144.7808,2013-04-03,313.3,73,14.1,0.0,22.7,0.22,18.78,60
-36.6793,144.776,2013-04-03,312.9,71,14.1,0.0,22.7,0.22,18.78,60
-36.4056,147.2966,2013-04-03,318.3,77,14.5,0.0,12.0,0.341,19.72,63
-36.177,145.7082,2013-04-03,312.5,69,15.9,0.0,17.7,0.2,19.83,53
-35.9386,146.9489,2013-04-03,312.6,68,15.9,0.0,13.8,0.257,19.05,63
-35.9356,146.9411,2013-04-03,314.3,70,15.9,0.0,13.8,0.257,19.05,63
-35.8294,147.2292,2013-04-03,338.0,90,15.5,0.0,10.4,0.26,17.39,69
-35.8314,147.2002,2013-04-03,327.9,84,15.6,0.0,10.4,0.26,17.39,69
-35.8698,146.1253,2013-04-03,318.6,41,16.3,0.0,17.2,0.215,19.61,54
-35.8718,146.091,2013-04-03,319.8,57,16.3,0.0,18.4,0.215,19.85,54
-35.8256,147.2242,2013-04-03,343.1,92,15.5,0.0,10.4,0.26,17.39,69
-35.8277,147.1953,2013-04-03,320.4,77,15.6,0.0,10.4,0.26,17.39,69
-35.8724,146.1214,2013-04-03,320.4,77,16.3,0.0,18.4,0.215,19.85,54
-35.8746,146.0872,2013-04-03,317.2,73,16.3,0.0,18.4,0.215,19.85,54
-35.8169,145.7644,2013-04-03,341.8,92,16.5,0.0,18.4,0.185,19.96,52
-35.8189,145.7282,2013-04-03,347.3,94,16.5,0.0,18.4,0.177,19.96,51
-35.7541,146.5747,2013-04-03,314.2,40,16.4,0.0,14.1,0.243,19.36,59
-35.8207,145.7568,2013-04-03,333.8,87,16.5,0.0,18.4,0.185,19.96,52
-35.8229,145.7207,2013-04-03,320.3,76,16.5,0.0,18.4,0.177,19.96,51
-35.7531,146.5669,2013-04-03,319.6,76,16.4,0.0,14.1,0.243,19.36,59
-35.8052,145.7555,2013-04-03,340.4,91,16.5,0.0,18.4,0.185,19.96,52
-35.8074,145.7194,2013-04-03,327.3,83,16.5,0.0,18.4,0.177,19.96,51
-35.7008,146.9052,2013-04-03,314.9,70,16.7,0.0,13.1,0.246,18.32,63
-35.7671,145.6061,2013-04-03,313.1,66,16.5,0.0,17.9,0.176,19.99,51
-35.6837,146.4958,2013-04-03,316.9,73,16.5,0.0,14.1,0.233,19.36,58
-35.6957,146.3002,2013-04-03,324.3,80,16.5,0.0,17.2,0.222,19.61,56
-35.6977,146.267,2013-04-03,313.2,67,16.5,0.0,17.2,0.222,19.61,56
-35.7098,146.0646,2013-04-03,358.7,99,16.6,0.0,18.4,0.214,19.85,54
-35.7118,146.0303,2013-04-03,326.8,82,16.6,0.0,18.4,0.208,19.85,53
-35.7238,145.8204,2013-04-03,314.7,69,16.5,0.0,18.4,0.191,19.96,52
-35.7258,145.7847,2013-04-03,312.3,65,16.6,0.0,18.4,0.191,19.96,52
-35.752,145.9253,2013-04-03,314.8,69,16.4,0.0,18.4,0.196,19.85,52
-35.6839,146.4918,2013-04-03,316.9,68,16.5,0.0,14.1,0.233,19.36,58
-35.6971,146.2963,2013-04-03,325.2,81,16.5,0.0,17.2,0.222,19.61,56
-35.7126,146.0609,2013-04-03,360.8,100,16.6,0.0,18.4,0.214,19.85,54
-35.7148,146.0266,2013-04-03,321.3,77,16.6,0.0,18.4,0.208,19.85,53
-35.7281,145.8168,2013-04-03,316.5,71,16.6,0.0,18.4,0.191,19.96,52
-35.576,146.3107,2013-04-03,318.2,73,16.6,0.0,17.2,0.219,19.46,56
-35.5781,146.2777,2013-04-03,315.0,69,16.6,0.0,17.2,0.219,19.46,56
-35.5464,146.5352,2013-04-03,322.1,78,16.8,0.0,15.5,0.223,18.95,58
-35.5485,146.5035,2013-04-03,314.0,68,16.7,0.0,15.5,0.223,18.95,58
-35.5887,145.6847,2013-04-03,312.1,62,16.7,0.0,18.6,0.182,19.99,51
-35.4391,146.3589,2013-04-03,314.3,61,16.9,0.0,17.2,0.217,19.46,57
-35.4412,146.3263,2013-04-03,315.7,68,16.8,0.0,17.2,0.216,19.46,56
-35.4002,146.7363,2013-04-03,322.1,78,17.0,0.0,13.0,0.217,18.36,60
-35.3759,146.8865,2013-04-03,314.9,69,17.2,0.0,14.3,0.219,17.52,63
-35.439,146.3519,2013-04-03,317.0,71,16.9,0.0,17.2,0.217,19.46,57
-35.3956,146.7598,2013-04-03,316.8,71,17.1,0.0,13.0,0.219,18.36,62
-35.3978,146.729,2013-04-03,315.6,69,17.0,0.0,13.0,0.217,18.36,60
-34.9123,147.1019,2013-04-03,318.8,73,17.3,0.0,18.3,0.193,16.6,64
-34.9083,147.0967,2013-04-03,324.3,79,17.3,0.0,18.3,0.193,16.6,64
-34.9175,146.7739,2013-04-03,320.4,75,17.7,0.0,15.5,0.1,17.56,61
-34.6308,148.1611,2013-04-03,311.9,58,14.6,0.1,20.7,0.242,13.37,71
-34.7919,145.9863,2013-04-03,321.8,76,17.5,0.0,15.5,0.175,19.12,55
-34.794,145.9528,2013-04-03,314.9,66,17.5,0.0,15.5,0.175,19.12,55
-34.5083,148.5369,2013-04-03,333.4,86,14.7,0.0,21.5,0.239,13.6,72
-34.3802,147.914,2013-04-03,334.8,76,16.7,0.3,21.7,0.23,15.17,67
-33.9482,148.4547,2013-04-03,314.0,63,15.6,0.0,19.3,0.212,15.42,68
-29.3219,148.3301,2013-04-03,327.0,75,21.1,0.0,12.3,0.142,21.6,46
-29.3163,148.3221,2013-04-03,324.1,68,21.1,0.0,12.3,0.142,21.6,46
-29.5121,147.8025,2013-04-03,343.8,91,21.2,0.0,15.9,0.165,21.58,47
-29.4105,148.8234,2013-04-03,333.5,83,21.6,0.0,17.1,0.221,20.91,46
-29.514,147.782,2013-04-03,328.1,76,21.1,0.0,15.9,0.165,21.58,47
-28.8759,149.9055,2013-04-03,341.1,90,21.4,0.0,14.6,0.083,20.33,50
-28.8694,149.929,2013-04-03,334.6,85,21.3,0.0,11.7,0.083,21.15,50
-28.871,149.9144,2013-04-03,364.2,100,21.4,0.0,11.7,0.083,21.15,50
-28.8727,149.8998,2013-04-03,329.8,81,21.4,0.0,11.7,0.083,21.15,50
-28.38,152.2668,2013-04-03,312.5,62,16.7,4.9,14.0,0.362,14.65,89
-28.8743,149.9202,2013-04-03,356.2,98,21.3,0.0,11.7,0.083,21.15,50
-36.9438,142.1541,2013-04-03,308.4,55,13.6,0.0,16.6,0.321,17.03,61
-37.0264,142.0059,2013-04-03,325.3,82,13.5,0.0,17.6,0.194,17.07,61
-36.9459,142.1507,2013-04-03,309.1,62,13.6,0.0,16.6,0.321,17.03,61
-36.33,144.2816,2013-04-03,316.1,65,15.0,0.0,20.5,0.193,19.3,58
-36.1821,141.3315,2013-04-03,316.0,68,14.1,0.0,17.4,0.192,19.3,58
-35.7917,142.1939,2013-04-03,313.9,63,15.3,0.0,17.6,0.222,19.89,57
-37.0253,142.0095,2013-04-03,324.5,82,13.5,0.0,17.6,0.194,17.07,61
-36.4524,147.3663,2013-04-03,328.5,100,13.6,0.0,12.5,0.341,19.35,65
-36.4448,147.3704,2013-04-03,320.1,100,13.7,0.0,10.6,0.346,20.08,63
-36.4432,147.3822,2013-04-03,305.0,63,12.2,0.0,11.9,0.342,18.16,65
-36.454,147.3546,2013-04-03,304.3,60,14.4,0.0,12.0,0.341,19.72,63
-36.4509,147.3781,2013-04-03,323.5,100,12.7,0.0,10.0,0.341,18.88,65
-37.1538,149.7579,2013-04-03,305.5,43,13.5,0.0,27.0,0.275,15.02,65
-32.5414,148.3875,2013-04-03,300.9,36,16.9,0.0,18.9,0.227,17.25,62
-29.3254,148.1595,2013-04-03,321.6,100,21.0,0.0,12.3,0.165,21.6,47
-28.8709,149.9106,2013-04-03,314.0,88,21.4,0.0,11.7,0.083,21.15,50
-28.8688,149.9231,2013-04-03,310.2,79,21.3,0.0,11.7,0.083,21.15,50
-29.327,148.1488,2013-04-03,301.4,41,20.9,0.0,12.3,0.116,21.6,47
-30.4813,148.7213,2013-04-03,300.0,8,20.5,0.0,18.8,0.08,17.83,51
-29.407,148.82,2013-04-03,306.0,67,21.6,0.0,17.1,0.221,20.91,46
-29.3173,148.3354,2013-04-03,307.9,65,21.1,0.0,12.3,0.142,21.6,46
-29.319,148.3246,2013-04-03,310.9,81,21.1,0.0,12.3,0.142,21.6,46
-29.3081,148.3335,2013-04-03,303.0,53,21.1,0.0,12.3,0.142,21.6,46
-29.3098,148.3227,2013-04-03,304.0,58,21.1,0.0,12.3,0.142,21.6,46
-29.3346,148.1614,2013-04-03,312.1,84,21.0,0.0,12.3,0.165,21.6,47
-29.3861,149.4955,2013-04-04,319.3,70,22.1,0.0,18.4,0.223,18.06,56
-29.3126,148.3227,2013-04-04,316.9,62,22.0,0.2,19.3,0.14,18.14,57
-30.0841,148.098,2013-04-04,316.4,65,22.2,0.0,22.3,0.041,18.23,53
-30.4726,148.7103,2013-04-04,315.8,49,21.4,0.0,18.7,0.078,18.1,55
-30.763,148.2033,2013-04-04,313.8,62,21.4,0.0,20.6,0.288,17.29,54
-31.5981,148.4931,2013-04-04,322.1,76,19.4,0.0,20.8,0.206,18.17,61
-31.606,148.4851,2013-04-04,314.3,37,19.5,0.0,20.8,0.206,18.17,61
-34.1518,148.0265,2013-04-04,311.1,61,18.2,0.0,21.3,0.219,14.51,58
-34.4036,146.3057,2013-04-04,310.9,59,19.6,0.0,17.7,0.151,17.27,52
-35.0748,148.2473,2013-04-04,426.4,100,15.0,0.0,19.1,0.24,13.69,66
-35.0771,148.2603,2013-04-04,414.3,100,14.6,0.0,18.8,0.242,13.15,67
-35.0845,148.245,2013-04-04,367.0,100,14.6,0.0,18.8,0.242,13.15,67
-35.0866,148.2576,2013-04-04,382.9,100,14.9,0.0,19.1,0.242,13.69,67
-35.0881,148.2513,2013-04-04,330.9,86,14.9,0.0,19.1,0.242,13.69,67
-35.0903,148.2639,2013-04-04,307.4,53,14.7,0.0,19.1,0.242,13.69,67
-35.2417,148.1399,2013-04-04,318.5,33,14.6,0.0,14.1,0.253,13.46,65
-35.2438,148.1524,2013-04-04,337.0,89,14.5,0.0,14.1,0.242,13.46,67
-35.2513,148.1376,2013-04-04,323.3,80,13.6,0.0,14.1,0.255,13.46,69
-35.4396,147.9098,2013-04-04,309.1,57,14.7,0.0,7.9,0.251,14.58,67
-35.4493,147.9075,2013-04-04,308.4,49,14.4,0.0,7.9,0.251,14.58,67
-34.4076,142.2851,2013-04-04,309.4,39,16.9,0.0,15.0,0.227,20.25,54
-34.4214,142.2807,2013-04-04,311.2,56,16.9,0.0,15.0,0.227,20.25,54
-35.9613,148.7387,2013-04-04,301.1,36,10.4,0.0,10.5,0.297,12.84,80
-35.9633,148.7508,2013-04-04,301.2,34,9.9,0.0,9.2,0.282,11.81,79
-36.3178,149.9228,2013-04-04,300.5,37,14.8,0.4,9.7,0.287,7.43,80
-35.5365,145.4235,2013-04-04,314.0,69,18.0,0.0,15.7,0.154,17.11,55
-35.9336,145.7249,2013-04-04,305.5,21,17.7,0.0,12.4,0.171,16.05,57
-36.6907,147.4655,2013-04-04,300.5,38,13.3,0.0,9.0,0.342,15.47,71
-36.2631,144.7353,2013-04-04,307.8,59,16.8,0.0,14.7,0.179,17.67,58
-36.3048,144.7167,2013-04-04,308.5,62,16.8,0.0,14.7,0.179,17.67,58
-36.3085,144.735,2013-04-04,309.4,64,16.8,0.0,14.7,0.179,17.67,58
-36.1727,143.6445,2013-04-04,308.6,60,16.5,0.0,16.6,0.179,18.94,58
-36.1741,143.6369,2013-04-04,312.5,68,16.6,0.0,16.6,0.179,18.94,58
-36.6556,147.2316,2013-04-04,305.5,55,10.7,0.0,5.4,0.338,16.26,72
-36.6605,147.2383,2013-04-04,316.3,66,11.1,0.0,8.8,0.338,15.56,72
-37.2005,143.7812,2013-04-04,317.1,52,14.2,0.0,16.5,0.285,19.1,63
-36.693,147.4541,2013-04-04,309.4,54,12.2,0.0,8.1,0.342,15.82,74
-36.6874,147.4895,2013-04-04,309.4,23,12.7,0.0,8.4,0.356,15.73,73
-37.4271,143.6643,2013-04-04,316.1,66,13.0,0.0,16.8,0.222,19.02,66
-36.8387,148.6402,2013-04-04,316.0,43,11.3,0.0,9.7,0.319,14.73,72
-36.4428,143.6796,2013-04-04,339.7,88,15.9,0.0,15.3,0.183,18.9,59
-36.4444,143.6678,2013-04-04,326.1,76,15.8,0.0,15.3,0.183,18.9,59
-36.0625,145.9147,2013-04-04,317.3,65,17.2,0.0,12.2,0.197,15.81,59
-36.0642,145.9035,2013-04-04,319.6,69,17.2,0.0,12.2,0.197,15.81,59
-36.0871,145.7478,2013-04-04,335.9,86,17.2,0.0,12.4,0.182,16.05,58
-36.0887,145.7366,2013-04-04,317.9,65,17.2,0.0,12.4,0.182,16.05,58
-35.9657,146.495,2013-04-04,328.8,82,16.9,0.0,10.7,0.223,15.79,61
-35.834,147.2125,2013-04-04,313.5,64,16.0,0.0,10.1,0.25,15.67,69
-35.9593,146.1727,2013-04-04,327.6,80,17.1,0.0,11.3,0.206,15.81,60
-35.9048,146.0507,2013-04-04,326.9,67,17.4,0.0,12.2,0.206,15.81,60
-35.804,146.7146,2013-04-04,364.6,100,16.8,0.0,12.7,0.238,16.05,64
-35.8022,146.7259,2013-04-04,425.0,94,16.7,0.0,12.7,0.238,16.05,64
-35.9352,145.9594,2013-04-04,334.7,86,17.5,0.0,12.2,0.197,15.81,59
-36.0169,145.5303,2013-04-04,325.8,77,17.4,0.0,12.4,0.199,16.32,57
-35.835,146.7393,2013-04-04,337.6,89,16.8,0.0,12.7,0.238,16.05,64
-36.0259,145.5323,2013-04-04,314.4,50,17.4,0.0,12.4,0.199,16.32,57
-35.8441,146.7415,2013-04-04,320.8,41,16.7,0.0,12.7,0.238,16.05,64
-36.0058,145.7341,2013-04-04,315.0,56,17.4,0.0,12.4,0.188,16.05,58
-35.9513,146.1015,2013-04-04,320.2,71,17.0,0.0,12.2,0.205,15.81,60
-36.5468,147.3761,2013-04-04,320.7,80,14.1,0.0,8.0,0.333,15.54,70
-36.5487,147.3645,2013-04-04,317.7,77,14.5,0.0,8.0,0.333,15.54,70
-36.4546,147.3709,2013-04-04,315.0,66,14.2,0.0,8.0,0.333,15.54,70
-36.4564,147.3594,2013-04-04,314.7,42,14.6,0.0,8.0,0.333,15.54,70
-36.3776,147.8167,2013-04-04,306.6,39,13.8,0.0,7.2,0.338,15.44,69
-36.4482,147.3756,2013-04-04,315.3,72,14.0,0.0,7.2,0.338,15.44,68
-36.4501,147.3643,2013-04-04,307.6,37,14.7,0.0,7.9,0.333,15.54,68
-36.4483,147.3151,2013-04-04,326.7,80,14.8,0.0,7.9,0.333,15.54,68
-36.9084,143.5435,2013-04-04,323.2,74,15.0,0.0,15.2,0.214,19.17,63
-36.6116,145.6197,2013-04-04,318.0,68,15.3,0.0,10.7,0.241,16.13,65
-36.6133,145.6085,2013-04-04,338.4,89,15.3,0.0,10.7,0.241,16.13,65
-36.7075,144.8062,2013-04-04,317.6,39,15.7,0.0,18.9,0.21,17.93,61
-36.7091,144.7949,2013-04-04,318.4,53,15.6,0.0,18.9,0.21,17.93,61
-36.4882,146.019,2013-04-04,316.2,58,15.3,0.0,8.3,0.237,15.23,66
-36.9336,142.5686,2013-04-04,323.5,74,15.3,0.0,15.3,0.187,19.3,58
-36.565,145.3727,2013-04-04,325.5,77,15.8,0.0,13.2,0.215,16.78,62
-36.6438,144.8101,2013-04-04,340.7,89,16.1,0.0,18.9,0.206,17.93,60
-36.6453,144.7988,2013-04-04,357.7,99,16.1,0.0,18.9,0.206,17.93,60
-36.9334,142.5629,2013-04-04,320.6,60,15.3,0.0,15.3,0.187,19.3,58
-36.9314,141.8764,2013-04-04,326.7,78,14.8,0.0,14.8,0.256,19.32,58
-36.9213,141.8747,2013-04-04,320.3,58,14.8,0.0,15.1,0.256,19.31,58
-36.9228,141.8604,2013-04-04,328.8,76,14.8,0.0,15.1,0.256,19.31,58
-36.5564,144.7735,2013-04-04,319.0,65,16.0,0.0,16.6,0.206,17.79,60
-36.9247,141.8543,2013-04-04,325.3,71,14.8,0.0,15.1,0.256,19.31,58
-36.0307,147.9391,2013-04-04,311.1,58,16.0,0.0,4.8,0.329,15.2,70
-36.5773,144.0575,2013-04-04,327.0,77,16.1,0.0,15.8,0.203,18.63,60
-36.2591,146.1451,2013-04-04,318.1,68,15.6,0.0,9.3,0.206,15.44,62
-36.1768,146.1956,2013-04-04,317.6,68,16.5,0.0,9.3,0.217,15.44,60
-36.1621,146.174,2013-04-04,371.8,100,16.4,0.0,9.3,0.217,15.44,60
-36.1638,146.1628,2013-04-04,350.6,95,16.5,0.0,9.3,0.217,15.44,60
-36.2101,145.8501,2013-04-04,320.6,71,16.8,0.0,10.8,0.212,15.71,61
-36.2117,145.839,2013-04-04,318.8,68,16.9,0.0,10.8,0.203,15.71,60
-35.9181,146.6295,2013-04-04,324.1,76,16.8,0.0,9.1,0.235,15.83,64
-35.9108,146.616,2013-04-04,336.2,88,17.0,0.0,10.7,0.235,15.79,64
-35.857,146.7801,2013-04-04,334.1,86,16.2,0.0,12.7,0.246,16.05,66
-35.6356,146.2422,2013-04-04,322.0,60,18.0,0.0,14.0,0.206,16.28,56
-35.8193,146.5535,2013-04-04,318.5,41,17.1,0.0,13.0,0.233,16.24,63
-35.9418,145.7372,2013-04-04,325.1,75,17.6,0.0,12.4,0.171,16.05,57
-35.9434,145.7261,2013-04-04,326.7,78,17.6,0.0,12.4,0.171,16.05,57
-35.7588,146.8222,2013-04-04,315.7,41,16.9,0.0,12.7,0.241,16.05,64
-35.8853,145.931,2013-04-04,319.2,59,17.6,0.0,12.2,0.184,15.81,59
-35.8869,145.9199,2013-04-04,326.1,78,17.6,0.0,12.2,0.184,15.81,59
-35.7189,146.6641,2013-04-04,316.1,24,17.7,0.0,12.7,0.231,16.05,60
-35.7685,146.2784,2013-04-04,316.7,36,17.6,0.0,14.0,0.216,16.28,61
-35.6721,146.7829,2013-04-04,325.5,79,17.7,0.0,12.7,0.234,16.05,60
-35.6738,146.7715,2013-04-04,319.9,73,17.7,0.0,12.7,0.234,16.05,60
-35.6629,146.7807,2013-04-04,340.5,90,17.6,0.0,12.7,0.234,16.05,60
-36.1151,143.6023,2013-04-04,321.0,66,16.7,0.0,16.7,0.193,19.29,58
-35.8105,145.7467,2013-04-04,324.8,76,17.8,0.0,14.2,0.17,16.51,57
-36.0738,143.7752,2013-04-04,319.8,64,16.8,0.0,16.3,0.306,18.98,58
-35.442,147.9048,2013-04-04,313.0,64,14.5,0.0,7.9,0.251,14.58,67
-35.5752,147.0942,2013-04-04,379.5,100,17.2,0.0,15.6,0.23,15.89,58
-35.577,147.0826,2013-04-04,382.6,94,17.2,0.0,15.6,0.23,15.89,58
-35.653,146.6015,2013-04-04,323.4,67,17.8,0.0,13.0,0.228,16.24,59
-35.6723,146.4771,2013-04-04,327.9,63,17.8,0.0,13.0,0.223,16.24,59
-36.0734,143.6305,2013-04-04,398.4,100,16.7,0.0,16.3,0.193,18.98,58
-36.0749,143.6187,2013-04-04,383.3,100,16.6,0.0,16.7,0.193,19.29,58
-35.5707,147.0876,2013-04-04,320.5,69,17.3,0.0,15.6,0.23,15.89,59
-35.6458,146.606,2013-04-04,318.8,62,18.0,0.0,13.0,0.222,16.24,56
-35.7242,146.0893,2013-04-04,324.6,75,17.8,0.0,14.1,0.204,16.36,58
-36.0675,143.636,2013-04-04,318.2,35,16.7,0.0,16.3,0.193,18.98,58
-36.069,143.6242,2013-04-04,378.7,100,16.7,0.0,16.7,0.193,19.29,58
-36.0705,143.6124,2013-04-04,319.4,54,16.6,0.0,16.7,0.193,19.29,58
-35.5154,147.1344,2013-04-04,316.5,51,17.1,0.0,14.2,0.218,15.62,57
-35.6373,146.231,2013-04-04,324.2,76,18.0,0.0,14.0,0.206,16.28,56
-35.6576,146.097,2013-04-04,325.7,77,17.8,0.0,14.1,0.204,16.36,58
-35.6592,146.0859,2013-04-04,319.3,54,17.8,0.0,14.1,0.204,16.36,58
-35.5587,146.6796,2013-04-04,326.2,57,18.1,0.0,15.9,0.225,16.24,56
-35.493,146.9301,2013-04-04,317.1,59,17.9,0.0,15.6,0.218,15.89,55
-35.4472,147.1597,2013-04-04,317.2,68,17.1,0.0,14.2,0.218,15.62,57
-35.4564,147.0412,2013-04-04,319.8,50,17.5,0.0,15.6,0.217,15.89,56
-35.4583,147.0296,2013-04-04,328.6,82,17.7,0.0,15.6,0.217,15.89,56
-35.449,147.0274,2013-04-04,320.0,51,17.8,0.0,15.6,0.212,15.89,56
-35.5605,146.3107,2013-04-04,353.7,91,18.1,0.0,16.4,0.209,16.75,56
-35.4398,147.0252,2013-04-04,341.6,91,17.8,0.0,15.6,0.212,15.89,56
-35.4417,147.0137,2013-04-04,327.7,76,17.9,0.0,15.6,0.212,15.89,56
-35.2445,148.1544,2013-04-04,314.1,44,14.7,0.0,14.1,0.265,13.46,70
-35.2467,148.1413,2013-04-04,341.0,91,14.0,0.0,14.1,0.253,13.46,64
-35.2488,148.1289,2013-04-04,328.7,82,14.4,0.0,14.1,0.253,13.46,65
-35.5407,146.3177,2013-04-04,325.0,66,18.2,0.0,16.4,0.207,16.75,55
-35.235,148.1517,2013-04-04,328.9,83,14.7,0.0,14.1,0.242,13.46,67
-35.2371,148.1393,2013-04-04,340.6,90,15.2,0.0,14.1,0.253,13.46,65
-35.318,147.4537,2013-04-04,346.5,93,17.1,0.0,17.3,0.22,14.97,59
-35.3199,147.4418,2013-04-04,371.3,100,17.3,0.0,17.3,0.217,14.97,58
-35.4279,146.5777,2013-04-04,324.3,52,18.1,0.0,16.3,0.208,16.49,54
-35.345,146.9251,2013-04-04,321.0,73,18.2,0.0,19.1,0.201,15.64,55
-35.3468,146.9136,2013-04-04,325.0,78,18.2,0.0,19.1,0.201,15.64,55
-35.3116,146.9103,2013-04-04,324.9,77,18.1,0.0,19.1,0.201,15.64,55
-35.0818,148.2593,2013-04-04,336.0,88,14.8,0.0,19.1,0.242,13.69,67
-35.0839,148.2467,2013-04-04,346.8,94,14.7,0.0,19.1,0.242,13.69,67
-35.0743,148.2443,2013-04-04,320.7,74,15.0,0.0,19.1,0.24,13.69,66
-35.5047,145.4485,2013-04-04,323.4,72,18.0,0.0,15.7,0.154,17.11,55
-35.5063,145.4375,2013-04-04,317.7,32,18.0,0.0,15.7,0.154,17.11,55
-35.6349,144.3908,2013-04-04,321.1,67,17.7,0.0,13.0,0.266,17.96,55
-35.1185,147.6857,2013-04-04,322.5,75,17.4,0.0,20.4,0.222,14.36,61
-35.1205,147.6735,2013-04-04,317.5,66,17.4,0.0,20.4,0.222,14.36,61
-35.58,144.5352,2013-04-04,319.8,52,17.7,0.0,13.1,0.269,18.0,55
-35.1968,147.0574,2013-04-04,324.4,77,18.2,0.0,19.1,0.199,15.64,56
-35.1986,147.0457,2013-04-04,315.9,63,18.3,0.0,19.1,0.196,15.64,55
-35.5709,144.5333,2013-04-04,329.0,79,17.7,0.0,13.1,0.269,18.0,55
-35.6978,143.5148,2013-04-04,377.4,100,16.9,0.0,15.8,0.171,19.37,57
-35.6993,143.503,2013-04-04,326.0,74,16.9,0.0,15.8,0.171,19.37,57
-35.6885,143.513,2013-04-04,328.3,77,16.9,0.0,15.8,0.171,19.37,57
-35.0383,147.4651,2013-04-04,324.8,78,17.7,0.0,20.4,0.208,14.36,59
-34.9628,147.5089,2013-04-04,320.9,73,17.6,0.0,20.4,0.208,14.36,59
-34.582,148.4808,2013-04-04,335.3,82,15.8,0.0,21.5,0.237,14.63,69
-34.5115,148.5317,2013-04-04,334.5,86,16.1,0.0,21.5,0.231,14.63,68
-34.5138,148.5184,2013-04-04,334.5,86,16.0,0.0,21.5,0.231,14.63,68
-34.504,148.5157,2013-04-04,313.4,52,15.8,0.0,21.5,0.231,14.63,68
-34.9407,145.8394,2013-04-04,353.0,91,18.6,0.0,16.0,0.17,17.59,55
-34.6415,147.6314,2013-04-04,327.8,81,17.6,0.0,20.6,0.216,13.71,59
-34.4719,148.459,2013-04-04,361.4,100,15.6,0.0,21.5,0.231,14.63,68
-34.4741,148.4458,2013-04-04,317.6,69,15.8,0.0,21.5,0.233,14.63,66
-34.4794,148.297,2013-04-04,315.2,46,15.9,0.0,21.4,0.231,14.41,65
-35.3077,142.4265,2013-04-04,326.8,76,16.0,0.0,14.5,0.176,19.99,56
-35.3092,142.4138,2013-04-04,321.7,68,16.0,0.0,14.5,0.176,19.99,56
-35.3063,142.4208,2013-04-04,331.1,80,16.0,0.0,14.5,0.176,19.99,56
-34.4683,148.061,2013-04-04,326.0,80,16.4,0.0,21.4,0.225,13.9,63
-34.4704,148.0487,2013-04-04,331.7,85,17.1,0.0,21.4,0.224,13.9,61
-34.4275,147.9462,2013-04-04,332.4,85,17.8,0.0,21.4,0.221,13.9,59
-34.4179,147.9438,2013-04-04,330.0,83,17.8,0.0,21.4,0.221,13.9,59
-34.6461,146.201,2013-04-04,349.9,89,19.3,0.0,17.0,0.159,17.21,53
-34.6479,146.1898,2013-04-04,329.4,77,19.3,0.0,17.0,0.159,17.21,53
-34.9443,143.3078,2013-04-04,320.0,20,17.1,0.0,13.7,0.25,19.89,56
-34.9458,143.2961,2013-04-04,333.0,81,17.1,0.0,13.7,0.25,19.89,56
-34.5062,146.1569,2013-04-04,320.8,57,19.5,0.0,17.7,0.161,17.27,52
-34.0085,147.9814,2013-04-04,316.4,42,18.6,0.0,19.1,0.202,15.03,57
-34.6001,143.4303,2013-04-04,322.2,67,17.3,0.0,13.2,0.234,19.96,56
-33.4336,147.4352,2013-04-04,376.8,100,19.6,0.0,16.4,0.154,15.93,55
-33.7322,142.2617,2013-04-04,322.3,66,17.5,0.0,15.0,0.219,20.51,50
-30.0473,144.998,2013-04-04,342.2,83,22.5,0.0,14.9,0.045,21.31,47
-30.0382,144.9961,2013-04-04,324.2,45,22.4,0.0,14.9,0.045,21.31,47
-29.3195,148.3255,2013-04-04,325.8,72,22.0,0.2,19.3,0.14,18.14,57
-32.3791,146.986,2013-04-04,334.9,74,19.9,0.0,16.7,0.144,17.32,57
-30.3032,150.9681,2013-04-04,306.1,24,15.0,0.0,22.7,0.135,17.34,68
-30.3075,150.9463,2013-04-04,312.3,65,14.9,0.0,22.7,0.135,17.34,68
-29.3037,148.3334,2013-04-04,302.4,49,22.0,0.2,19.3,0.14,18.14,57
-29.3129,148.3316,2013-04-04,304.9,62,22.0,0.2,19.3,0.14,18.14,57
-37.1559,149.7623,2013-04-04,300.7,4,14.6,0.1,12.4,0.267,12.87,72
-37.1575,149.7748,2013-04-04,306.8,56,14.2,0.1,12.4,0.267,12.87,72
-29.3146,148.3495,2013-04-05,308.2,39,21.7,0.0,15.5,0.139,20.68,49
-28.9356,148.231,2013-04-05,320.1,75,21.9,0.0,16.3,0.149,21.01,50
-28.9404,148.2246,2013-04-05,311.8,33,21.9,0.0,16.3,0.149,21.01,50
-29.3073,148.3164,2013-04-05,311.6,64,21.7,0.0,15.5,0.139,20.68,49
-29.3092,148.336,2013-04-05,342.5,92,21.7,0.0,15.5,0.139,20.68,49
-29.3128,148.3298,2013-04-05,333.6,87,21.7,0.0,15.5,0.139,20.68,49
-29.8894,148.1622,2013-04-05,313.3,68,22.0,0.0,19.4,0.134,19.39,46
-30.5641,146.9908,2013-04-05,309.8,59,22.0,0.0,18.0,0.22,18.25,46
-30.5754,146.9892,2013-04-05,312.1,65,22.0,0.0,18.0,0.22,18.25,46
-32.5459,148.3799,2013-04-05,319.8,62,17.5,0.0,19.5,0.207,16.86,66
-32.5479,148.4022,2013-04-05,311.9,34,17.3,0.0,19.5,0.207,16.86,66
-32.4663,148.0589,2013-04-05,309.9,58,19.0,0.0,20.2,0.192,16.38,62
-34.4099,142.2894,2013-04-05,316.6,46,21.2,0.0,14.2,0.216,18.14,51
-35.1012,143.3232,2013-04-05,334.9,86,20.7,0.0,13.1,0.251,17.22,52
-35.9561,145.6713,2013-04-05,309.7,26,18.9,0.0,13.2,0.182,15.83,62
-35.9554,145.6658,2013-04-05,316.2,71,18.9,0.0,13.2,0.182,15.83,62
-37.309,144.1756,2013-04-05,304.2,35,14.6,0.0,11.5,0.248,15.9,68
-34.4191,142.2876,2013-04-05,315.6,24,21.2,0.0,14.2,0.216,18.14,51
-35.1028,143.336,2013-04-05,341.4,90,20.7,0.0,13.1,0.251,17.22,52
-35.9852,147.0144,2013-04-05,312.7,67,17.1,0.0,8.1,0.226,15.73,73
-35.9872,147.0356,2013-04-05,315.4,62,16.9,0.0,8.1,0.226,15.73,72
-35.9902,147.0287,2013-04-05,320.6,67,17.0,0.0,8.1,0.226,15.73,73
-35.9293,146.0949,2013-04-05,330.4,85,18.5,0.0,13.2,0.198,15.78,62
-35.1901,147.175,2013-04-05,309.8,48,18.5,0.0,19.1,0.197,15.53,62
-34.1358,147.3019,2013-04-05,311.6,61,19.3,0.0,19.0,0.196,15.53,58
-34.5899,148.5516,2013-04-05,325.8,83,16.5,0.0,15.8,0.231,13.66,67
-34.6024,148.5209,2013-04-05,322.0,75,16.9,0.0,15.8,0.23,13.66,67
-34.682,147.5129,2013-04-05,315.1,34,18.2,0.0,20.2,0.207,13.98,61
-34.6779,147.9251,2013-04-05,313.4,0,17.4,0.0,16.6,0.222,12.74,64
-35.1283,147.0332,2013-04-05,322.2,70,19.1,0.0,19.9,0.172,16.0,59
-35.7277,146.7279,2013-04-05,314.2,70,18.5,0.0,13.6,0.223,16.35,63
-35.7324,146.1098,2013-04-05,312.5,50,18.9,0.0,14.3,0.196,15.99,61
-35.7279,146.7241,2013-04-05,313.6,73,18.5,0.0,13.6,0.223,16.35,63
-34.1317,147.2973,2013-04-05,313.7,63,19.3,0.0,19.0,0.196,15.53,58
-34.0706,148.2881,2013-04-05,328.6,80,18.1,0.2,15.9,0.213,13.0,63
-30.3496,148.7088,2013-04-05,328.4,83,21.6,0.0,17.2,0.186,19.65,46
-29.316,148.3218,2013-04-05,341.2,90,21.7,0.0,15.5,0.139,20.68,49
-29.2375,150.3404,2013-04-05,320.1,72,19.6,0.0,19.2,0.304,20.27,53
-29.2355,150.3624,2013-04-05,318.4,63,19.6,0.0,19.2,0.301,20.27,54
-30.3486,148.7012,2013-04-05,331.9,85,21.6,0.0,17.2,0.186,19.65,46
-29.3162,148.3148,2013-04-05,330.3,82,21.7,0.0,15.5,0.139,20.68,49
-29.3137,148.3455,2013-04-05,325.5,78,21.7,0.0,15.5,0.139,20.68,49
-36.1266,145.9817,2013-04-05,323.0,78,18.2,0.0,11.4,0.2,15.87,65
-36.1186,145.9826,2013-04-05,321.0,76,18.1,0.0,13.2,0.2,15.78,65
-37.5026,143.8966,2013-04-05,314.1,61,14.1,0.0,11.2,0.266,14.84,70
-37.0181,141.0682,2013-04-05,317.4,67,18.2,0.0,13.0,0.138,18.47,58
-35.7581,142.1221,2013-04-05,342.3,90,19.5,0.0,13.6,0.2,18.57,57
-36.759,141.0281,2013-04-05,326.1,77,18.5,0.0,14.0,0.195,18.61,56
-36.6629,141.4429,2013-04-05,348.5,94,18.6,0.0,14.5,0.261,18.56,55
-36.3951,141.3179,2013-04-05,321.3,47,18.8,0.0,15.2,0.164,18.76,55
-36.4019,141.3147,2013-04-05,319.4,35,18.9,0.0,15.2,0.164,18.76,55
-35.883,143.1626,2013-04-05,325.0,76,20.2,0.0,15.9,0.182,16.68,53
-35.7586,142.1294,2013-04-05,320.4,67,19.4,0.0,14.3,0.2,18.24,57
-35.7463,142.1255,2013-04-05,344.2,92,19.6,0.0,14.3,0.191,18.24,56
-35.7511,142.1031,2013-04-05,335.4,85,19.5,0.0,13.6,0.2,18.57,57
-35.7458,142.1181,2013-04-05,340.5,89,19.6,0.0,13.6,0.191,18.57,56
-33.6097,142.4844,2013-04-05,318.6,75,21.5,0.0,15.1,0.095,16.56,51
-33.6162,142.4786,2013-04-05,317.5,74,21.5,0.0,15.1,0.095,16.56,51
-35.2447,148.1331,2013-04-05,302.0,46,14.8,0.0,10.2,0.245,13.09,71
-37.0663,145.578,2013-04-05,301.9,25,14.2,0.0,7.7,0.268,16.84,74
-34.4624,150.8747,2013-04-05,300.6,31,17.8,0.6,10.1,0.397,12.99,81
-34.4608,150.8856,2013-04-05,320.1,100,17.8,0.6,10.1,0.397,12.99,81
-28.7188,147.7545,2013-04-05,306.6,47,22.4,0.0,17.6,0.208,21.18,49
-28.7094,147.7529,2013-04-05,304.1,44,22.4,0.0,17.6,0.208,21.18,49
-29.3048,148.3209,2013-04-05,300.9,35,21.7,0.0,15.5,0.139,20.68,49
-29.3263,148.1584,2013-04-05,316.4,93,21.7,0.0,15.5,0.163,20.68,49
-29.3034,148.3317,2013-04-05,305.8,66,21.7,0.0,15.5,0.139,20.68,49
-30.2919,149.0955,2013-04-05,301.2,37,21.2,0.0,16.9,0.053,19.85,47
-30.5723,146.9884,2013-04-05,305.9,66,22.0,0.0,18.0,0.22,18.25,46
-34.719,147.431,2013-04-05,316.5,72,18.5,0.0,20.2,0.203,13.98,60
-34.7096,147.4272,2013-04-05,311.2,64,18.4,0.0,20.2,0.203,13.98,60
-34.7138,147.4476,2013-04-05,314.0,69,18.5,0.0,20.2,0.203,13.98,60
-35.9261,148.9013,2013-04-05,329.5,86,10.8,0.0,7.1,0.3,12.71,77
-35.9367,148.8976,2013-04-05,300.1,14,11.1,0.0,7.1,0.3,12.71,77
-35.9231,148.8855,2013-04-05,303.1,34,9.4,0.0,7.1,0.33,12.71,77
-35.9277,148.8944,2013-04-05,326.7,85,9.9,0.0,7.1,0.33,12.71,77
-35.9307,148.9097,2013-04-05,312.6,73,11.2,0.0,7.6,0.3,12.89,77
-36.031,146.3573,2013-04-05,309.9,39,18.0,0.0,11.8,0.211,15.8,66
-35.9384,146.5533,2013-04-06,321.1,74,18.4,0.0,11.2,0.219,14.48,63
-35.9324,146.7459,2013-04-06,322.5,76,17.8,0.0,8.9,0.226,15.2,64
-36.3701,144.5707,2013-04-06,322.0,71,19.6,0.0,12.5,0.16,15.4,58
-37.4992,145.5889,2013-04-06,353.6,92,13.5,0.0,7.3,0.322,15.05,75
-37.5008,145.5753,2013-04-06,387.7,94,12.6,0.0,7.3,0.322,15.05,76
-37.3399,146.2381,2013-04-06,304.8,50,13.5,0.1,7.2,0.312,14.66,76
-37.3304,146.2364,2013-04-06,305.2,23,12.5,0.0,7.2,0.312,14.44,77
-37.3612,144.566,2013-04-06,322.6,79,15.3,0.0,10.9,0.347,14.36,67
-36.8018,147.716,2013-04-06,328.5,0,13.8,0.3,5.2,0.333,14.53,83
-37.1896,143.828,2013-04-06,318.0,37,17.9,0.0,13.6,0.264,14.18,58
-36.4302,147.3307,2013-04-06,308.2,36,14.1,0.5,6.3,0.323,14.91,78
-36.4165,147.2921,2013-04-06,308.1,21,14.4,0.5,6.3,0.322,14.91,80
-36.4004,147.2948,2013-04-06,310.8,58,16.5,0.2,6.8,0.323,15.48,78
-36.6554,145.2612,2013-04-06,318.8,69,17.9,0.0,12.3,0.204,15.23,67
-36.6124,144.748,2013-04-06,334.8,86,18.2,0.0,11.7,0.192,15.35,62
-36.8384,142.5721,2013-04-06,354.8,92,20.6,0.0,16.6,0.311,14.46,50
-36.5964,144.612,2013-04-06,324.7,76,18.9,0.0,11.6,0.188,15.66,61
-36.3727,145.6859,2013-04-06,324.9,77,17.6,0.0,12.7,0.2,13.05,67
-36.3742,145.6729,2013-04-06,381.9,100,17.7,0.0,12.7,0.2,13.05,67
-36.3406,145.7063,2013-04-06,362.6,100,18.1,0.0,12.7,0.188,13.05,65
-36.3421,145.6933,2013-04-06,326.1,78,18.1,0.0,12.7,0.188,13.05,65
-36.337,145.7122,2013-04-06,338.0,88,18.0,0.0,12.7,0.188,13.05,65
-36.3386,145.6992,2013-04-06,343.8,86,18.1,0.0,12.7,0.188,13.05,65
-36.2487,146.0329,2013-04-06,315.9,63,17.7,0.0,12.4,0.2,13.22,65
-36.3717,144.5562,2013-04-06,320.7,69,19.6,0.0,12.5,0.16,15.4,58
-36.1229,146.0797,2013-04-06,317.4,60,18.3,0.0,13.2,0.186,12.66,63
-36.1244,146.0673,2013-04-06,327.8,80,18.3,0.0,13.2,0.186,12.66,63
-36.1441,145.7948,2013-04-06,321.6,73,18.9,0.0,12.7,0.176,13.05,62
-36.1143,145.9568,2013-04-06,326.4,79,18.5,0.0,13.2,0.194,12.66,63
-36.1159,145.9442,2013-04-06,329.0,81,18.7,0.0,13.2,0.185,12.66,62
-36.0352,146.3568,2013-04-06,316.9,58,18.5,0.0,12.2,0.204,13.69,63
-35.937,146.7526,2013-04-06,343.3,87,17.5,0.0,8.9,0.231,15.2,65
-34.637,149.859,2013-04-06,310.0,64,12.5,0.8,12.4,0.28,12.55,86
-35.8595,145.7244,2013-04-06,323.5,75,19.3,0.0,13.5,0.161,12.52,58
-35.6494,146.8569,2013-04-06,315.0,34,18.2,0.0,13.0,0.211,14.45,61
-35.599,147.1814,2013-04-06,313.7,45,17.5,0.0,14.2,0.222,14.05,64
-35.6419,146.8607,2013-04-06,317.5,59,18.3,0.0,13.0,0.211,14.45,61
-35.633,145.7605,2013-04-06,326.6,79,19.5,0.0,13.5,0.161,12.52,55
-35.2454,148.1382,2013-04-06,334.2,82,14.4,0.0,10.2,0.238,14.62,70
-35.352,147.3046,2013-04-06,321.7,56,17.6,0.0,17.1,0.202,14.36,62
-35.4352,146.6051,2013-04-06,328.3,71,19.0,0.0,15.6,0.194,13.67,57
-35.4367,146.5934,2013-04-06,335.2,86,18.9,0.0,15.6,0.194,13.67,57
-35.2168,148.1433,2013-04-06,315.1,47,15.4,0.0,12.7,0.239,14.86,72
-35.4259,146.6032,2013-04-06,324.0,76,18.9,0.0,15.6,0.194,13.67,57
-35.4274,146.5916,2013-04-06,325.4,77,19.0,0.0,15.6,0.194,13.67,57
-35.548,145.6225,2013-04-06,322.8,70,19.9,0.0,13.5,0.165,12.79,53
-35.3401,146.9242,2013-04-06,319.0,69,18.8,0.0,17.5,0.188,14.16,58
-35.3416,146.9128,2013-04-06,318.9,60,18.8,0.0,17.5,0.188,14.16,58
-34.9085,147.3333,2013-04-06,340.1,90,18.5,0.0,17.3,0.185,15.28,56
-34.547,148.644,2013-04-06,311.4,39,15.9,0.0,12.6,0.218,15.8,63
-34.509,148.523,2013-04-06,318.1,32,16.9,0.0,12.2,0.215,15.75,62
-34.6014,147.5579,2013-04-06,334.1,66,18.5,0.0,15.6,0.2,15.93,56
-34.136,148.4331,2013-04-06,336.3,67,17.5,0.0,11.6,0.197,16.08,60
-33.5351,146.8976,2013-04-06,319.3,56,19.4,0.0,15.2,0.162,16.53,52
-33.5288,146.8233,2013-04-06,320.3,0,19.5,0.0,15.3,0.167,16.35,52
-33.3953,146.6435,2013-04-06,325.4,53,20.0,0.0,15.3,0.169,16.35,51
-35.8374,147.037,2013-04-06,317.3,27,17.2,0.0,11.6,0.224,14.52,64
-35.8399,146.0397,2013-04-06,328.7,57,19.1,0.0,13.8,0.184,12.76,58
-35.8304,146.0379,2013-04-06,338.7,89,19.1,0.0,13.8,0.184,12.76,58
-35.8629,145.7767,2013-04-06,318.7,52,19.1,0.0,13.5,0.159,12.52,58
-31.8381,145.8274,2013-04-06,318.7,5,20.8,0.0,15.8,0.111,12.38,48
-29.3978,149.8384,2013-04-06,319.6,79,20.0,0.0,15.1,0.202,13.12,58
-32.0124,146.6972,2013-04-06,307.8,39,19.7,0.0,13.0,0.158,13.12,54
-29.3974,149.8437,2013-04-06,313.3,46,20.0,0.0,15.1,0.202,13.12,58
-29.8734,148.1701,2013-04-06,319.2,53,21.4,0.0,18.3,0.133,14.95,50
-31.7577,145.7378,2013-04-06,315.7,72,21.1,0.0,15.8,0.109,12.38,47
-31.7562,145.7489,2013-04-06,312.2,67,21.1,0.0,15.8,0.109,12.38,47
-31.7637,145.7457,2013-04-06,316.4,64,21.1,0.0,15.8,0.109,12.38,47
-31.8288,145.8257,2013-04-06,323.0,57,20.8,0.0,15.8,0.111,12.38,48
-37.5013,145.5796,2013-04-06,302.9,52,12.7,0.0,7.3,0.322,15.05,76
-37.3877,145.8717,2013-04-06,302.3,48,11.7,0.0,8.1,0.31,14.76,75
-37.3951,145.8635,2013-04-06,313.6,87,11.6,0.0,8.1,0.31,14.76,75
-37.077,145.5736,2013-04-06,305.3,16,13.7,0.0,6.8,0.239,15.47,74
-37.0758,145.5825,2013-04-06,306.5,10,14.6,0.2,9.5,0.261,15.74,75
-37.3878,145.8696,2013-04-06,302.5,49,11.6,0.0,8.1,0.31,14.76,75
-37.0624,145.5708,2013-04-06,307.8,40,14.0,0.0,6.8,0.239,15.47,74
-35.1854,147.2267,2013-04-07,312.2,61,18.5,0.0,11.3,0.186,18.26,60
-35.1938,147.211,2013-04-07,312.6,28,18.5,0.0,11.3,0.186,18.26,60
-32.8671,147.8627,2013-04-07,319.4,72,17.8,0.0,12.1,0.196,17.8,62
-35.1837,147.2127,2013-04-07,319.8,74,18.5,0.0,11.3,0.186,18.26,60
-37.3984,145.8713,2013-04-07,301.2,45,12.3,1.7,8.2,0.306,15.27,77
-37.1491,145.8312,2013-04-07,302.7,42,15.3,0.0,7.3,0.24,16.2,74
-37.1474,145.8176,2013-04-07,303.5,49,15.0,0.0,7.3,0.24,16.2,74
-37.0872,145.5708,2013-04-07,322.7,68,15.0,0.0,7.3,0.232,16.2,71
-37.2778,147.8057,2013-04-07,303.9,46,14.1,0.3,10.8,0.341,16.47,77
-37.1895,147.9254,2013-04-07,370.4,100,9.7,0.2,9.8,0.366,16.37,77
-37.1968,147.8944,2013-04-07,340.4,92,9.7,0.2,9.8,0.366,16.37,77
-37.1757,147.9196,2013-04-07,324.6,83,9.6,0.2,9.8,0.366,16.37,77
-37.1828,147.8895,2013-04-07,311.5,71,8.9,0.2,9.8,0.366,16.37,77
-37.1889,147.9205,2013-04-07,366.6,100,9.7,0.2,9.8,0.366,16.37,77
-37.1957,147.8906,2013-04-07,323.0,74,10.2,0.2,9.8,0.366,16.37,77
-37.4231,145.876,2013-04-07,326.7,48,11.9,3.3,7.6,0.314,14.86,78
-37.4192,145.8943,2013-04-07,322.1,66,12.5,3.3,7.6,0.314,14.86,78
-37.4241,145.8713,2013-04-07,320.2,64,11.9,1.7,8.2,0.314,15.27,78
-37.4116,145.8679,2013-04-07,373.7,94,12.5,1.7,8.2,0.314,15.27,78
-37.3918,145.8369,2013-04-07,386.1,87,12.3,1.7,8.2,0.314,15.27,78
-37.3967,145.8139,2013-04-07,322.4,46,12.4,1.7,8.2,0.314,15.27,78
-37.1543,145.824,2013-04-07,321.5,62,15.6,0.0,7.3,0.265,16.2,75
-36.2387,146.886,2013-04-07,311.7,60,14.5,0.2,6.3,0.297,16.56,75
-36.6533,144.7183,2013-04-07,320.3,74,18.9,0.0,8.7,0.186,16.17,58
-36.9346,142.8824,2013-04-07,322.8,66,20.4,0.0,17.8,0.172,14.48,49
-35.8567,146.8524,2013-04-07,317.4,70,16.8,0.0,8.4,0.225,17.94,68
-35.8629,146.8248,2013-04-07,315.5,66,17.2,0.0,8.4,0.224,17.94,67
-35.8567,146.4939,2013-04-07,314.9,58,18.3,0.0,8.9,0.205,17.89,64
-35.8434,146.4894,2013-04-07,318.6,62,18.6,0.0,8.9,0.207,17.89,62
-35.9049,146.1481,2013-04-07,319.0,71,19.0,0.0,8.4,0.185,17.76,60
-35.6432,146.6111,2013-04-07,315.2,64,18.8,0.0,8.9,0.201,17.89,60
-35.5138,147.0522,2013-04-07,310.7,44,17.9,0.0,9.5,0.198,18.23,62
-35.4435,147.0861,2013-04-07,318.1,70,17.8,0.0,9.5,0.196,18.23,61
-35.4461,146.5899,2013-04-07,316.7,63,18.7,0.0,10.7,0.188,18.08,58
-35.4326,146.5853,2013-04-07,315.6,51,18.7,0.0,10.7,0.188,18.08,58
-34.3101,146.1018,2013-04-07,318.0,50,20.4,0.0,8.4,0.147,17.9,48
-34.318,146.0968,2013-04-07,327.6,79,20.4,0.0,8.4,0.147,17.9,48
-34.3236,146.1062,2013-04-07,322.5,73,20.4,0.0,8.4,0.147,17.9,48
-34.6814,147.473,2013-04-07,317.8,68,17.9,0.0,13.3,0.193,18.26,57
-37.4994,149.4697,2013-04-07,305.6,18,16.7,0.0,11.1,0.24,17.81,79
-37.4977,149.4879,2013-04-07,328.5,100,16.5,0.0,11.1,0.24,17.81,79
-37.2372,149.1189,2013-04-07,304.3,31,14.3,0.0,8.6,0.424,17.34,78
-36.2375,146.898,2013-04-07,301.5,41,14.8,0.2,6.3,0.297,16.56,75
-37.0867,145.573,2013-04-07,307.6,72,15.1,0.0,7.3,0.232,16.2,71
-37.0723,145.5722,2013-04-07,305.1,63,14.7,0.0,7.3,0.232,16.2,71
-37.0842,145.5668,2013-04-07,306.9,57,14.9,0.0,7.3,0.232,16.2,71
-36.2348,146.9046,2013-04-07,300.1,6,14.3,0.2,6.3,0.297,16.56,75
-34.4628,150.8811,2013-04-07,310.0,79,17.4,2.1,9.4,0.409,16.05,85
-29.3237,148.1619,2013-04-07,310.8,81,21.0,0.0,10.2,0.161,17.17,55
-37.2209,149.1457,2013-04-07,301.0,12,14.5,0.0,7.2,0.424,16.61,78
-37.4951,149.4982,2013-04-07,301.7,43,16.5,0.0,11.1,0.24,17.81,79
-31.4414,148.7496,2013-04-07,311.8,69,19.1,0.0,10.1,0.13,16.84,57
-32.0009,149.2879,2013-04-07,306.7,34,16.7,0.0,11.2,0.234,16.64,73
-32.0071,149.315,2013-04-07,314.5,72,17.0,0.0,11.2,0.234,16.64,73
-35.0773,148.2319,2013-04-07,307.5,26,15.2,0.0,10.8,0.216,18.05,71
-35.0837,148.2609,2013-04-07,346.8,95,15.0,0.0,10.8,0.22,18.05,72
-35.074,148.2574,2013-04-07,331.6,87,15.1,0.0,10.8,0.22,18.05,72
-35.0875,148.2525,2013-04-07,335.6,90,15.2,0.0,10.8,0.22,18.05,72
-35.0939,148.2805,2013-04-07,306.0,49,15.3,0.0,10.8,0.22,18.05,72
-37.5027,149.4914,2013-04-07,304.5,59,16.5,0.0,11.1,0.24,17.81,79
-37.4997,149.4982,2013-04-07,301.5,43,16.4,0.0,11.1,0.24,17.81,79
-35.3087,142.5999,2013-04-08,324.4,77,21.6,0.0,10.4,0.169,14.54,48
-35.3108,142.6337,2013-04-08,323.4,76,21.6,0.0,9.7,0.169,14.78,48
-36.466,144.1873,2013-04-08,326.9,80,20.4,0.0,16.1,0.167,14.62,53
-35.991,147.0185,2013-04-08,315.3,66,17.7,0.0,8.0,0.202,15.7,71
-35.6926,146.8585,2013-04-08,312.8,71,18.3,0.0,8.9,0.206,15.86,64
-35.6802,147.2735,2013-04-08,323.9,83,17.3,0.0,8.0,0.217,15.7,69
-35.8395,146.6289,2013-04-08,329.3,85,18.6,0.0,8.9,0.204,15.86,65
-35.8378,146.6451,2013-04-08,337.2,90,18.5,0.0,8.9,0.204,15.86,65
-36.4198,141.6301,2013-04-08,320.2,60,18.5,0.0,17.1,0.143,16.75,60
-34.9803,147.1107,2013-04-08,326.7,81,18.7,0.0,8.3,0.157,16.68,58
-34.9906,147.1124,2013-04-08,317.9,72,18.7,0.0,8.3,0.157,16.68,58
-35.072,148.252,2013-04-08,310.1,46,15.1,0.0,9.5,0.213,16.28,69
-35.0818,148.2537,2013-04-08,343.3,93,15.2,0.0,9.5,0.213,16.28,69
-35.0802,148.2672,2013-04-08,312.9,65,14.5,0.0,8.6,0.237,16.03,69
-35.2773,147.1767,2013-04-08,322.5,82,18.1,0.0,8.7,0.188,16.68,62
-35.2733,147.1826,2013-04-08,312.9,49,18.1,0.0,8.7,0.188,16.68,62
-35.678,146.3249,2013-04-08,319.9,78,19.0,0.0,8.2,0.184,15.02,63
-35.6461,146.6356,2013-04-08,315.2,73,18.8,0.0,8.9,0.194,15.86,62
-37.5011,148.8152,2013-04-08,309.5,65,15.1,0.0,8.3,0.373,15.41,78
-37.5027,148.8013,2013-04-08,327.3,74,15.8,0.0,8.3,0.344,15.41,75
-37.2158,149.8937,2013-04-08,308.3,67,17.1,0.0,10.5,0.25,17.13,84
-37.2173,149.8815,2013-04-08,305.8,62,17.5,0.0,10.5,0.25,17.13,85
-37.2189,149.8694,2013-04-08,302.6,31,17.2,0.0,9.0,0.25,17.16,84
-37.2716,147.8026,2013-04-08,303.4,45,14.3,0.3,7.8,0.336,13.38,79
-37.2613,147.8011,2013-04-08,325.7,84,13.4,0.3,7.8,0.347,13.38,79
-36.4719,149.9062,2013-04-08,315.3,76,16.1,0.0,8.2,0.293,17.28,82
-36.4533,149.9027,2013-04-08,307.4,34,15.9,0.0,9.1,0.293,17.17,82
-36.6885,146.8895,2013-04-08,305.1,61,16.4,0.2,7.4,0.318,14.1,77
-36.6901,146.8735,2013-04-08,308.7,67,16.0,0.0,7.7,0.318,14.35,77
-36.1293,147.5149,2013-04-08,304.9,34,14.8,0.0,5.9,0.318,15.12,76
-36.1206,147.4984,2013-04-08,305.6,41,14.8,0.2,6.1,0.318,15.33,76
-36.3835,144.8706,2013-04-08,318.3,54,20.5,0.0,13.6,0.181,14.88,56
-35.9276,148.9013,2013-04-08,304.2,50,10.9,0.5,11.4,0.344,15.8,67
-35.733,150.1634,2013-04-08,315.2,70,16.6,0.0,8.4,0.223,17.09,85
-35.7238,150.1615,2013-04-08,309.9,69,16.8,0.0,8.4,0.223,17.09,85
-35.7254,150.1501,2013-04-08,308.4,60,17.0,0.0,8.4,0.223,17.09,85
-36.0015,147.0202,2013-04-08,315.1,67,17.7,0.0,8.0,0.202,15.7,71
-33.1728,148.7236,2013-04-08,323.1,77,16.5,0.0,13.0,0.21,18.35,63
-32.2801,149.1644,2013-04-08,326.5,80,17.0,0.0,14.8,0.2,19.07,66
-32.4032,147.9854,2013-04-08,400.7,94,19.0,0.0,10.0,0.175,18.19,58
-32.4047,147.9733,2013-04-08,381.9,100,19.0,0.0,10.0,0.175,18.19,58
-31.3983,151.4744,2013-04-08,309.3,52,10.8,0.0,10.8,0.36,18.42,78
-31.6823,149.0284,2013-04-08,336.5,87,17.9,0.0,13.0,0.194,19.9,56
-34.2588,147.9158,2013-04-08,318.0,64,18.2,0.0,13.6,0.186,17.24,57
-34.185,148.2809,2013-04-08,331.3,84,17.5,0.0,13.4,0.194,17.18,59
-34.2294,147.5594,2013-04-08,315.4,49,18.4,0.0,11.3,0.183,17.17,55
-34.2312,147.5544,2013-04-08,318.6,67,18.4,0.0,11.3,0.183,17.17,55
-34.2732,146.7231,2013-04-08,319.2,67,19.8,0.0,11.1,0.157,17.17,49
-34.1016,148.0541,2013-04-08,323.5,76,18.3,0.0,11.1,0.175,17.58,55
-34.1031,148.0414,2013-04-08,317.4,64,18.3,0.0,11.1,0.175,17.58,55
-33.9664,148.7286,2013-04-08,315.6,67,16.9,0.0,10.6,0.189,17.38,63
-33.9679,148.7166,2013-04-08,326.8,81,16.9,0.0,10.1,0.189,17.8,63
-33.9789,148.4721,2013-04-08,316.1,66,16.6,0.0,10.8,0.185,17.36,61
-34.0443,147.7601,2013-04-08,336.3,87,18.6,0.0,11.1,0.174,17.61,54
-34.0459,147.747,2013-04-08,354.8,97,18.5,0.0,11.1,0.174,17.61,54
-33.9244,148.5981,2013-04-08,318.0,60,17.3,0.0,10.0,0.2,17.9,62
-34.0511,147.3594,2013-04-08,318.1,46,18.9,0.0,11.5,0.178,17.5,54
-34.0527,147.3457,2013-04-08,340.1,89,19.0,0.0,11.5,0.174,17.5,53
-34.041,147.3577,2013-04-08,348.5,94,19.0,0.0,11.5,0.174,17.5,52
-34.0426,147.344,2013-04-08,403.0,100,19.1,0.0,11.5,0.171,17.5,52
-33.9629,147.7675,2013-04-08,334.7,86,18.6,0.0,11.1,0.174,17.61,54
-33.9485,147.8049,2013-04-08,328.5,80,18.7,0.0,11.1,0.17,17.61,53
-33.953,147.7658,2013-04-08,325.4,77,18.6,0.0,11.1,0.174,17.61,54
-33.9546,147.7527,2013-04-08,320.9,71,18.6,0.0,11.1,0.174,17.61,54
-33.8921,147.4097,2013-04-08,323.1,47,19.2,0.0,11.1,0.154,17.55,51
-33.8841,147.4029,2013-04-08,325.0,43,19.2,0.0,11.1,0.154,17.55,51
-33.6086,148.6638,2013-04-08,322.4,76,16.8,0.0,11.8,0.195,18.25,62
-33.5593,148.5639,2013-04-08,315.5,45,16.9,0.0,11.8,0.192,18.25,61
-33.5205,147.3049,2013-04-08,316.7,63,19.2,0.0,11.3,0.148,18.69,52
-33.1781,148.718,2013-04-08,329.8,83,16.6,0.0,14.5,0.21,18.45,63
-33.1743,148.7118,2013-04-08,323.3,77,16.7,0.0,14.5,0.21,18.45,63
-34.6352,149.8612,2013-04-08,310.3,66,12.7,0.0,11.9,0.281,17.45,79
-34.467,150.8834,2013-04-08,311.8,57,17.8,0.4,12.6,0.391,16.15,84
-34.9221,147.161,2013-04-08,334.1,87,18.4,0.0,8.7,0.17,16.71,57
-34.7996,148.0597,2013-04-08,310.7,56,17.0,0.0,12.6,0.207,16.54,64
-34.7624,148.1197,2013-04-08,308.2,40,16.8,0.0,12.6,0.207,16.54,64
-34.7639,148.1067,2013-04-08,311.4,55,16.7,0.0,12.6,0.207,16.54,64
-34.7526,148.1181,2013-04-08,328.8,83,16.8,0.0,12.6,0.207,16.54,64
-34.7541,148.105,2013-04-08,335.5,88,16.7,0.0,12.6,0.207,16.54,64
-34.7572,147.1955,2013-04-08,361.2,100,18.8,0.0,10.5,0.172,16.76,56
-34.7588,147.181,2013-04-08,327.6,81,18.8,0.0,10.5,0.172,16.76,56
-34.6272,148.1575,2013-04-08,371.5,100,16.1,0.0,12.2,0.202,16.54,63
-34.6287,148.1445,2013-04-08,341.9,91,16.3,0.0,12.2,0.199,16.54,62
-34.6515,147.6828,2013-04-08,315.0,66,18.2,0.0,12.3,0.194,16.64,58
-34.6367,147.7216,2013-04-08,322.7,77,18.1,0.0,12.3,0.179,16.64,58
-34.5951,147.9049,2013-04-08,359.3,99,17.5,0.0,14.1,0.198,16.88,60
-34.6671,147.2759,2013-04-08,312.9,60,18.8,0.0,10.5,0.177,16.76,55
-34.5327,148.2641,2013-04-08,327.9,82,16.5,0.0,13.7,0.2,16.81,63
-34.5342,148.2514,2013-04-08,311.0,58,16.6,0.0,13.7,0.2,16.81,63
-34.5119,148.1773,2013-04-08,337.4,89,16.5,0.0,13.7,0.197,16.81,62
-34.4694,148.3634,2013-04-08,321.5,76,16.6,0.0,13.7,0.202,16.81,64
-34.471,148.351,2013-04-08,321.8,76,16.5,0.0,13.7,0.202,16.81,64
-34.5027,148.004,2013-04-08,342.6,92,17.5,0.0,14.1,0.19,16.88,60
-34.5043,147.991,2013-04-08,317.1,69,17.4,0.0,14.1,0.19,16.88,60
-34.5456,147.5488,2013-04-08,327.2,81,18.3,0.0,11.4,0.176,16.89,56
-34.9393,143.518,2013-04-08,331.2,55,22.4,0.0,8.7,0.141,16.47,43
-34.5356,147.5471,2013-04-08,319.1,72,18.3,0.0,11.4,0.176,16.89,56
-34.4264,147.1756,2013-04-08,343.7,92,18.9,0.0,11.3,0.17,16.89,53
-34.428,147.1613,2013-04-08,350.3,95,18.9,0.0,11.3,0.17,16.89,53
-34.3271,147.5969,2013-04-08,315.4,57,17.9,0.0,11.3,0.184,17.17,56
-34.2687,147.9175,2013-04-08,329.6,82,18.2,0.0,13.6,0.186,17.24,57
-28.8816,148.3842,2013-04-08,333.4,83,21.0,0.0,11.5,0.169,18.5,54
-28.9215,148.2275,2013-04-08,340.5,83,21.0,0.0,12.2,0.144,18.48,54
-28.8899,148.4615,2013-04-08,327.5,77,21.0,0.0,11.5,0.072,18.5,54
-29.164,150.2879,2013-04-08,333.2,85,19.6,0.0,14.8,0.292,18.94,61
-28.9619,152.9995,2013-04-08,310.0,68,17.9,1.3,9.4,0.476,14.9,88
-30.7961,146.9323,2013-04-08,354.7,97,21.5,0.0,13.3,0.121,19.75,44
-30.4613,150.0946,2013-04-08,322.4,60,18.6,0.0,12.6,0.134,20.58,56
-28.8831,148.3736,2013-04-08,325.6,74,21.0,0.0,12.2,0.169,18.48,54
-37.4511,148.6727,2013-04-08,326.8,100,15.9,0.0,8.3,0.266,15.41,76
-37.5042,149.5019,2013-04-08,300.5,29,16.4,0.0,8.7,0.233,17.03,76
-37.4614,148.6751,2013-04-08,333.0,100,15.8,0.0,8.3,0.266,15.41,76
-37.464,148.6608,2013-04-08,300.4,27,16.1,0.0,8.6,0.253,14.7,76
-37.2218,149.8812,2013-04-08,301.0,32,17.6,0.0,10.5,0.25,17.13,85
-37.4537,148.6583,2013-04-08,305.6,65,16.1,0.0,8.6,0.259,14.7,76
-33.5214,147.3026,2013-04-08,301.9,45,19.2,0.0,11.3,0.148,18.69,52
-36.0738,147.4357,2013-04-08,302.0,46,13.3,0.2,6.1,0.322,15.33,77
-36.2372,146.8994,2013-04-08,303.3,55,15.5,0.1,6.2,0.291,14.02,71
-36.235,146.9123,2013-04-08,304.6,61,15.7,0.1,6.2,0.291,14.02,71
-36.1163,147.6657,2013-04-08,301.1,38,12.5,0.0,7.4,0.331,15.51,76
-36.6344,146.3811,2013-04-08,307.7,54,16.9,0.0,7.5,0.27,14.36,75
-36.6457,146.3712,2013-04-08,309.8,69,16.9,0.0,7.5,0.27,14.36,75
-36.6437,146.3834,2013-04-08,324.3,100,16.7,0.0,7.5,0.27,14.36,75
-36.6531,146.3857,2013-04-08,314.1,80,16.6,0.0,7.5,0.297,14.36,77
-37.2244,149.8859,2013-04-08,300.0,2,17.6,0.0,10.5,0.25,17.13,85
-36.6411,146.3907,2013-04-08,302.4,49,16.9,0.0,7.5,0.27,14.36,75
-37.2291,149.11,2013-04-08,314.4,54,14.2,0.7,7.9,0.411,16.4,76
-37.4498,148.683,2013-04-08,312.1,84,16.0,0.0,8.3,0.266,15.41,76
-37.4542,148.6766,2013-04-08,324.4,100,15.6,0.0,8.3,0.266,15.41,76
-29.8636,149.3851,2013-04-09,318.2,70,20.7,0.0,14.5,0.19,15.52,53
-29.8717,148.5225,2013-04-09,319.5,67,21.3,0.0,11.9,0.04,17.51,48
-30.5614,148.0166,2013-04-09,317.3,66,21.1,0.0,13.3,0.204,16.28,46
-30.5629,148.0271,2013-04-09,322.6,75,21.1,0.0,13.3,0.204,16.28,46
-31.0288,149.799,2013-04-09,316.4,54,18.6,0.0,15.1,0.222,17.31,62
-30.9237,148.2296,2013-04-09,338.4,89,20.9,0.0,15.2,0.268,16.32,47
-30.9252,148.2401,2013-04-09,337.8,88,20.9,0.0,15.2,0.268,16.32,47
-31.7203,148.5983,2013-04-09,318.0,71,19.3,0.0,15.3,0.146,17.18,56
-31.7218,148.6091,2013-04-09,320.1,74,19.2,0.0,15.3,0.146,17.18,56
-31.9986,149.2926,2013-04-09,317.0,74,17.0,0.0,15.7,0.221,17.38,69
-32.0001,149.304,2013-04-09,333.6,87,17.0,0.0,15.7,0.221,17.38,69
-32.0079,149.291,2013-04-09,373.2,100,17.1,0.0,15.7,0.221,17.38,70
-32.0095,149.3024,2013-04-09,396.0,100,17.2,0.0,15.7,0.221,17.38,70
-32.9686,146.6212,2013-04-09,360.2,100,20.3,0.0,12.0,0.236,18.94,46
-32.9702,146.6319,2013-04-09,380.1,100,20.3,0.0,12.0,0.236,19.08,46
-33.0863,145.9458,2013-04-09,316.1,59,21.3,0.0,12.0,0.103,18.77,42
-33.0881,145.9567,2013-04-09,318.7,66,21.4,0.0,12.0,0.122,18.77,42
-33.0943,145.9488,2013-04-09,313.4,42,21.3,0.0,12.0,0.103,18.77,42
-33.9604,141.9731,2013-04-09,323.3,76,22.4,0.0,8.8,0.034,18.38,46
-35.1579,149.7387,2013-04-09,306.2,55,14.1,0.0,10.5,0.277,17.15,82
-35.0792,148.2589,2013-04-09,380.6,100,15.2,0.0,9.2,0.207,17.72,71
-35.0807,148.2703,2013-04-09,317.4,67,14.1,0.2,7.4,0.264,17.27,73
-35.0845,148.2516,2013-04-09,352.5,97,15.3,0.0,9.2,0.207,17.72,71
-35.086,148.263,2013-04-09,367.8,100,15.1,0.0,9.2,0.207,17.72,71
-35.0875,148.2745,2013-04-09,316.8,72,14.9,0.3,7.6,0.207,16.88,71
-35.499,146.6658,2013-04-09,318.0,74,19.5,0.0,13.2,0.186,17.59,56
-35.5006,146.6769,2013-04-09,334.9,88,19.5,0.0,13.2,0.186,17.59,56
-35.5022,146.6879,2013-04-09,315.8,71,19.5,0.0,13.2,0.186,17.59,56
-35.2474,143.4568,2013-04-09,315.2,60,22.0,0.0,10.2,0.247,15.93,45
-35.2548,143.4415,2013-04-09,325.3,79,21.9,0.0,10.2,0.173,15.93,45
-35.257,143.4543,2013-04-09,355.7,92,21.9,0.0,10.2,0.254,15.93,45
-35.9917,147.0223,2013-04-09,329.7,86,17.7,0.0,8.9,0.194,17.21,71
-36.344,149.7271,2013-04-09,302.5,50,15.5,0.0,9.5,0.31,17.27,83
-36.1162,147.6653,2013-04-09,302.6,49,12.7,0.7,7.0,0.327,14.94,78
-36.0341,143.3573,2013-04-09,328.4,82,21.2,0.0,11.8,0.156,16.77,49
-36.0363,143.37,2013-04-09,328.7,82,21.2,0.0,11.8,0.156,16.77,49
-37.2213,149.8723,2013-04-09,301.8,39,18.2,0.0,12.4,0.244,17.04,79
-37.2229,149.887,2013-04-09,307.2,65,18.5,0.0,12.4,0.244,17.04,79
-37.5034,149.4996,2013-04-09,303.7,57,16.8,0.0,7.9,0.227,16.83,79
-37.4548,148.6664,2013-04-09,306.2,49,15.6,1.1,7.8,0.264,16.1,85
-37.4563,148.6791,2013-04-09,309.6,68,15.0,1.1,7.8,0.264,16.1,85
-36.8635,143.9812,2013-04-09,327.3,78,19.2,0.0,12.5,0.174,15.9,62
-37.2476,148.1016,2013-04-09,305.3,22,13.2,1.4,6.2,0.334,15.15,86
-37.2522,148.08,2013-04-09,418.9,100,12.2,1.6,5.8,0.346,15.18,85
-37.2561,148.0614,2013-04-09,366.0,100,13.5,1.8,6.7,0.329,15.43,86
-37.2444,148.095,2013-04-09,341.2,80,13.1,1.4,6.2,0.344,15.15,85
-37.2488,148.0735,2013-04-09,428.5,94,12.3,1.6,5.8,0.346,15.18,85
-37.2525,148.0554,2013-04-09,331.1,55,13.5,1.8,6.7,0.329,15.43,86
-37.2254,148.0653,2013-04-09,319.7,29,12.1,1.6,5.8,0.346,15.18,85
-37.2297,148.0444,2013-04-09,320.5,38,12.0,1.6,5.8,0.347,15.18,85
-36.8164,145.1291,2013-04-09,329.9,83,18.8,0.0,9.2,0.18,15.29,68
-36.6596,145.5896,2013-04-09,318.0,68,18.2,0.0,9.4,0.205,15.47,71
-36.6624,145.5744,2013-04-09,317.9,63,18.3,0.0,9.4,0.205,15.47,71
-36.7042,145.2886,2013-04-09,346.2,93,18.8,0.0,9.2,0.184,15.29,67
-36.7069,145.274,2013-04-09,331.5,84,18.9,0.0,9.2,0.184,15.29,67
-36.7334,145.1289,2013-04-09,317.0,39,19.0,0.0,9.2,0.16,15.29,66
-36.6941,145.2857,2013-04-09,333.2,86,18.9,0.0,9.2,0.184,15.29,67
-36.6968,145.2711,2013-04-09,327.2,81,18.9,0.0,9.2,0.184,15.29,67
-36.8709,143.9966,2013-04-09,320.3,69,19.1,0.0,12.5,0.174,15.9,62
-36.873,143.9838,2013-04-09,319.3,67,19.2,0.0,12.5,0.174,15.9,62
-36.886,143.9072,2013-04-09,329.6,81,19.1,0.0,13.8,0.179,15.91,63
-36.8881,143.8945,2013-04-09,319.4,50,19.1,0.0,13.8,0.179,15.91,63
-36.8613,143.994,2013-04-09,325.5,76,19.1,0.0,12.5,0.174,15.9,62
-36.8786,143.892,2013-04-09,353.7,97,19.1,0.0,13.8,0.179,15.91,63
-36.1534,147.5843,2013-04-09,308.9,58,13.9,0.3,6.2,0.327,15.48,78
-36.1575,147.5647,2013-04-09,329.9,85,15.1,0.0,6.8,0.313,15.92,77
-36.1599,147.5795,2013-04-09,319.5,76,14.1,0.3,6.2,0.327,15.48,78
-36.1639,147.5594,2013-04-09,314.7,69,13.8,0.3,6.2,0.327,15.48,78
-36.9483,143.0815,2013-04-09,320.4,65,18.9,0.0,14.2,0.155,17.39,63
-36.9503,143.0695,2013-04-09,323.0,72,18.8,0.0,14.2,0.158,17.39,65
-36.4882,145.6889,2013-04-09,346.7,94,18.4,0.0,10.7,0.197,15.37,68
-36.1249,147.5059,2013-04-09,351.1,96,14.9,0.6,5.9,0.313,15.48,77
-36.1289,147.4861,2013-04-09,314.6,69,14.9,0.6,5.9,0.313,15.48,77
-36.1134,147.5018,2013-04-09,316.4,72,13.7,0.6,5.9,0.327,15.48,78
-37.1344,141.6979,2013-04-09,348.9,94,17.4,0.0,13.1,0.202,16.38,70
-36.6096,144.8436,2013-04-09,327.0,79,19.6,0.0,12.3,0.173,15.24,63
-36.6121,144.8296,2013-04-09,352.0,96,19.6,0.0,12.3,0.173,15.24,63
-36.0789,147.4281,2013-04-09,310.9,61,13.8,0.6,5.9,0.317,15.48,78
-36.7348,143.9539,2013-04-09,320.0,67,19.6,0.0,12.5,0.167,15.9,61
-36.737,143.9411,2013-04-09,338.0,88,19.5,0.0,12.5,0.158,15.9,61
-37.0898,141.746,2013-04-09,341.3,90,17.6,0.0,13.2,0.202,17.27,70
-36.7339,143.9479,2013-04-09,330.2,81,19.5,0.0,12.5,0.158,15.9,61
-36.736,143.9351,2013-04-09,325.9,76,19.5,0.0,12.5,0.158,15.9,61
-37.0818,141.7502,2013-04-09,324.4,56,17.7,0.0,13.2,0.201,17.27,70
-37.0835,141.7388,2013-04-09,326.3,66,17.6,0.0,13.2,0.202,17.27,70
-36.0743,147.4215,2013-04-09,307.4,48,14.3,0.6,5.9,0.317,15.48,78
-36.934,142.5937,2013-04-09,357.2,98,18.8,0.0,13.0,0.152,17.34,66
-36.9359,142.582,2013-04-09,327.5,77,18.8,0.0,13.0,0.152,17.34,66
-36.7138,143.8892,2013-04-09,319.8,66,19.5,0.0,12.5,0.158,15.9,61
-36.9249,142.5914,2013-04-09,324.1,73,18.8,0.0,13.0,0.152,17.34,66
-36.7043,143.8866,2013-04-09,328.7,79,19.5,0.0,12.5,0.158,15.9,61
-36.3339,145.903,2013-04-09,318.1,69,18.9,0.0,10.7,0.194,15.34,66
-36.3606,145.7608,2013-04-09,357.3,86,18.6,0.0,11.0,0.192,14.97,67
-36.3635,145.7453,2013-04-09,330.2,75,18.9,0.0,11.0,0.183,14.97,66
-36.3809,145.6519,2013-04-09,313.4,58,18.7,0.0,10.7,0.183,15.37,66
-36.6751,143.9994,2013-04-09,350.7,95,19.6,0.0,12.5,0.167,15.9,61
-36.6773,143.9865,2013-04-09,326.6,77,19.7,0.0,12.5,0.167,15.9,61
-35.9033,147.9494,2013-04-09,331.3,86,11.9,1.0,6.2,0.296,15.34,76
-35.9075,147.9294,2013-04-09,308.1,55,13.0,0.7,7.0,0.296,14.94,76
-36.5055,144.7357,2013-04-09,322.4,73,19.6,0.0,12.3,0.164,15.24,61
-35.9005,147.9411,2013-04-09,321.4,78,12.2,1.0,6.2,0.296,15.34,76
-36.5044,144.7431,2013-04-09,318.8,51,19.5,0.0,12.3,0.164,15.24,61
-36.2808,145.8641,2013-04-09,328.1,81,18.9,0.0,11.0,0.194,14.97,66
-36.922,142.0702,2013-04-09,329.7,79,18.3,0.0,13.2,0.249,17.32,67
-35.6137,146.8638,2013-04-09,317.8,69,18.9,0.0,13.2,0.191,17.59,59
-36.1555,143.9057,2013-04-09,327.6,77,21.0,0.0,13.7,0.284,16.07,52
-36.1577,143.8928,2013-04-09,329.7,79,21.0,0.0,13.7,0.284,16.07,52
-35.6787,146.41,2013-04-09,322.3,74,19.6,0.0,11.6,0.182,17.0,57
-35.811,145.2701,2013-04-09,320.8,51,21.0,0.0,9.1,0.149,15.24,50
-35.6467,146.0884,2013-04-09,337.2,87,20.0,0.0,12.5,0.17,16.12,55
-35.5757,146.3362,2013-04-09,316.3,63,19.9,0.0,13.7,0.175,16.9,55
-36.3961,141.3437,2013-04-09,322.2,64,18.0,0.0,13.7,0.145,18.09,66
-36.3977,141.3325,2013-04-09,320.6,59,18.1,0.0,13.7,0.145,18.09,66
-36.4133,141.1629,2013-04-09,324.1,69,18.2,0.0,13.7,0.221,18.09,66
-36.4149,141.1517,2013-04-09,357.2,98,18.2,0.0,13.7,0.221,18.09,66
-36.3994,141.1943,2013-04-09,325.7,72,18.2,0.0,13.7,0.221,18.09,66
-36.401,141.1832,2013-04-09,331.8,80,18.2,0.0,13.7,0.221,18.09,66
-36.4173,141.0715,2013-04-09,333.2,82,18.1,0.0,13.2,0.242,18.09,66
-36.4189,141.0604,2013-04-09,335.3,84,18.2,0.0,13.2,0.242,18.09,66
-36.3805,141.2593,2013-04-09,327.3,74,18.3,0.0,13.7,0.145,18.09,66
-36.3822,141.2481,2013-04-09,323.1,67,18.1,0.0,13.7,0.221,18.09,66
-36.4083,141.0695,2013-04-09,330.3,78,18.2,0.0,13.2,0.242,18.09,66
-36.4099,141.0583,2013-04-09,327.7,75,18.1,0.0,13.2,0.242,18.09,66
-36.2871,141.7595,2013-04-09,328.7,76,18.9,0.0,14.2,0.154,18.16,63
-35.091,148.255,2013-04-09,337.5,89,15.3,0.0,9.2,0.207,17.72,71
-35.0784,148.2512,2013-04-09,315.8,61,15.4,0.0,9.2,0.207,17.72,71
-36.0028,143.4187,2013-04-09,330.6,69,21.3,0.0,12.0,0.156,16.53,49
-35.9702,143.5533,2013-04-09,359.8,94,21.3,0.0,12.0,0.233,16.53,48
-35.087,148.2701,2013-04-09,322.2,76,14.5,0.3,7.6,0.232,16.88,72
-35.0916,148.2478,2013-04-09,324.5,78,15.1,0.0,9.2,0.207,17.72,71
-35.9655,143.5582,2013-04-09,349.0,94,21.3,0.0,12.0,0.233,16.53,48
-35.9676,143.5457,2013-04-09,336.5,85,21.3,0.0,12.0,0.161,16.53,49
-36.2966,141.4527,2013-04-09,338.6,86,18.6,0.0,14.0,0.149,18.24,64
-36.2875,141.4506,2013-04-09,331.5,79,18.6,0.0,14.0,0.149,18.24,64
-35.1534,147.5093,2013-04-09,334.0,86,18.4,0.0,10.6,0.173,17.63,62
-35.1576,147.489,2013-04-09,336.0,87,18.4,0.0,10.6,0.173,17.63,62
-35.1512,147.5036,2013-04-09,338.0,89,18.5,0.0,10.6,0.173,17.63,62
-35.1553,147.4831,2013-04-09,327.9,81,18.4,0.0,10.6,0.173,17.63,62
-36.0777,142.1679,2013-04-09,328.5,75,19.8,0.0,14.4,0.3,17.48,60
-36.0795,142.1564,2013-04-09,333.0,81,19.8,0.0,14.4,0.3,17.48,60
-35.7845,143.8509,2013-04-09,344.5,91,21.8,0.0,8.4,0.265,15.92,46
-34.9888,147.4027,2013-04-09,339.1,89,19.0,0.0,13.9,0.172,18.08,58
-34.993,147.3825,2013-04-09,322.8,76,19.1,0.0,13.9,0.172,18.08,58
-34.9514,147.5217,2013-04-09,317.0,68,18.4,0.0,13.9,0.178,18.08,59
-34.9864,147.3969,2013-04-09,335.1,87,19.0,0.0,13.9,0.172,18.08,58
-34.9497,147.5161,2013-04-09,317.0,68,18.5,0.0,13.9,0.178,18.08,58
-34.7832,148.1341,2013-04-09,322.6,76,17.1,0.0,11.5,0.2,18.44,65
-35.5103,144.3056,2013-04-09,329.9,80,22.0,0.0,9.5,0.256,15.18,45
-35.5127,144.292,2013-04-09,327.3,77,22.0,0.0,9.5,0.256,15.18,45
-34.7665,147.4519,2013-04-09,320.1,72,18.2,0.0,14.8,0.179,18.38,57
-34.7648,147.4461,2013-04-09,317.7,68,18.4,0.0,14.8,0.176,18.38,56
-34.5214,148.488,2013-04-09,324.9,78,16.7,0.0,14.5,0.193,18.68,66
-34.5267,148.4634,2013-04-09,321.0,74,16.5,0.0,14.5,0.193,18.68,66
-34.7202,147.4765,2013-04-09,332.5,85,18.4,0.0,14.8,0.18,18.38,56
-34.7245,147.4559,2013-04-09,328.1,81,18.5,0.0,14.8,0.18,18.38,56
-34.6643,147.6845,2013-04-09,331.8,84,18.3,0.0,13.9,0.187,18.48,58
-34.6263,147.7413,2013-04-09,317.1,68,18.3,0.0,13.9,0.172,18.48,57
-34.6309,147.7198,2013-04-09,323.7,77,18.4,0.0,13.9,0.172,18.48,57
-34.625,147.7338,2013-04-09,321.1,73,18.4,0.0,14.0,0.172,18.7,57
-34.4693,148.1068,2013-04-09,319.4,72,17.5,0.0,14.0,0.186,18.87,61
-37.1422,148.0719,2013-04-09,335.7,81,11.1,1.1,5.2,0.346,14.93,83
-37.1465,148.0509,2013-04-09,330.9,55,10.7,1.1,5.2,0.346,14.93,83
-37.1349,148.0463,2013-04-09,317.9,68,9.8,1.1,5.2,0.348,14.93,83
-37.3057,146.0549,2013-04-09,332.9,88,15.7,0.0,7.2,0.264,15.36,79
-37.2953,146.0517,2013-04-09,327.4,46,15.6,0.4,7.5,0.306,14.42,80
-37.2717,146.039,2013-04-09,346.8,69,15.8,0.4,7.5,0.223,14.42,78
-37.2584,146.0513,2013-04-09,331.1,53,15.3,0.4,7.5,0.306,14.42,80
-37.5046,143.9017,2013-04-09,323.4,67,15.3,0.0,12.8,0.249,15.8,77
-37.3929,143.3142,2013-04-09,315.4,52,17.2,0.0,12.8,0.185,17.09,73
-36.946,145.1561,2013-04-09,319.2,61,18.5,0.0,12.8,0.199,15.08,71
-36.9486,145.1417,2013-04-09,317.5,64,18.5,0.0,12.8,0.196,15.08,70
-37.092,143.961,2013-04-09,329.8,77,18.7,0.0,13.8,0.18,15.91,65
-36.6418,146.3619,2013-04-09,324.8,80,16.6,0.0,7.7,0.264,15.85,74
-36.6449,146.3457,2013-04-09,315.3,70,17.3,0.0,7.4,0.221,15.89,73
-36.8138,145.1434,2013-04-09,319.8,73,18.8,0.0,9.2,0.18,15.29,68
-36.9238,142.0588,2013-04-09,324.4,73,18.3,0.0,13.2,0.249,17.32,67
-36.2703,145.861,2013-04-09,323.6,76,18.9,0.0,11.0,0.194,14.97,66
-36.4697,144.7627,2013-04-09,317.7,62,19.5,0.0,12.3,0.172,15.24,61
-36.8381,142.491,2013-04-09,320.1,62,18.9,0.0,14.3,0.279,17.77,65
-36.5308,144.2956,2013-04-09,318.5,43,20.0,0.0,14.4,0.162,15.66,59
-36.829,142.4888,2013-04-09,328.9,78,18.9,0.0,14.3,0.279,17.77,65
-36.8308,142.4772,2013-04-09,325.0,73,18.9,0.0,14.3,0.279,17.77,65
-36.4323,144.7966,2013-04-09,340.0,77,20.1,0.0,12.3,0.157,15.24,59
-36.4348,144.7825,2013-04-09,325.2,76,20.0,0.0,12.3,0.157,15.24,59
-36.0011,147.012,2013-04-09,319.0,74,17.7,0.0,8.9,0.194,17.21,71
-36.1489,146.2026,2013-04-09,337.8,89,19.1,0.0,8.7,0.171,15.99,63
-36.1521,146.186,2013-04-09,326.2,80,18.8,0.0,8.7,0.184,15.99,65
-36.1491,146.1971,2013-04-09,337.2,88,19.1,0.0,8.7,0.171,15.99,63
-36.8065,142.2265,2013-04-09,319.4,51,18.6,0.0,14.0,0.28,17.81,66
-36.8083,142.215,2013-04-09,327.6,76,18.6,0.0,14.0,0.28,17.81,66
-35.8082,147.7535,2013-04-09,315.6,70,14.3,0.0,6.6,0.308,15.3,73
-36.7992,142.2128,2013-04-09,323.5,70,18.6,0.0,14.0,0.28,17.81,66
-36.8059,142.1077,2013-04-09,334.6,84,18.5,0.0,12.8,0.281,17.85,66
-36.8076,142.0963,2013-04-09,325.6,73,18.5,0.0,12.8,0.281,17.85,66
-35.9,146.9954,2013-04-09,319.0,74,17.8,0.0,8.9,0.205,17.21,68
-35.9038,146.9769,2013-04-09,317.3,72,17.9,0.0,8.9,0.205,17.21,68
-36.1547,145.6894,2013-04-09,320.2,72,19.7,0.0,11.0,0.163,14.97,61
-36.3503,144.5655,2013-04-09,369.9,100,20.2,0.0,11.3,0.143,15.44,59
-36.3527,144.5519,2013-04-09,373.7,100,20.2,0.0,11.3,0.143,15.44,59
-35.9036,146.9894,2013-04-09,324.9,80,17.9,0.0,8.9,0.205,17.21,68
-36.3487,144.5725,2013-04-09,328.2,79,20.4,0.0,11.3,0.13,15.44,56
-36.3511,144.5588,2013-04-09,375.6,100,20.2,0.0,11.3,0.143,15.44,59
-36.3535,144.5451,2013-04-09,326.3,76,20.2,0.0,11.3,0.142,15.44,58
-36.8953,141.071,2013-04-09,338.7,87,17.5,0.0,11.9,0.205,17.04,69
-36.8969,141.0597,2013-04-09,324.3,71,17.5,0.0,11.9,0.205,17.04,69
-36.6623,142.556,2013-04-09,321.9,66,19.2,0.0,14.3,0.294,17.77,63
-36.6642,142.5444,2013-04-09,319.9,60,19.1,0.0,14.3,0.29,17.77,64
-36.8863,141.0689,2013-04-09,322.2,67,17.5,0.0,11.9,0.205,17.04,69
-35.9275,146.5019,2013-04-09,316.1,38,19.1,0.0,9.0,0.192,16.7,62
-35.9131,146.516,2013-04-09,315.8,51,19.1,0.0,9.0,0.192,16.7,62
-35.9165,146.4986,2013-04-09,316.4,63,19.1,0.0,9.0,0.192,16.7,62
-35.8602,146.724,2013-04-09,317.4,41,18.1,0.0,10.5,0.205,17.45,65
-36.181,145.0427,2013-04-09,325.3,76,20.4,0.0,8.9,0.156,14.9,57
-36.1836,145.0283,2013-04-09,328.0,79,20.4,0.0,8.9,0.156,14.9,57
-35.8855,146.4839,2013-04-09,323.7,77,19.1,0.0,9.0,0.192,16.7,62
-35.9377,146.2106,2013-04-09,318.4,65,19.6,0.0,10.4,0.176,16.15,58
-35.7858,146.7537,2013-04-09,327.6,81,18.6,0.0,10.5,0.205,17.45,62
-36.7429,141.0426,2013-04-09,321.8,66,17.8,0.0,12.6,0.207,17.73,67
-35.681,147.0954,2013-04-09,317.1,70,18.2,0.0,9.4,0.19,17.64,65
-36.5616,142.0772,2013-04-09,323.5,69,18.9,0.0,13.6,0.28,17.96,64
-36.5633,142.0658,2013-04-09,345.8,92,18.8,0.0,13.6,0.28,17.96,64
-35.6474,147.0977,2013-04-09,318.8,72,18.3,0.0,9.4,0.194,17.64,62
-35.7271,146.6344,2013-04-09,316.6,66,19.3,0.0,10.5,0.192,17.45,59
-35.7306,146.6164,2013-04-09,318.5,70,19.2,0.0,11.6,0.192,17.0,58
-35.6255,146.9266,2013-04-09,315.3,47,19.0,0.0,9.4,0.191,17.64,59
-35.6745,146.6135,2013-04-09,319.4,70,19.4,0.0,11.6,0.192,17.0,59
-35.6779,146.5957,2013-04-09,324.2,77,19.4,0.0,11.6,0.192,17.0,59
-34.4666,148.1113,2013-04-09,318.6,70,17.5,0.0,14.0,0.186,18.87,61
-34.529,147.562,2013-04-09,326.8,80,18.6,0.0,14.4,0.171,18.57,56
-34.5334,147.5406,2013-04-09,348.0,94,18.6,0.0,14.4,0.169,18.57,55
-34.6767,146.2324,2013-04-09,317.4,61,20.4,0.0,12.5,0.14,17.66,49
-34.2835,147.6577,2013-04-09,322.5,75,18.9,0.0,13.7,0.174,18.86,55
-34.2882,147.6355,2013-04-09,317.9,69,18.7,0.0,13.7,0.176,18.86,54
-34.2824,147.6503,2013-04-09,327.5,80,18.9,0.0,13.7,0.174,18.86,55
-35.0252,142.5616,2013-04-09,328.2,74,21.5,0.0,8.6,0.152,17.14,51
-34.167,147.6383,2013-04-09,323.6,67,19.0,0.0,13.7,0.176,18.86,53
-34.1799,147.6369,2013-04-09,322.2,74,19.0,0.0,13.7,0.176,18.86,53
-34.9475,143.5064,2013-04-09,348.8,88,22.1,0.0,9.3,0.139,16.01,44
-34.1676,147.6332,2013-04-09,319.8,69,19.0,0.0,13.7,0.176,18.86,53
-33.9129,148.7117,2013-04-09,321.7,73,17.3,0.0,9.8,0.19,19.21,65
-33.9184,148.686,2013-04-09,322.3,74,17.3,0.0,9.8,0.19,19.21,65
-33.9349,148.6098,2013-04-09,335.6,87,17.3,0.0,10.7,0.192,19.27,64
-33.9404,148.5846,2013-04-09,321.7,73,17.4,0.0,10.7,0.192,19.27,64
-34.045,147.9032,2013-04-09,317.7,67,19.0,0.0,11.3,0.173,19.13,53
-35.0326,142.5757,2013-04-09,328.0,74,21.5,0.0,8.6,0.152,17.14,51
-35.0233,142.5734,2013-04-09,359.4,99,21.5,0.0,8.6,0.152,17.14,51
-34.1793,147.6421,2013-04-09,324.3,68,19.0,0.0,13.7,0.176,18.86,53
-34.1495,147.2589,2013-04-09,319.4,69,18.9,0.0,13.0,0.167,18.34,52
-34.005,147.8353,2013-04-09,323.1,75,19.0,0.0,12.3,0.168,18.96,53
-33.7883,148.7191,2013-04-09,314.8,59,17.1,0.0,10.1,0.179,18.99,64
-34.0797,147.3494,2013-04-09,336.1,87,19.4,0.0,11.5,0.167,18.45,52
-34.0841,147.3284,2013-04-09,388.8,100,19.4,0.0,11.5,0.167,18.45,52
-34.726,143.4247,2013-04-09,353.7,96,22.2,0.0,9.0,0.138,16.12,44
-34.7164,143.4223,2013-04-09,367.2,100,22.2,0.0,9.0,0.138,16.12,44
-33.7588,148.3022,2013-04-09,333.4,85,17.9,0.0,10.7,0.182,19.27,59
-33.764,148.2782,2013-04-09,325.3,78,18.1,0.0,10.7,0.169,19.27,58
-33.7627,148.2958,2013-04-09,340.8,90,18.1,0.0,10.7,0.169,19.27,58
-34.7758,142.3855,2013-04-09,322.6,47,21.8,0.0,7.9,0.157,17.16,49
-34.7718,142.3791,2013-04-09,320.0,28,21.8,0.0,7.9,0.157,17.16,49
-33.7539,147.576,2013-04-09,322.5,74,19.4,0.0,11.0,0.161,18.9,52
-33.6501,146.5293,2013-04-09,319.6,69,20.7,0.0,12.2,0.152,18.28,45
-33.6456,146.5225,2013-04-09,320.3,70,20.7,0.0,12.2,0.153,18.28,45
-33.4324,146.9316,2013-04-09,321.1,72,20.0,0.0,12.0,0.149,18.76,48
-32.9801,146.6218,2013-04-09,319.5,28,20.3,0.0,12.0,0.236,18.94,46
-32.9718,146.6335,2013-04-09,323.6,75,20.3,0.0,12.0,0.236,19.08,46
-32.9758,146.6137,2013-04-09,321.9,73,20.3,0.0,12.0,0.236,18.94,46
-33.1009,145.9723,2013-04-09,317.1,62,21.4,0.0,12.0,0.122,18.77,42
-32.0074,149.3022,2013-04-09,319.4,73,17.1,0.0,15.7,0.221,17.38,70
-32.466,146.7785,2013-04-09,325.8,78,20.0,0.0,13.3,0.126,19.52,47
-32.4702,146.7579,2013-04-09,319.6,63,19.9,0.0,13.3,0.126,19.52,47
-30.7846,146.947,2013-04-09,318.2,29,21.7,0.0,14.5,0.119,18.22,40
-34.4598,150.8817,2013-04-09,303.1,53,17.7,4.9,11.6,0.387,13.36,87
-30.7963,146.9407,2013-04-10,313.0,34,21.3,0.0,13.4,0.118,20.04,48
-32.2846,145.9746,2013-04-10,314.7,42,20.6,0.0,13.4,0.123,19.65,44
-30.7857,146.947,2013-04-10,315.0,54,21.3,0.0,13.4,0.118,20.04,48
-34.4153,142.2748,2013-04-10,323.9,73,22.7,0.0,7.8,0.185,18.64,41
-34.7115,143.4364,2013-04-10,321.9,71,22.1,0.0,8.8,0.136,18.31,43
-34.9306,143.2806,2013-04-10,321.2,69,21.7,0.0,9.4,0.226,18.28,43
-34.9297,143.274,2013-04-10,317.6,52,21.7,0.0,9.4,0.226,18.28,43
-34.9315,143.2972,2013-04-10,320.8,63,21.7,0.0,9.4,0.226,18.28,43
-35.5441,146.335,2013-04-10,313.7,56,19.7,0.0,10.7,0.167,17.26,57
-35.3262,141.3815,2013-04-10,320.0,49,20.9,0.0,10.5,0.095,18.49,46
-36.2425,145.5448,2013-04-10,311.6,54,19.9,0.0,8.4,0.157,15.69,57
-36.2773,146.1147,2013-04-10,335.8,87,18.2,0.0,9.9,0.169,15.43,68
-36.2717,146.1098,2013-04-10,330.6,84,18.1,0.0,9.9,0.169,15.43,68
-34.7095,143.413,2013-04-10,325.9,77,22.2,0.0,8.8,0.136,18.31,43
-36.3192,141.3381,2013-04-10,320.3,69,18.7,0.0,12.1,0.146,18.24,52
-35.2929,147.7816,2013-04-10,318.7,65,16.4,0.0,9.1,0.183,17.55,70
-35.4923,146.6531,2013-04-10,316.0,31,19.2,0.0,10.6,0.179,17.43,59
-35.4207,147.054,2013-04-10,328.8,82,18.4,0.0,9.4,0.178,17.43,63
-35.4207,147.0471,2013-04-10,325.6,64,18.7,0.0,9.4,0.174,17.43,61
-35.4723,145.5405,2013-04-10,356.6,98,20.7,0.0,9.4,0.14,16.84,50
-35.1464,147.0932,2013-04-10,318.3,68,19.2,0.0,10.2,0.148,17.85,59
-35.1469,147.0881,2013-04-10,320.1,68,19.2,0.0,10.2,0.148,17.85,59
-34.957,147.3496,2013-04-10,343.0,86,18.8,0.0,10.6,0.164,18.21,60
-34.767,148.1182,2013-04-10,319.6,65,17.4,0.0,8.7,0.193,18.37,66
-34.4592,150.8824,2013-04-10,321.9,0,18.7,0.5,16.0,0.376,17.68,80
-34.7293,147.4612,2013-04-10,332.0,58,18.4,0.0,11.1,0.175,18.51,58
-34.7271,147.4556,2013-04-10,324.9,42,18.4,0.0,11.1,0.175,18.51,58
-34.6513,148.137,2013-04-10,321.2,75,16.7,0.0,8.7,0.191,17.94,65
-34.7034,147.5792,2013-04-10,319.8,26,18.6,0.0,11.1,0.177,18.51,59
-34.7053,147.5586,2013-04-10,331.9,84,18.5,0.0,11.1,0.177,18.51,59
-34.6396,148.1356,2013-04-10,328.7,82,16.9,0.0,8.7,0.185,17.94,63
-34.5822,148.2423,2013-04-10,322.4,76,17.0,0.0,9.7,0.188,18.35,65
-34.9395,143.267,2013-04-10,350.6,95,21.7,0.0,9.4,0.226,18.28,43
-34.948,143.2605,2013-04-10,335.5,86,21.7,0.0,9.4,0.226,18.28,43
-34.9295,143.2991,2013-04-10,322.0,71,21.7,0.0,9.4,0.226,18.28,43
-34.9317,143.2592,2013-04-10,329.7,81,21.7,0.0,9.4,0.226,18.28,43
-34.458,148.3816,2013-04-10,317.9,70,16.9,0.0,8.8,0.188,17.96,65
-34.4598,148.3633,2013-04-10,326.0,80,16.9,0.0,9.7,0.188,18.35,65
-34.5378,147.5463,2013-04-10,324.9,78,18.6,0.0,11.2,0.163,18.67,57
-34.4474,148.2501,2013-04-10,313.8,62,16.8,0.0,9.7,0.18,18.35,63
-34.4454,147.6168,2013-04-10,325.9,79,18.8,0.0,11.2,0.17,18.67,57
-34.4409,147.6091,2013-04-10,319.2,50,18.8,0.0,11.2,0.17,18.67,57
-34.4536,146.6063,2013-04-10,316.9,28,19.8,0.0,9.7,0.143,18.31,49
-34.2358,148.3205,2013-04-10,320.6,74,17.2,0.0,10.7,0.18,18.63,60
-34.2376,148.3021,2013-04-10,317.2,69,17.2,0.0,10.7,0.18,18.63,60
-34.1782,148.7937,2013-04-10,330.3,84,16.6,0.0,8.0,0.176,18.84,66
-34.2927,147.3895,2013-04-10,319.7,28,19.1,0.0,10.4,0.159,18.72,55
-34.3905,146.1192,2013-04-10,313.7,15,20.9,0.0,9.3,0.133,18.3,46
-34.2242,147.7312,2013-04-10,327.5,80,18.9,0.0,10.8,0.169,18.8,56
-34.226,147.7113,2013-04-10,318.0,65,18.9,0.0,10.8,0.169,18.8,56
-34.1369,148.2802,2013-04-10,341.1,91,17.8,0.0,10.7,0.178,18.63,60
-34.091,148.3057,2013-04-10,339.7,90,17.9,0.0,9.4,0.178,18.89,60
-34.0626,148.357,2013-04-10,326.3,80,17.5,0.0,9.4,0.17,18.89,62
-34.0634,148.2278,2013-04-10,321.9,75,18.1,0.0,9.4,0.175,18.89,58
-34.0473,148.1502,2013-04-10,318.4,69,18.4,0.0,9.4,0.171,18.89,59
-34.0511,148.1435,2013-04-10,320.8,71,18.5,0.0,9.4,0.163,18.89,57
-34.0524,148.0105,2013-04-10,317.9,54,18.7,0.0,9.9,0.163,18.94,56
-36.6735,144.5377,2013-04-10,316.5,64,19.9,0.0,10.5,0.171,16.79,58
-37.2165,149.0222,2013-04-10,315.3,53,12.2,0.0,10.6,0.335,15.29,81
-37.2033,149.0385,2013-04-10,310.7,18,12.5,0.0,10.6,0.339,15.29,81
-37.2226,148.7101,2013-04-10,344.5,88,13.6,0.0,10.3,0.321,15.07,80
-37.2671,146.0323,2013-04-10,311.8,60,16.4,0.0,6.9,0.22,14.36,73
-37.2734,146.058,2013-04-10,308.4,53,15.3,0.0,9.8,0.314,14.16,72
-37.2757,146.0257,2013-04-10,310.0,61,17.3,0.0,8.4,0.26,15.4,72
-36.4602,149.9006,2013-04-10,309.8,61,16.4,0.0,9.1,0.274,16.29,81
-36.9379,143.7906,2013-04-10,313.4,54,19.1,0.0,10.4,0.219,17.58,57
-36.94,143.7508,2013-04-10,326.1,82,19.2,0.0,10.4,0.219,17.58,57
-36.7094,145.3853,2013-04-10,316.2,72,18.9,0.0,7.7,0.188,15.85,64
-36.5846,145.4921,2013-04-10,316.3,59,18.6,0.0,7.7,0.19,15.85,64
-36.6501,144.3639,2013-04-10,315.2,45,19.9,0.0,10.8,0.177,16.99,56
-36.652,144.3277,2013-04-10,318.2,67,19.9,0.0,10.8,0.185,16.99,56
-37.2139,149.0285,2013-04-10,336.7,78,12.7,0.0,10.6,0.339,15.29,81
-36.5816,145.4847,2013-04-10,314.7,69,18.7,0.0,7.7,0.19,15.85,64
-36.6536,144.3571,2013-04-10,318.3,73,19.9,0.0,10.8,0.177,16.99,56
-36.6558,144.3208,2013-04-10,314.5,62,19.9,0.0,10.8,0.185,16.99,56
-36.2726,147.8094,2013-04-10,308.2,58,13.6,0.0,6.2,0.321,15.74,75
-36.3887,146.1598,2013-04-10,324.8,70,17.5,0.0,6.8,0.197,15.02,71
-36.3906,146.1327,2013-04-10,322.2,68,17.6,0.0,6.8,0.195,15.02,71
-36.3818,146.1517,2013-04-10,329.9,80,17.6,0.0,6.8,0.197,15.02,71
-36.0203,149.9624,2013-04-10,304.8,58,15.8,0.0,8.9,0.263,15.96,82
-36.022,149.9468,2013-04-10,305.8,61,16.2,0.0,7.9,0.263,15.99,82
-36.273,145.6481,2013-04-10,338.6,89,19.5,0.0,8.7,0.17,15.46,60
-36.275,145.6186,2013-04-10,333.4,86,19.5,0.0,8.4,0.17,15.69,60
-36.2073,146.3713,2013-04-10,328.7,83,18.3,0.0,8.3,0.192,15.6,69
-36.0454,147.8667,2013-04-10,314.7,70,13.9,0.0,6.2,0.307,15.74,74
-36.0969,146.4573,2013-04-10,316.7,70,18.4,0.0,8.8,0.184,16.33,69
-36.0988,146.4313,2013-04-10,312.2,61,18.6,0.0,8.8,0.182,16.33,67
-36.1297,145.8014,2013-04-10,320.3,74,19.8,0.0,8.7,0.157,15.46,59
-36.0889,146.4521,2013-04-10,319.3,74,18.3,0.0,8.8,0.184,16.33,69
-35.8221,149.254,2013-04-10,305.1,25,13.6,0.0,5.1,0.279,15.89,73
-36.1254,145.7966,2013-04-10,319.8,74,19.8,0.0,8.7,0.157,15.46,59
-35.811,149.2517,2013-04-10,305.4,26,14.1,0.0,6.3,0.275,15.6,72
-36.054,146.5518,2013-04-10,313.8,50,18.4,0.0,8.8,0.151,16.33,70
-35.8988,147.9524,2013-04-10,315.4,71,12.1,0.0,7.6,0.313,16.73,74
-35.9006,147.9311,2013-04-10,311.4,61,12.9,0.0,7.6,0.29,16.73,74
-35.9427,146.1069,2013-04-10,363.1,100,19.5,0.0,9.6,0.168,15.8,59
-35.8794,146.7775,2013-04-10,318.7,38,17.8,0.0,6.8,0.204,16.46,67
-35.948,146.1304,2013-04-10,324.3,59,19.5,0.0,9.3,0.168,16.09,59
-35.9501,146.1033,2013-04-10,336.3,88,19.2,0.0,9.6,0.167,15.8,62
-35.783,147.7749,2013-04-10,314.5,32,14.1,0.0,8.2,0.303,16.73,75
-35.521,150.1803,2013-04-10,306.1,57,17.4,0.0,8.4,0.294,16.99,83
-35.208,149.9086,2013-04-10,328.5,84,15.1,0.0,6.9,0.309,16.57,77
-35.2096,149.8934,2013-04-10,317.7,54,14.9,0.0,6.9,0.309,16.57,77
-30.7972,146.9373,2013-04-10,322.9,72,21.3,0.0,13.4,0.118,20.04,48
-30.7932,146.9321,2013-04-10,322.2,71,21.3,0.0,13.4,0.118,20.04,48
-30.7355,149.7772,2013-04-10,324.6,75,17.8,0.0,13.8,0.179,18.79,63
-30.6924,149.7968,2013-04-10,317.9,62,17.8,0.0,13.0,0.179,19.11,63
-30.6939,149.7837,2013-04-10,311.0,31,18.0,0.0,13.0,0.179,19.11,63
-30.734,149.7901,2013-04-10,316.1,51,17.8,0.0,13.8,0.179,18.79,63
-33.3262,149.8184,2013-04-10,324.0,72,11.9,0.0,7.2,0.319,17.07,77
-33.0817,146.0391,2013-04-10,316.4,48,21.0,0.0,10.2,0.121,19.25,44
-32.0123,149.4071,2013-04-10,333.7,86,17.6,0.0,14.1,0.165,18.37,70
-31.7578,151.4449,2013-04-10,320.5,79,12.2,1.2,10.2,0.346,14.53,86
-31.7593,151.4336,2013-04-10,325.8,83,12.0,1.2,10.2,0.372,14.53,86
-32.0072,149.4009,2013-04-10,326.4,80,17.6,0.0,14.1,0.165,18.37,70
-32.1245,147.2123,2013-04-10,322.8,72,19.9,0.0,13.5,0.107,19.65,54
-31.9093,149.1727,2013-04-10,322.7,60,17.5,0.0,14.1,0.162,18.37,67
-31.7405,148.7515,2013-04-10,326.6,78,19.0,0.0,14.8,0.127,19.09,62
-30.7441,149.7915,2013-04-10,331.3,70,18.2,0.0,13.0,0.179,19.11,63
-30.7456,149.7786,2013-04-10,351.7,91,18.0,0.0,13.0,0.179,19.11,63
-34.0409,147.7548,2013-04-10,321.8,73,19.0,0.0,10.4,0.162,18.89,55
-34.1258,146.4992,2013-04-10,319.5,65,20.6,0.0,9.7,0.139,18.26,47
-33.7618,147.5806,2013-04-10,319.4,69,19.2,0.0,9.3,0.156,18.94,55
-33.4833,149.8539,2013-04-10,320.6,77,12.9,0.0,7.4,0.31,18.03,77
-33.6268,148.4074,2013-04-10,318.1,69,18.2,0.0,11.2,0.156,19.33,58
-33.3327,149.8263,2013-04-10,339.4,90,11.5,0.0,7.2,0.319,17.07,77
-33.3224,149.8246,2013-04-10,341.4,91,11.6,0.0,7.2,0.319,17.07,77
-33.3245,149.8331,2013-04-10,333.7,87,11.2,0.0,7.2,0.319,17.07,77
-29.6701,150.2015,2013-04-10,333.0,85,19.2,0.0,11.6,0.153,16.77,59
-29.1472,150.3088,2013-04-10,323.9,74,19.5,0.0,15.0,0.291,16.87,61
-30.2757,147.7705,2013-04-10,320.6,32,21.5,0.0,14.8,0.04,18.36,49
-29.6715,150.1895,2013-04-10,328.5,79,19.2,0.0,11.6,0.153,16.77,59
-37.1835,141.0652,2013-04-10,315.3,55,16.6,0.0,11.5,0.085,16.6,64
-37.1646,141.0914,2013-04-10,310.7,42,16.5,0.0,11.5,0.085,16.6,64
-37.4356,141.5715,2013-04-10,312.6,63,16.0,0.0,11.4,0.19,17.5,63
-36.7064,142.3978,2013-04-10,315.1,63,19.3,0.0,11.5,0.284,17.96,53
-36.7263,141.8627,2013-04-10,316.9,56,18.9,0.0,11.7,0.27,17.93,54
-36.4344,141.1103,2013-04-10,342.7,91,18.5,0.0,11.6,0.239,17.91,53
-36.312,141.297,2013-04-10,326.9,78,18.7,0.0,12.1,0.146,18.24,52
-36.3182,141.3396,2013-04-10,315.3,56,18.7,0.0,12.1,0.146,18.24,52
-36.3088,141.3284,2013-04-10,318.3,65,18.7,0.0,12.1,0.146,18.24,52
-36.4255,141.1024,2013-04-10,341.7,90,18.5,0.0,11.6,0.239,17.91,53
-36.0677,142.1981,2013-04-10,317.4,63,20.0,0.0,11.1,0.294,18.11,52
-36.4432,141.0746,2013-04-10,314.0,42,18.5,0.0,11.6,0.239,17.91,53
-36.063,142.1884,2013-04-10,318.1,64,20.0,0.0,11.1,0.294,18.11,52
-36.3177,141.2915,2013-04-10,325.5,77,18.8,0.0,12.1,0.146,18.24,52
-36.122,147.3472,2013-04-10,306.1,62,14.8,0.0,6.2,0.305,15.57,75
-36.6644,146.3717,2013-04-10,314.8,15,16.6,0.0,8.0,0.288,14.67,75
-36.6478,146.3565,2013-04-10,308.7,13,16.7,0.0,8.0,0.259,14.67,74
-36.0041,149.9699,2013-04-10,303.3,48,16.9,0.0,7.9,0.261,15.99,82
-36.0732,147.4336,2013-04-10,305.5,62,14.0,0.0,6.2,0.313,15.74,76
-36.0748,147.4225,2013-04-10,308.6,75,14.5,0.0,6.2,0.313,15.74,76
-36.0625,147.4426,2013-04-10,303.7,12,14.0,0.0,6.2,0.313,15.74,76
-36.0642,147.4316,2013-04-10,310.7,78,15.2,0.0,6.2,0.309,15.74,76
-35.8944,147.9521,2013-04-10,302.7,37,12.8,0.0,7.6,0.313,16.73,74
-37.2918,145.8652,2013-04-10,313.8,29,13.9,0.0,10.7,0.301,14.04,73
-34.4634,150.888,2013-04-10,300.1,16,18.7,0.5,16.0,0.376,17.68,80
-30.2147,148.949,2013-04-10,306.1,67,20.7,0.0,12.3,0.145,17.76,54
-28.8726,150.3083,2013-04-11,320.8,75,20.3,0.0,18.1,0.128,16.9,58
-28.7295,147.9189,2013-04-11,312.8,31,21.6,0.0,17.7,0.201,18.67,53
-29.8442,151.319,2013-04-11,309.2,51,16.5,0.0,16.2,0.191,18.36,68
-29.8532,151.3173,2013-04-11,309.5,50,16.6,0.0,16.2,0.189,18.36,66
-31.7537,151.4312,2013-04-11,303.4,24,11.6,0.0,10.7,0.362,19.54,78
-30.8146,148.0944,2013-04-11,316.7,63,21.2,0.0,12.1,0.147,18.07,49
-31.7552,151.4419,2013-04-11,329.4,85,12.1,0.0,10.7,0.362,19.54,78
-31.7568,151.4527,2013-04-11,308.1,61,12.1,0.0,10.7,0.348,19.54,79
-31.6673,149.4846,2013-04-11,312.4,56,17.6,0.0,11.6,0.192,19.89,57
-31.7357,148.7545,2013-04-11,323.8,77,19.6,0.0,12.8,0.124,19.48,53
-31.7376,148.7657,2013-04-11,324.9,78,19.5,0.0,12.8,0.124,19.48,53
-31.2445,145.6687,2013-04-11,314.3,54,21.9,0.0,12.4,0.113,19.2,39
-31.9057,149.1802,2013-04-11,317.8,57,18.3,0.0,13.1,0.157,19.63,58
-31.7579,145.7501,2013-04-11,313.7,38,22.0,0.0,12.3,0.106,19.59,39
-33.0785,145.6845,2013-04-11,312.2,29,21.4,0.0,9.9,0.117,17.89,40
-33.5705,148.2235,2013-04-11,315.6,65,18.5,0.0,10.1,0.163,19.04,56
-36.4549,149.9016,2013-04-11,316.9,77,16.4,13.0,9.9,0.282,14.42,82
-34.4603,150.8799,2013-04-11,317.6,67,19.7,0.0,12.6,0.361,18.07,77
-36.0194,149.9498,2013-04-11,308.7,67,16.6,1.1,11.8,0.262,16.03,82
-36.021,149.961,2013-04-11,309.0,68,16.5,1.3,12.8,0.262,16.07,82
-35.7744,147.7829,2013-04-11,305.4,33,15.3,0.0,8.5,0.298,17.22,73
-35.798,147.771,2013-04-11,305.2,25,14.0,0.0,7.9,0.275,16.83,73
-36.0666,148.9534,2013-04-11,302.4,34,12.8,5.3,6.2,0.235,15.36,72
-35.9687,147.0074,2013-04-11,319.0,77,18.3,0.0,8.4,0.18,17.28,69
-35.9781,147.0051,2013-04-11,365.9,100,18.4,0.0,8.4,0.18,17.28,69
-35.9801,147.0172,2013-04-11,322.6,80,18.4,0.0,8.4,0.18,17.28,69
-36.9213,146.2478,2013-04-11,308.0,65,14.4,0.0,9.9,0.31,12.49,71
-36.1607,143.6071,2013-04-11,315.2,70,20.8,0.0,13.5,0.142,16.71,45
-36.1573,143.5896,2013-04-11,330.9,85,20.8,0.0,13.5,0.142,16.71,45
-36.6645,146.3716,2013-04-11,306.6,59,17.2,0.0,8.3,0.283,15.04,70
-35.9667,143.5101,2013-04-11,370.8,100,21.0,0.0,13.9,0.154,16.99,42
-35.9631,143.4923,2013-04-11,345.1,93,21.0,0.0,13.9,0.154,16.99,42
-35.9555,143.5134,2013-04-11,311.9,65,21.0,0.0,13.9,0.154,16.99,42
-36.1277,147.349,2013-04-11,303.1,35,15.7,0.0,7.6,0.3,16.21,73
-35.8987,146.1789,2013-04-11,312.8,68,19.4,0.0,8.4,0.166,17.06,60
-35.8964,146.1658,2013-04-11,314.2,70,19.4,0.0,8.4,0.166,17.06,60
-36.0681,147.4321,2013-04-11,308.6,63,14.7,0.0,7.3,0.308,15.84,73
-34.7488,146.039,2013-04-11,357.5,98,21.2,0.0,8.7,0.139,16.88,45
-36.3392,145.5025,2013-04-11,316.0,59,19.6,0.0,13.4,0.173,16.73,60
-36.341,145.4909,2013-04-11,327.3,80,19.6,0.0,13.4,0.173,16.73,60
-36.8922,141.5274,2013-04-11,321.9,60,18.1,0.0,14.2,0.146,14.62,65
-35.8817,148.1238,2013-04-11,328.5,85,14.2,0.0,8.4,0.283,15.36,73
-35.8844,148.109,2013-04-11,325.3,83,14.3,0.0,7.9,0.303,16.26,73
-35.8854,148.1181,2013-04-11,326.2,83,14.1,0.0,8.4,0.283,15.36,73
-35.8753,148.1149,2013-04-11,313.8,72,14.1,0.0,8.4,0.283,15.36,73
-36.2019,145.8995,2013-04-11,315.3,63,19.6,0.0,9.8,0.174,16.8,63
-36.1015,146.4519,2013-04-11,314.0,66,18.8,0.0,8.4,0.178,17.14,66
-36.1926,145.8972,2013-04-11,339.6,90,19.6,0.0,9.8,0.174,16.8,63
-35.9741,147.0189,2013-04-11,319.6,57,18.3,0.0,8.4,0.18,17.28,69
-35.9763,147.0059,2013-04-11,373.2,100,18.3,0.0,8.4,0.18,17.28,69
-36.6349,142.6388,2013-04-11,321.8,51,19.3,0.0,12.7,0.286,15.11,55
-36.1887,145.4057,2013-04-11,321.0,70,19.9,0.0,13.4,0.136,16.73,57
-35.7815,147.769,2013-04-11,328.7,40,15.0,0.0,8.5,0.298,17.22,73
-36.1795,145.4035,2013-04-11,316.9,51,19.9,0.0,13.4,0.136,16.73,57
-36.1774,145.1234,2013-04-11,367.7,100,19.9,0.0,15.7,0.124,16.5,57
-36.1791,145.112,2013-04-11,326.2,78,19.8,0.0,15.7,0.124,16.5,57
-36.0519,145.8622,2013-04-11,331.5,84,19.8,0.0,11.6,0.161,16.89,61
-36.0538,145.8504,2013-04-11,360.7,100,19.8,0.0,11.6,0.161,16.89,61
-36.1683,145.1212,2013-04-11,350.3,95,19.8,0.0,15.7,0.124,16.5,57
-36.17,145.1098,2013-04-11,325.1,77,19.8,0.0,15.7,0.124,16.5,57
-36.0426,145.8599,2013-04-11,322.1,75,20.1,0.0,11.6,0.152,16.89,58
-36.0445,145.8481,2013-04-11,346.0,93,20.2,0.0,11.6,0.147,16.89,57
-35.9642,146.1634,2013-04-11,315.0,65,19.2,0.0,8.4,0.163,17.06,62
-36.0543,145.6069,2013-04-11,322.0,74,20.2,0.0,12.8,0.143,16.73,57
-35.8958,146.5157,2013-04-11,325.0,80,19.0,0.0,8.4,0.181,17.14,63
-35.9583,145.9938,2013-04-11,314.0,32,19.8,0.0,9.9,0.159,17.01,60
-35.9602,145.9819,2013-04-11,323.7,77,19.8,0.0,9.9,0.159,17.01,60
-35.9059,146.2566,2013-04-11,325.7,80,19.3,0.0,8.4,0.17,17.06,61
-35.9079,146.2444,2013-04-11,327.9,82,19.4,0.0,8.4,0.166,17.06,60
-35.9509,145.9796,2013-04-11,320.1,67,19.8,0.0,9.9,0.159,17.01,60
-36.0165,145.5678,2013-04-11,322.5,74,20.3,0.0,12.8,0.161,16.73,56
-36.1141,144.9383,2013-04-11,318.0,60,20.2,0.0,15.3,0.144,16.41,54
-35.9441,145.8421,2013-04-11,313.8,42,20.2,0.0,11.6,0.139,16.89,56
-35.7023,147.1674,2013-04-11,321.0,77,18.1,0.0,8.4,0.195,17.28,65
-35.7046,147.1542,2013-04-11,316.9,69,18.1,0.0,8.4,0.195,17.28,65
-35.6925,147.1649,2013-04-11,334.2,87,18.1,0.0,8.4,0.195,17.28,65
-35.6948,147.1517,2013-04-11,327.5,83,18.1,0.0,8.4,0.195,17.28,65
-36.4012,142.5191,2013-04-11,329.1,78,19.7,0.0,13.2,0.288,16.09,51
-35.9203,145.7505,2013-04-11,318.5,65,20.1,0.0,11.6,0.139,16.89,56
-35.6749,147.1396,2013-04-11,326.2,81,18.4,0.0,8.4,0.177,17.28,64
-35.6772,147.1264,2013-04-11,316.8,71,18.4,0.0,8.4,0.177,17.28,64
-35.8964,145.7991,2013-04-11,346.6,93,20.3,0.0,11.6,0.139,16.89,56
-35.8983,145.7873,2013-04-11,333.7,85,20.3,0.0,11.6,0.139,16.89,56
-36.384,142.1601,2013-04-11,341.9,89,19.6,0.0,12.2,0.282,16.23,52
-35.936,145.1244,2013-04-11,320.5,67,20.8,0.0,15.3,0.167,16.41,52
-36.3084,142.1881,2013-04-11,325.4,70,19.8,0.0,12.9,0.284,16.75,50
-36.31,142.1763,2013-04-11,325.4,70,19.8,0.0,12.9,0.284,16.75,50
-36.4483,141.0682,2013-04-11,321.0,62,19.1,0.0,13.0,0.235,16.65,56
-36.4263,141.1693,2013-04-11,320.3,59,19.2,0.0,12.7,0.215,16.73,56
-36.4278,141.1565,2013-04-11,323.3,68,19.2,0.0,12.7,0.215,16.73,56
-36.4166,141.1675,2013-04-11,322.3,59,19.2,0.0,12.7,0.215,16.73,56
-36.4182,141.1547,2013-04-11,325.9,72,19.2,0.0,12.7,0.215,16.73,56
-35.759,145.7842,2013-04-11,315.1,61,20.4,0.0,10.0,0.143,17.01,54
-35.5294,147.0956,2013-04-11,348.1,94,18.4,0.0,9.4,0.173,17.7,62
-36.2501,142.3449,2013-04-11,323.9,67,19.9,0.0,12.9,0.285,16.75,50
-36.2517,142.3332,2013-04-11,327.4,74,19.9,0.0,12.9,0.285,16.75,50
-35.4728,147.3596,2013-04-11,316.6,70,17.4,0.0,9.3,0.179,17.77,65
-36.3953,141.0979,2013-04-11,322.0,65,19.1,0.0,13.0,0.235,16.65,56
-34.5961,147.309,2013-04-11,338.8,89,19.2,0.0,10.9,0.16,18.39,54
-35.3212,142.6478,2013-04-11,354.8,97,20.9,0.0,11.8,0.157,17.62,40
-35.3227,142.6365,2013-04-11,349.7,94,20.9,0.0,11.8,0.157,17.62,40
-34.5885,147.2926,2013-04-11,324.4,77,19.1,0.0,10.9,0.16,18.39,54
-34.5909,147.2789,2013-04-11,341.9,91,19.1,0.0,10.9,0.16,18.39,54
-34.7597,146.061,2013-04-11,323.0,72,20.9,0.0,8.7,0.129,16.88,47
-34.7617,146.0488,2013-04-11,323.6,73,21.2,0.0,8.7,0.136,16.88,46
-34.7563,146.0534,2013-04-11,374.5,100,21.0,0.0,8.7,0.129,16.88,47
-34.7583,146.0413,2013-04-11,376.4,100,21.2,0.0,8.7,0.136,16.88,46
-34.1906,148.4585,2013-04-11,333.6,81,18.2,0.0,12.2,0.165,18.84,57
-34.2067,148.1339,2013-04-11,328.4,82,18.2,0.0,17.2,0.173,18.77,54
-34.2135,148.1289,2013-04-11,322.4,65,18.3,0.0,17.2,0.173,18.77,54
-34.9529,143.508,2013-04-11,334.7,84,21.1,0.0,9.8,0.148,17.79,45
-34.9545,143.4971,2013-04-11,321.8,67,21.2,0.0,9.8,0.148,17.79,45
-34.1784,148.2001,2013-04-11,321.2,69,18.2,0.0,17.2,0.173,18.77,54
-34.1812,148.1846,2013-04-11,318.1,53,18.2,0.0,17.2,0.173,18.77,54
-34.1678,148.1972,2013-04-11,352.6,91,18.2,0.0,17.2,0.173,18.77,54
-34.1706,148.1818,2013-04-11,348.0,94,18.2,0.0,17.2,0.173,18.77,54
-34.2018,147.9513,2013-04-11,319.9,72,18.7,0.0,16.1,0.17,18.69,54
-34.0621,148.3931,2013-04-11,314.6,55,17.5,0.0,12.3,0.165,18.9,57
-34.1001,148.1254,2013-04-11,327.8,81,18.9,0.0,12.2,0.158,18.84,53
-34.2008,147.2097,2013-04-11,331.2,45,19.4,0.0,10.4,0.161,18.6,51
-34.2033,147.196,2013-04-11,344.9,92,19.4,0.0,10.4,0.161,18.6,51
-33.9671,148.4179,2013-04-11,311.6,40,17.9,0.0,12.3,0.162,18.9,58
-34.1933,147.1934,2013-04-11,320.7,44,19.3,0.0,10.4,0.161,18.6,51
-34.1928,147.2007,2013-04-11,324.6,49,19.3,0.0,10.4,0.161,18.6,51
-34.0048,147.7159,2013-04-11,336.4,87,19.1,0.0,10.8,0.155,18.82,53
-34.0075,147.7012,2013-04-11,330.9,83,19.1,0.0,10.8,0.155,18.82,53
-33.7813,148.8405,2013-04-11,337.0,88,16.9,0.0,10.2,0.179,18.95,60
-33.7845,148.8237,2013-04-11,322.2,76,17.1,0.0,10.2,0.179,18.95,60
-34.4829,144.7515,2013-04-11,330.0,80,22.1,0.0,8.5,0.172,17.42,41
-34.4846,144.7403,2013-04-11,361.0,100,22.1,0.0,8.5,0.262,17.42,41
-34.2811,145.957,2013-04-11,317.3,51,21.6,0.0,9.5,0.15,15.54,43
-34.1379,146.7474,2013-04-11,322.8,71,20.7,0.0,10.9,0.145,16.94,45
-34.1401,146.7343,2013-04-11,330.3,81,20.7,0.0,10.9,0.145,16.94,45
-34.5884,143.4843,2013-04-11,328.1,76,21.8,0.0,8.5,0.19,17.83,44
-34.4386,142.1795,2013-04-11,327.3,74,22.0,0.0,11.9,0.138,17.85,36
-34.428,142.1889,2013-04-11,328.1,77,22.0,0.0,11.9,0.138,17.85,36
-34.4295,142.1777,2013-04-11,325.0,54,22.0,0.0,11.9,0.138,17.85,36
-35.7749,143.7359,2013-04-11,327.7,76,21.1,0.0,13.5,0.188,17.24,44
-37.0861,143.9622,2013-04-11,326.7,55,17.4,0.0,12.3,0.169,14.04,63
-36.6691,146.3781,2013-04-11,330.7,64,17.1,0.0,7.8,0.283,15.97,70
-36.4308,147.2444,2013-04-11,319.8,78,15.9,0.0,8.3,0.307,16.42,72
-36.4188,147.2552,2013-04-11,314.0,55,16.5,0.0,7.0,0.301,16.55,74
-36.192,148.0635,2013-04-11,320.0,79,16.6,0.0,7.1,0.298,16.79,72
-36.8633,143.5231,2013-04-11,317.9,55,18.1,0.1,12.1,0.165,15.44,62
-36.4944,145.8683,2013-04-11,324.7,80,18.9,0.0,11.9,0.191,16.55,66
-37.0872,141.6671,2013-04-11,337.8,89,17.6,0.0,12.6,0.194,14.53,68
-36.3521,146.56,2013-04-11,325.7,81,16.9,0.0,7.8,0.217,15.97,70
-36.9139,142.7327,2013-04-11,334.9,87,18.3,0.0,13.0,0.149,13.41,62
-36.9155,142.721,2013-04-11,339.0,89,18.3,0.0,13.0,0.149,13.41,62
-36.3372,146.5629,2013-04-11,312.1,64,17.9,0.0,8.0,0.183,16.6,68
-36.4559,145.7059,2013-04-11,320.1,73,19.1,0.0,11.9,0.185,16.55,63
