latitude,longitude,date,Mean_estimated_fire_brightness,Mean_confidence,Temperature,Precipitation,WindSpeed,SoilWaterContent,SolarRadiation,RelativeHumidity
-28.5367,150.1429,2012-04-10,314.5,64,17.9,0.0,22.1,0.192,21.98,34
-28.8124,148.5906,2012-04-10,319.7,72,16.8,0.0,25.6,0.047,22.02,36
-28.3186,150.3837,2012-04-10,315.0,52,18.1,0.0,21.3,0.191,22.03,34
-30.4669,148.7083,2012-04-10,380.9,100,15.6,0.0,17.5,0.098,21.29,38
-30.4711,148.6832,2012-04-10,317.3,37,15.6,0.0,17.5,0.098,21.29,38
-30.4613,148.681,2012-04-10,336.0,88,15.7,0.0,17.5,0.098,21.29,38
-30.0826,149.3341,2012-04-10,324.6,79,16.5,0.0,19.9,0.263,21.51,36
-30.0458,149.4828,2012-04-10,312.4,54,16.5,0.0,21.0,0.095,21.52,36
-29.5589,151.2528,2012-04-10,354.3,97,13.7,0.0,19.1,0.108,21.92,47
-29.3668,151.5503,2012-04-10,309.4,77,13.7,0.0,16.7,0.222,21.95,44
-29.3724,151.5562,2012-04-10,328.6,100,13.6,0.0,18.3,0.19,21.98,46
-29.544,151.2393,2012-04-10,302.6,50,14.2,0.0,19.1,0.094,21.92,44
-29.3663,151.5554,2012-04-10,314.6,31,13.6,0.0,18.3,0.19,21.98,46
-28.8995,150.4189,2012-04-11,314.9,70,18.0,0.0,17.7,0.116,19.39,40
-28.9332,148.0973,2012-04-11,320.0,74,16.9,0.0,19.9,0.133,21.14,42
-29.4048,151.57,2012-04-11,319.1,75,13.1,0.0,17.6,0.186,18.44,56
-29.5485,151.2507,2012-04-11,312.7,44,14.5,0.0,17.0,0.101,18.87,51
-29.5459,151.2699,2012-04-11,309.6,47,14.7,0.0,17.0,0.085,18.87,50
-30.0718,149.3428,2012-04-11,317.3,75,16.8,0.0,23.2,0.262,20.14,46
-30.0665,149.3375,2012-04-11,313.9,30,16.8,0.0,23.2,0.262,20.14,46
-32.9805,146.3236,2012-04-11,316.8,71,13.4,0.0,13.3,0.123,19.7,50
-32.989,146.3084,2012-04-11,313.5,68,13.5,0.0,13.3,0.123,19.7,50
-32.9906,146.322,2012-04-11,327.8,84,13.5,0.0,13.3,0.123,19.7,50
-33.8324,142.0101,2012-04-11,311.8,67,13.7,0.0,15.9,0.198,19.17,55
-34.6149,146.6919,2012-04-11,308.4,44,12.3,0.0,10.2,0.186,19.07,55
-34.6206,146.7,2012-04-11,306.1,41,12.3,0.0,10.2,0.186,19.07,55
-35.5925,150.229,2012-04-11,311.8,70,13.3,0.4,27.9,0.299,11.59,71
-35.5869,150.2239,2012-04-11,314.8,75,13.0,0.3,20.8,0.299,12.45,71
-35.4288,146.8432,2012-04-11,332.8,88,11.7,0.0,11.0,0.206,18.72,58
-35.4305,146.8593,2012-04-11,316.4,77,11.8,0.0,11.0,0.21,18.72,58
-35.2264,144.0226,2012-04-11,305.8,50,13.4,0.0,12.8,0.253,18.62,59
-35.228,144.0344,2012-04-11,306.7,54,13.4,0.0,12.8,0.253,18.62,59
-37.4469,143.5615,2012-04-11,304.1,42,11.1,0.0,12.4,0.213,17.0,72
-37.4484,143.5738,2012-04-11,317.5,78,11.0,0.0,12.4,0.213,17.0,72
-37.4108,143.2078,2012-04-11,317.4,77,11.3,0.0,11.9,0.158,17.14,71
-37.4124,143.2198,2012-04-11,327.6,85,11.3,0.0,11.9,0.158,17.14,71
-37.4201,143.2059,2012-04-11,328.1,85,11.4,0.0,11.9,0.158,17.14,71
-37.4217,143.2179,2012-04-11,351.9,97,11.4,0.0,11.9,0.158,17.14,71
-37.2407,141.6399,2012-04-11,306.4,60,11.9,0.0,10.7,0.188,17.76,66
-34.6112,147.4412,2012-04-11,325.0,78,11.1,0.0,11.2,0.184,19.05,57
-34.6081,147.4492,2012-04-11,313.9,59,11.2,0.0,11.2,0.184,19.05,57
-33.9758,148.1302,2012-04-11,311.9,50,12.3,0.0,16.3,0.197,18.9,58
-33.9757,148.1253,2012-04-11,311.1,35,12.3,0.0,16.3,0.197,18.9,58
-33.5319,148.5351,2012-04-11,334.7,86,12.5,0.0,13.9,0.196,17.99,57
-29.4038,151.5544,2012-04-11,327.6,84,13.2,0.0,17.6,0.186,18.44,56
-29.4171,151.5562,2012-04-11,325.8,67,13.2,0.0,17.6,0.186,18.44,56
-29.4082,151.5501,2012-04-11,338.6,90,13.4,0.0,17.6,0.186,18.44,56
-36.1384,146.1414,2012-04-11,316.9,75,11.6,0.0,9.0,0.166,18.39,65
-37.5035,142.6685,2012-04-11,310.0,58,11.2,0.0,10.5,0.161,17.22,71
-36.5433,145.5433,2012-04-11,306.9,63,12.2,0.0,12.2,0.152,18.19,66
-36.6361,144.7218,2012-04-11,327.3,84,12.3,0.0,13.4,0.159,17.91,66
-36.768,144.0582,2012-04-11,311.4,68,12.5,0.0,10.2,0.155,17.9,67
-36.7823,143.9917,2012-04-11,307.7,60,12.6,0.0,10.2,0.148,17.9,67
-36.6394,144.7154,2012-04-11,321.0,79,12.3,0.0,13.4,0.159,17.91,66
-36.7672,144.0505,2012-04-11,307.0,57,12.3,0.0,10.2,0.155,17.9,67
-36.7812,143.984,2012-04-11,307.5,58,12.6,0.0,10.2,0.148,17.9,67
-36.0638,146.7109,2012-04-11,312.1,59,11.3,0.0,9.2,0.213,18.52,67
-36.1348,146.4169,2012-04-11,365.4,100,11.5,0.0,9.0,0.186,18.39,63
-36.0673,146.7078,2012-04-11,314.6,73,11.3,0.0,9.2,0.213,18.52,67
-36.1366,146.4132,2012-04-11,366.3,100,11.5,0.0,9.0,0.186,18.39,63
-36.1449,146.2448,2012-04-11,309.4,65,11.5,0.0,9.0,0.165,18.39,65
-36.1457,146.1105,2012-04-11,309.1,64,11.5,0.0,10.9,0.166,18.36,65
-36.9904,142.1338,2012-04-11,313.2,64,12.4,0.0,8.9,0.141,17.74,65
-37.0707,141.6622,2012-04-11,316.5,71,12.2,0.0,10.3,0.185,17.81,66
-36.9904,142.1266,2012-04-11,312.6,49,12.4,0.0,8.9,0.141,17.74,65
-36.1373,146.1327,2012-04-11,321.1,79,11.5,0.0,9.0,0.166,18.39,65
-36.8825,142.6238,2012-04-11,310.9,59,12.4,0.0,9.4,0.139,17.74,66
-37.0651,141.6706,2012-04-11,314.3,66,12.2,0.0,10.3,0.185,17.81,66
-36.7809,142.831,2012-04-11,314.1,24,12.5,0.0,11.5,0.221,17.86,65
-36.7656,142.8464,2012-04-11,311.9,51,12.5,0.0,11.5,0.221,17.86,65
-36.7695,142.8274,2012-04-11,322.7,78,12.5,0.0,11.5,0.221,17.86,65
-35.8613,146.769,2012-04-11,307.9,57,11.2,0.0,9.7,0.24,18.62,64
-36.1617,145.5048,2012-04-11,311.0,66,12.7,0.0,11.9,0.148,18.3,62
-36.719,142.9545,2012-04-11,314.3,20,12.6,0.0,11.7,0.206,17.86,65
-36.723,142.9352,2012-04-11,318.4,62,12.6,0.0,11.7,0.271,17.86,65
-36.714,142.9476,2012-04-11,322.6,78,12.6,0.0,11.7,0.271,17.86,65
-36.7178,142.9283,2012-04-11,315.5,68,12.6,0.0,11.7,0.271,17.86,65
-35.8656,146.7662,2012-04-11,308.6,62,11.2,0.0,9.7,0.24,18.62,64
-36.1522,145.5273,2012-04-11,307.7,58,12.7,0.0,11.9,0.148,18.3,62
-36.1586,145.499,2012-04-11,308.0,58,12.7,0.0,11.9,0.148,18.3,62
-36.7103,142.7834,2012-04-11,326.5,81,12.7,0.0,11.5,0.273,17.86,64
-36.7141,142.7644,2012-04-11,312.8,63,12.7,0.0,11.5,0.273,17.86,64
-36.8727,141.9587,2012-04-11,322.2,77,12.6,0.0,9.5,0.223,17.85,64
-35.7798,146.9221,2012-04-11,306.8,44,11.6,0.0,10.1,0.246,18.64,61
-35.7882,146.8875,2012-04-11,311.7,68,11.7,0.0,10.1,0.246,18.64,61
-35.9675,146.1344,2012-04-11,310.8,62,11.7,0.0,11.2,0.185,18.49,64
-36.0983,145.5697,2012-04-11,327.4,83,12.6,0.0,13.7,0.142,18.42,62
-36.1048,145.5412,2012-04-11,309.2,62,12.7,0.0,13.7,0.145,18.42,61
-35.7326,146.9817,2012-04-11,355.3,98,11.8,0.0,10.1,0.225,18.64,61
-36.8937,141.6138,2012-04-11,314.4,61,12.6,0.0,11.0,0.151,17.76,64
-35.7836,146.9154,2012-04-11,311.8,68,11.6,0.0,10.1,0.246,18.64,61
-35.9596,146.1573,2012-04-11,308.6,54,11.7,0.0,11.2,0.175,18.49,63
-36.0942,145.5603,2012-04-11,313.8,70,12.6,0.0,13.7,0.142,18.42,62
-36.8882,141.6223,2012-04-11,313.6,62,12.6,0.0,11.0,0.151,17.76,64
-35.7369,146.9751,2012-04-11,356.0,98,11.8,0.0,10.1,0.225,18.64,61
-36.9106,141.442,2012-04-11,317.5,65,12.4,0.0,11.0,0.152,17.76,64
-36.1036,145.3215,2012-04-11,321.0,78,13.0,0.0,13.3,0.146,18.38,61
-36.1097,145.294,2012-04-11,324.9,81,13.0,0.0,13.3,0.146,18.38,61
-37.4437,143.584,2012-04-11,306.5,42,11.1,0.0,12.4,0.213,17.0,72
-37.439,143.5751,2012-04-11,310.9,32,11.1,0.0,12.4,0.213,17.0,72
-37.4269,143.2092,2012-04-11,330.6,86,11.4,0.0,11.9,0.158,17.14,71
-37.5005,142.8486,2012-04-11,318.0,77,11.2,0.0,10.5,0.16,17.22,71
-37.5042,142.8301,2012-04-11,313.6,70,11.3,0.0,10.5,0.16,17.22,71
-37.4741,142.9194,2012-04-11,315.4,74,11.1,0.0,11.9,0.162,17.22,71
-37.4179,143.2218,2012-04-11,318.7,77,11.3,0.0,11.9,0.158,17.14,71
-37.4218,143.2023,2012-04-11,325.3,83,11.4,0.0,11.9,0.158,17.14,71
-37.4787,142.9157,2012-04-11,317.3,76,11.2,0.0,11.9,0.162,17.22,71
-37.4934,142.8411,2012-04-11,318.1,60,11.2,0.0,10.5,0.16,17.22,71
-34.813,147.477,2012-04-11,315.7,73,11.2,0.0,9.7,0.214,19.0,59
-35.5177,147.5321,2012-04-11,303.4,42,10.1,0.0,12.0,0.247,18.69,63
-35.6641,146.8717,2012-04-11,324.3,82,11.7,0.0,9.7,0.234,18.62,60
-36.6838,142.2056,2012-04-11,353.4,97,12.9,0.0,10.2,0.269,17.85,63
-36.6873,142.188,2012-04-11,338.9,90,12.9,0.0,10.2,0.269,17.85,63
-36.6862,142.2009,2012-04-11,360.4,100,12.9,0.0,10.2,0.269,17.85,63
-36.6896,142.1833,2012-04-11,318.2,71,12.9,0.0,10.2,0.269,17.85,63
-35.5117,147.5252,2012-04-11,305.4,53,10.0,0.0,12.0,0.247,18.69,63
-35.6777,146.8351,2012-04-11,317.7,75,12.0,0.0,9.7,0.226,18.62,60
-35.7893,146.1595,2012-04-11,311.1,66,12.1,0.0,13.0,0.192,18.6,60
-35.6711,146.3941,2012-04-11,315.6,69,11.9,0.0,9.9,0.204,18.62,59
-35.7616,146.0148,2012-04-11,309.6,61,12.3,0.0,14.8,0.172,18.59,60
-35.4718,147.2972,2012-04-11,325.0,82,10.6,0.0,11.4,0.228,18.71,61
-35.5438,146.9289,2012-04-11,311.5,67,11.5,0.0,11.8,0.212,18.72,58
-35.6645,146.4196,2012-04-11,309.1,58,12.1,0.0,9.9,0.204,18.62,59
-35.6723,146.3864,2012-04-11,311.4,66,11.8,0.0,9.9,0.204,18.62,59
-35.7606,146.0064,2012-04-11,313.4,69,12.3,0.0,14.8,0.172,18.59,60
-36.6298,141.884,2012-04-11,311.6,53,13.2,0.0,9.5,0.265,17.85,61
-36.633,141.8671,2012-04-11,313.1,61,13.2,0.0,9.7,0.265,17.81,61
-36.7033,141.3186,2012-04-11,313.0,59,12.7,0.0,10.0,0.199,17.76,62
-35.4143,146.8782,2012-04-11,308.2,59,11.8,0.0,11.8,0.21,18.72,58
-35.4229,146.8426,2012-04-11,305.6,48,11.6,0.0,11.0,0.206,18.72,58
-35.4038,146.8657,2012-04-11,306.1,19,11.8,0.0,11.0,0.21,18.72,58
-35.4089,146.382,2012-04-11,306.4,46,12.1,0.0,11.7,0.198,18.71,58
-35.0975,147.0158,2012-04-11,308.6,58,11.9,0.0,10.0,0.182,18.86,57
-35.1051,147.0141,2012-04-11,311.6,65,11.9,0.0,10.0,0.182,18.86,57
-34.192,147.9416,2012-04-11,324.8,82,12.2,0.0,15.8,0.184,19.0,57
-34.3095,147.5159,2012-04-11,306.6,51,11.9,0.0,13.3,0.192,19.13,55
-34.178,147.9762,2012-04-11,309.5,62,12.3,0.0,15.8,0.201,19.0,58
-34.1889,147.9325,2012-04-11,322.7,80,12.3,0.0,15.8,0.184,19.0,57
-34.3424,147.3095,2012-04-11,306.8,32,12.2,0.0,12.7,0.197,19.13,55
-33.8483,148.0336,2012-04-11,310.5,57,12.5,0.0,14.8,0.188,19.16,56
-33.8482,148.0292,2012-04-11,307.1,49,12.4,0.0,14.8,0.188,19.16,56
-34.8082,147.4705,2012-04-11,317.3,75,11.2,0.0,9.7,0.214,19.0,59
-35.6239,143.5272,2012-04-11,317.3,71,13.4,0.0,13.4,0.148,18.46,59
-34.3148,147.5258,2012-04-11,307.1,54,11.9,0.0,13.3,0.192,19.13,55
-33.1729,146.0676,2012-04-11,312.2,60,13.5,0.0,12.4,0.243,19.57,51
-33.5212,146.6177,2012-04-11,324.4,81,13.1,0.0,13.8,0.169,19.5,51
-33.1761,146.0386,2012-04-11,309.7,61,13.5,0.0,12.4,0.163,19.57,51
-33.5122,146.6549,2012-04-11,317.9,74,13.0,0.0,14.7,0.171,19.49,51
-33.181,146.0325,2012-04-11,309.7,41,13.5,0.0,12.4,0.163,19.57,51
-35.091,141.724,2012-04-11,317.5,70,13.8,0.0,12.7,0.13,18.57,57
-29.3727,151.5474,2012-04-11,307.8,45,13.5,0.0,15.3,0.218,16.78,53
-37.4391,143.5743,2012-04-11,308.5,75,11.1,0.0,12.4,0.213,17.0,72
-37.4395,143.5812,2012-04-11,304.7,61,11.1,0.0,12.4,0.213,17.0,72
-28.7539,152.1793,2012-04-11,306.6,58,13.5,0.1,15.8,0.296,16.62,66
-28.7517,152.174,2012-04-11,306.8,55,13.4,0.1,15.8,0.296,16.62,66
-37.4216,143.2135,2012-04-11,324.0,83,11.4,0.0,11.9,0.158,17.14,71
-37.4158,143.2217,2012-04-11,319.5,79,11.4,0.0,11.9,0.158,17.14,71
-36.6399,142.428,2012-04-12,315.1,69,14.4,0.0,10.8,0.269,17.68,58
-36.6453,142.4205,2012-04-12,312.3,65,14.4,0.0,10.8,0.269,17.68,58
-37.4237,143.1918,2012-04-12,305.8,55,12.8,0.0,10.4,0.154,17.35,67
-37.4257,143.2408,2012-04-12,304.5,37,12.8,0.0,10.4,0.154,17.35,67
-37.4265,143.2359,2012-04-12,305.4,22,12.8,0.0,10.4,0.154,17.35,67
-35.3023,148.5305,2012-04-12,316.4,43,9.3,0.0,6.5,0.33,18.5,76
-35.931,146.5505,2012-04-12,328.3,84,13.5,0.0,7.9,0.218,17.33,64
-35.9359,146.3259,2012-04-12,308.0,46,13.4,0.0,7.9,0.19,17.46,62
-35.9375,146.3118,2012-04-12,312.9,67,13.5,0.0,7.9,0.19,17.46,62
-36.2425,143.1835,2012-04-12,316.2,65,14.6,0.0,11.2,0.161,17.92,59
-35.9377,146.1476,2012-04-12,318.9,75,13.5,0.0,7.9,0.179,17.46,64
-36.3789,141.1293,2012-04-12,316.8,63,14.8,0.0,11.6,0.227,17.85,53
-35.9034,146.0834,2012-04-12,318.3,74,13.5,0.0,8.7,0.179,17.68,64
-35.905,146.069,2012-04-12,347.1,94,13.5,0.0,8.7,0.179,17.68,64
-35.8947,146.0673,2012-04-12,313.0,41,13.5,0.0,8.7,0.179,17.68,64
-35.7859,146.8483,2012-04-12,309.9,63,13.3,0.0,8.7,0.234,17.64,62
-35.7883,146.7405,2012-04-12,317.7,75,13.2,0.0,8.7,0.224,17.64,62
-35.7898,146.7272,2012-04-12,330.6,86,13.3,0.0,8.7,0.224,17.64,62
-35.7879,146.7337,2012-04-12,328.9,84,13.1,0.0,8.7,0.224,17.64,62
-35.7894,146.7204,2012-04-12,314.3,70,13.3,0.0,8.7,0.224,17.64,62
-35.7298,146.885,2012-04-12,318.6,76,13.4,0.0,9.0,0.23,17.74,63
-35.7313,146.8719,2012-04-12,330.3,85,13.4,0.0,8.7,0.23,17.64,63
-35.8358,145.7678,2012-04-12,311.4,55,14.0,0.0,8.3,0.15,18.0,62
-36.0098,143.7823,2012-04-12,321.9,74,14.5,0.0,10.3,0.272,18.01,61
-35.9963,143.8002,2012-04-12,314.9,39,14.5,0.0,10.3,0.272,18.01,61
-35.998,143.7807,2012-04-12,351.5,96,14.5,0.0,10.3,0.272,18.01,61
-36.002,143.7959,2012-04-12,336.3,87,14.5,0.0,10.3,0.272,18.01,61
-36.0038,143.7764,2012-04-12,346.6,93,14.5,0.0,10.3,0.272,18.01,61
-35.6862,146.6555,2012-04-12,331.7,86,13.6,0.0,8.7,0.213,17.64,62
-35.75,146.1037,2012-04-12,328.7,83,13.8,0.0,8.0,0.182,17.92,61
-35.7516,146.0894,2012-04-12,315.5,69,13.6,0.0,8.0,0.182,17.92,62
-35.6301,146.8751,2012-04-12,310.9,54,13.1,0.0,9.0,0.215,17.74,63
-35.5943,147.0931,2012-04-12,331.7,86,12.6,0.0,10.5,0.228,18.1,65
-35.6008,146.87,2012-04-12,311.4,50,13.0,0.0,9.8,0.215,18.08,63
-35.6023,146.8568,2012-04-12,310.1,40,13.1,0.0,9.8,0.215,18.08,63
-36.0466,142.0889,2012-04-12,322.4,74,14.6,0.0,10.5,0.216,18.15,56
-35.6965,145.763,2012-04-12,343.1,92,14.2,0.0,8.3,0.154,18.0,60
-35.6982,145.7482,2012-04-12,339.9,90,14.2,0.0,8.3,0.146,18.0,60
-36.0496,142.0823,2012-04-12,322.6,74,14.6,0.0,10.5,0.216,18.15,56
-35.6292,146.1776,2012-04-12,316.0,31,14.0,0.0,9.0,0.189,17.81,60
-35.6175,146.19,2012-04-12,314.7,31,13.9,0.0,8.1,0.189,18.1,60
-35.6191,146.1759,2012-04-12,322.2,74,13.9,0.0,8.1,0.189,18.1,60
-35.6407,145.8882,2012-04-12,322.2,76,14.1,0.0,8.0,0.156,17.92,59
-35.3099,148.5438,2012-04-12,317.3,25,9.3,0.0,6.5,0.318,18.5,76
-35.3114,148.5324,2012-04-12,317.4,49,9.3,0.0,6.5,0.33,18.5,76
-35.4955,147.0685,2012-04-12,312.4,62,12.7,0.0,10.5,0.216,18.1,65
-35.497,147.0556,2012-04-12,315.1,71,12.8,0.0,10.5,0.216,18.1,65
-35.4706,147.1938,2012-04-12,312.6,67,12.2,0.0,10.5,0.23,18.15,66
-35.5392,146.6094,2012-04-12,318.0,52,13.6,0.0,8.7,0.198,18.08,61
-35.4535,147.2547,2012-04-12,331.0,86,12.3,0.0,10.5,0.223,18.15,66
-35.455,147.2422,2012-04-12,323.4,80,12.3,0.0,10.5,0.23,18.15,66
-35.5293,146.6077,2012-04-12,317.9,42,13.5,0.0,8.7,0.198,18.08,61
-35.4516,147.2489,2012-04-12,330.7,85,12.3,0.0,10.5,0.23,18.15,66
-35.5285,146.6157,2012-04-12,325.4,73,13.5,0.0,8.7,0.198,18.08,61
-35.5349,146.562,2012-04-12,315.4,63,13.6,0.0,8.7,0.198,18.08,61
-35.5956,145.9489,2012-04-12,315.6,66,14.1,0.0,6.9,0.156,18.15,59
-35.7691,143.7122,2012-04-12,331.2,83,14.5,0.0,8.8,0.193,18.17,59
-35.7708,143.6927,2012-04-12,328.2,81,14.4,0.0,8.8,0.193,18.17,59
-35.2567,148.2554,2012-04-12,316.8,75,11.5,0.0,10.2,0.271,18.48,75
-35.3558,147.4716,2012-04-12,308.0,44,12.2,0.0,10.8,0.238,18.35,69
-34.588,148.1242,2012-04-12,313.5,51,11.9,0.0,10.5,0.221,18.64,70
-36.6574,145.496,2012-04-12,319.5,76,13.7,0.0,9.4,0.18,17.67,67
-36.8524,143.5372,2012-04-12,322.3,77,13.7,0.0,8.2,0.162,17.63,66
-36.8544,143.5162,2012-04-12,323.9,78,13.8,0.0,8.2,0.162,17.63,66
-36.8662,142.8023,2012-04-12,320.9,75,14.0,0.0,11.1,0.143,17.68,61
-36.945,141.6044,2012-04-12,315.7,65,14.5,0.0,11.5,0.15,17.58,58
-36.947,141.5765,2012-04-12,316.9,65,14.5,0.0,11.5,0.15,17.58,58
-36.4599,146.4381,2012-04-12,306.5,57,12.0,0.0,7.0,0.246,17.34,73
-36.4523,146.4316,2012-04-12,308.6,63,12.0,0.0,7.0,0.246,17.34,73
-36.6381,144.7065,2012-04-12,312.3,51,14.1,0.0,11.4,0.158,17.55,64
-36.4965,145.7507,2012-04-12,312.5,68,13.1,0.0,8.6,0.178,17.6,69
-36.7824,142.5718,2012-04-12,317.8,70,14.2,0.0,10.8,0.272,17.68,61
-36.7812,142.2487,2012-04-12,317.8,66,14.1,0.0,10.7,0.266,17.69,60
-36.46,145.5872,2012-04-12,312.6,67,13.6,0.0,9.4,0.152,17.67,67
-36.3996,145.8974,2012-04-12,349.0,95,13.1,0.0,8.8,0.186,17.52,71
-36.6724,143.1098,2012-04-12,316.3,67,14.0,0.0,11.0,0.203,17.69,62
-36.6772,142.9058,2012-04-12,324.9,79,14.2,0.0,11.0,0.27,17.69,61
-36.3733,145.8471,2012-04-12,314.8,71,13.3,0.0,8.1,0.171,17.72,69
-36.3749,145.832,2012-04-12,318.4,75,13.3,0.0,8.1,0.171,17.72,69
-36.2893,146.4252,2012-04-12,314.4,72,12.3,0.0,7.0,0.192,17.34,72
-36.3445,145.9186,2012-04-12,310.4,54,13.2,0.0,8.3,0.183,17.56,70
-36.3392,145.9123,2012-04-12,314.5,70,13.2,0.0,8.3,0.183,17.56,70
-36.4481,144.7891,2012-04-12,312.6,52,14.8,0.0,10.9,0.139,17.69,62
-36.437,144.7875,2012-04-12,315.3,67,14.7,0.0,10.9,0.139,17.69,62
-36.6404,142.4201,2012-04-12,315.3,64,14.4,0.0,10.8,0.269,17.68,58
-36.1024,147.5862,2012-04-12,319.8,79,9.8,0.0,6.6,0.332,17.96,74
-36.104,147.5733,2012-04-12,311.9,70,10.6,0.0,6.6,0.326,17.96,73
-36.0655,147.8057,2012-04-12,313.4,73,9.4,0.0,7.2,0.344,18.22,73
-36.5743,142.9109,2012-04-12,320.6,74,14.3,0.0,12.3,0.271,17.81,60
-36.5762,142.8882,2012-04-12,338.2,89,14.3,0.0,12.3,0.271,17.81,60
-36.0576,147.7914,2012-04-12,306.2,44,10.0,0.0,6.5,0.319,18.04,72
-36.2545,146.1084,2012-04-12,317.0,73,12.6,0.0,8.3,0.164,17.56,71
-36.256,146.094,2012-04-12,316.5,73,12.3,0.0,8.3,0.164,17.56,71
-36.5617,142.9093,2012-04-12,316.8,67,14.3,0.0,12.3,0.271,17.81,60
-36.5636,142.8865,2012-04-12,334.4,86,14.4,0.0,12.3,0.271,17.81,61
-36.5238,143.063,2012-04-12,333.7,86,14.4,0.0,12.3,0.246,17.81,61
-36.6954,141.0592,2012-04-12,315.8,63,14.8,0.0,11.7,0.191,17.69,55
-36.0234,147.7155,2012-04-12,314.8,55,10.6,0.0,6.6,0.326,17.96,73
-36.025,147.703,2012-04-12,315.0,53,11.4,0.0,6.5,0.327,18.04,70
-36.5216,143.0556,2012-04-12,341.5,91,14.4,0.0,12.3,0.246,17.81,61
-36.1627,146.4767,2012-04-12,320.5,78,12.6,0.0,6.6,0.195,17.22,71
-36.1787,146.0591,2012-04-12,320.9,77,13.0,0.0,8.3,0.171,17.56,70
-36.1803,146.0444,2012-04-12,314.8,67,13.1,0.0,8.3,0.181,17.56,70
-36.1446,146.273,2012-04-12,312.7,67,12.9,0.0,7.0,0.176,17.34,68
-36.1219,146.3841,2012-04-12,319.6,77,12.8,0.0,7.9,0.183,17.33,69
-35.5931,150.2143,2012-04-12,315.9,66,13.8,0.0,10.7,0.289,17.43,83
-35.5857,150.2012,2012-04-12,320.4,80,14.1,0.2,16.5,0.289,17.8,83
-36.0808,146.1255,2012-04-12,312.0,65,13.2,0.0,7.9,0.164,17.46,69
-36.0706,146.1238,2012-04-12,334.3,87,13.2,0.0,8.7,0.164,17.68,69
-36.1408,145.3675,2012-04-12,312.0,60,14.4,0.0,9.0,0.147,17.81,62
-36.0109,146.2091,2012-04-12,313.6,47,13.3,0.0,7.9,0.172,17.46,65
-36.004,146.1789,2012-04-12,315.9,53,13.3,0.0,7.9,0.172,17.46,65
-36.0293,145.8572,2012-04-12,316.5,71,13.4,0.0,8.1,0.154,17.86,68
-36.0309,145.8424,2012-04-12,324.9,80,13.5,0.0,8.1,0.15,17.86,67
-35.9097,146.8223,2012-04-12,313.6,70,12.9,0.0,6.9,0.237,17.26,64
-35.9113,146.8089,2012-04-12,314.1,71,12.8,0.0,7.2,0.237,17.15,64
-35.4377,146.6069,2012-04-12,318.0,60,13.3,0.0,8.7,0.194,18.08,62
-35.4393,146.5937,2012-04-12,315.9,39,13.2,0.0,8.7,0.194,18.08,62
-35.3157,147.4449,2012-04-12,325.3,81,12.5,0.0,10.8,0.219,18.35,67
-35.3866,146.866,2012-04-12,339.6,90,13.1,0.0,9.8,0.206,18.08,63
-35.3882,146.8531,2012-04-12,356.3,98,13.1,0.0,9.8,0.206,18.08,63
-35.4191,146.508,2012-04-12,319.9,74,13.5,0.0,8.7,0.196,18.08,62
-35.2508,147.3141,2012-04-12,343.1,92,12.5,0.0,10.7,0.206,18.33,66
-35.2524,147.3017,2012-04-12,361.7,100,12.6,0.0,10.7,0.206,18.33,66
-35.2027,147.2289,2012-04-12,343.2,92,13.0,0.0,10.7,0.206,18.33,65
-35.2042,147.2165,2012-04-12,329.0,83,13.0,0.0,10.7,0.206,18.33,65
-35.2681,146.6792,2012-04-12,318.1,71,13.5,0.0,9.8,0.191,18.33,63
-35.0927,148.0326,2012-04-12,313.8,69,12.6,0.0,9.5,0.263,18.49,69
-35.2582,146.6775,2012-04-12,329.4,83,13.5,0.0,9.8,0.191,18.33,63
-35.1387,146.9143,2012-04-12,326.7,81,13.5,0.0,10.2,0.187,18.32,62
-35.1402,146.9016,2012-04-12,323.9,79,13.4,0.0,10.2,0.187,18.32,62
-35.1289,146.9126,2012-04-12,340.2,90,13.5,0.0,10.2,0.187,18.32,62
-35.1305,146.8999,2012-04-12,342.2,92,13.4,0.0,10.2,0.187,18.32,62
-35.128,146.9071,2012-04-12,325.3,80,13.4,0.0,10.2,0.187,18.32,62
-35.0532,147.3535,2012-04-12,319.7,75,12.7,0.0,10.8,0.207,18.43,67
-34.8858,147.722,2012-04-12,312.9,49,12.5,0.0,9.5,0.23,18.49,67
-34.8451,147.4769,2012-04-12,314.2,61,13.0,0.0,10.5,0.21,18.57,65
-34.6804,148.5256,2012-04-12,326.2,82,12.2,0.0,9.2,0.254,18.3,73
-34.6819,148.5143,2012-04-12,308.2,53,12.4,0.0,10.3,0.254,18.42,73
-34.6651,148.4996,2012-04-12,331.6,86,12.0,0.0,9.2,0.254,18.3,73
-34.7996,147.3378,2012-04-12,321.1,76,13.3,0.0,10.4,0.203,18.54,63
-34.8277,146.8734,2012-04-12,364.6,100,13.9,0.0,10.0,0.171,18.52,60
-34.8292,146.8607,2012-04-12,381.2,100,14.0,0.0,10.0,0.171,18.52,60
-34.818,146.8716,2012-04-12,323.6,78,13.9,0.0,10.0,0.171,18.52,60
-34.8195,146.859,2012-04-12,325.2,80,14.0,0.0,10.0,0.171,18.52,60
-34.632,148.2664,2012-04-12,338.7,90,12.1,0.0,9.2,0.234,18.45,72
-34.6335,148.255,2012-04-12,328.9,84,12.1,0.0,9.2,0.234,18.45,72
-34.6722,147.8857,2012-04-12,314.4,68,12.0,0.0,9.8,0.217,18.57,69
-34.6241,148.1833,2012-04-12,311.6,31,11.8,0.0,10.5,0.229,18.64,71
-34.708,147.266,2012-04-12,312.6,62,13.8,0.0,10.4,0.202,18.54,62
-34.5788,148.1225,2012-04-12,342.8,92,11.8,0.0,10.5,0.221,18.64,70
-34.5803,148.111,2012-04-12,337.1,89,11.7,0.0,10.5,0.221,18.64,70
-34.4868,148.7383,2012-04-12,312.1,68,11.8,0.0,9.7,0.251,18.45,73
-34.5666,148.1435,2012-04-12,334.9,88,11.8,0.0,10.5,0.221,18.64,70
-34.5681,148.1321,2012-04-12,315.9,61,11.8,0.0,10.5,0.221,18.64,70
-34.4743,148.4844,2012-04-12,311.6,62,11.9,0.0,9.4,0.235,18.51,73
-34.4403,148.6081,2012-04-12,308.3,59,11.9,0.0,9.4,0.232,18.51,72
-34.4418,148.597,2012-04-12,307.6,56,11.9,0.0,9.4,0.232,18.51,72
-34.4735,148.3621,2012-04-12,312.7,67,12.4,0.0,10.5,0.234,18.64,73
-34.475,148.3509,2012-04-12,311.4,64,12.2,0.0,10.5,0.234,18.64,72
-34.6314,146.9036,2012-04-12,316.6,69,14.2,0.0,10.2,0.19,18.51,60
-34.4141,148.1247,2012-04-12,309.9,57,12.2,0.0,10.5,0.207,18.64,69
-34.4861,147.1883,2012-04-12,315.5,68,13.6,0.0,10.2,0.195,18.7,62
-34.3446,147.9521,2012-04-12,327.1,82,13.6,0.0,11.2,0.199,18.89,67
-34.3354,147.9503,2012-04-12,313.9,47,13.6,0.0,11.2,0.199,18.89,67
-34.3139,147.9697,2012-04-12,319.7,75,13.6,0.0,11.2,0.199,18.89,67
-37.2317,147.8274,2012-04-12,303.9,57,10.5,0.0,8.1,0.309,17.45,76
-37.2331,147.8153,2012-04-12,308.1,67,9.8,0.0,8.4,0.327,17.44,76
-37.5002,143.0951,2012-04-12,322.9,80,12.7,0.0,12.0,0.168,17.36,66
-37.502,143.0721,2012-04-12,338.0,90,12.7,0.0,12.0,0.168,17.36,66
-37.4999,143.0903,2012-04-12,331.5,86,12.7,0.0,12.0,0.168,17.36,66
-37.4455,143.5765,2012-04-12,316.9,74,12.4,0.0,8.9,0.208,17.36,70
-37.4474,143.5551,2012-04-12,309.4,62,12.4,0.0,8.9,0.208,17.36,70
-37.4533,143.038,2012-04-12,322.2,79,12.7,0.0,12.0,0.167,17.36,66
-37.4552,143.015,2012-04-12,318.4,76,12.5,0.0,12.0,0.167,17.36,66
-37.4703,142.826,2012-04-12,317.4,70,13.0,0.0,11.5,0.157,17.37,66
-37.426,143.2188,2012-04-12,313.9,62,12.8,0.0,10.4,0.154,17.35,67
-37.4278,143.1962,2012-04-12,313.3,63,12.8,0.0,10.4,0.154,17.35,67
-37.4593,142.8005,2012-04-12,315.4,63,13.1,0.0,11.5,0.157,17.37,66
-37.4135,143.2172,2012-04-12,312.4,50,12.7,0.0,10.4,0.154,17.35,67
-37.4153,143.1947,2012-04-12,313.8,63,12.8,0.0,10.4,0.154,17.35,67
-37.424,143.2114,2012-04-12,327.5,84,12.8,0.0,10.4,0.154,17.35,67
-37.2623,143.604,2012-04-12,307.5,58,13.0,0.0,7.9,0.146,17.46,67
-37.0077,146.0738,2012-04-12,308.2,67,11.7,0.0,8.4,0.264,17.54,76
-37.2227,142.1747,2012-04-12,316.8,69,13.6,0.0,9.7,0.149,17.37,64
-37.2245,142.1487,2012-04-12,325.8,0,13.6,0.0,9.7,0.169,17.37,65
-36.7606,147.0049,2012-04-12,314.0,34,9.5,0.0,7.8,0.332,17.61,75
-36.7623,146.9905,2012-04-12,312.4,17,10.7,0.0,6.7,0.309,17.42,76
-36.7525,146.9884,2012-04-12,316.5,60,11.1,0.0,7.2,0.309,17.31,76
-37.2275,142.1707,2012-04-12,323.0,69,13.6,0.0,9.7,0.149,17.37,64
-37.0214,143.8705,2012-04-12,319.3,76,13.5,0.0,7.8,0.269,17.54,66
-36.8642,145.2608,2012-04-12,310.0,65,13.6,0.0,9.7,0.186,17.54,67
-36.6755,146.4155,2012-04-12,310.9,71,12.4,0.0,7.4,0.292,17.45,73
-36.677,146.4016,2012-04-12,334.1,89,11.9,0.0,7.4,0.291,17.45,74
-36.6669,146.4003,2012-04-12,306.4,56,11.8,0.0,6.9,0.313,17.32,74
-36.1694,150.0472,2012-04-12,315.6,76,13.6,0.0,9.1,0.27,17.03,84
-36.4638,147.857,2012-04-12,303.0,30,9.0,0.0,7.1,0.353,17.72,76
-36.1604,150.0452,2012-04-12,305.8,21,13.7,0.0,9.1,0.27,17.03,84
-36.4544,147.855,2012-04-12,302.8,34,8.7,0.0,7.1,0.355,17.9,76
-34.2384,148.3269,2012-04-12,326.3,82,12.5,0.0,11.4,0.217,18.84,69
-34.2293,148.3251,2012-04-12,322.9,79,12.5,0.0,11.4,0.217,18.84,69
-34.2501,148.1676,2012-04-12,334.9,88,12.6,0.0,11.4,0.212,18.84,69
-34.3788,147.0746,2012-04-12,335.1,87,13.8,0.0,10.5,0.183,18.68,61
-34.2355,148.1592,2012-04-12,323.2,79,12.6,0.0,11.4,0.208,18.84,68
-34.375,147.081,2012-04-12,316.2,55,13.9,0.0,10.5,0.183,18.87,61
-34.3765,147.0688,2012-04-12,317.4,60,13.8,0.0,10.5,0.183,18.68,61
-34.2713,147.7435,2012-04-12,321.9,76,13.9,0.0,10.2,0.188,18.89,65
-34.3788,146.8921,2012-04-12,313.6,52,14.2,0.0,10.5,0.187,18.68,59
-34.2631,147.6586,2012-04-12,311.7,48,13.9,0.0,10.2,0.188,18.89,65
-34.3809,146.7128,2012-04-12,319.2,72,14.3,0.0,9.9,0.182,18.68,58
-34.1382,148.3245,2012-04-12,312.8,51,13.0,0.0,11.4,0.217,18.84,68
-34.3303,147.0477,2012-04-12,315.7,66,14.1,0.0,10.5,0.188,18.87,60
-34.1397,148.3133,2012-04-12,353.8,97,13.1,0.0,11.4,0.217,18.84,68
-34.1995,147.4356,2012-04-12,357.4,98,14.0,0.0,10.2,0.188,18.88,63
-34.201,147.4238,2012-04-12,335.8,87,14.0,0.0,10.2,0.188,18.88,63
-37.1525,149.9146,2012-04-12,317.5,78,13.7,0.0,15.9,0.309,17.05,73
-37.154,149.9033,2012-04-12,362.8,100,13.8,0.0,15.9,0.309,17.05,73
-33.3955,146.3834,2012-04-12,316.9,47,15.2,0.0,13.5,0.153,19.22,54
-33.9813,148.4753,2012-04-12,309.4,59,12.5,0.0,9.7,0.209,18.92,70
-33.844,148.532,2012-04-12,319.3,76,13.3,0.0,10.1,0.192,18.91,67
-33.9209,147.5463,2012-04-12,323.1,77,14.2,0.0,10.2,0.171,19.03,62
-33.7033,148.5597,2012-04-12,317.1,73,13.4,0.0,10.1,0.195,18.91,67
-33.8557,147.336,2012-04-12,317.5,61,14.2,0.0,10.5,0.157,19.12,61
-33.5293,148.6875,2012-04-12,320.8,77,13.1,0.0,10.1,0.206,18.91,67
-33.5203,148.6905,2012-04-12,337.5,84,13.0,0.0,9.2,0.206,18.53,67
-33.6756,146.7442,2012-04-12,315.8,53,14.6,0.0,12.3,0.172,19.13,55
-33.6771,146.7319,2012-04-12,317.8,63,14.6,0.0,12.3,0.172,19.13,55
-33.3961,148.66,2012-04-12,330.6,85,12.9,0.0,9.2,0.226,18.53,68
-33.6126,146.8581,2012-04-12,314.8,62,14.7,0.0,13.3,0.171,19.21,56
-33.6361,146.3983,2012-04-12,317.8,64,15.0,0.0,12.3,0.16,19.12,53
-33.5168,146.8098,2012-04-12,328.2,81,14.5,0.0,13.3,0.171,19.21,56
-33.5663,146.3991,2012-04-12,321.1,73,15.2,0.0,13.5,0.16,19.22,53
-33.4158,147.2016,2012-04-12,340.1,90,14.7,0.0,10.4,0.166,19.22,59
-33.4173,147.1899,2012-04-12,318.1,69,14.7,0.0,10.4,0.166,19.22,59
-33.4551,146.7311,2012-04-12,322.1,75,14.4,0.0,13.3,0.169,19.21,55
-33.394,146.396,2012-04-12,318.4,64,15.1,0.0,13.5,0.153,19.22,54
-33.051,148.7667,2012-04-12,308.8,52,12.4,0.0,8.4,0.249,18.19,70
-32.2341,149.0798,2012-04-12,310.5,58,14.0,0.0,13.8,0.227,16.62,69
-32.1291,150.985,2012-04-12,310.6,43,14.9,0.4,13.0,0.257,9.5,80
-33.2239,146.6959,2012-04-12,320.0,72,14.9,0.0,13.0,0.134,19.3,57
-33.2224,146.708,2012-04-12,347.1,94,14.9,0.0,13.0,0.134,19.3,57
-33.0428,148.0887,2012-04-12,318.4,72,15.1,0.0,9.8,0.164,19.05,58
-31.5232,146.6646,2012-04-12,319.6,69,16.2,0.0,13.8,0.112,19.83,54
-32.2357,149.0692,2012-04-12,312.1,63,14.1,0.0,13.8,0.227,16.62,69
-28.8415,150.3103,2012-04-12,329.5,81,19.1,0.0,19.7,0.048,20.05,44
-28.8107,148.5888,2012-04-12,332.7,83,18.8,0.0,20.8,0.046,20.97,45
-28.8122,148.5785,2012-04-12,336.2,86,18.8,0.0,20.8,0.046,20.97,45
-28.8831,147.9606,2012-04-12,318.5,64,18.6,0.0,20.1,0.108,20.83,47
-29.4008,151.5999,2012-04-12,324.5,80,13.3,0.0,20.8,0.184,19.84,62
-29.4029,151.5875,2012-04-12,321.6,77,13.4,0.0,20.8,0.184,19.84,62
-29.3796,151.5367,2012-04-12,323.7,71,14.0,0.0,20.8,0.216,19.84,59
-28.8397,150.3216,2012-04-12,353.8,97,19.1,0.0,19.7,0.048,20.05,44
-28.3569,151.9306,2012-04-12,339.2,85,14.3,0.0,25.7,0.222,16.65,67
-37.4384,143.575,2012-04-12,307.5,72,12.4,0.0,8.9,0.208,17.36,70
-33.6643,141.6246,2012-04-12,301.7,43,15.5,0.0,12.6,0.149,19.18,51
-28.5614,151.3455,2012-04-13,321.7,78,18.0,0.0,15.9,0.122,20.34,61
-28.8086,148.591,2012-04-13,315.2,39,19.9,0.0,17.3,0.046,19.69,49
-28.8179,148.5895,2012-04-13,318.1,67,19.9,0.0,17.3,0.046,19.69,49
-29.3587,148.6644,2012-04-13,352.1,96,19.7,0.0,13.2,0.152,20.26,46
-29.3601,148.6756,2012-04-13,321.1,74,19.7,0.0,13.2,0.152,20.26,46
-29.3681,148.6628,2012-04-13,328.9,82,19.7,0.0,13.2,0.152,20.26,46
-29.3774,148.6612,2012-04-13,314.6,17,19.7,0.0,15.8,0.152,20.28,46
-30.2193,147.959,2012-04-13,324.1,78,19.6,0.0,18.4,0.145,19.94,49
-28.5597,151.3308,2012-04-13,322.3,79,17.9,0.0,15.9,0.122,20.34,61
-31.7782,148.8236,2012-04-13,318.9,75,17.3,0.0,14.5,0.131,19.55,60
-33.1297,147.3783,2012-04-13,311.3,62,16.3,0.0,8.9,0.148,18.84,61
-33.8459,150.8934,2012-04-13,306.0,46,15.9,0.0,11.6,0.189,18.27,77
-33.6371,145.5533,2012-04-13,315.1,72,16.2,0.0,9.7,0.171,18.3,60
-34.6737,146.8422,2012-04-13,314.9,73,15.2,0.0,8.7,0.182,18.17,60
-31.7767,148.8113,2012-04-13,309.0,56,17.1,0.0,14.5,0.131,19.55,60
-35.4994,146.5135,2012-04-13,311.2,67,14.1,0.0,7.6,0.196,17.88,64
-36.1317,145.9023,2012-04-13,315.2,74,14.9,0.0,10.8,0.164,17.57,62
-36.1408,145.9004,2012-04-13,310.6,52,14.8,0.0,10.8,0.164,17.57,62
-36.2493,145.616,2012-04-13,307.7,61,14.7,0.0,8.6,0.161,17.51,62
-37.2581,143.7134,2012-04-13,310.8,69,15.3,0.0,12.4,0.168,17.51,51
-37.4178,143.2043,2012-04-13,319.3,78,14.5,0.0,15.2,0.15,17.49,50
-37.4196,143.2159,2012-04-13,318.5,77,14.5,0.0,15.2,0.15,17.49,50
-35.1729,146.673,2012-04-13,309.1,65,14.4,0.0,7.6,0.184,18.0,63
-28.5763,151.3337,2012-04-13,374.0,100,17.9,0.0,15.9,0.122,20.34,61
-28.571,151.3293,2012-04-13,355.7,98,17.8,0.0,15.9,0.122,20.34,61
-28.579,151.2949,2012-04-13,317.3,68,17.6,0.0,15.9,0.122,20.34,61
-37.2185,147.8053,2012-04-13,336.0,90,12.4,0.0,8.1,0.301,17.22,77
-36.8839,149.3776,2012-04-13,301.6,48,11.0,0.0,9.5,0.318,17.52,82
-37.0673,149.324,2012-04-13,316.5,77,11.4,0.0,9.2,0.312,17.29,83
-37.4279,149.5299,2012-04-13,401.9,100,14.8,0.0,10.3,0.263,16.88,80
-37.435,149.4995,2012-04-13,314.6,75,14.0,0.0,10.3,0.292,16.88,80
-37.4407,149.5305,2012-04-13,303.2,54,14.9,0.0,10.3,0.263,16.88,80
-37.4268,149.5251,2012-04-13,395.7,100,14.7,0.0,10.3,0.263,16.88,80
-37.0685,149.3293,2012-04-13,313.7,74,11.4,0.0,9.2,0.312,17.29,83
-37.0756,149.2993,2012-04-13,304.6,31,11.5,0.0,9.2,0.312,17.29,83
-36.4724,143.2576,2012-04-13,328.5,81,16.0,0.0,10.5,0.159,17.7,46
-35.8312,146.5309,2012-04-13,306.8,54,13.9,0.0,7.8,0.213,17.78,66
-35.7585,146.6929,2012-04-13,315.2,74,13.7,0.0,7.9,0.22,17.8,66
-36.7817,141.1104,2012-04-13,348.0,94,16.6,0.0,16.5,0.156,17.74,40
-36.7835,141.0987,2012-04-13,365.0,100,16.6,0.0,16.5,0.156,17.74,40
-36.7743,141.0965,2012-04-13,314.6,48,16.6,0.0,16.5,0.156,17.74,40
-35.3117,148.5361,2012-04-13,303.0,24,10.4,0.0,6.2,0.325,18.32,73
-36.2011,144.2301,2012-04-13,314.5,65,16.2,0.0,9.8,0.157,17.56,50
-35.8087,146.1448,2012-04-13,311.2,40,14.4,0.0,7.6,0.179,17.77,63
-36.6964,141.3455,2012-04-13,318.4,65,16.2,0.0,16.4,0.196,17.74,41
-35.3086,148.5272,2012-04-13,303.8,33,10.5,0.0,6.2,0.325,18.32,73
-36.7115,141.147,2012-04-13,317.5,64,16.3,0.0,16.4,0.19,17.74,41
-35.8046,146.1361,2012-04-13,313.4,68,14.4,0.0,7.6,0.179,17.77,63
-36.3226,143.2918,2012-04-13,336.4,87,15.9,0.0,10.4,0.156,17.77,46
-36.3251,143.2777,2012-04-13,330.7,83,15.8,0.0,10.4,0.156,17.77,46
-36.2558,143.2681,2012-04-13,318.4,69,15.9,0.0,10.4,0.156,17.77,46
-36.1897,143.5795,2012-04-13,323.9,77,16.2,0.0,10.4,0.149,17.7,47
-35.831,145.3594,2012-04-13,312.0,54,15.5,0.0,9.7,0.138,17.59,56
-35.8346,145.3411,2012-04-13,317.8,72,15.6,0.0,9.7,0.146,17.59,55
-36.4467,141.6488,2012-04-13,332.6,83,16.1,0.0,14.8,0.13,17.82,42
-35.5982,146.2343,2012-04-13,318.5,74,14.3,0.0,7.8,0.186,17.86,64
-35.5947,146.1889,2012-04-13,330.5,86,14.2,0.0,7.8,0.186,17.86,64
-35.599,146.1681,2012-04-13,321.2,79,14.2,0.0,7.8,0.186,17.86,64
-35.5426,146.1947,2012-04-13,311.3,47,14.3,0.0,7.8,0.185,17.86,63
-37.4567,143.4105,2012-04-13,331.5,87,13.1,0.0,13.9,0.213,17.48,56
-37.4592,143.3968,2012-04-13,309.2,45,13.2,0.0,13.9,0.213,17.48,56
-37.4575,143.4037,2012-04-13,326.3,84,13.0,0.0,12.8,0.213,17.48,56
-37.4707,143.1505,2012-04-13,314.9,73,14.3,0.0,15.2,0.163,17.49,51
-37.4731,143.137,2012-04-13,310.0,66,14.3,0.0,15.2,0.163,17.49,49
-37.4847,143.07,2012-04-13,342.1,92,14.4,0.0,16.6,0.163,17.53,49
-37.487,143.0566,2012-04-13,347.2,95,14.4,0.0,16.6,0.163,17.53,49
-37.475,143.0673,2012-04-13,325.4,83,14.4,0.0,16.6,0.163,17.53,49
-37.4773,143.0539,2012-04-13,344.7,93,14.5,0.0,16.6,0.163,17.53,49
-36.6666,147.1945,2012-04-13,317.5,77,11.0,0.0,7.1,0.322,17.59,74
-37.4199,143.2071,2012-04-13,312.5,70,14.5,0.0,15.2,0.15,17.49,50
-37.3488,143.4405,2012-04-13,334.5,89,13.7,0.0,12.8,0.191,17.5,53
-37.3512,143.4268,2012-04-13,309.7,59,13.7,0.0,12.8,0.224,17.5,55
-37.429,142.8002,2012-04-13,312.1,68,14.5,0.0,15.5,0.157,17.55,51
-37.4312,142.7872,2012-04-13,318.2,76,14.6,0.0,15.5,0.157,17.55,51
-37.2868,143.5556,2012-04-13,306.4,35,14.8,0.0,12.8,0.142,17.5,51
-37.2768,143.5528,2012-04-13,315.0,74,14.8,0.0,12.8,0.142,17.5,51
-36.61,146.6983,2012-04-13,308.3,46,12.3,0.0,6.3,0.31,17.55,74
-37.0975,143.9662,2012-04-13,314.3,74,15.8,0.0,10.7,0.163,17.47,51
-37.4092,141.927,2012-04-13,318.9,75,14.8,0.0,15.6,0.154,17.54,47
-36.5103,145.9997,2012-04-13,323.7,83,13.7,0.0,8.8,0.197,17.51,71
-36.7763,144.4344,2012-04-13,313.2,71,16.3,0.0,9.9,0.158,17.36,51
-36.5323,145.6435,2012-04-13,304.5,46,14.4,0.0,9.4,0.15,17.48,64
-36.536,145.625,2012-04-13,309.8,69,14.4,0.0,9.4,0.15,17.48,64
-37.3293,141.0895,2012-04-13,342.9,92,15.2,0.0,16.5,0.079,17.56,46
-37.3311,141.0779,2012-04-13,329.9,84,15.1,0.0,16.5,0.079,17.56,46
-36.7237,144.5364,2012-04-13,309.7,29,15.6,0.0,9.9,0.16,17.36,55
-37.3201,141.0872,2012-04-13,308.5,41,15.2,0.0,16.5,0.079,17.56,46
-36.6473,144.877,2012-04-13,313.9,67,15.9,0.0,8.9,0.147,17.29,56
-36.6569,144.827,2012-04-13,320.3,79,15.7,0.0,10.8,0.156,17.35,57
-36.7931,144.0492,2012-04-13,306.8,33,15.9,0.0,10.0,0.145,17.49,51
-36.7877,144.0409,2012-04-13,309.1,42,16.0,0.0,10.0,0.145,17.49,51
-36.7748,143.7563,2012-04-13,319.1,76,15.6,0.0,9.6,0.175,17.51,52
-36.5664,144.6827,2012-04-13,328.6,84,15.5,0.0,9.2,0.156,17.42,57
-37.0202,142.044,2012-04-13,314.9,64,15.2,0.0,15.0,0.145,17.65,47
-37.1736,141.0869,2012-04-13,321.1,74,15.6,0.0,16.5,0.072,17.56,43
-37.1754,141.0753,2012-04-13,322.9,76,15.7,0.0,16.5,0.072,17.56,43
-37.0553,141.7097,2012-04-13,321.4,70,15.6,0.0,15.5,0.182,17.66,45
-37.044,141.7194,2012-04-13,320.5,63,15.8,0.0,15.5,0.133,17.66,44
-37.046,141.7073,2012-04-13,328.0,77,15.8,0.0,15.5,0.133,17.66,44
-36.8556,142.6081,2012-04-13,323.9,78,16.3,0.0,12.5,0.137,17.69,44
-36.8518,142.614,2012-04-13,319.5,71,16.2,0.0,12.5,0.137,17.69,44
-36.854,142.601,2012-04-13,313.6,58,16.3,0.0,12.5,0.137,17.69,44
-36.096,146.4742,2012-04-13,309.2,66,13.6,0.0,7.0,0.19,17.68,70
-36.2075,145.6826,2012-04-13,308.0,51,14.7,0.0,8.7,0.145,17.55,63
-36.6743,143.1087,2012-04-13,325.1,79,15.2,0.0,11.9,0.202,17.67,50
-36.6767,143.0951,2012-04-13,325.9,80,15.1,0.0,11.9,0.202,17.67,50
-36.6762,143.1036,2012-04-13,328.2,81,15.1,0.0,11.9,0.202,17.67,50
-36.6921,142.952,2012-04-13,320.8,73,15.1,0.0,11.9,0.204,17.67,50
-36.6944,142.9385,2012-04-13,316.8,66,15.0,0.0,11.9,0.268,17.67,50
-36.6776,142.9763,2012-04-13,326.0,79,15.1,0.0,11.9,0.204,17.67,50
-36.9003,141.6451,2012-04-13,324.3,76,16.1,0.0,15.5,0.148,17.66,42
-36.9022,141.633,2012-04-13,331.5,83,16.1,0.0,15.5,0.148,17.66,42
-36.6678,142.9736,2012-04-13,314.4,34,15.2,0.0,11.9,0.204,17.67,50
-36.8294,141.8415,2012-04-13,315.7,48,15.8,0.0,14.6,0.246,17.73,44
-36.8314,141.8293,2012-04-13,323.8,71,15.8,0.0,14.6,0.246,17.73,45
-36.82,141.8391,2012-04-13,319.0,21,15.8,0.0,14.6,0.246,17.73,44
-36.6395,142.7842,2012-04-13,323.9,76,15.1,0.0,12.1,0.27,17.67,50
-36.6366,142.7905,2012-04-13,314.1,57,15.1,0.0,12.1,0.27,17.67,50
-36.6389,142.7772,2012-04-13,320.0,71,15.1,0.0,12.1,0.27,17.67,50
-36.5993,142.9481,2012-04-13,316.2,64,15.2,0.0,11.3,0.27,17.72,50
-36.7791,141.7585,2012-04-13,315.8,40,15.9,0.0,14.6,0.246,17.73,45
-36.781,141.7464,2012-04-13,317.3,48,16.1,0.0,14.6,0.16,17.73,43
-36.7717,141.744,2012-04-13,320.6,56,16.1,0.0,14.6,0.16,17.73,43
-36.4699,143.2715,2012-04-13,314.4,60,16.0,0.0,10.5,0.159,17.7,46
-35.7541,146.8389,2012-04-13,312.8,62,13.8,0.0,7.9,0.23,17.8,66
-36.4599,143.2687,2012-04-13,326.4,79,16.0,0.0,10.5,0.159,17.7,46
-36.4625,143.2548,2012-04-13,338.5,89,16.0,0.0,10.5,0.159,17.7,46
-36.4628,143.2642,2012-04-13,340.4,90,16.0,0.0,10.5,0.159,17.7,46
-36.4653,143.2502,2012-04-13,326.8,80,16.0,0.0,10.5,0.159,17.7,46
-35.4534,144.9667,2012-04-13,321.8,77,16.3,0.0,9.5,0.142,17.6,51
-34.9607,147.235,2012-04-13,309.1,30,13.8,0.0,8.3,0.193,18.16,63
-34.735,148.1191,2012-04-13,309.6,66,13.7,0.0,8.4,0.228,18.3,66
-34.953,147.2281,2012-04-13,311.6,33,14.0,0.0,8.3,0.193,18.16,63
-34.7324,148.1139,2012-04-13,309.8,66,13.9,0.0,8.4,0.228,18.3,66
-34.6912,148.1003,2012-04-13,320.4,79,14.0,0.0,8.4,0.228,18.3,66
-34.5057,148.4335,2012-04-13,327.6,84,13.0,0.0,7.5,0.23,18.43,70
-34.5723,148.1415,2012-04-13,327.4,84,12.7,0.0,7.9,0.216,18.4,68
-34.4989,148.458,2012-04-13,315.6,72,12.8,0.0,7.5,0.23,18.43,71
-34.5703,148.136,2012-04-13,326.0,83,12.7,0.0,7.9,0.216,18.4,68
-34.4861,148.0484,2012-04-13,313.0,70,13.5,0.0,6.6,0.198,18.38,68
-34.4761,148.067,2012-04-13,307.6,52,12.7,0.0,7.9,0.204,18.4,68
-34.4821,148.0397,2012-04-13,308.2,57,13.4,0.0,6.6,0.198,18.38,68
-34.5807,147.3272,2012-04-13,304.7,28,14.4,0.0,8.4,0.191,18.3,63
-34.5149,147.1404,2012-04-13,331.4,86,14.7,0.0,8.4,0.181,18.3,62
-34.5203,147.1159,2012-04-13,332.5,87,14.9,0.0,8.6,0.181,18.26,62
-34.4236,147.4922,2012-04-13,309.1,50,14.4,0.0,7.7,0.176,18.33,65
-34.2513,148.1029,2012-04-13,311.0,65,13.9,0.0,7.1,0.202,18.47,66
-34.0205,148.7086,2012-04-13,308.2,59,13.6,0.0,9.3,0.199,18.65,72
-34.3871,147.0599,2012-04-13,309.8,49,14.8,0.0,8.6,0.18,18.26,62
-35.0959,143.1739,2012-04-13,318.6,67,15.8,0.0,11.1,0.15,18.32,53
-34.0796,147.7049,2012-04-13,311.4,50,14.7,0.0,7.7,0.183,18.5,66
-35.1564,141.5664,2012-04-13,327.1,76,17.1,0.0,12.3,0.121,18.37,45
-34.9153,142.6833,2012-04-13,318.4,57,16.6,0.0,11.7,0.111,18.42,49
-33.4917,148.6994,2012-04-13,338.2,90,14.2,0.0,8.5,0.202,18.71,70
-33.4991,148.6676,2012-04-13,317.2,72,14.4,0.0,8.5,0.202,18.71,70
-33.4951,148.6963,2012-04-13,340.5,91,14.3,0.0,8.5,0.202,18.71,70
-33.5023,148.6644,2012-04-13,311.1,52,14.4,0.0,8.0,0.202,18.86,70
-34.9523,141.0015,2012-04-13,321.1,69,17.3,0.0,12.6,0.08,18.39,43
-33.3057,148.6936,2012-04-13,325.9,81,14.1,0.0,7.7,0.229,18.95,71
-33.2948,148.6854,2012-04-13,327.3,82,14.4,0.0,7.7,0.229,18.95,71
-33.5836,146.9961,2012-04-13,313.8,66,15.6,0.0,9.7,0.172,18.68,62
-33.4667,147.2276,2012-04-13,314.5,67,15.8,0.0,9.4,0.157,18.68,63
-33.5908,146.222,2012-04-13,317.6,71,16.3,0.0,10.0,0.161,18.66,58
-35.5364,146.21,2012-04-13,320.6,78,14.3,0.0,7.8,0.185,17.86,63
-36.0398,143.6536,2012-04-13,324.3,77,16.1,0.0,10.0,0.271,17.72,49
-36.3867,141.6588,2012-04-13,354.5,97,16.1,0.0,14.8,0.129,17.82,43
-35.3111,147.2179,2012-04-13,303.9,34,13.6,0.0,7.4,0.21,18.05,67
-35.5306,146.191,2012-04-13,337.6,90,14.3,0.0,7.8,0.185,17.86,63
-36.2691,142.3012,2012-04-13,319.5,68,15.6,0.0,13.0,0.263,17.91,46
-36.3754,141.6685,2012-04-13,324.6,46,16.2,0.0,14.8,0.129,17.82,43
-36.3773,141.6564,2012-04-13,382.0,100,16.1,0.0,14.8,0.129,17.82,43
-36.3793,141.6443,2012-04-13,327.3,68,16.3,0.0,14.8,0.13,17.82,42
-35.5406,146.1891,2012-04-13,324.9,82,14.3,0.0,7.8,0.185,17.86,63
-36.3906,141.3675,2012-04-13,314.9,44,16.2,0.0,16.2,0.133,17.83,41
-36.3896,141.0739,2012-04-13,344.5,92,16.6,0.0,16.8,0.226,17.82,40
-36.3028,141.0943,2012-04-13,327.0,77,16.7,0.0,16.6,0.25,17.95,40
-36.3047,141.0826,2012-04-13,326.4,76,16.6,0.0,16.6,0.25,17.95,40
-35.769,143.9928,2012-04-13,315.3,58,16.3,0.0,9.9,0.259,17.79,51
-36.22,141.4294,2012-04-13,318.0,60,16.3,0.0,15.2,0.133,17.95,42
-36.2163,141.4229,2012-04-13,318.5,61,16.3,0.0,15.2,0.133,17.95,42
-35.7663,143.9865,2012-04-13,317.3,59,16.3,0.0,9.9,0.259,17.79,51
-36.0925,141.7053,2012-04-13,362.1,100,16.2,0.0,13.7,0.132,18.04,44
-36.0945,141.6931,2012-04-13,327.6,77,16.2,0.0,13.7,0.132,18.04,44
-35.4731,145.0477,2012-04-13,315.5,69,16.3,0.0,9.5,0.142,17.6,51
-34.9994,147.2484,2012-04-13,333.0,87,14.3,0.0,8.3,0.193,18.16,63
-33.541,145.7527,2012-04-13,315.3,61,16.3,0.0,10.1,0.163,18.6,59
-33.2652,146.872,2012-04-13,324.4,79,16.0,0.0,10.1,0.161,18.86,60
-33.2707,146.8468,2012-04-13,327.7,82,15.9,0.0,10.1,0.168,18.86,60
-32.498,148.5505,2012-04-13,310.1,56,16.0,0.0,10.5,0.177,19.26,69
-29.3072,149.4619,2012-04-13,312.6,58,19.6,0.0,11.8,0.188,20.42,48
-29.3688,148.6635,2012-04-13,322.4,63,19.7,0.0,13.2,0.152,20.26,46
-29.3654,148.6578,2012-04-13,320.2,56,19.7,0.0,13.2,0.152,20.26,46
-28.5702,151.3378,2012-04-13,310.3,80,17.8,0.0,15.9,0.122,20.34,61
-28.5699,151.3313,2012-04-13,318.9,98,17.8,0.0,15.9,0.122,20.34,61
-28.5717,151.3256,2012-04-13,306.1,66,17.8,0.0,15.9,0.122,20.34,61
-37.4495,143.3799,2012-04-14,312.0,69,15.4,0.0,18.2,0.219,15.44,51
-37.384,144.8037,2012-04-14,307.8,63,14.4,0.0,17.0,0.286,15.2,57
-37.4497,143.4111,2012-04-14,307.5,62,14.9,0.0,18.2,0.219,15.44,51
-37.4518,143.3761,2012-04-14,310.4,67,15.4,0.0,18.2,0.185,15.44,49
-37.4585,142.7191,2012-04-14,321.8,61,16.7,0.0,21.2,0.153,15.91,45
-36.3807,145.6116,2012-04-14,323.1,79,16.2,0.0,11.2,0.132,15.35,62
-36.5286,144.2801,2012-04-14,314.9,52,16.9,0.0,13.6,0.149,15.0,52
-36.4403,145.5218,2012-04-14,315.4,64,16.5,0.0,11.2,0.15,15.35,59
-36.5248,144.2749,2012-04-14,316.2,67,16.9,0.0,13.6,0.149,15.0,52
-36.4398,145.5021,2012-04-14,309.9,55,16.5,0.0,11.2,0.15,15.35,59
-36.5458,145.4728,2012-04-14,313.9,68,16.1,0.0,11.2,0.145,15.35,60
-36.4379,145.5264,2012-04-14,310.3,48,16.5,0.0,11.2,0.15,15.35,59
-28.5851,150.2623,2012-04-14,312.1,51,21.1,0.0,14.4,0.182,12.17,60
-36.4791,142.0835,2012-04-14,402.0,94,18.0,0.0,20.5,0.254,16.42,43
-36.4802,142.0748,2012-04-14,397.0,94,18.0,0.0,20.5,0.254,16.42,43
-37.2981,141.0009,2012-04-14,304.9,62,17.8,0.0,17.9,0.078,16.47,41
-37.2874,140.9993,2012-04-14,311.4,82,17.7,0.0,17.9,0.078,16.47,41
-37.2937,141.0111,2012-04-14,307.8,72,17.6,0.0,17.9,0.078,16.47,41
-34.0943,142.4171,2012-04-14,302.6,50,19.5,0.0,18.5,0.147,14.16,47
-28.5175,151.3126,2012-04-15,315.2,64,20.6,0.0,12.7,0.155,14.98,68
-29.553,150.6351,2012-04-15,308.1,19,20.7,0.0,11.4,0.209,13.86,66
-35.354,147.0447,2012-04-15,304.5,38,17.3,0.0,10.1,0.2,13.75,65
-35.3557,147.0559,2012-04-15,317.4,77,17.0,0.0,10.1,0.205,13.75,67
-35.9507,146.9095,2012-04-15,304.6,55,16.3,0.0,7.7,0.231,14.21,74
-35.8784,146.335,2012-04-15,311.8,67,18.0,0.0,10.5,0.181,15.81,65
-35.8803,146.3465,2012-04-15,308.9,54,18.0,0.0,10.5,0.181,15.81,65
-37.1652,142.6257,2012-04-15,308.7,60,18.3,0.0,12.0,0.153,17.06,47
-36.7024,146.6504,2012-04-15,325.6,31,14.9,0.0,8.4,0.303,15.18,77
-36.7174,146.3879,2012-04-15,320.5,79,14.7,0.0,8.4,0.302,15.15,76
-36.6398,146.5875,2012-04-15,336.7,90,14.8,0.0,9.2,0.283,15.51,77
-36.6423,146.5737,2012-04-15,325.1,83,15.3,0.0,8.4,0.283,15.18,77
-36.6297,146.5849,2012-04-15,338.1,91,15.0,0.0,8.4,0.283,15.18,77
-36.6297,146.5925,2012-04-15,334.2,88,14.5,0.0,8.4,0.302,15.15,77
-36.6321,146.5786,2012-04-15,331.2,87,14.9,0.0,8.4,0.283,15.18,77
-36.3251,148.0059,2012-04-15,310.1,70,13.8,0.0,6.9,0.343,13.83,76
-37.4264,142.7061,2012-04-15,320.7,76,18.0,0.0,14.8,0.141,16.96,48
-36.8191,146.4512,2012-04-15,307.8,65,15.1,0.0,8.4,0.303,15.18,77
-36.6578,147.1682,2012-04-15,306.8,31,13.9,0.0,7.6,0.308,14.25,76
-37.1659,143.9501,2012-04-15,314.6,62,17.6,0.0,11.2,0.156,16.99,56
-37.1677,143.9386,2012-04-15,318.0,72,17.2,0.0,11.2,0.231,16.99,56
-37.1603,143.9434,2012-04-15,315.5,68,17.3,0.0,11.2,0.231,16.99,56
-37.4523,143.5919,2012-04-15,348.4,95,16.6,0.0,15.3,0.166,16.95,55
-37.454,143.5805,2012-04-15,327.1,82,16.6,0.0,15.3,0.166,16.95,55
-37.4582,143.4282,2012-04-15,332.7,86,16.9,0.0,15.3,0.179,16.95,50
-37.4599,143.4168,2012-04-15,321.5,77,16.8,0.0,15.3,0.179,16.95,50
-37.4491,143.426,2012-04-15,380.1,100,16.7,0.0,15.3,0.213,16.95,52
-37.4508,143.4146,2012-04-15,380.9,100,16.2,0.0,15.7,0.201,16.96,53
-37.4688,143.231,2012-04-15,333.1,86,17.7,0.0,15.5,0.153,16.95,47
-37.4705,143.2197,2012-04-15,343.2,92,17.8,0.0,15.5,0.153,16.95,47
-36.7636,146.9857,2012-04-15,315.0,75,15.3,0.0,7.2,0.296,14.84,77
-37.4248,142.7174,2012-04-15,374.2,100,18.0,0.0,14.8,0.141,16.96,48
-35.535,146.0719,2012-04-15,325.2,66,18.8,0.0,10.9,0.176,16.33,60
-36.3623,144.2039,2012-04-15,321.7,73,19.5,0.0,13.4,0.136,16.91,51
-36.305,144.2628,2012-04-15,314.4,56,19.6,0.0,13.4,0.14,16.91,51
-36.1207,145.3185,2012-04-15,313.7,61,19.5,0.0,11.1,0.14,16.42,57
-36.0279,145.796,2012-04-15,331.8,85,18.8,0.0,11.8,0.145,16.3,62
-36.0533,145.6509,2012-04-15,324.7,79,18.8,0.0,11.8,0.142,16.3,62
-36.0556,145.6378,2012-04-15,318.4,72,19.0,0.0,11.8,0.136,16.3,61
-36.1112,145.316,2012-04-15,312.9,57,19.5,0.0,11.1,0.14,16.42,57
-36.0254,145.8023,2012-04-15,318.4,72,18.8,0.0,11.8,0.145,16.3,62
-36.0277,145.789,2012-04-15,323.0,78,18.8,0.0,11.8,0.145,16.3,62
-36.0375,145.6125,2012-04-15,314.0,62,19.0,0.0,11.4,0.17,16.4,60
-35.941,145.934,2012-04-15,322.3,77,18.8,0.0,11.0,0.147,16.13,61
-35.6954,147.0859,2012-04-15,312.0,34,16.8,0.0,8.7,0.215,13.85,70
-36.0499,145.0519,2012-04-15,312.9,56,19.8,0.0,11.6,0.115,16.38,55
-36.0519,145.0395,2012-04-15,351.4,96,19.7,0.0,11.6,0.114,16.38,54
-35.7322,146.8242,2012-04-15,324.9,81,17.6,0.0,9.9,0.212,14.57,66
-35.8626,146.0929,2012-04-15,316.2,65,18.4,0.0,10.9,0.171,16.27,63
-35.9414,145.4596,2012-04-15,309.9,39,19.4,0.0,11.4,0.138,16.4,58
-36.1789,144.0139,2012-04-15,322.0,73,19.8,0.0,14.1,0.268,17.02,50
-36.1808,144.0023,2012-04-15,316.7,63,19.8,0.0,14.1,0.268,17.02,50
-35.6078,147.2586,2012-04-15,312.6,68,16.4,0.0,8.7,0.236,13.42,70
-36.3436,142.81,2012-04-15,318.4,63,20.0,0.0,11.8,0.266,17.1,44
-36.4542,142.0395,2012-04-15,322.0,68,19.7,0.0,13.0,0.237,17.11,41
-36.4451,142.0375,2012-04-15,351.0,95,19.7,0.0,13.0,0.159,17.11,41
-36.4467,142.0263,2012-04-15,322.8,71,19.9,0.0,13.0,0.159,17.11,41
-36.2088,143.5273,2012-04-15,320.8,69,19.7,0.0,14.3,0.147,17.03,48
-36.2105,143.516,2012-04-15,322.1,72,19.7,0.0,14.3,0.147,17.03,48
-35.9429,145.1348,2012-04-15,314.0,54,19.8,0.0,11.1,0.177,16.42,55
-35.945,145.1223,2012-04-15,320.9,74,19.8,0.0,11.6,0.177,16.38,55
-35.6796,146.4186,2012-04-15,338.0,90,18.1,0.0,9.7,0.192,15.32,63
-35.7591,145.9721,2012-04-15,327.9,82,18.7,0.0,10.9,0.163,16.27,61
-35.6695,146.4159,2012-04-15,326.4,82,18.2,0.0,9.7,0.192,15.32,63
-35.6976,146.2012,2012-04-15,317.9,49,18.5,0.0,10.3,0.181,15.85,62
-36.1183,143.5647,2012-04-15,314.4,47,20.0,0.0,13.7,0.16,17.07,49
-36.4329,141.194,2012-04-15,321.8,67,19.5,0.0,14.5,0.204,17.03,41
-35.6872,145.9758,2012-04-15,320.6,74,18.9,0.0,10.9,0.165,16.27,60
-36.4068,141.3184,2012-04-15,317.1,52,19.5,0.0,14.5,0.131,17.03,41
-36.4083,141.307,2012-04-15,324.1,72,19.5,0.0,14.5,0.131,17.03,41
-35.9953,143.5938,2012-04-15,320.3,69,19.9,0.0,13.7,0.225,17.07,48
-35.5375,146.0581,2012-04-15,324.4,63,18.8,0.0,10.9,0.176,16.33,60
-35.2911,147.3337,2012-04-15,309.1,30,15.9,0.0,9.0,0.195,13.76,68
-35.4131,146.2386,2012-04-15,322.2,63,18.7,0.0,9.7,0.178,15.84,60
-35.3291,146.6407,2012-04-15,318.5,69,18.0,0.0,10.0,0.181,14.29,62
-35.3237,146.6322,2012-04-15,327.4,83,18.1,0.0,10.0,0.181,14.29,62
-35.4741,145.7162,2012-04-15,315.2,62,19.7,0.0,11.0,0.151,16.63,56
-35.4764,145.7029,2012-04-15,338.0,89,19.7,0.0,11.0,0.151,16.63,56
-35.295,146.671,2012-04-15,319.2,76,17.8,0.0,10.0,0.182,14.29,62
-35.2819,146.6832,2012-04-15,362.6,100,18.0,0.0,10.0,0.182,14.29,63
-35.2846,146.6682,2012-04-15,375.4,100,18.0,0.0,10.0,0.182,14.29,63
-35.7651,143.6448,2012-04-15,320.6,69,20.3,0.0,13.6,0.152,17.05,48
-35.7669,143.6334,2012-04-15,321.0,70,20.3,0.0,13.6,0.152,17.05,48
-35.4496,145.3214,2012-04-15,319.6,56,20.2,0.0,10.6,0.143,16.88,53
-34.7735,148.137,2012-04-15,312.5,64,15.0,0.0,9.7,0.236,16.66,70
-35.3823,144.1945,2012-04-15,320.1,44,20.3,0.0,12.4,0.257,16.87,52
-35.3842,144.1827,2012-04-15,320.5,52,20.3,0.0,12.4,0.257,16.87,52
-35.2471,144.1858,2012-04-15,328.1,81,20.5,0.0,12.6,0.253,16.91,51
-34.5828,147.8733,2012-04-15,338.7,79,15.9,0.0,8.4,0.205,16.08,67
-35.2378,144.1835,2012-04-15,338.7,89,20.5,0.0,12.6,0.253,16.91,51
-35.2397,144.1718,2012-04-15,316.7,30,20.5,0.0,12.6,0.253,16.91,51
-36.6255,145.4815,2012-04-15,319.1,74,18.1,0.0,10.9,0.159,16.36,65
-36.7661,144.4447,2012-04-15,318.4,70,18.7,0.0,10.7,0.155,16.8,56
-36.768,144.4328,2012-04-15,312.8,56,18.7,0.0,10.7,0.155,16.8,56
-36.9594,143.1916,2012-04-15,322.5,75,18.2,0.0,12.1,0.147,17.05,50
-36.9503,143.1895,2012-04-15,315.4,32,18.2,0.0,12.1,0.147,17.05,50
-37.1389,141.8693,2012-04-15,326.7,80,18.0,0.0,13.6,0.176,16.86,47
-37.1405,141.8578,2012-04-15,323.7,77,18.1,0.0,13.6,0.176,16.86,47
-37.1298,141.8673,2012-04-15,321.0,74,18.1,0.0,13.6,0.176,16.86,47
-36.6493,144.7197,2012-04-15,347.6,94,18.2,0.0,9.5,0.154,16.71,58
-36.6513,144.7077,2012-04-15,340.6,90,18.0,0.0,9.5,0.153,16.71,59
-36.4414,145.9038,2012-04-15,334.5,87,17.6,0.0,11.5,0.178,15.98,69
-36.4437,145.8905,2012-04-15,328.9,83,17.6,0.0,11.5,0.178,15.98,69
-36.7555,143.8082,2012-04-15,328.5,81,18.6,0.0,13.6,0.171,16.97,53
-36.7572,143.7968,2012-04-15,318.8,69,18.6,0.0,13.6,0.171,16.97,53
-36.7721,143.5166,2012-04-15,325.8,78,18.4,0.0,13.6,0.128,17.02,53
-36.7632,143.5196,2012-04-15,316.4,54,18.4,0.0,13.6,0.128,17.02,53
-36.7649,143.5083,2012-04-15,318.0,55,18.4,0.0,13.6,0.128,17.02,53
-36.3998,145.72,2012-04-15,318.5,72,18.2,0.0,11.5,0.148,16.25,65
-36.5721,144.6811,2012-04-15,316.7,66,18.5,0.0,11.4,0.154,16.65,58
-36.0798,147.4551,2012-04-15,306.9,58,13.6,0.0,6.2,0.306,13.53,77
-36.3229,146.0479,2012-04-15,314.7,68,17.6,0.0,11.5,0.185,16.02,69
-36.3253,146.0343,2012-04-15,320.1,75,17.6,0.0,11.5,0.185,16.02,69
-36.3342,145.924,2012-04-15,313.9,66,17.9,0.0,11.5,0.175,16.02,67
-36.3492,145.7198,2012-04-15,314.5,20,18.0,0.0,10.8,0.142,16.2,64
-36.3395,145.7173,2012-04-15,314.7,47,18.0,0.0,10.8,0.142,16.2,64
-36.2098,146.3344,2012-04-15,311.7,27,17.5,0.0,11.1,0.142,15.72,69
-36.2123,146.3204,2012-04-15,315.9,71,17.5,0.0,11.1,0.142,15.72,69
-36.2029,146.3268,2012-04-15,317.3,72,17.5,0.0,11.1,0.142,15.72,69
-36.3988,145.1797,2012-04-15,323.9,77,18.9,0.0,12.5,0.208,16.44,61
-36.2783,145.8336,2012-04-15,330.9,85,18.2,0.0,10.8,0.162,16.2,66
-36.2806,145.8203,2012-04-15,351.6,96,18.2,0.0,10.8,0.162,16.2,66
-36.9606,141.3639,2012-04-15,313.9,37,18.5,0.0,13.5,0.148,16.88,45
-36.1928,146.2655,2012-04-15,312.0,57,17.5,0.0,11.1,0.142,15.72,69
-36.1952,146.2516,2012-04-15,319.0,74,17.6,0.0,11.1,0.142,15.72,69
-36.2709,145.8177,2012-04-15,323.5,78,18.2,0.0,10.8,0.162,16.2,66
-36.2352,145.9057,2012-04-15,315.0,67,18.2,0.0,11.5,0.169,16.02,66
-36.2375,145.8923,2012-04-15,316.7,70,18.2,0.0,11.5,0.169,16.02,66
-36.5105,144.2528,2012-04-15,316.9,64,19.3,0.0,13.4,0.147,16.88,53
-36.2254,145.9031,2012-04-15,328.6,83,18.2,0.0,11.5,0.169,16.02,66
-36.2277,145.8897,2012-04-15,326.5,81,18.2,0.0,11.5,0.169,16.02,66
-36.6683,143.1058,2012-04-15,322.2,72,18.8,0.0,12.8,0.199,17.1,48
-36.6699,143.0946,2012-04-15,319.2,66,18.8,0.0,12.8,0.199,17.1,48
-36.1052,146.4031,2012-04-15,317.5,73,17.7,0.0,10.1,0.176,15.31,68
-36.1077,146.389,2012-04-15,324.8,80,17.7,0.0,10.1,0.176,15.31,68
-36.1076,146.3969,2012-04-15,329.0,84,17.7,0.0,10.1,0.176,15.31,68
-36.1247,146.2401,2012-04-15,314.6,56,17.8,0.0,10.5,0.157,15.81,66
-36.1581,145.7531,2012-04-15,317.1,63,18.5,0.0,10.8,0.154,16.2,65
-36.1603,145.7399,2012-04-15,326.6,81,18.7,0.0,10.8,0.142,16.2,63
-36.1506,145.7373,2012-04-15,316.8,70,18.7,0.0,10.8,0.142,16.2,63
-35.946,146.7608,2012-04-15,316.4,67,16.7,0.0,8.7,0.227,14.87,70
-35.9487,146.746,2012-04-15,336.9,84,16.8,0.0,8.7,0.217,14.87,69
-36.0769,146.0398,2012-04-15,321.7,77,18.1,0.0,11.0,0.17,16.13,65
-36.0788,146.0349,2012-04-15,318.8,61,18.1,0.0,11.0,0.17,16.13,65
-34.3298,147.857,2012-04-15,321.9,80,16.8,0.0,8.0,0.186,15.78,65
-34.2899,147.696,2012-04-15,320.2,78,16.8,0.0,8.0,0.179,15.78,64
-34.2932,147.6912,2012-04-15,322.8,80,16.8,0.0,8.0,0.179,15.78,64
-35.2399,141.9207,2012-04-15,337.8,86,21.5,0.0,12.6,0.122,17.31,41
-34.1031,148.2938,2012-04-15,310.2,45,16.2,0.0,8.2,0.208,16.15,67
-34.1146,148.2367,2012-04-15,342.2,92,16.4,0.0,8.2,0.198,16.15,66
-34.1184,148.2178,2012-04-15,336.2,89,16.4,0.0,8.2,0.198,16.15,66
-34.9161,143.5363,2012-04-15,324.3,49,20.6,0.0,13.7,0.134,17.14,50
-34.045,147.6452,2012-04-15,323.9,72,17.0,0.0,8.0,0.178,15.74,64
-34.1383,146.401,2012-04-15,321.7,78,18.4,0.0,9.4,0.168,14.98,58
-33.625,148.4124,2012-04-15,314.4,71,16.8,0.0,9.7,0.156,15.61,65
-33.6859,147.7628,2012-04-15,312.6,45,17.3,0.0,8.0,0.18,15.89,63
-33.7516,146.7432,2012-04-15,321.7,75,17.9,0.0,8.9,0.167,15.59,57
-33.3995,147.5492,2012-04-15,304.2,31,18.0,0.0,9.1,0.23,15.92,60
-33.6477,142.5478,2012-04-15,331.4,79,21.5,0.0,14.1,0.087,17.4,48
-32.0046,146.7356,2012-04-15,304.6,61,19.2,0.0,7.9,0.162,11.71,57
-32.0137,146.7339,2012-04-15,306.2,67,19.2,0.0,7.9,0.162,11.71,57
-33.6044,146.3821,2012-04-16,311.9,58,18.9,0.0,15.7,0.155,18.1,56
-33.6098,146.3748,2012-04-16,313.6,66,18.9,0.0,13.4,0.155,17.88,56
-34.0557,142.4286,2012-04-16,319.0,72,20.8,0.0,10.8,0.145,17.44,49
-34.0586,142.4224,2012-04-16,320.1,72,20.8,0.0,10.8,0.145,17.44,49
-34.7298,147.4517,2012-04-16,316.3,73,16.8,0.0,11.3,0.191,17.62,64
-34.9676,147.2124,2012-04-16,310.8,65,17.1,0.0,11.2,0.184,17.34,66
-34.9025,142.6911,2012-04-16,319.1,73,19.1,0.0,10.1,0.109,17.34,48
-35.8926,146.3073,2012-04-16,322.0,79,18.0,0.0,9.5,0.178,16.87,64
-35.9069,146.3058,2012-04-16,316.3,69,17.9,0.0,9.5,0.178,16.87,64
-36.1674,150.075,2012-04-16,305.0,0,17.4,0.0,9.4,0.167,16.56,80
-35.9594,145.6129,2012-04-16,309.1,60,18.7,0.0,10.8,0.167,16.73,59
-37.2715,149.7859,2012-04-16,300.1,27,17.8,0.0,12.8,0.281,16.06,76
-37.2704,149.7811,2012-04-16,301.0,43,18.0,0.0,12.8,0.281,16.06,78
-36.8104,142.2533,2012-04-16,321.1,78,16.7,0.0,16.1,0.226,15.91,66
-36.8122,142.2705,2012-04-16,322.9,79,16.7,0.0,16.1,0.226,15.91,66
-37.2713,149.7916,2012-04-16,306.3,63,18.0,0.0,12.8,0.281,16.06,78
-37.1531,149.9122,2012-04-16,332.3,88,17.5,0.0,12.8,0.281,16.06,78
-37.2767,148.2449,2012-04-16,301.3,38,13.8,0.2,9.6,0.296,14.45,80
-37.1471,149.8948,2012-04-16,341.0,92,17.3,0.0,12.8,0.214,16.06,79
-37.1453,149.9161,2012-04-16,325.2,84,16.9,0.5,12.5,0.219,15.93,76
-37.2184,149.1863,2012-04-16,310.3,70,12.7,1.0,10.6,0.303,14.64,78
-37.2166,149.2082,2012-04-16,326.4,84,13.5,1.0,10.6,0.303,14.64,78
-37.2731,149.7705,2012-04-16,336.9,90,17.7,0.0,12.8,0.281,16.06,76
-37.155,149.8908,2012-04-16,321.7,81,18.1,0.0,12.8,0.281,16.06,78
-37.2163,149.2037,2012-04-16,325.3,84,13.3,1.0,10.6,0.303,14.64,78
-37.2669,148.2656,2012-04-16,301.5,48,14.1,0.2,9.6,0.304,14.45,80
-37.2135,148.7742,2012-04-16,364.0,100,12.6,1.0,10.6,0.312,14.64,78
-37.4772,143.7374,2012-04-16,307.7,44,12.8,0.0,16.8,0.173,10.28,79
-37.4404,143.1999,2012-04-16,319.2,62,14.2,0.0,17.8,0.14,11.34,77
-37.4205,143.2546,2012-04-16,321.6,80,14.0,0.0,17.8,0.193,11.34,77
-37.4221,143.1991,2012-04-16,356.2,98,14.1,0.0,17.8,0.14,11.34,77
-37.4233,143.2463,2012-04-16,340.2,92,14.1,0.0,17.8,0.14,11.34,77
-37.4251,143.1908,2012-04-16,354.6,98,14.2,0.0,17.8,0.14,11.34,77
-37.3458,143.926,2012-04-16,304.7,53,13.5,0.0,18.4,0.204,12.19,72
-37.3459,143.9225,2012-04-16,305.5,58,13.0,0.0,16.6,0.217,11.6,76
-37.0458,143.8808,2012-04-16,322.2,81,15.5,0.0,17.7,0.262,14.96,67
-37.0282,143.8795,2012-04-16,323.0,82,15.6,0.0,17.7,0.262,14.96,67
-37.0283,143.8764,2012-04-16,324.3,62,15.6,0.0,17.7,0.262,14.96,67
-36.7807,146.9346,2012-04-16,303.9,57,13.7,0.4,9.3,0.295,15.33,78
-36.8097,146.4744,2012-04-16,308.6,59,15.6,0.0,7.9,0.3,16.5,77
-36.8119,146.4392,2012-04-16,329.5,86,15.8,0.0,7.9,0.299,16.53,76
-36.7969,146.4378,2012-04-16,308.3,57,16.0,0.0,7.9,0.299,16.53,76
-36.7978,146.4301,2012-04-16,310.1,46,16.1,0.0,7.9,0.299,16.53,76
-36.767,145.3586,2012-04-16,309.9,69,17.4,0.0,16.2,0.174,16.19,68
-36.6886,145.3004,2012-04-16,310.2,57,17.7,0.0,16.2,0.15,16.19,65
-36.5648,144.8367,2012-04-16,313.1,71,17.1,0.0,18.8,0.15,16.74,66
-36.5667,144.7943,2012-04-16,312.8,64,17.1,0.0,18.8,0.15,16.74,66
-36.5596,144.8323,2012-04-16,312.0,69,17.1,0.0,18.8,0.15,16.74,66
-36.5617,144.79,2012-04-16,310.7,67,17.1,0.0,18.8,0.15,16.74,66
-36.171,150.0995,2012-04-16,324.2,63,17.1,0.0,9.4,0.167,16.56,80
-36.1727,150.0804,2012-04-16,309.2,64,16.9,0.0,9.4,0.167,16.56,80
-36.5119,145.4403,2012-04-16,319.6,78,18.0,0.0,12.6,0.123,16.53,62
-36.4503,145.7031,2012-04-16,311.0,68,17.6,0.0,10.6,0.159,16.5,66
-36.1971,148.0718,2012-04-16,307.4,42,15.0,0.0,8.5,0.324,15.77,74
-36.199,148.0457,2012-04-16,306.5,33,15.1,0.0,8.5,0.324,15.77,74
-36.1892,148.0662,2012-04-16,305.4,46,15.0,0.0,8.5,0.324,15.77,74
-36.3088,145.6043,2012-04-16,317.2,75,18.4,0.0,11.5,0.146,16.67,62
-36.2984,145.5954,2012-04-16,313.4,60,18.4,0.0,11.5,0.146,16.67,62
-36.2342,145.8859,2012-04-16,317.4,75,18.0,0.0,9.4,0.167,16.68,66
-36.1919,145.8099,2012-04-16,311.0,61,18.1,0.0,10.7,0.152,16.64,64
-36.1824,145.6983,2012-04-16,332.7,87,18.5,0.0,10.7,0.14,16.64,62
-36.188,145.6947,2012-04-16,324.1,81,18.5,0.0,10.7,0.14,16.64,62
-36.1724,145.6935,2012-04-16,322.2,80,18.5,0.0,10.7,0.14,16.64,62
-36.112,146.4257,2012-04-16,311.7,63,17.6,0.0,8.6,0.173,16.84,68
-36.0971,146.4243,2012-04-16,315.6,73,17.6,0.0,8.6,0.173,16.84,68
-36.1131,145.9076,2012-04-16,315.5,73,18.3,0.0,9.7,0.157,16.84,64
-36.1256,145.6895,2012-04-16,311.9,60,18.7,0.0,10.7,0.14,16.64,60
-36.1276,145.6525,2012-04-16,313.8,69,18.7,0.0,10.7,0.14,16.64,60
-36.1011,145.899,2012-04-16,314.1,62,18.3,0.0,9.7,0.157,16.84,64
-36.1146,145.6812,2012-04-16,313.1,49,18.7,0.0,10.7,0.14,16.79,60
-36.0506,145.9662,2012-04-16,315.6,72,18.1,0.0,9.7,0.167,16.84,65
-35.9288,146.7261,2012-04-16,312.2,55,17.0,0.0,8.4,0.213,16.74,69
-35.9281,146.7215,2012-04-16,310.8,61,17.0,0.0,8.4,0.213,16.74,69
-35.5852,150.2041,2012-04-16,309.5,52,17.0,0.0,17.1,0.258,16.76,81
-35.587,150.1853,2012-04-16,306.3,48,17.0,0.0,12.6,0.258,16.7,81
-35.8319,147.0145,2012-04-16,313.1,70,16.5,0.0,9.7,0.217,16.83,70
-35.795,147.1306,2012-04-16,308.8,62,16.0,0.0,10.2,0.209,16.66,71
-35.73,147.0337,2012-04-16,311.3,39,16.9,0.0,9.7,0.205,16.83,68
-35.7394,147.0603,2012-04-16,312.7,31,16.4,0.0,9.7,0.212,16.83,70
-35.7209,147.1182,2012-04-16,312.2,55,16.4,0.0,9.7,0.212,16.83,70
-35.723,147.0888,2012-04-16,312.2,48,16.1,0.0,9.7,0.212,16.83,70
-35.7068,147.1162,2012-04-16,326.3,83,16.6,0.0,9.7,0.212,16.83,70
-35.6919,146.4617,2012-04-16,333.7,88,18.0,0.0,8.8,0.194,16.96,64
-35.6939,146.4292,2012-04-16,333.7,88,18.1,0.0,8.8,0.188,16.96,63
-35.6243,147.2827,2012-04-16,311.7,67,16.3,0.0,9.8,0.232,16.97,70
-35.6771,146.4602,2012-04-16,341.4,92,18.0,0.0,8.8,0.194,16.96,64
-35.6791,146.4278,2012-04-16,344.4,93,18.1,0.0,8.8,0.188,16.96,63
-35.6916,146.4543,2012-04-16,343.6,93,18.0,0.0,8.8,0.194,16.96,64
-35.6938,146.4219,2012-04-16,327.8,84,18.1,0.0,8.8,0.188,16.96,63
-35.6768,146.4529,2012-04-16,348.1,95,18.1,0.0,8.8,0.194,16.96,64
-35.6789,146.4205,2012-04-16,331.9,86,18.1,0.0,8.8,0.188,16.96,63
-35.6078,146.1124,2012-04-16,333.8,87,18.5,0.0,9.5,0.173,16.98,61
-35.6098,146.0783,2012-04-16,314.8,66,18.5,0.0,9.5,0.173,16.98,61
-35.6454,145.4317,2012-04-16,324.8,81,19.2,0.0,10.5,0.127,16.84,56
-35.6104,146.1084,2012-04-16,333.2,87,18.5,0.0,9.5,0.173,16.98,61
-35.6521,145.4283,2012-04-16,317.5,73,19.1,0.0,10.5,0.137,16.84,56
-35.6363,145.427,2012-04-16,313.7,67,19.2,0.0,10.5,0.127,16.84,56
-35.6014,145.7566,2012-04-16,312.9,66,18.8,0.0,9.4,0.136,16.95,59
-35.5213,146.5628,2012-04-16,319.3,76,18.0,0.0,8.9,0.185,17.01,62
-35.5202,146.5553,2012-04-16,318.0,74,18.1,0.0,8.9,0.185,17.01,62
-35.4489,146.5165,2012-04-16,317.1,73,18.0,0.0,8.9,0.184,17.01,62
-35.4489,146.5123,2012-04-16,317.6,65,18.0,0.0,8.9,0.184,17.01,62
-35.388,146.5384,2012-04-16,338.8,90,18.0,0.0,8.9,0.184,17.01,62
-35.3901,146.5064,2012-04-16,332.0,86,18.1,0.0,8.9,0.184,17.01,62
-35.2974,147.2249,2012-04-16,321.8,78,16.6,0.0,9.9,0.2,17.16,67
-35.2994,147.1962,2012-04-16,316.6,72,16.7,0.0,9.9,0.2,17.16,67
-35.3063,147.218,2012-04-16,326.7,82,16.6,0.0,9.9,0.2,17.16,67
-35.2482,147.2405,2012-04-16,334.6,88,16.7,0.0,9.9,0.193,17.16,67
-35.2503,147.2123,2012-04-16,331.7,86,16.5,0.0,9.9,0.2,17.16,67
-35.1041,147.2199,2012-04-16,308.8,52,17.2,0.0,11.2,0.182,17.34,67
-34.9659,147.4174,2012-04-16,312.8,62,16.7,0.0,11.1,0.199,17.45,68
-34.8674,148.3283,2012-04-16,312.8,67,15.9,0.0,9.7,0.246,17.41,71
-34.9146,147.5489,2012-04-16,313.0,36,16.1,0.0,11.1,0.202,17.45,67
-34.9049,147.4929,2012-04-16,317.6,73,16.6,0.0,11.1,0.202,17.45,67
-34.8745,147.429,2012-04-16,351.0,96,16.4,0.0,11.3,0.198,17.62,66
-34.8766,147.4023,2012-04-16,314.4,69,15.9,0.0,11.1,0.198,17.45,66
-34.4615,150.8831,2012-04-16,311.6,0,18.2,0.2,20.9,0.289,15.84,78
-34.7671,147.1041,2012-04-16,314.3,68,17.5,0.0,10.6,0.181,17.27,63
-34.6714,147.8954,2012-04-16,313.4,68,15.7,0.0,10.9,0.203,17.53,65
-34.6734,147.8706,2012-04-16,312.2,66,15.5,0.0,10.9,0.203,17.53,65
-34.6696,146.7944,2012-04-16,340.1,91,17.9,0.0,10.5,0.173,16.92,62
-34.6341,147.4137,2012-04-16,315.3,65,16.9,0.0,11.3,0.17,17.62,63
-34.6794,146.8203,2012-04-16,320.4,64,18.0,0.0,10.5,0.173,16.92,62
-34.6815,146.7909,2012-04-16,337.2,89,17.9,0.0,10.5,0.173,16.92,62
-34.5587,148.1741,2012-04-16,317.5,74,15.5,0.0,12.4,0.214,17.45,66
-34.5607,148.1505,2012-04-16,340.1,91,15.1,0.0,12.4,0.214,17.45,66
-34.6672,146.7895,2012-04-16,323.9,74,17.9,0.0,10.5,0.173,16.92,62
-34.6025,147.4647,2012-04-16,317.8,45,16.7,0.0,13.5,0.181,17.76,64
-34.5888,147.4631,2012-04-16,323.7,80,16.7,0.0,13.5,0.181,17.76,64
-34.6302,146.904,2012-04-16,315.0,53,18.0,0.0,10.6,0.177,17.27,62
-34.5813,147.3804,2012-04-16,313.2,61,17.1,0.0,13.5,0.17,17.76,63
-34.5833,147.3532,2012-04-16,325.8,82,17.2,0.0,12.8,0.17,17.68,63
-34.5853,147.3261,2012-04-16,313.1,61,17.2,0.0,12.8,0.183,17.68,63
-34.616,146.9025,2012-04-16,317.0,71,18.0,0.0,11.7,0.177,17.48,62
-34.4668,148.6519,2012-04-16,308.0,59,15.2,0.0,13.5,0.236,17.1,66
-34.4542,148.6503,2012-04-16,325.2,82,15.1,0.0,13.5,0.236,17.1,66
-34.456,148.6284,2012-04-16,388.4,100,15.1,0.0,13.5,0.228,17.1,66
-34.1381,148.2655,2012-04-16,313.5,70,17.1,0.0,13.9,0.204,17.54,63
-34.4656,148.645,2012-04-16,337.1,90,15.2,0.0,13.5,0.228,17.1,66
-34.4676,148.6231,2012-04-16,334.3,88,15.1,0.0,12.8,0.228,17.24,66
-34.5745,147.3727,2012-04-16,315.3,61,17.1,0.0,12.8,0.17,17.68,63
-34.5767,147.3456,2012-04-16,315.9,66,17.2,0.0,12.8,0.183,17.68,63
-34.453,148.6435,2012-04-16,351.5,96,15.1,0.0,13.5,0.228,17.1,66
-34.455,148.6215,2012-04-16,362.7,100,15.1,0.0,12.8,0.228,17.24,66
-34.4114,148.6829,2012-04-16,309.9,64,15.3,0.0,13.5,0.225,17.1,65
-34.4506,147.7295,2012-04-16,342.4,92,16.9,0.0,13.0,0.17,17.75,63
-34.4526,147.7037,2012-04-16,318.1,75,17.1,0.0,13.0,0.17,17.75,63
-34.456,147.725,2012-04-16,328.8,84,17.0,0.0,13.0,0.17,17.75,63
-34.4426,147.7235,2012-04-16,324.6,81,17.2,0.0,13.0,0.183,17.75,62
-34.3134,148.7758,2012-04-16,314.2,71,15.1,0.0,14.8,0.22,17.13,65
-34.3153,148.7542,2012-04-16,341.6,92,15.4,0.0,14.8,0.22,17.13,65
-34.4437,147.1885,2012-04-16,321.3,73,17.3,0.0,12.8,0.181,17.68,63
-34.4458,147.1605,2012-04-16,328.7,84,17.5,0.0,12.8,0.181,17.68,63
-34.3491,148.21,2012-04-16,309.2,62,15.7,0.0,12.8,0.199,17.24,62
-34.375,147.8928,2012-04-16,314.6,71,17.3,0.0,14.2,0.185,17.74,62
-34.3771,147.8679,2012-04-16,335.3,88,17.4,0.0,13.0,0.185,17.75,62
-34.4319,147.1591,2012-04-16,322.8,79,17.4,0.0,12.8,0.181,17.68,63
-34.4339,147.1313,2012-04-16,314.0,33,17.5,0.0,12.8,0.173,17.68,62
-34.2112,148.4649,2012-04-16,309.5,63,16.8,0.0,14.7,0.194,17.49,63
-34.2573,147.8974,2012-04-16,314.9,56,17.4,0.0,14.2,0.182,17.74,61
-34.3209,147.0556,2012-04-16,312.4,66,17.8,0.0,13.4,0.18,17.7,62
-34.2441,147.8959,2012-04-16,319.5,76,17.5,0.0,14.2,0.17,17.74,60
-34.2118,148.4596,2012-04-16,313.2,65,16.8,0.0,14.7,0.194,17.49,63
-34.2462,147.916,2012-04-16,314.1,64,17.3,0.0,14.2,0.17,17.74,60
-34.2483,147.8912,2012-04-16,322.1,79,17.5,0.0,14.2,0.17,17.74,60
-34.3167,147.05,2012-04-16,310.3,48,17.9,0.0,13.4,0.178,17.7,61
-34.2322,147.7635,2012-04-16,314.5,70,17.6,0.0,14.5,0.171,17.84,60
-34.2434,147.4538,2012-04-16,339.4,91,17.5,0.0,14.8,0.173,17.88,61
-34.1579,148.3388,2012-04-16,309.7,52,16.5,0.0,13.9,0.204,17.54,62
-34.1995,147.8354,2012-04-16,312.2,67,17.6,0.0,14.5,0.171,17.84,60
-34.121,148.471,2012-04-16,312.9,69,16.7,0.0,14.8,0.195,17.11,63
-34.1229,148.4487,2012-04-16,325.9,82,16.8,0.0,14.8,0.194,17.11,63
-34.14,148.2421,2012-04-16,314.4,71,17.3,0.0,13.9,0.194,17.54,61
-34.1948,147.368,2012-04-16,318.7,75,17.6,0.0,14.3,0.176,17.85,61
-34.1205,148.464,2012-04-16,320.1,78,16.8,0.0,14.8,0.195,17.11,63
-34.1225,148.4417,2012-04-16,315.4,72,16.7,0.0,14.8,0.194,17.11,63
-34.1389,148.2585,2012-04-16,319.4,77,17.2,0.0,13.9,0.204,17.54,63
-34.2014,147.3618,2012-04-16,316.9,73,17.6,0.0,14.3,0.176,17.85,61
-34.0745,148.2513,2012-04-16,328.2,83,16.9,0.0,14.7,0.204,17.49,63
-34.0765,148.2277,2012-04-16,337.7,90,17.2,0.0,14.7,0.194,17.49,61
-34.1903,146.77,2012-04-16,323.1,79,18.1,0.0,11.4,0.178,17.49,60
-34.0617,148.2497,2012-04-16,317.8,75,17.0,0.0,14.7,0.194,17.49,61
-34.0636,148.2262,2012-04-16,324.5,81,17.1,0.0,14.7,0.194,17.49,61
-34.1249,147.4597,2012-04-16,317.8,74,17.7,0.0,15.9,0.174,17.99,60
-34.1182,147.4538,2012-04-16,315.6,63,17.7,0.0,15.9,0.174,17.99,60
-34.0159,147.877,2012-04-16,327.5,83,17.8,0.0,14.8,0.177,17.68,59
-34.0179,147.8525,2012-04-16,323.4,80,17.9,0.0,15.6,0.177,17.92,59
-33.6793,150.9498,2012-04-16,305.6,62,18.2,0.2,15.3,0.264,13.94,76
-34.0856,146.5381,2012-04-16,314.7,67,18.4,0.0,12.0,0.173,17.6,60
-33.7376,149.0086,2012-04-16,323.3,81,15.0,0.0,14.5,0.233,16.36,63
-33.6603,147.1118,2012-04-16,317.1,72,18.4,0.0,15.9,0.163,18.09,57
-33.368,147.4062,2012-04-16,348.3,95,18.6,0.0,16.7,0.136,17.8,56
-33.4396,146.4082,2012-04-16,316.0,70,18.7,0.0,15.7,0.149,18.1,56
-33.3742,147.4023,2012-04-16,333.7,82,18.6,0.0,16.7,0.136,17.8,56
-33.3607,147.4008,2012-04-16,330.7,85,18.6,0.0,16.7,0.136,17.8,56
-33.2046,146.547,2012-04-16,318.1,73,18.4,0.0,16.1,0.151,18.25,57
-31.648,149.5371,2012-04-16,306.8,27,16.7,3.6,16.0,0.245,11.75,82
-37.4913,142.7621,2012-04-16,323.6,77,14.5,0.0,16.1,0.146,11.34,79
-37.4806,142.7533,2012-04-16,320.4,70,14.5,0.0,16.1,0.146,11.34,79
-37.1238,141.8774,2012-04-16,310.5,63,16.3,0.0,14.5,0.175,15.02,72
-37.1312,141.8466,2012-04-16,308.8,59,16.2,0.0,14.8,0.178,14.71,72
-37.124,141.8725,2012-04-16,310.9,63,16.3,0.0,14.1,0.175,15.15,72
-36.5655,143.0121,2012-04-16,322.1,77,17.3,0.0,17.6,0.265,16.86,58
-36.5747,142.9752,2012-04-16,310.5,58,17.3,0.0,17.6,0.265,16.86,58
-36.7627,141.4842,2012-04-16,326.7,81,16.7,0.0,13.4,0.151,15.41,71
-36.76,141.4751,2012-04-16,327.5,82,16.7,0.0,13.4,0.151,15.41,71
-36.0027,143.6732,2012-04-16,345.4,93,18.9,0.0,16.5,0.266,16.88,52
-36.0134,143.6317,2012-04-16,311.8,48,18.9,0.0,16.5,0.223,16.88,51
-36.4159,142.0217,2012-04-16,311.6,53,17.2,0.0,14.0,0.159,16.0,65
-36.0032,143.7107,2012-04-16,312.1,54,18.9,0.0,16.5,0.266,16.88,52
-36.0137,143.6688,2012-04-16,339.6,90,18.9,0.0,16.5,0.266,16.88,52
-35.9978,143.6624,2012-04-16,315.4,67,18.9,0.0,16.5,0.266,16.88,52
-36.4557,141.2525,2012-04-16,323.2,77,17.0,0.0,14.0,0.138,15.64,69
-36.4624,141.2233,2012-04-16,326.6,80,17.0,0.0,14.0,0.139,15.64,69
-36.4525,141.2434,2012-04-16,327.7,81,16.9,0.0,14.0,0.139,15.64,69
-36.4591,141.2141,2012-04-16,318.3,70,16.9,0.0,14.0,0.139,15.64,69
-35.7757,143.6557,2012-04-16,321.4,75,19.4,0.0,15.0,0.188,16.99,50
-37.4234,143.2372,2012-04-16,354.5,98,14.1,0.0,17.8,0.14,11.34,77
-37.4323,143.2009,2012-04-16,349.5,96,14.2,0.0,17.8,0.14,11.34,77
-37.4829,142.7964,2012-04-16,314.9,70,14.6,0.0,16.1,0.146,11.34,79
-35.7727,143.6504,2012-04-16,322.4,76,19.4,0.0,15.0,0.188,16.99,50
-35.718,143.0023,2012-04-16,313.2,58,18.6,0.0,12.8,0.146,17.05,50
-35.7277,142.9639,2012-04-16,314.8,63,18.6,0.0,12.8,0.146,17.05,50
-35.7276,143.0015,2012-04-16,314.6,62,18.6,0.0,12.8,0.146,17.05,50
-35.737,142.963,2012-04-16,312.9,57,18.6,0.0,12.8,0.146,17.05,50
-35.3606,143.4114,2012-04-16,313.2,61,19.3,0.0,11.9,0.147,17.25,48
-35.3709,143.37,2012-04-16,314.0,63,19.4,0.0,10.7,0.147,17.24,48
-33.6654,141.613,2012-04-16,316.5,52,21.7,0.0,11.8,0.145,17.62,47
-37.1434,149.8997,2012-04-16,312.9,86,17.4,0.0,12.8,0.214,16.06,79
-37.2173,149.2132,2012-04-16,349.4,100,13.4,1.0,10.6,0.303,14.64,78
-37.1417,149.911,2012-04-16,303.2,54,17.1,0.0,12.8,0.214,16.06,79
-37.2189,149.2019,2012-04-16,331.1,100,13.1,1.0,10.6,0.303,14.64,78
-34.4646,150.8836,2012-04-16,300.6,28,18.5,0.2,20.9,0.289,15.84,78
-36.664,146.3795,2012-04-16,302.5,50,15.7,0.0,7.9,0.299,16.5,76
-36.6686,146.3735,2012-04-16,306.0,13,15.6,0.0,9.5,0.299,16.37,76
-36.1711,150.1025,2012-04-16,303.1,53,17.3,0.0,9.4,0.167,16.56,80
-35.5923,150.2012,2012-04-16,312.2,84,17.1,0.0,17.1,0.258,16.76,81
-36.6655,146.3672,2012-04-16,304.5,60,15.2,0.0,9.5,0.299,16.37,76
-28.9391,148.0428,2012-04-16,308.5,75,21.6,1.2,12.7,0.114,17.46,67
-28.9407,148.0322,2012-04-16,303.9,57,21.6,1.2,12.7,0.114,17.46,67
-37.2158,149.2186,2012-04-16,301.5,42,13.8,3.3,9.3,0.303,15.11,78
-33.6731,141.6233,2012-04-17,308.6,55,20.7,0.0,13.4,0.144,17.65,42
-35.2489,146.8801,2012-04-17,311.7,70,17.5,0.0,12.4,0.178,16.89,56
-35.2565,146.8627,2012-04-17,309.8,25,17.4,0.0,11.8,0.182,16.67,57
-36.1622,150.0813,2012-04-17,324.7,28,16.4,21.1,14.1,0.217,8.69,91
-34.3114,147.5732,2012-04-17,307.0,56,16.8,0.0,21.9,0.175,17.57,54
-34.4774,148.0386,2012-04-17,330.8,86,16.3,0.0,24.3,0.185,17.09,57
-34.4797,148.0518,2012-04-17,318.9,78,16.2,0.0,24.3,0.191,17.09,59
-34.4769,148.0328,2012-04-17,309.4,56,16.4,0.0,24.3,0.185,17.09,57
-34.4793,148.0459,2012-04-17,325.6,83,16.3,0.0,24.3,0.185,17.09,57
-33.6609,141.6347,2012-04-17,317.2,75,20.8,0.0,12.7,0.144,17.63,42
-33.6585,141.6282,2012-04-17,313.3,70,20.7,0.0,12.7,0.144,17.63,42
-35.2462,146.8655,2012-04-17,318.1,77,17.5,0.0,11.8,0.178,16.67,56
-37.2166,149.215,2012-04-17,318.2,78,12.0,1.5,16.9,0.312,13.65,87
-37.2775,143.2692,2012-04-17,310.4,70,13.3,0.0,11.2,0.163,15.81,71
-37.2795,143.2634,2012-04-17,308.6,67,12.7,0.0,11.2,0.163,15.81,71
-37.4972,143.609,2012-04-17,303.0,0,14.5,0.0,12.8,0.159,14.99,76
-37.2148,149.2036,2012-04-17,301.3,46,11.9,1.5,16.9,0.312,13.65,87
-36.7771,146.4244,2012-04-17,302.6,40,16.5,0.0,11.5,0.296,15.43,71
-36.0707,145.8018,2012-04-17,316.5,60,17.7,0.0,12.8,0.143,16.3,67
-35.8256,147.2265,2012-04-17,309.8,47,15.4,0.0,11.2,0.229,16.65,67
-35.8908,146.8111,2012-04-17,310.6,61,16.0,0.0,12.0,0.219,15.93,65
-35.8926,146.7997,2012-04-17,310.3,59,16.0,0.0,12.0,0.219,15.93,65
-35.9653,146.3248,2012-04-17,318.9,73,17.3,0.0,12.3,0.167,15.99,67
-35.8164,147.2242,2012-04-17,310.2,56,15.4,0.0,11.2,0.229,16.65,67
-35.8183,147.2126,2012-04-17,307.6,39,15.4,0.0,11.2,0.229,16.65,67
-36.0319,145.7519,2012-04-17,313.7,61,17.8,0.0,12.8,0.141,16.3,66
-35.8992,146.2807,2012-04-17,321.9,76,17.4,0.0,12.3,0.175,15.99,66
-35.9009,146.2695,2012-04-17,335.0,87,17.4,0.0,12.3,0.175,15.99,66
-35.8318,146.6617,2012-04-17,321.1,77,17.1,0.0,12.7,0.207,16.12,64
-35.8335,146.6504,2012-04-17,313.2,41,17.2,0.0,12.7,0.207,16.12,64
-35.8901,146.2786,2012-04-17,348.2,95,17.5,0.0,12.3,0.175,15.99,66
-35.8918,146.2674,2012-04-17,341.6,91,17.4,0.0,12.3,0.175,15.99,66
-35.8435,146.5238,2012-04-17,330.3,84,17.4,0.0,12.6,0.2,15.98,64
-35.7049,147.2886,2012-04-17,308.3,56,15.8,0.0,11.0,0.239,16.43,66
-35.778,146.8259,2012-04-17,354.1,97,16.6,0.0,12.7,0.216,16.12,64
-35.7798,146.8145,2012-04-17,336.0,88,16.7,0.0,12.7,0.216,16.12,64
-35.8494,146.362,2012-04-17,320.7,75,17.5,0.0,13.2,0.192,16.06,65
-35.7599,146.881,2012-04-17,318.5,74,16.6,0.0,11.0,0.222,16.43,65
-36.4916,141.355,2012-04-17,317.0,58,17.1,0.0,13.0,0.125,16.61,60
-36.4932,141.3401,2012-04-17,315.0,46,17.0,0.0,13.0,0.138,16.61,60
-35.6447,147.4821,2012-04-17,311.8,66,15.4,0.0,11.3,0.238,16.79,66
-35.6466,147.4702,2012-04-17,309.7,61,15.4,0.0,11.3,0.238,16.79,66
-35.8307,146.2996,2012-04-17,339.3,90,17.6,0.0,13.2,0.181,16.06,64
-35.9138,145.7427,2012-04-17,330.8,84,17.9,0.0,12.8,0.141,16.3,64
-35.8324,146.2884,2012-04-17,319.8,74,17.6,0.0,13.2,0.181,16.06,64
-35.7679,146.5345,2012-04-17,317.1,71,17.4,0.0,12.6,0.2,15.98,64
-36.2918,142.7286,2012-04-17,324.1,74,17.5,0.0,14.0,0.264,16.74,60
-35.7025,146.8964,2012-04-17,315.8,70,16.9,0.0,11.0,0.211,16.43,63
-35.7043,146.8849,2012-04-17,331.7,86,17.0,0.0,11.0,0.211,16.43,63
-35.7256,146.7478,2012-04-17,322.8,78,17.4,0.0,12.7,0.197,16.12,62
-35.6786,146.8669,2012-04-17,311.6,62,16.9,0.0,12.7,0.211,16.12,63
-36.118,143.577,2012-04-17,314.2,49,17.9,0.0,14.8,0.157,16.79,60
-36.1495,146.45,2012-04-17,320.5,76,17.2,0.0,12.1,0.178,15.75,68
-36.7759,141.3438,2012-04-17,320.4,66,16.6,0.0,12.6,0.14,16.51,61
-36.1358,146.1679,2012-04-17,319.5,69,17.2,0.0,12.1,0.153,15.75,68
-36.1375,146.1567,2012-04-17,334.0,87,17.1,0.0,12.1,0.153,15.75,68
-36.5716,142.9483,2012-04-17,318.3,62,17.2,0.0,15.3,0.264,16.64,61
-36.5732,142.9357,2012-04-17,339.8,89,17.2,0.0,15.3,0.264,16.64,61
-36.562,142.9465,2012-04-17,321.2,70,17.2,0.0,15.3,0.264,16.64,61
-36.5636,142.9339,2012-04-17,347.9,94,17.1,0.0,15.3,0.264,16.64,61
-36.3855,144.2671,2012-04-17,314.2,57,17.9,0.0,15.3,0.135,16.56,61
-35.9777,147.0109,2012-04-17,322.1,79,15.9,0.0,10.5,0.199,16.21,68
-36.1138,146.1281,2012-04-17,314.6,67,16.9,0.0,12.3,0.155,15.99,69
-36.1154,146.117,2012-04-17,315.8,69,17.1,0.0,12.7,0.155,16.2,69
-36.3595,144.3916,2012-04-17,313.4,53,17.9,0.0,14.5,0.132,16.45,61
-36.6704,141.8326,2012-04-17,333.1,73,17.0,0.0,11.4,0.243,16.55,61
-36.6719,141.8184,2012-04-17,327.1,74,16.9,0.0,11.4,0.243,16.55,61
-36.7434,141.0038,2012-04-17,317.5,61,17.0,0.0,12.9,0.19,16.49,60
-36.6719,141.5632,2012-04-17,316.6,58,16.7,0.0,12.0,0.237,16.53,61
-36.3616,143.9707,2012-04-17,313.4,51,17.7,0.0,14.6,0.142,16.7,61
-35.8994,146.9865,2012-04-17,308.1,55,16.1,0.0,10.5,0.217,16.21,67
-36.0797,145.8038,2012-04-17,320.7,74,17.7,0.0,12.8,0.143,16.3,67
-36.6371,146.4494,2012-04-17,310.5,49,15.7,0.0,10.5,0.296,15.43,71
-37.3774,145.6741,2012-04-17,308.3,66,14.9,0.1,9.9,0.288,14.07,79
-37.384,145.1662,2012-04-17,365.4,100,12.1,0.0,6.9,0.297,13.8,80
-37.3856,145.1547,2012-04-17,350.2,91,12.2,0.0,6.9,0.297,13.8,80
-37.468,143.7643,2012-04-17,325.8,81,14.5,0.0,13.1,0.204,14.29,77
-37.4695,143.752,2012-04-17,317.1,72,14.5,0.0,13.1,0.204,14.29,77
-37.4996,142.8264,2012-04-17,320.3,75,14.8,0.0,10.8,0.145,15.73,72
-36.8334,147.4986,2012-04-17,301.4,47,11.5,0.0,15.3,0.331,15.31,77
-36.8354,147.4864,2012-04-17,314.3,75,10.4,0.0,15.3,0.332,15.31,76
-37.4198,143.2496,2012-04-17,316.9,31,14.9,0.0,12.7,0.138,15.49,72
-37.4213,143.2368,2012-04-17,393.0,100,14.9,0.0,12.7,0.138,15.49,72
-37.4228,143.2241,2012-04-17,349.6,95,15.0,0.0,12.7,0.138,15.49,72
-37.4473,143.0181,2012-04-17,321.0,76,14.8,0.0,12.4,0.144,15.69,71
-37.4176,143.2437,2012-04-17,379.3,100,14.9,0.0,12.7,0.138,15.49,72
-37.4192,143.231,2012-04-17,403.2,100,14.9,0.0,12.7,0.138,15.49,72
-37.4207,143.2182,2012-04-17,325.2,80,15.0,0.0,12.7,0.138,15.49,72
-37.446,143.0124,2012-04-17,316.7,70,14.8,0.0,12.4,0.144,15.69,71
-37.408,143.2419,2012-04-17,423.5,100,14.9,0.0,12.7,0.138,15.49,72
-37.4096,143.2291,2012-04-17,403.1,100,15.0,0.0,12.7,0.138,15.49,72
-37.4112,143.2164,2012-04-17,313.4,51,14.9,0.0,12.7,0.138,15.49,72
-36.7482,147.7565,2012-04-17,338.2,91,12.9,0.0,14.7,0.323,15.25,78
-36.737,147.766,2012-04-17,341.8,77,12.9,0.0,14.7,0.323,15.25,78
-36.7389,147.7544,2012-04-17,346.7,95,14.0,0.0,12.1,0.323,15.97,78
-36.7296,147.7522,2012-04-17,345.9,94,14.1,0.0,12.1,0.323,15.97,78
-36.7203,147.7501,2012-04-17,330.1,80,14.8,0.0,12.1,0.323,15.97,78
-37.284,143.2645,2012-04-17,333.8,87,12.3,0.0,11.2,0.163,15.81,71
-37.2744,143.2627,2012-04-17,352.6,97,12.4,0.0,11.2,0.163,15.81,71
-37.2759,143.2506,2012-04-17,322.9,78,11.9,0.0,11.2,0.163,15.81,70
-37.0925,143.8384,2012-04-17,338.4,84,16.0,0.0,13.6,0.19,15.9,69
-37.0831,143.8365,2012-04-17,328.6,78,16.1,0.0,13.6,0.19,15.9,69
-36.483,147.857,2012-04-17,300.6,39,11.2,0.0,15.3,0.338,14.75,71
-37.0578,143.9109,2012-04-17,313.9,64,16.1,0.0,15.7,0.212,15.72,68
-36.8465,145.2675,2012-04-17,313.4,66,16.7,0.0,12.0,0.169,15.35,70
-36.8481,145.2563,2012-04-17,322.7,78,16.7,0.0,12.0,0.169,15.35,70
-36.6376,146.5081,2012-04-17,306.8,54,15.5,0.0,11.5,0.294,15.19,71
-36.6563,146.3839,2012-04-17,319.6,42,16.2,0.0,11.5,0.296,15.43,71
-36.658,146.3726,2012-04-17,355.1,98,16.3,0.0,12.7,0.296,14.97,71
-36.6597,146.3613,2012-04-17,334.8,87,15.6,0.0,12.7,0.296,14.97,71
-37.1466,142.7227,2012-04-17,321.1,65,15.6,0.0,10.5,0.151,15.97,67
-36.6354,146.4607,2012-04-17,310.3,51,15.7,0.0,12.7,0.294,14.97,71
-36.6507,146.3592,2012-04-17,335.3,89,15.7,0.0,12.7,0.296,14.97,71
-36.6263,146.4586,2012-04-17,334.1,88,15.6,0.0,10.5,0.273,15.43,71
-36.6281,146.4473,2012-04-17,338.9,91,15.8,0.0,10.5,0.296,15.43,71
-36.6297,146.4361,2012-04-17,337.4,90,16.3,0.0,11.5,0.276,15.43,71
-36.6173,146.4565,2012-04-17,326.1,83,15.9,0.0,10.5,0.273,15.43,71
-36.619,146.4452,2012-04-17,330.2,86,15.9,0.0,10.5,0.276,15.43,71
-36.6207,146.434,2012-04-17,313.0,64,16.3,0.0,11.5,0.276,15.43,71
-36.9497,143.8958,2012-04-17,316.1,67,16.7,0.0,15.7,0.156,15.72,66
-36.9512,143.8838,2012-04-17,313.9,62,16.5,0.0,15.7,0.26,15.72,67
-36.7099,145.5215,2012-04-17,323.0,79,16.9,0.0,11.1,0.166,15.09,70
-36.7115,145.5103,2012-04-17,312.1,63,16.9,0.0,11.1,0.166,15.09,70
-36.9046,143.8007,2012-04-17,317.5,69,16.7,0.0,13.6,0.199,15.9,66
-36.6136,145.805,2012-04-17,317.1,70,16.6,0.0,12.5,0.157,15.43,70
-36.6567,145.3758,2012-04-17,315.2,67,17.1,0.0,12.5,0.157,15.78,69
-36.7143,144.7606,2012-04-17,316.7,68,17.0,0.0,16.3,0.151,15.9,66
-36.6242,145.2761,2012-04-17,313.1,63,17.2,0.0,12.5,0.144,15.78,67
-36.6749,144.7756,2012-04-17,314.2,63,17.2,0.0,16.3,0.151,15.9,66
-36.7387,144.0357,2012-04-17,311.8,49,16.9,0.0,13.9,0.146,16.4,64
-36.7403,144.0239,2012-04-17,328.7,81,17.0,0.0,13.9,0.146,16.4,64
-36.4256,146.2076,2012-04-17,317.6,67,15.0,0.0,10.5,0.178,15.43,70
-36.4166,146.2056,2012-04-17,319.4,74,15.6,0.0,11.5,0.176,15.43,70
-36.5035,145.6132,2012-04-17,314.5,66,17.2,0.0,11.4,0.143,15.53,68
-36.4945,145.6112,2012-04-17,313.1,48,17.2,0.0,11.4,0.143,15.53,68
-36.6051,144.7553,2012-04-17,313.1,51,16.7,0.0,16.3,0.149,16.11,65
-36.6299,144.5022,2012-04-17,316.8,67,17.5,0.0,16.3,0.146,16.11,64
-36.6315,144.4907,2012-04-17,324.0,77,17.5,0.0,16.3,0.146,16.11,64
-36.6223,144.4888,2012-04-17,315.6,30,17.5,0.0,15.8,0.146,16.39,64
-36.453,145.5144,2012-04-17,320.7,75,17.3,0.0,11.4,0.14,15.53,67
-36.7696,142.9851,2012-04-17,330.4,82,16.6,0.0,15.8,0.123,16.51,62
-36.7711,142.9724,2012-04-17,356.0,98,16.6,0.0,15.8,0.123,16.51,62
-36.5592,144.5513,2012-04-17,314.4,60,17.5,0.0,15.8,0.149,16.39,64
-36.5638,144.517,2012-04-17,321.2,73,17.6,0.0,15.8,0.146,16.39,64
-36.5653,144.5055,2012-04-17,313.6,57,17.6,0.0,15.8,0.146,16.39,64
-36.8018,142.6343,2012-04-17,316.3,61,16.6,0.0,15.1,0.265,16.54,62
-36.8034,142.6211,2012-04-17,331.0,83,16.6,0.0,14.5,0.265,16.55,62
-36.3595,145.8389,2012-04-17,339.4,90,17.1,0.0,12.6,0.159,15.97,69
-36.3611,145.8277,2012-04-17,340.0,90,17.1,0.0,12.6,0.159,15.97,69
-36.3159,146.0713,2012-04-17,322.1,77,16.8,0.0,12.2,0.153,15.86,69
-36.3175,146.0601,2012-04-17,314.4,64,16.8,0.0,12.2,0.153,15.86,69
-36.3739,145.6119,2012-04-17,314.3,59,17.4,0.0,12.9,0.128,16.07,67
-36.3381,145.8055,2012-04-17,388.2,100,17.3,0.0,12.6,0.157,15.97,68
-36.3397,145.7944,2012-04-17,325.6,80,17.3,0.0,12.6,0.157,15.97,68
-36.3291,145.8035,2012-04-17,312.7,52,17.3,0.0,12.6,0.157,15.97,68
-36.2371,146.3607,2012-04-17,321.1,77,17.2,0.0,12.1,0.182,15.75,69
-36.2388,146.3495,2012-04-17,337.1,89,17.1,0.0,12.1,0.138,15.75,69
-36.4426,144.9408,2012-04-17,318.0,69,17.9,0.0,14.6,0.151,15.95,63
-36.7692,142.3095,2012-04-17,327.3,68,16.8,0.0,13.8,0.225,16.59,61
-36.7708,142.296,2012-04-17,341.8,78,16.8,0.0,13.8,0.225,16.59,61
-36.2709,146.0093,2012-04-17,317.8,68,16.7,0.0,12.2,0.179,15.86,70
-36.2725,145.9981,2012-04-17,315.4,30,16.8,0.0,12.2,0.179,15.86,70
-36.3085,145.7528,2012-04-17,356.2,98,17.2,0.0,12.6,0.157,15.97,68
-36.3101,145.7417,2012-04-17,338.0,89,17.5,0.0,12.6,0.14,15.97,67
-36.2618,146.0072,2012-04-17,349.6,95,16.7,0.0,12.2,0.179,15.86,70
-36.2635,145.9961,2012-04-17,339.3,90,16.8,0.0,12.2,0.179,15.86,70
-36.4958,144.3439,2012-04-17,316.5,64,17.6,0.0,15.3,0.145,16.56,62
-36.2815,145.7467,2012-04-17,312.9,8,17.5,0.0,12.6,0.14,15.97,67
-36.2831,145.7355,2012-04-17,320.6,75,17.5,0.0,12.6,0.14,15.97,67
-36.2993,145.6242,2012-04-17,315.8,20,17.6,0.0,12.9,0.144,16.07,66
-36.3009,145.613,2012-04-17,316.9,45,17.6,0.0,12.9,0.144,16.07,66
-36.164,146.4718,2012-04-17,313.5,49,17.1,0.0,10.6,0.178,15.74,68
-36.1657,146.4605,2012-04-17,315.2,66,17.1,0.0,12.6,0.178,15.9,68
-36.2903,145.6221,2012-04-17,315.9,37,17.6,0.0,12.9,0.144,16.07,66
-36.2919,145.611,2012-04-17,319.9,69,17.6,0.0,12.9,0.144,16.07,66
-36.3063,145.5108,2012-04-17,325.4,79,17.6,0.0,12.9,0.156,16.07,66
-36.3079,145.4996,2012-04-17,315.9,67,17.6,0.0,12.9,0.156,16.07,66
-36.6951,142.5149,2012-04-17,317.5,63,16.9,0.0,14.5,0.263,16.55,61
-36.6967,142.5017,2012-04-17,323.8,74,16.9,0.0,14.5,0.263,16.55,61
-36.8171,141.4187,2012-04-17,318.7,65,16.6,0.0,12.0,0.144,16.53,62
-36.1478,146.4612,2012-04-17,329.2,84,17.2,0.0,12.6,0.178,15.9,68
-35.1563,146.848,2012-04-17,346.7,94,17.3,0.0,11.8,0.178,16.67,56
-35.2235,147.2253,2012-04-17,340.1,90,16.9,0.0,11.8,0.189,16.99,59
-35.1796,147.4355,2012-04-17,315.4,68,16.6,0.0,10.9,0.188,16.95,61
-35.1816,147.4236,2012-04-17,334.2,87,16.5,0.0,10.9,0.188,16.95,61
-35.1951,147.3407,2012-04-17,311.7,59,16.7,0.0,11.8,0.187,16.99,60
-35.3988,146.0422,2012-04-17,326.5,79,18.1,0.0,12.0,0.166,16.42,58
-35.4939,145.5266,2012-04-17,313.6,55,18.1,0.0,11.6,0.138,16.71,60
-35.1858,147.3384,2012-04-17,314.2,65,16.7,0.0,11.8,0.187,16.99,60
-35.2331,147.0462,2012-04-17,315.4,66,17.4,0.0,12.4,0.18,16.89,57
-35.235,147.0347,2012-04-17,347.1,94,17.4,0.0,12.4,0.18,16.89,57
-35.2949,146.6567,2012-04-17,329.7,83,17.7,0.0,11.8,0.175,16.67,57
-35.2967,146.6454,2012-04-17,323.0,72,17.8,0.0,11.8,0.174,16.67,57
-35.2287,147.0394,2012-04-17,327.1,81,17.4,0.0,12.4,0.18,16.89,57
-35.2305,147.0278,2012-04-17,327.7,82,17.4,0.0,12.4,0.18,16.89,57
-35.2896,146.6497,2012-04-17,322.3,76,17.8,0.0,11.8,0.174,16.67,57
-35.2467,146.8643,2012-04-17,315.4,18,17.5,0.0,11.8,0.178,16.67,56
-35.2485,146.8528,2012-04-17,340.8,91,17.4,0.0,11.8,0.178,16.67,56
-35.2888,146.5323,2012-04-17,317.8,68,17.8,0.0,11.7,0.175,16.52,57
-35.1972,146.8763,2012-04-17,341.9,91,17.4,0.0,12.4,0.178,16.89,56
-35.199,146.8648,2012-04-17,343.5,92,17.4,0.0,11.8,0.178,16.67,56
-35.188,146.8741,2012-04-17,317.1,69,17.4,0.0,11.8,0.178,16.67,56
-35.1898,146.8626,2012-04-17,319.1,72,17.3,0.0,11.8,0.178,16.67,56
-35.2239,146.646,2012-04-17,312.5,45,17.7,0.0,11.8,0.171,16.67,56
-35.1344,147.1494,2012-04-17,315.3,67,17.3,0.0,11.8,0.159,16.99,56
-35.1363,147.1378,2012-04-17,321.4,76,17.3,0.0,11.8,0.159,16.99,56
-35.1456,147.0797,2012-04-17,376.1,100,17.4,0.0,12.4,0.159,16.89,56
-35.1475,147.0681,2012-04-17,320.9,75,17.5,0.0,12.4,0.159,16.89,56
-35.0043,147.7937,2012-04-17,313.2,53,15.6,0.0,15.1,0.226,17.06,61
-35.2216,147.2371,2012-04-17,359.8,99,16.9,0.0,11.8,0.189,16.99,59
-35.1581,146.8366,2012-04-17,316.6,66,17.3,0.0,11.8,0.178,16.67,56
-34.9948,147.7913,2012-04-17,348.6,95,15.6,0.0,15.1,0.226,17.06,61
-35.0006,147.5774,2012-04-17,311.3,58,15.8,0.0,19.5,0.204,17.25,55
-35.0026,147.5655,2012-04-17,310.9,57,15.6,0.0,19.5,0.21,17.25,56
-35.0414,147.3278,2012-04-17,312.1,57,17.5,0.0,14.8,0.187,17.24,54
-34.9536,147.7428,2012-04-17,318.0,72,15.8,0.0,15.1,0.218,17.06,58
-34.8717,148.1101,2012-04-17,319.8,75,14.9,0.0,15.1,0.244,17.06,66
-35.0553,147.0033,2012-04-17,318.8,72,17.7,0.0,14.8,0.164,17.19,55
-35.0571,146.9918,2012-04-17,324.1,78,17.7,0.0,14.8,0.164,17.19,55
-35.1382,146.4789,2012-04-17,316.4,55,18.0,0.0,11.7,0.159,16.52,54
-35.1399,146.4676,2012-04-17,317.1,62,18.0,0.0,11.7,0.159,16.52,54
-34.8689,148.1171,2012-04-17,308.7,51,14.9,0.0,15.1,0.244,17.06,66
-34.871,148.1043,2012-04-17,313.1,65,15.5,0.0,15.1,0.232,17.06,63
-34.9411,147.62,2012-04-17,314.1,66,16.0,0.0,19.5,0.204,17.25,55
-35.0416,146.9945,2012-04-17,336.0,88,17.8,0.0,14.8,0.162,17.19,53
-35.423,144.4102,2012-04-17,334.0,85,18.8,0.0,14.5,0.258,16.67,58
-34.9415,147.5576,2012-04-17,358.4,99,16.5,0.0,14.8,0.204,17.19,55
-34.9434,147.5457,2012-04-17,358.0,99,16.8,0.0,14.8,0.197,17.19,54
-34.9454,147.5338,2012-04-17,313.9,59,17.0,0.0,14.8,0.197,17.19,54
-34.9477,147.4597,2012-04-17,332.8,86,17.2,0.0,14.8,0.197,17.19,54
-34.9689,147.329,2012-04-17,326.0,80,17.2,0.0,14.8,0.187,17.24,54
-34.9898,147.1995,2012-04-17,345.4,93,17.5,0.0,14.8,0.18,17.24,54
-34.9916,147.1878,2012-04-17,406.3,100,17.4,0.0,14.8,0.18,17.24,54
-34.9247,147.541,2012-04-17,318.6,68,16.7,0.0,14.8,0.197,17.19,54
-34.9266,147.529,2012-04-17,329.2,83,16.7,0.0,14.8,0.197,17.19,54
-34.9653,147.2912,2012-04-17,331.5,85,17.0,0.0,14.8,0.187,17.24,54
-34.9672,147.2795,2012-04-17,327.5,82,17.2,0.0,14.8,0.187,17.24,54
-34.9824,147.1855,2012-04-17,314.3,54,17.2,0.0,14.8,0.18,17.24,53
-34.896,147.5965,2012-04-17,315.7,69,16.4,0.0,14.8,0.204,17.19,55
-34.898,147.5844,2012-04-17,325.8,81,16.3,0.0,14.8,0.204,17.19,55
-34.9429,147.3102,2012-04-17,319.0,73,17.1,0.0,14.8,0.189,17.24,53
-34.9448,147.2985,2012-04-17,315.3,67,17.3,0.0,14.8,0.189,17.24,53
-34.755,146.991,2012-04-17,330.5,84,17.9,0.0,17.8,0.172,17.45,51
-35.751,146.0896,2012-04-17,330.6,84,17.7,0.0,12.6,0.168,16.3,64
-35.6153,146.9292,2012-04-17,328.2,83,17.1,0.0,13.9,0.197,16.64,61
-34.8745,147.6667,2012-04-17,335.8,88,16.1,0.0,19.5,0.212,17.25,56
-34.8765,147.6545,2012-04-17,405.8,100,15.9,0.0,15.1,0.212,17.06,56
-34.8785,147.6424,2012-04-17,322.8,78,16.2,0.0,15.1,0.204,17.06,55
-34.9338,147.2469,2012-04-17,318.3,72,17.4,0.0,14.8,0.181,17.24,52
-34.8637,147.6135,2012-04-17,358.7,99,16.0,0.0,18.6,0.204,17.38,55
-34.8657,147.6015,2012-04-17,348.9,95,16.2,0.0,18.6,0.204,17.38,55
-34.913,147.3152,2012-04-17,311.3,54,17.0,0.0,14.8,0.189,17.24,53
-34.9492,147.0927,2012-04-17,313.4,49,17.6,0.0,14.8,0.176,17.19,52
-34.8581,147.6181,2012-04-17,321.6,76,16.2,0.0,18.6,0.204,17.38,55
-34.8601,147.6059,2012-04-17,361.7,100,16.1,0.0,18.6,0.204,17.38,55
-34.9421,147.0964,2012-04-17,312.4,51,17.6,0.0,14.8,0.176,17.19,52
-34.9439,147.0848,2012-04-17,312.4,53,17.7,0.0,14.8,0.176,17.19,52
-34.8608,147.4813,2012-04-17,315.0,67,16.8,0.0,18.6,0.197,17.38,54
-34.6966,148.3456,2012-04-17,307.7,0,15.2,0.4,22.4,0.22,16.5,62
-34.8499,147.4287,2012-04-17,338.8,90,16.8,0.0,18.6,0.19,17.38,52
-34.6484,148.5654,2012-04-17,348.8,95,14.8,0.4,24.1,0.235,15.77,67
-34.6386,148.5628,2012-04-17,321.5,77,14.7,0.4,24.1,0.235,15.77,67
-34.8486,147.3174,2012-04-17,316.3,69,17.1,0.0,18.6,0.187,17.43,52
-34.8505,147.3056,2012-04-17,322.5,77,16.9,0.0,18.6,0.189,17.43,52
-34.8754,147.0924,2012-04-17,312.7,41,17.5,0.0,14.8,0.176,17.19,52
-34.8661,147.0902,2012-04-17,330.9,84,17.5,0.0,17.8,0.176,17.45,52
-34.868,147.0786,2012-04-17,318.7,72,17.4,0.0,17.8,0.176,17.45,52
-34.6913,148.0726,2012-04-17,322.5,78,15.9,0.0,20.4,0.214,16.98,59
-34.8019,147.3991,2012-04-17,325.5,80,16.7,0.0,18.6,0.19,17.38,52
-34.7925,147.3968,2012-04-17,319.8,74,16.8,0.0,18.6,0.19,17.38,52
-35.0033,146.0486,2012-04-17,323.0,76,18.4,0.0,13.7,0.144,17.02,53
-34.7985,147.2998,2012-04-17,313.6,60,17.2,0.0,18.6,0.187,17.43,52
-34.8004,147.2879,2012-04-17,314.7,66,17.1,0.0,18.6,0.187,17.43,52
-34.628,148.2688,2012-04-17,317.0,72,15.3,0.4,22.4,0.215,16.5,62
-34.8158,146.9523,2012-04-17,320.0,74,17.9,0.0,17.8,0.172,17.45,51
-34.6987,147.6113,2012-04-17,312.6,63,17.1,0.0,18.6,0.187,17.38,53
-34.754,147.2157,2012-04-17,317.2,69,17.5,0.0,18.6,0.182,17.43,51
-34.6512,147.7772,2012-04-17,348.7,95,16.5,0.0,19.5,0.197,17.25,54
-34.6533,147.7649,2012-04-17,310.0,31,16.4,0.0,19.5,0.197,17.25,54
-34.5731,148.221,2012-04-17,313.0,60,15.4,0.3,25.5,0.21,16.5,60
-34.6463,147.7818,2012-04-17,350.8,96,16.4,0.0,19.5,0.183,17.25,54
-34.6484,147.7695,2012-04-17,345.1,93,16.6,0.0,19.5,0.183,17.25,55
-34.6368,147.7794,2012-04-17,313.6,67,16.5,0.0,19.5,0.183,17.25,54
-34.6905,147.452,2012-04-17,370.6,100,17.0,0.0,18.6,0.187,17.38,52
-34.6925,147.44,2012-04-17,320.1,75,17.1,0.0,18.6,0.187,17.38,51
-34.7002,147.3921,2012-04-17,347.9,94,16.7,0.0,18.6,0.187,17.38,51
-34.7022,147.3802,2012-04-17,317.7,72,16.7,0.0,18.6,0.187,17.38,51
-34.7568,146.9794,2012-04-17,318.8,72,17.9,0.0,17.8,0.172,17.45,51
-35.3823,142.4488,2012-04-17,328.3,79,17.9,0.0,11.7,0.142,17.12,58
-34.4552,148.6703,2012-04-17,304.9,10,14.7,0.4,27.6,0.232,14.77,69
-34.6104,147.7601,2012-04-17,315.0,69,16.4,0.0,22.2,0.183,17.35,54
-34.6124,147.7479,2012-04-17,309.1,54,16.8,0.0,22.2,0.171,17.35,53
-34.6763,147.3002,2012-04-17,332.6,86,17.3,0.0,18.6,0.185,17.43,51
-34.6782,147.2883,2012-04-17,323.3,78,17.4,0.0,18.6,0.185,17.43,51
-34.6916,147.2058,2012-04-17,322.4,77,17.4,0.0,18.6,0.182,17.43,51
-34.7456,146.869,2012-04-17,329.6,83,18.2,0.0,16.9,0.17,17.43,50
-34.762,146.7658,2012-04-17,341.9,91,18.1,0.0,16.9,0.146,17.43,51
-34.7638,146.7544,2012-04-17,326.6,81,18.1,0.0,16.9,0.146,17.43,51
-34.6936,147.1334,2012-04-17,321.3,76,17.8,0.0,18.6,0.177,17.43,50
-34.6389,147.2912,2012-04-17,333.5,86,17.5,0.0,18.6,0.18,17.43,52
-34.6337,147.2967,2012-04-17,338.9,90,17.5,0.0,18.6,0.18,17.43,52
-34.6356,147.2848,2012-04-17,368.3,100,17.5,0.0,18.6,0.18,17.43,52
-34.6358,147.2235,2012-04-17,314.8,67,17.5,0.0,18.6,0.184,17.43,51
-34.6639,147.048,2012-04-17,326.4,81,18.0,0.0,17.8,0.173,17.45,50
-34.6657,147.0364,2012-04-17,324.9,79,18.0,0.0,17.8,0.173,17.45,50
-34.5996,147.3871,2012-04-17,314.5,52,17.1,0.0,21.1,0.167,17.49,52
-34.6016,147.3752,2012-04-17,332.3,86,17.3,0.0,21.1,0.167,17.49,52
-34.6188,147.2684,2012-04-17,317.4,71,17.4,0.0,20.3,0.18,17.56,52
-34.6208,147.2566,2012-04-17,319.1,73,17.4,0.0,20.3,0.18,17.56,52
-34.6246,147.233,2012-04-17,341.1,91,17.4,0.0,20.3,0.184,17.56,51
-34.6265,147.2212,2012-04-17,365.0,100,17.4,0.0,18.6,0.184,17.43,51
-34.662,146.9994,2012-04-17,331.2,85,18.0,0.0,17.8,0.173,17.45,50
-34.6985,146.769,2012-04-17,317.8,71,18.1,0.0,16.9,0.17,17.43,50
-34.7003,146.7576,2012-04-17,313.5,62,18.2,0.0,16.9,0.17,17.43,50
-34.4635,148.1476,2012-04-17,309.6,58,15.5,0.3,25.5,0.191,16.5,59
-34.6546,146.9855,2012-04-17,313.4,63,18.0,0.0,17.8,0.173,17.45,50
-34.5493,147.5747,2012-04-17,312.5,38,17.0,0.0,21.1,0.173,17.49,53
-34.5533,147.5504,2012-04-17,315.3,61,16.9,0.0,21.1,0.181,17.49,53
-34.5318,147.621,2012-04-17,312.0,63,17.2,0.0,21.1,0.173,17.49,53
-34.5339,147.6088,2012-04-17,311.4,61,17.1,0.0,21.1,0.173,17.49,53
-34.6434,146.8751,2012-04-17,315.6,67,18.1,0.0,17.8,0.173,17.45,50
-34.6453,146.8636,2012-04-17,312.6,61,18.2,0.0,16.9,0.173,17.43,50
-34.599,147.0325,2012-04-17,320.8,75,18.0,0.0,19.8,0.175,17.6,50
-34.5772,147.0689,2012-04-17,314.7,66,17.9,0.0,19.8,0.179,17.6,51
-34.579,147.0573,2012-04-17,314.4,66,17.9,0.0,19.8,0.179,17.6,51
-34.4892,147.2548,2012-04-17,309.4,49,17.1,0.0,20.3,0.175,17.56,52
-34.4237,147.4745,2012-04-17,323.0,78,17.2,0.0,21.1,0.164,17.49,53
-34.3934,147.6382,2012-04-17,321.0,76,17.3,0.0,22.2,0.177,17.35,54
-34.3954,147.626,2012-04-17,317.6,72,17.3,0.0,22.2,0.177,17.35,54
-34.4192,147.4805,2012-04-17,315.5,68,17.2,0.0,21.1,0.164,17.49,53
-34.4212,147.4684,2012-04-17,315.2,68,17.2,0.0,21.1,0.164,17.49,53
-34.5026,146.9011,2012-04-17,332.3,85,18.0,0.0,19.8,0.173,17.6,50
-34.5044,146.8896,2012-04-17,313.9,64,18.0,0.0,19.8,0.173,17.6,50
-34.4934,146.8989,2012-04-17,328.0,82,18.0,0.0,19.8,0.173,17.6,50
-34.3197,147.9028,2012-04-17,340.4,91,17.0,0.0,25.0,0.179,17.08,57
-34.3218,147.8904,2012-04-17,333.6,87,17.0,0.0,25.0,0.179,17.08,57
-34.3239,147.8779,2012-04-17,320.5,55,17.0,0.0,25.0,0.179,17.08,57
-34.3101,147.9005,2012-04-17,321.5,77,17.0,0.0,25.0,0.179,17.08,57
-34.4396,147.0546,2012-04-17,313.8,64,17.4,0.0,19.8,0.17,17.6,52
-34.2685,147.8512,2012-04-17,317.5,72,17.1,0.0,23.3,0.179,17.41,57
-34.3163,147.5683,2012-04-17,340.4,91,16.8,0.0,21.9,0.175,17.57,54
-34.3183,147.5563,2012-04-17,312.3,59,17.0,0.0,21.9,0.175,17.57,54
-34.2643,147.8562,2012-04-17,316.6,66,17.1,0.0,23.3,0.179,17.41,57
-34.311,147.5728,2012-04-17,329.0,83,16.8,0.0,21.9,0.175,17.57,54
-34.313,147.5608,2012-04-17,325.7,80,17.0,0.0,21.9,0.175,17.57,54
-34.2596,147.7646,2012-04-17,331.7,85,17.2,0.0,23.3,0.177,17.41,55
-34.2467,147.7229,2012-04-17,313.9,65,17.3,0.0,23.3,0.174,17.41,55
-34.2487,147.7106,2012-04-17,319.0,73,17.3,0.0,23.3,0.174,17.41,55
-34.3604,146.8488,2012-04-17,331.3,84,17.8,0.0,19.8,0.17,17.71,50
-34.3623,146.8373,2012-04-17,326.0,80,17.8,0.0,19.8,0.17,17.71,50
-34.506,145.7913,2012-04-17,338.5,89,18.6,0.0,15.5,0.144,17.52,50
-34.498,145.7954,2012-04-17,320.1,72,18.6,0.0,15.5,0.144,17.52,50
-34.4996,145.7844,2012-04-17,311.9,43,18.6,0.0,15.5,0.144,17.52,50
-34.911,142.727,2012-04-17,328.9,80,18.3,0.0,10.7,0.108,17.3,57
-34.9015,142.7252,2012-04-17,319.6,64,18.3,0.0,10.7,0.108,17.3,57
-34.3933,146.2988,2012-04-17,320.9,74,18.3,0.0,16.0,0.145,17.57,50
-34.1491,147.7577,2012-04-17,312.6,62,17.4,0.0,23.3,0.168,17.41,56
-34.3842,146.2967,2012-04-17,348.7,95,18.3,0.0,16.0,0.145,17.57,50
-34.3859,146.2855,2012-04-17,323.6,77,18.3,0.0,16.0,0.145,17.57,50
-34.293,146.6968,2012-04-17,322.2,76,18.1,0.0,19.8,0.171,17.71,50
-34.2948,146.6854,2012-04-17,335.5,87,18.1,0.0,19.8,0.171,17.71,50
-34.2091,147.1577,2012-04-17,316.6,69,17.5,0.0,21.2,0.175,17.62,53
-34.211,147.1459,2012-04-17,321.1,75,17.5,0.0,21.2,0.175,17.62,53
-34.2186,147.099,2012-04-17,313.7,63,17.6,0.0,20.2,0.175,17.68,53
-34.2856,146.6833,2012-04-17,320.1,73,18.1,0.0,19.8,0.171,17.71,50
-34.2178,147.007,2012-04-17,313.1,61,17.6,0.0,20.2,0.17,17.68,52
-34.2754,146.5211,2012-04-17,318.4,70,18.2,0.0,18.4,0.168,17.72,50
-34.2771,146.5098,2012-04-17,317.7,69,18.2,0.0,18.4,0.168,17.72,50
-34.0033,147.5816,2012-04-17,329.2,83,17.5,0.0,21.3,0.17,17.63,55
-34.0857,146.7189,2012-04-17,321.4,75,17.9,0.0,20.2,0.169,17.81,51
-34.0783,146.7223,2012-04-17,326.7,80,17.9,0.0,20.2,0.169,17.81,51
-34.0801,146.7109,2012-04-17,325.6,79,18.0,0.0,20.2,0.169,17.81,51
-34.5961,143.1135,2012-04-17,328.9,81,18.7,0.0,9.7,0.198,17.29,56
-34.0775,146.5452,2012-04-17,317.9,69,18.3,0.0,19.4,0.169,17.81,51
-34.0793,146.5339,2012-04-17,316.1,66,18.3,0.0,19.4,0.169,17.81,51
-33.6444,148.6624,2012-04-17,312.8,65,15.8,0.3,24.5,0.175,15.16,65
-33.9407,146.59,2012-04-17,320.7,73,18.1,0.0,19.4,0.159,17.81,51
-33.9162,146.5191,2012-04-17,320.0,72,18.1,0.0,19.4,0.152,17.81,51
-33.705,147.1476,2012-04-17,313.2,60,17.9,0.0,20.5,0.16,17.79,54
-33.6956,147.1453,2012-04-17,313.0,59,17.9,0.0,20.5,0.16,17.79,54
-33.4165,148.6062,2012-04-17,429.7,100,15.7,0.0,21.0,0.159,16.13,66
-33.419,148.5922,2012-04-17,411.4,100,15.5,0.0,21.0,0.159,16.13,66
-33.4657,148.0847,2012-04-17,312.8,63,17.3,0.0,21.0,0.143,17.14,59
-33.7691,145.851,2012-04-17,317.1,47,18.9,0.0,17.4,0.166,17.83,48
-33.5203,146.7883,2012-04-17,327.9,81,17.8,0.0,21.2,0.161,18.0,52
-33.4223,147.2967,2012-04-17,311.1,52,17.7,0.0,20.1,0.123,17.89,55
-34.0623,142.38,2012-04-17,321.7,69,20.1,0.0,12.0,0.144,17.43,45
-33.0346,148.9676,2012-04-17,315.6,65,15.1,0.4,19.7,0.225,15.36,70
-33.9074,143.1899,2012-04-17,320.0,60,20.3,0.0,13.3,0.087,17.31,45
-33.3776,146.6477,2012-04-17,318.4,70,18.2,0.0,21.2,0.159,18.0,51
-33.3738,146.6113,2012-04-17,320.2,72,18.3,0.0,19.4,0.159,18.08,51
-33.3756,146.5999,2012-04-17,327.8,81,18.4,0.0,20.3,0.159,17.98,51
-33.0198,146.6956,2012-04-17,313.8,42,18.3,0.0,17.7,0.223,18.24,54
-33.6654,141.6205,2012-04-17,323.1,70,20.7,0.0,13.4,0.144,17.65,42
-32.9839,146.3382,2012-04-17,360.3,100,18.5,0.0,16.6,0.117,18.14,52
-32.9857,146.3269,2012-04-17,323.0,75,18.5,0.0,16.6,0.117,18.14,52
-33.3998,142.9411,2012-04-17,315.3,35,20.2,0.0,12.6,0.108,17.53,51
-33.3935,142.9164,2012-04-17,334.8,85,20.3,0.0,12.6,0.108,17.53,51
-33.395,142.905,2012-04-17,347.7,93,20.3,0.0,12.6,0.108,17.53,51
-33.3964,142.8935,2012-04-17,329.2,79,20.4,0.0,12.6,0.108,17.53,51
-33.3979,142.882,2012-04-17,323.4,72,20.3,0.0,12.6,0.108,17.53,51
-33.367,142.8997,2012-04-17,321.0,68,20.4,0.0,12.4,0.108,17.62,51
-32.4826,146.9148,2012-04-17,311.4,26,18.1,0.0,16.1,0.137,18.33,53
-32.4801,146.9085,2012-04-17,313.0,55,18.1,0.0,16.1,0.137,18.33,53
-32.0874,148.4383,2012-04-17,315.7,18,18.1,0.0,17.2,0.149,15.55,63
-32.0543,146.6217,2012-04-17,328.6,54,18.5,0.0,16.0,0.13,18.64,51
-35.3933,146.8639,2012-04-17,315.7,63,17.3,0.0,13.1,0.189,16.35,59
-35.5088,147.1796,2012-04-17,310.7,59,16.1,0.0,11.3,0.211,16.79,62
-35.5834,146.7082,2012-04-17,323.2,78,17.3,0.0,13.1,0.187,16.35,60
-35.7292,145.7461,2012-04-17,320.9,74,17.8,0.0,11.2,0.138,16.5,62
-35.5795,146.6721,2012-04-17,330.0,84,17.6,0.0,13.1,0.187,16.35,60
-35.7202,145.7441,2012-04-17,316.3,44,17.8,0.0,11.2,0.138,16.5,62
-35.4493,147.3904,2012-04-17,332.6,86,15.8,0.0,11.0,0.195,16.79,63
-35.4512,147.3786,2012-04-17,324.2,80,15.7,0.0,11.0,0.211,16.79,64
-35.6291,146.234,2012-04-17,321.9,75,17.8,0.0,13.2,0.175,16.06,61
-35.6308,146.2229,2012-04-17,343.3,92,17.8,0.0,13.2,0.175,16.06,61
-35.4513,147.3173,2012-04-17,315.2,68,16.0,0.0,11.3,0.204,16.79,63
-35.4737,147.1767,2012-04-17,314.8,67,16.0,0.0,11.3,0.211,16.79,62
-35.4756,147.1651,2012-04-17,315.4,68,16.1,0.0,11.3,0.211,16.79,62
-35.6217,146.2208,2012-04-17,327.6,81,17.8,0.0,12.4,0.175,16.17,61
-35.4773,146.9732,2012-04-17,345.2,93,17.1,0.0,13.9,0.191,16.64,60
-35.4791,146.9617,2012-04-17,328.1,82,17.2,0.0,13.9,0.191,16.64,60
-35.4199,147.2731,2012-04-17,316.0,70,16.2,0.0,11.3,0.2,16.79,62
-35.4681,146.971,2012-04-17,334.6,87,17.1,0.0,13.9,0.191,16.64,60
-35.4699,146.9595,2012-04-17,322.5,77,17.2,0.0,13.9,0.191,16.64,60
-35.6007,146.112,2012-04-17,324.5,78,17.9,0.0,12.0,0.17,16.42,61
-36.1548,141.9203,2012-04-17,324.0,72,17.3,0.0,14.1,0.142,16.74,62
-35.5916,146.11,2012-04-17,318.5,63,17.9,0.0,12.0,0.17,16.42,61
-35.4313,147.0821,2012-04-17,399.2,100,16.7,0.0,13.9,0.198,16.64,60
-35.4332,147.0705,2012-04-17,340.0,90,16.8,0.0,13.9,0.198,16.64,60
-35.6183,145.8062,2012-04-17,320.2,73,17.8,0.0,11.1,0.134,16.65,61
-35.62,145.7951,2012-04-17,324.5,78,17.8,0.0,11.1,0.134,16.65,61
-35.4193,147.0014,2012-04-17,324.2,79,17.2,0.0,13.9,0.193,16.64,59
-35.4211,146.9899,2012-04-17,311.0,55,17.2,0.0,13.9,0.193,16.64,59
-35.3863,147.1498,2012-04-17,313.5,64,16.6,0.0,11.3,0.198,16.79,60
-35.3881,147.1382,2012-04-17,324.1,79,16.7,0.0,11.3,0.198,16.79,60
-35.3951,146.8524,2012-04-17,330.6,84,17.2,0.0,13.1,0.189,16.35,59
-35.4482,146.5117,2012-04-17,313.5,45,17.6,0.0,12.4,0.181,16.18,58
-35.4089,146.6431,2012-04-17,315.1,36,17.7,0.0,13.1,0.179,16.35,58
-35.4177,146.5865,2012-04-17,324.2,58,17.6,0.0,12.4,0.179,16.18,58
-35.4387,146.4512,2012-04-17,318.2,52,17.8,0.0,12.4,0.181,16.18,58
-35.3711,146.7638,2012-04-17,313.5,62,17.5,0.0,11.8,0.186,16.67,58
-35.3467,146.8106,2012-04-17,318.3,71,17.4,0.0,11.8,0.179,16.67,57
-35.3485,146.7992,2012-04-17,330.1,83,17.5,0.0,11.8,0.179,16.67,57
-35.5228,145.6469,2012-04-17,321.7,74,18.1,0.0,11.1,0.142,16.65,59
-35.5244,145.6359,2012-04-17,318.3,68,18.1,0.0,11.1,0.142,16.65,59
-35.253,147.2813,2012-04-17,331.9,85,16.6,0.0,11.8,0.188,16.99,61
-35.2549,147.2695,2012-04-17,318.3,72,16.6,0.0,11.8,0.188,16.99,61
-35.4137,146.2531,2012-04-17,321.4,67,17.8,0.0,12.4,0.177,16.17,59
-36.0068,141.798,2012-04-17,326.8,76,17.3,0.0,13.3,0.125,16.86,62
-36.0084,141.7841,2012-04-17,317.1,54,17.2,0.0,13.3,0.125,16.86,62
-35.2551,147.2086,2012-04-17,314.4,51,16.5,0.0,11.8,0.196,16.99,61
-35.2569,147.1969,2012-04-17,327.4,82,16.7,0.0,11.8,0.196,16.99,61
-35.3599,146.543,2012-04-17,315.4,37,17.7,0.0,11.7,0.181,16.52,58
-36.2096,142.5765,2012-04-17,320.3,66,17.5,0.0,14.5,0.262,16.75,60
-36.0397,143.7736,2012-04-17,324.5,76,18.1,0.0,14.8,0.265,16.77,60
-35.3047,148.5841,2012-04-17,342.8,93,11.3,0.8,16.6,0.302,15.95,68
-35.3069,148.5712,2012-04-17,351.2,96,11.4,0.8,16.6,0.302,15.95,68
-35.3136,148.5323,2012-04-17,321.4,79,11.8,0.8,16.6,0.312,15.95,66
-36.0305,143.7717,2012-04-17,366.7,100,18.2,0.0,14.8,0.265,16.77,60
-36.032,143.76,2012-04-17,337.1,87,18.2,0.0,14.8,0.265,16.77,60
-35.6223,146.518,2012-04-17,334.8,82,17.6,0.0,12.4,0.188,16.18,60
-35.5069,147.1913,2012-04-17,312.0,63,16.1,0.0,11.3,0.211,16.79,62
-31.25,146.9031,2012-04-17,323.6,76,19.5,0.0,17.1,0.122,17.74,55
-37.4097,143.2306,2012-04-17,309.4,77,15.0,0.0,12.7,0.138,15.49,72
-37.2766,143.2659,2012-04-17,308.4,74,13.0,0.0,11.2,0.163,15.81,71
-35.7637,145.9004,2012-04-18,319.7,76,18.3,1.8,17.4,0.155,12.08,68
-35.7654,145.918,2012-04-18,333.2,88,18.2,1.8,17.4,0.155,12.08,68
-36.4217,144.8031,2012-04-18,318.1,57,18.7,0.0,12.0,0.133,13.43,61
-36.42,144.7872,2012-04-18,309.7,63,18.6,0.0,12.0,0.133,13.43,61
-35.9828,141.9971,2012-04-18,314.5,65,18.6,0.0,11.7,0.136,16.52,53
-35.9736,141.9989,2012-04-18,326.6,81,18.6,0.0,11.7,0.136,16.52,53
-35.972,141.9872,2012-04-18,337.2,88,18.6,0.0,11.7,0.136,16.52,53
-36.1105,143.5801,2012-04-18,314.8,68,18.7,0.0,12.8,0.155,13.78,58
-33.9183,147.46,2012-04-18,342.2,87,17.7,8.0,19.5,0.189,10.72,83
-33.9202,147.4805,2012-04-18,327.1,80,17.7,8.0,19.5,0.189,10.72,83
-33.7005,141.8086,2012-04-18,328.9,82,20.4,0.0,13.4,0.114,17.35,45
-35.7537,145.9076,2012-04-18,324.2,63,18.3,1.8,17.4,0.155,12.08,68
-33.702,141.8196,2012-04-18,320.2,73,20.4,0.0,13.4,0.114,17.35,45
-35.7541,145.9197,2012-04-18,316.5,66,18.3,1.8,17.4,0.155,12.08,68
-33.9146,147.4662,2012-04-18,349.1,96,17.7,8.0,19.5,0.189,10.72,83
-37.346,143.8262,2012-04-18,310.5,68,16.1,0.0,11.7,0.231,14.88,66
-37.4158,143.2123,2012-04-18,326.3,83,16.8,0.0,10.4,0.135,15.61,64
-37.4174,143.226,2012-04-18,329.7,85,16.7,0.0,10.4,0.135,15.61,64
-37.4257,143.2106,2012-04-18,404.3,100,16.8,0.0,10.4,0.135,15.61,64
-37.4273,143.2242,2012-04-18,389.4,100,16.8,0.0,10.4,0.135,15.61,64
-36.6091,142.1,2012-04-18,312.3,59,18.6,0.0,12.5,0.259,16.4,52
-36.3833,142.1645,2012-04-18,321.5,74,18.6,0.0,12.4,0.259,16.31,52
-37.4993,143.136,2012-04-18,314.5,69,16.7,0.0,10.4,0.147,15.61,64
-37.5044,143.1125,2012-04-18,314.5,69,16.8,0.0,10.1,0.147,15.82,64
-37.4868,143.1316,2012-04-18,355.4,98,16.7,0.0,10.4,0.147,15.61,64
-37.4919,143.1081,2012-04-18,338.3,90,16.7,0.0,10.1,0.147,15.82,64
-37.4175,143.2617,2012-04-18,358.4,99,16.7,0.0,10.4,0.187,15.61,65
-37.4228,143.2376,2012-04-18,384.9,100,16.7,0.0,10.4,0.135,15.61,64
-37.4281,143.2137,2012-04-18,339.9,91,16.8,0.0,10.4,0.135,15.61,64
-37.4334,143.1898,2012-04-18,313.0,67,16.8,0.0,10.4,0.135,15.61,64
-37.4312,143.2101,2012-04-18,337.8,90,16.8,0.0,10.4,0.135,15.61,64
-37.5037,143.2404,2012-04-18,326.1,82,16.8,0.0,10.4,0.146,15.61,65
-36.3879,142.1428,2012-04-18,316.2,66,18.6,0.0,12.4,0.254,16.31,51
-36.4673,141.3115,2012-04-18,318.2,69,18.7,0.0,16.7,0.137,16.42,49
-36.3909,141.6241,2012-04-18,315.9,64,18.4,0.0,15.3,0.126,16.41,50
-36.3916,141.2194,2012-04-18,319.0,69,18.7,0.0,16.7,0.201,16.42,49
-36.3994,141.1207,2012-04-18,316.2,63,18.7,0.0,18.4,0.221,16.4,48
-36.3935,141.1137,2012-04-18,318.0,66,18.7,0.0,18.4,0.221,16.4,48
-35.9638,142.6921,2012-04-18,318.7,69,18.8,0.0,11.9,0.213,15.71,53
-35.966,142.685,2012-04-18,315.7,62,18.8,0.0,11.9,0.213,15.71,53
-36.1787,141.2581,2012-04-18,315.6,61,18.5,0.0,16.6,0.129,16.56,49
-35.9236,142.0091,2012-04-18,315.4,61,18.5,0.0,11.7,0.142,16.52,52
-35.8833,142.1369,2012-04-18,326.7,79,18.6,0.0,11.9,0.142,16.38,52
-35.888,142.1148,2012-04-18,319.6,70,18.6,0.0,11.7,0.142,16.52,52
-35.8825,142.129,2012-04-18,361.6,100,18.6,0.0,11.9,0.142,16.38,52
-35.8871,142.1069,2012-04-18,321.0,72,18.6,0.0,11.7,0.142,16.52,52
-35.8748,142.1029,2012-04-18,325.8,78,18.6,0.0,11.9,0.142,16.55,52
-35.5285,143.5103,2012-04-18,313.8,58,18.3,0.0,11.3,0.147,12.1,60
-35.5244,143.5044,2012-04-18,313.1,48,18.3,0.0,11.3,0.147,12.1,60
-36.826,142.5375,2012-04-18,355.7,98,18.3,0.0,10.9,0.252,16.18,55
-36.8211,142.56,2012-04-18,345.6,93,18.2,0.0,10.9,0.263,16.18,56
-36.7736,142.8398,2012-04-18,332.8,86,18.1,0.0,11.3,0.212,16.04,56
-37.0642,141.5854,2012-04-18,317.1,70,18.5,0.0,16.5,0.164,16.22,52
-37.0602,141.605,2012-04-18,318.4,72,18.5,0.0,16.5,0.164,16.22,52
-36.915,142.6154,2012-04-18,322.1,77,17.7,0.0,9.3,0.132,16.1,58
-36.9203,142.6001,2012-04-18,315.0,69,17.7,0.0,9.3,0.132,16.1,58
-36.9155,142.6227,2012-04-18,316.9,72,17.7,0.0,9.3,0.132,16.1,58
-37.2986,141.9355,2012-04-18,312.4,64,18.0,0.0,10.7,0.246,16.08,54
-37.3816,141.86,2012-04-18,316.1,70,17.5,0.0,11.9,0.146,16.01,57
-37.0979,143.815,2012-04-18,312.4,66,17.4,0.0,10.6,0.188,15.01,63
-37.3402,142.9431,2012-04-18,317.7,74,16.7,0.0,10.0,0.148,15.92,63
-37.3352,142.9662,2012-04-18,328.6,84,17.0,0.0,10.0,0.138,15.92,62
-37.426,142.7276,2012-04-18,337.3,89,16.7,0.0,9.8,0.137,15.91,64
-36.698,141.2135,2012-04-18,324.0,77,18.7,0.0,16.6,0.187,16.3,49
-36.7018,141.1946,2012-04-18,324.5,78,18.7,0.0,16.6,0.187,16.3,49
-36.713,141.1382,2012-04-18,317.8,68,18.7,0.0,16.6,0.185,16.3,49
-36.7167,141.1195,2012-04-18,315.7,64,18.7,0.0,18.2,0.185,16.31,49
-36.6866,141.2099,2012-04-18,338.8,89,18.7,0.0,16.6,0.187,16.3,49
-37.4082,143.2537,2012-04-18,334.6,88,16.7,0.0,10.4,0.187,15.61,65
-36.6385,141.6941,2012-04-18,315.6,65,18.5,0.0,13.8,0.256,16.29,50
-36.7763,142.8354,2012-04-18,328.5,82,18.1,0.0,11.3,0.212,16.04,56
-36.8173,142.5776,2012-04-18,311.9,51,18.2,0.0,10.9,0.263,16.18,56
-36.8221,142.555,2012-04-18,357.6,99,18.2,0.0,10.9,0.263,16.18,56
-36.8268,142.5325,2012-04-18,339.6,90,18.3,0.0,10.9,0.252,16.18,55
-36.805,142.5735,2012-04-18,326.2,81,18.2,0.0,10.9,0.263,16.18,56
-36.8097,142.5509,2012-04-18,314.0,64,18.2,0.0,10.9,0.263,16.18,56
-36.7461,142.7254,2012-04-18,321.8,76,18.4,0.0,11.3,0.263,16.04,54
-36.751,142.7023,2012-04-18,314.8,66,18.2,0.0,11.3,0.264,16.04,56
-36.6918,142.7247,2012-04-18,315.6,66,18.5,0.0,11.3,0.263,16.04,54
-36.6793,142.7204,2012-04-18,354.2,97,18.5,0.0,11.3,0.263,16.04,54
-36.6842,142.6972,2012-04-18,329.1,83,18.4,0.0,11.3,0.263,16.04,54
-36.828,141.9483,2012-04-18,335.8,87,18.7,0.0,12.8,0.256,16.31,51
-36.8323,141.9275,2012-04-18,323.5,77,18.7,0.0,12.8,0.256,16.31,51
-36.7294,141.9779,2012-04-18,314.6,63,18.8,0.0,12.8,0.258,16.31,52
-36.7686,141.3833,2012-04-18,332.5,85,18.6,0.0,15.3,0.143,16.3,50
-36.7713,142.8589,2012-04-18,315.6,68,18.2,0.0,11.3,0.142,16.04,56
-35.0882,143.3903,2012-04-18,312.7,31,18.2,0.0,11.6,0.152,12.06,60
-35.0943,143.363,2012-04-18,329.5,83,18.2,0.0,11.3,0.152,13.39,60
-35.0808,143.3585,2012-04-18,318.4,67,18.2,0.0,11.3,0.152,13.39,60
-35.0829,143.3811,2012-04-18,326.7,80,18.2,0.0,11.6,0.152,12.06,60
-35.0888,143.3537,2012-04-18,323.1,66,18.2,0.0,11.3,0.152,13.39,60
-35.2421,141.8821,2012-04-18,332.8,84,19.2,0.0,11.9,0.122,16.7,48
-33.6822,141.6233,2012-04-18,332.2,84,20.4,0.0,13.2,0.144,17.28,45
-33.6845,141.619,2012-04-18,328.5,81,20.4,0.0,13.2,0.144,17.28,45
-37.4096,143.2415,2012-04-18,306.9,70,16.7,0.0,10.4,0.135,15.61,64
-37.4154,143.2472,2012-04-18,308.0,72,16.7,0.0,10.4,0.135,15.61,64
-28.3199,150.5861,2012-04-18,314.8,90,19.1,0.4,8.8,0.32,14.46,79
-33.6503,141.6106,2012-04-19,320.1,53,20.3,0.0,12.4,0.143,17.02,56
-33.6543,141.6054,2012-04-19,320.2,74,20.4,0.0,12.4,0.143,17.02,56
-36.0981,141.3873,2012-04-19,319.0,53,18.5,0.0,10.2,0.132,14.61,66
-36.197,141.2941,2012-04-19,318.6,71,18.7,0.0,12.0,0.128,15.38,65
-34.4167,146.8166,2012-04-19,312.1,42,18.4,5.5,15.6,0.335,14.32,80
-31.5483,148.8409,2012-04-19,318.0,62,19.5,0.3,11.3,0.097,13.1,67
-33.6597,141.6191,2012-04-19,326.9,80,20.2,0.0,12.4,0.143,17.02,56
-33.6549,141.6035,2012-04-19,324.4,78,20.4,0.0,12.4,0.143,17.02,56
-33.6668,141.6051,2012-04-19,326.0,79,20.3,0.0,12.4,0.143,17.02,56
-33.0517,149.1374,2012-04-19,311.8,57,14.9,0.5,16.0,0.312,11.14,85
-33.0608,149.1394,2012-04-19,377.0,100,14.6,0.5,16.0,0.312,11.14,85
-33.0591,149.1505,2012-04-19,363.8,87,14.7,0.5,16.0,0.312,11.14,85
-33.4654,149.6806,2012-04-19,308.8,41,15.6,0.5,16.0,0.3,11.14,88
-29.9636,149.9641,2012-04-19,320.7,0,19.3,0.1,9.1,0.305,14.7,72
-30.4462,150.0782,2012-04-19,313.7,39,19.4,0.0,6.6,0.277,13.21,73
-31.4543,150.28,2012-04-19,305.8,66,18.4,0.0,8.3,0.307,14.13,73
-33.6614,141.6205,2012-04-20,328.8,82,20.9,0.0,12.8,0.142,16.1,62
-33.6802,141.616,2012-04-20,317.3,46,20.9,0.0,12.8,0.142,16.1,62
-34.7429,143.14,2012-04-20,312.6,66,17.8,0.0,9.0,0.255,14.36,79
-35.0922,143.3217,2012-04-20,309.4,55,17.8,0.0,9.4,0.235,14.06,79
-36.7293,145.274,2012-04-20,308.6,64,16.8,0.1,12.4,0.198,14.1,81
-37.2989,143.345,2012-04-20,319.3,78,15.6,1.5,6.0,0.22,14.85,79
-37.2966,143.3371,2012-04-20,308.0,64,15.3,1.5,6.0,0.22,14.85,79
-36.738,142.8655,2012-04-20,334.4,66,17.9,0.2,6.3,0.35,14.28,76
-36.5242,144.7883,2012-04-20,314.3,68,17.4,0.0,11.6,0.202,14.1,78
-36.5285,144.7674,2012-04-20,308.1,62,16.9,0.0,11.6,0.202,14.1,78
-36.5057,143.1066,2012-04-20,320.5,76,18.2,0.0,7.0,0.291,14.41,76
-34.8892,142.1703,2012-04-20,320.2,66,18.8,0.0,9.8,0.111,14.64,73
-36.502,143.1171,2012-04-20,320.2,76,18.2,0.0,7.0,0.291,14.41,76
-36.2775,141.9036,2012-04-20,323.8,69,18.5,0.0,9.2,0.131,13.87,74
-36.2801,141.8893,2012-04-20,365.3,100,18.5,0.0,9.2,0.131,13.87,74
-36.2827,141.875,2012-04-20,343.7,92,18.4,0.0,9.2,0.131,13.87,74
-35.6758,144.3102,2012-04-20,311.1,55,17.7,0.0,11.2,0.318,14.39,79
-36.1655,141.4936,2012-04-20,326.6,80,19.0,0.0,10.2,0.133,14.33,71
-36.1679,141.4799,2012-04-20,318.0,44,19.0,0.0,10.2,0.133,14.33,71
-35.5886,143.6313,2012-04-20,322.6,78,18.0,0.0,10.1,0.226,14.08,78
-35.2072,143.0204,2012-04-20,315.7,68,18.0,0.0,8.3,0.182,13.8,78
-35.0551,142.2773,2012-04-20,342.6,91,18.4,0.0,9.8,0.141,14.64,75
-35.058,142.2618,2012-04-20,314.6,59,18.4,0.0,9.8,0.141,14.64,75
-36.6607,142.9043,2012-04-20,316.8,51,18.0,0.0,6.7,0.35,14.6,76
-36.2246,144.6951,2012-04-20,311.9,65,17.6,0.0,11.5,0.196,14.02,77
-33.706,148.0822,2012-04-20,308.4,42,17.9,0.0,9.7,0.278,13.31,76
-34.0651,142.4231,2012-04-20,318.2,70,19.3,0.0,13.2,0.143,15.85,71
-33.3484,146.3326,2012-04-20,309.0,61,18.4,0.1,10.7,0.2,13.61,76
-33.3459,146.3238,2012-04-20,312.1,67,18.3,0.1,10.7,0.2,13.61,76
-32.3992,147.9913,2012-04-20,310.5,42,19.3,0.0,10.4,0.17,14.36,65
-32.4085,147.9529,2012-04-20,324.7,76,19.3,0.0,10.4,0.17,14.36,65
-32.4017,147.9421,2012-04-20,319.4,60,19.3,0.0,10.4,0.152,14.36,65
-33.6569,141.6227,2012-04-20,331.1,82,20.9,0.0,12.8,0.142,16.1,62
-33.0477,143.0016,2012-04-20,323.9,77,18.9,0.0,13.3,0.114,17.18,73
-29.5181,147.5341,2012-04-20,316.5,64,21.6,0.0,9.4,0.135,17.2,53
-29.541,147.4883,2012-04-20,323.6,76,21.6,0.0,9.4,0.135,17.2,53
-29.528,147.4927,2012-04-20,328.7,81,21.6,0.0,9.4,0.135,17.2,53
-29.5314,147.5298,2012-04-20,319.9,70,21.6,0.0,9.4,0.135,17.2,53
-28.5433,150.1898,2012-04-20,303.1,53,20.4,0.0,9.3,0.338,17.05,62
-36.8581,146.4551,2012-04-21,309.9,69,15.4,0.3,10.1,0.329,14.26,83
-37.1131,143.0198,2012-04-21,313.3,71,17.4,0.4,15.3,0.234,14.22,70
-36.8128,145.1069,2012-04-21,315.7,75,17.4,0.0,8.7,0.189,15.28,75
-36.5477,144.7542,2012-04-21,346.8,94,17.6,0.0,9.5,0.196,15.31,73
-36.5429,144.7683,2012-04-21,323.2,80,17.7,0.0,9.5,0.196,15.31,73
-36.3537,146.1639,2012-04-21,307.4,29,16.5,0.1,8.3,0.233,15.48,80
-36.3907,145.649,2012-04-21,311.8,67,17.3,0.0,7.6,0.206,15.37,76
-36.347,145.8699,2012-04-21,312.1,44,17.7,0.0,8.4,0.234,15.51,77
-36.3487,145.8515,2012-04-21,313.4,53,17.7,0.0,8.4,0.234,15.51,77
-36.3501,145.8651,2012-04-21,316.0,73,17.4,0.0,8.4,0.225,15.51,78
-36.2791,146.0022,2012-04-21,311.7,65,17.5,0.0,8.8,0.239,15.51,78
-36.2262,146.3155,2012-04-21,330.1,85,17.6,0.1,8.3,0.216,15.48,78
-36.2278,146.2982,2012-04-21,327.6,84,17.6,0.1,8.3,0.216,15.48,78
-36.2167,146.2966,2012-04-21,317.8,63,17.6,0.1,8.3,0.216,15.48,78
-36.2257,146.3087,2012-04-21,330.1,85,17.6,0.1,8.3,0.216,15.48,78
-36.2275,146.2914,2012-04-21,316.4,39,17.6,0.1,8.3,0.216,15.48,78
-36.2298,146.0431,2012-04-21,320.2,77,17.3,0.0,8.8,0.248,15.51,77
-36.1668,146.3346,2012-04-21,316.3,73,17.6,0.1,8.3,0.216,15.48,78
-36.0861,146.1238,2012-04-21,314.1,69,17.8,0.0,9.1,0.248,15.4,77
-36.034,145.8375,2012-04-21,312.1,65,18.4,0.0,9.2,0.229,15.43,75
-35.9515,146.1096,2012-04-21,309.9,60,17.8,0.0,9.1,0.278,15.4,77
-35.8091,146.7101,2012-04-21,357.4,99,17.7,0.0,9.8,0.323,14.44,77
-35.8109,146.6939,2012-04-21,355.6,98,18.0,0.0,9.8,0.323,14.44,77
-35.7994,146.5935,2012-04-21,350.5,96,18.0,0.0,9.8,0.32,14.48,76
-35.8011,146.5773,2012-04-21,343.4,93,17.9,0.0,9.8,0.32,14.48,76
-35.7372,146.8759,2012-04-21,331.1,86,17.9,0.0,9.7,0.32,14.26,77
-36.1283,142.0574,2012-04-21,311.2,61,19.3,0.3,20.9,0.183,13.08,65
-36.0224,143.6293,2012-04-21,312.8,53,18.6,0.0,11.3,0.257,14.5,70
-35.6324,147.4962,2012-04-21,383.4,100,16.8,0.0,10.3,0.336,13.91,82
-35.634,147.4817,2012-04-21,324.4,75,16.9,0.0,10.3,0.336,13.91,82
-36.1279,142.0529,2012-04-21,318.8,74,19.3,0.3,20.9,0.183,13.08,65
-35.6221,147.4945,2012-04-21,370.9,100,16.9,0.3,9.2,0.336,13.86,82
-35.6238,147.48,2012-04-21,329.0,85,16.9,0.3,9.2,0.336,13.86,82
-35.6935,146.6375,2012-04-21,315.3,64,18.1,0.0,9.8,0.322,14.44,76
-35.7689,145.8916,2012-04-21,310.2,23,18.3,0.0,9.9,0.263,14.96,75
-35.6827,146.6359,2012-04-21,313.4,50,18.1,0.0,9.8,0.322,14.44,76
-35.7558,145.9078,2012-04-21,318.3,72,18.3,0.0,9.9,0.263,14.96,75
-35.7838,145.6166,2012-04-21,311.0,61,18.5,0.0,9.4,0.225,15.41,74
-35.6554,146.7937,2012-04-21,316.5,63,18.0,0.0,9.8,0.319,14.44,77
-35.5653,146.8847,2012-04-21,313.5,56,17.7,0.0,11.5,0.315,13.84,76
-35.465,143.8227,2012-04-21,307.0,36,18.5,0.0,10.6,0.303,14.54,72
-35.0776,146.793,2012-04-21,341.7,92,18.0,0.0,10.4,0.297,13.99,76
-35.0792,146.7776,2012-04-21,330.6,85,18.0,0.0,10.4,0.297,13.99,76
-35.0838,146.7873,2012-04-21,326.8,83,17.9,0.0,10.4,0.297,13.99,76
-35.0715,146.8009,2012-04-21,316.7,62,18.0,0.0,10.4,0.297,13.99,76
-35.0732,146.7856,2012-04-21,327.6,84,18.0,0.0,10.4,0.297,13.99,76
-34.4598,150.8846,2012-04-21,312.4,0,19.0,0.3,17.9,0.387,11.54,90
-34.6416,147.7385,2012-04-21,319.8,78,17.8,0.0,11.5,0.295,13.41,74
-34.6431,147.725,2012-04-21,353.6,73,17.8,0.0,11.5,0.295,13.41,74
-34.5536,148.1348,2012-04-21,310.1,46,17.0,0.2,11.9,0.309,13.97,75
-34.7179,146.7054,2012-04-21,312.8,64,17.9,0.0,9.7,0.218,14.45,76
-34.5817,147.6385,2012-04-21,353.1,84,18.0,0.0,11.6,0.299,13.97,74
-34.5833,147.6249,2012-04-21,343.7,77,18.1,0.0,11.9,0.299,14.03,74
-34.5732,147.6232,2012-04-21,321.6,75,18.0,0.0,11.9,0.299,14.03,74
-34.6158,147.0548,2012-04-21,319.2,76,18.2,0.0,10.5,0.293,14.35,75
-34.5242,147.255,2012-04-21,365.8,75,17.9,0.0,11.4,0.292,14.1,75
-33.9374,147.516,2012-04-21,320.7,56,18.6,0.0,12.3,0.26,15.21,74
-33.9575,146.9896,2012-04-21,317.9,74,18.0,0.0,10.6,0.285,15.15,75
-33.5967,148.4034,2012-04-21,338.6,85,18.4,0.0,11.4,0.228,14.48,68
-33.9626,148.4813,2012-04-21,312.4,68,17.7,0.0,10.4,0.29,14.81,70
-33.8954,148.6299,2012-04-21,321.2,79,18.2,0.0,10.9,0.288,14.73,71
-33.9675,147.521,2012-04-21,328.8,84,18.6,0.0,12.3,0.275,15.21,74
-33.9691,147.5075,2012-04-21,339.9,91,18.6,0.0,12.3,0.275,15.21,74
-37.3442,143.9606,2012-04-21,312.7,72,16.4,0.0,12.7,0.202,15.02,70
-37.3469,143.9535,2012-04-21,308.0,44,16.5,0.0,12.7,0.202,15.02,70
-37.2987,143.3395,2012-04-21,312.0,69,15.1,0.4,14.3,0.214,14.68,72
-34.5076,145.8008,2012-04-21,310.2,57,17.8,0.0,8.9,0.281,15.73,75
-34.1144,147.9091,2012-04-21,324.4,81,18.9,0.0,12.6,0.274,15.27,70
-30.4708,148.5027,2012-04-21,327.0,78,21.0,0.0,8.9,0.262,18.23,52
-30.4616,148.501,2012-04-21,323.9,74,21.0,0.0,8.9,0.262,18.23,52
-32.6121,147.1388,2012-04-21,318.3,65,18.9,0.0,11.1,0.162,16.34,67
-32.9062,146.4256,2012-04-21,318.4,67,18.5,0.0,8.9,0.173,16.59,72
-32.1802,148.4495,2012-04-21,317.0,62,19.9,0.0,9.2,0.157,15.44,58
-31.5691,148.9268,2012-04-21,316.2,63,20.4,0.0,9.2,0.138,14.94,52
-31.3121,148.1536,2012-04-21,317.4,51,20.7,0.0,10.5,0.251,17.57,53
-30.4694,148.5137,2012-04-21,358.1,99,21.0,0.0,8.9,0.262,18.23,52
-30.4601,148.512,2012-04-21,360.1,100,21.0,0.0,8.9,0.262,18.23,52
-32.599,147.1636,2012-04-21,316.8,51,19.4,0.0,11.1,0.156,16.34,66
-28.5259,151.3323,2012-04-21,318.1,40,19.6,0.0,7.8,0.279,19.07,66
-28.5213,151.3256,2012-04-21,324.6,78,19.6,0.0,7.8,0.279,19.07,66
-28.9379,149.7541,2012-04-22,364.5,100,22.1,0.0,14.6,0.159,16.33,56
-28.9393,149.7648,2012-04-22,359.7,99,22.1,0.0,14.6,0.159,16.33,56
-35.8539,146.405,2012-04-22,308.2,67,18.6,2.0,19.1,0.294,10.44,72
-34.4508,148.4734,2012-04-22,311.6,68,15.3,0.0,16.6,0.307,8.87,76
-34.4462,148.4769,2012-04-22,316.4,75,15.4,0.0,16.6,0.286,8.87,75
-35.7843,146.4699,2012-04-22,316.6,77,18.8,2.0,19.1,0.31,10.44,71
-35.781,146.4873,2012-04-22,318.3,78,18.8,2.0,19.1,0.31,10.44,71
-35.8084,146.4042,2012-04-22,307.1,55,18.8,2.0,19.1,0.307,10.44,71
-35.8052,146.4214,2012-04-22,348.0,95,18.8,2.0,19.1,0.307,10.44,71
-35.7821,146.4749,2012-04-22,325.5,84,18.8,2.0,19.1,0.31,10.44,71
-35.8067,146.4092,2012-04-22,328.0,85,18.8,2.0,19.1,0.307,10.44,71
-35.8033,146.4264,2012-04-22,349.6,96,18.8,2.0,19.1,0.307,10.44,71
-35.963,145.7114,2012-04-22,304.2,39,19.0,3.1,21.0,0.243,11.48,70
-35.8429,146.4018,2012-04-22,328.9,86,18.8,2.0,19.1,0.307,10.44,71
-33.0579,142.9888,2012-04-22,352.3,96,21.3,0.0,21.3,0.115,15.66,54
-33.0558,143.0012,2012-04-22,326.5,80,21.2,0.0,21.3,0.115,15.66,54
-34.3316,142.1659,2012-04-23,306.1,61,15.7,0.0,25.0,0.192,14.09,56
-35.509,144.0693,2012-04-23,317.0,73,15.7,0.3,25.0,0.315,12.27,55
-35.5016,144.0771,2012-04-23,311.8,69,15.7,0.3,25.0,0.315,12.27,55
-34.1162,147.2384,2012-04-23,318.8,77,17.4,0.0,17.0,0.264,13.27,66
-35.4262,146.8475,2012-04-23,323.4,82,17.2,0.0,24.6,0.292,13.9,64
-35.428,146.8237,2012-04-23,307.9,64,17.0,0.0,24.6,0.292,13.9,64
-35.4278,146.841,2012-04-23,324.5,83,17.2,0.0,24.6,0.292,13.9,64
-35.0386,147.1681,2012-04-23,310.8,58,17.7,0.2,21.5,0.279,14.27,65
-34.918,147.0806,2012-04-23,310.8,51,17.5,0.2,22.7,0.273,14.64,64
-34.92,147.0577,2012-04-23,333.0,88,17.7,0.2,22.7,0.273,14.64,64
-34.913,146.9872,2012-04-23,325.6,84,17.9,0.2,22.7,0.262,14.64,63
-34.915,146.9641,2012-04-23,321.3,81,17.9,0.2,22.7,0.262,14.64,63
-34.4201,148.3199,2012-04-23,311.6,70,16.4,0.5,20.3,0.284,11.39,67
-34.6157,145.8476,2012-04-23,308.7,40,17.6,0.0,25.1,0.246,14.54,59
-34.282,146.8217,2012-04-23,347.2,95,17.6,0.0,21.6,0.262,15.24,63
-34.0712,148.302,2012-04-23,314.4,72,17.5,1.4,19.6,0.285,11.01,68
-34.073,148.2838,2012-04-23,309.3,55,17.3,1.4,19.6,0.285,11.01,68
-34.1185,147.2459,2012-04-23,318.6,72,17.3,0.0,17.0,0.264,13.27,66
-34.0196,148.1371,2012-04-23,316.0,74,18.0,1.4,19.6,0.262,11.01,66
-34.0573,146.8923,2012-04-23,314.1,50,18.0,0.0,18.8,0.265,14.28,63
-36.7231,146.9259,2012-04-23,304.1,14,13.2,3.1,18.2,0.397,12.79,83
-34.4599,150.8759,2012-04-23,302.2,48,19.5,2.8,22.2,0.377,3.7,82
-29.2905,145.2688,2012-04-24,322.7,81,16.8,0.0,21.1,0.081,18.21,46
-34.4583,150.8798,2012-04-24,309.4,52,16.5,3.9,27.8,0.391,12.7,70
-32.9661,146.3031,2012-04-24,303.7,56,13.4,0.1,22.6,0.164,14.08,58
-36.7293,146.9209,2012-04-24,300.4,26,6.0,8.4,7.4,0.398,8.46,94
-34.3094,147.043,2012-04-24,307.1,60,11.9,1.7,25.5,0.262,13.42,65
-35.2018,146.823,2012-04-24,323.7,83,11.4,0.0,25.5,0.272,11.94,63
-33.8314,147.983,2012-04-24,313.4,0,12.4,1.1,24.6,0.246,12.68,63
-35.2039,146.8102,2012-04-24,307.8,65,11.5,0.0,25.5,0.272,11.94,63
-34.5773,147.5676,2012-04-24,312.7,0,11.4,0.6,25.3,0.276,12.94,65
-31.5735,145.9668,2012-04-24,309.1,55,14.9,0.0,19.9,0.109,17.38,49
-29.3016,145.252,2012-04-25,307.6,64,13.7,0.0,19.5,0.081,17.55,55
-34.2701,144.0965,2012-04-25,304.4,56,12.4,0.0,24.2,0.297,13.57,62
-34.272,144.0904,2012-04-25,308.8,59,12.4,0.0,24.2,0.297,13.57,62
-29.2688,150.7262,2012-04-25,305.5,57,12.7,0.0,19.6,0.433,17.0,55
-28.6777,149.9345,2012-04-25,310.6,51,14.0,0.0,19.3,0.356,16.21,54
-36.9019,142.6388,2012-04-25,327.3,85,10.7,0.0,23.8,0.229,9.61,71
-36.8955,142.6669,2012-04-25,313.6,74,10.7,0.0,23.8,0.234,9.61,70
-35.4051,142.3472,2012-04-25,312.1,68,12.8,0.0,22.7,0.157,7.91,68
-28.3744,151.231,2012-04-25,313.2,73,14.1,0.0,17.6,0.226,15.53,61
-32.3992,149.5944,2012-04-25,303.6,57,9.7,0.0,26.3,0.316,14.34,64
-30.9603,151.8764,2012-04-25,314.3,75,7.5,0.0,19.6,0.372,18.38,62
-30.4221,151.3041,2012-04-25,302.6,53,8.4,0.0,19.2,0.225,18.43,65
-34.4594,150.8805,2012-04-25,312.8,55,13.9,0.0,37.1,0.38,15.88,60
-36.3713,146.0221,2012-04-26,306.4,63,12.2,0.0,17.0,0.281,8.5,78
-36.8467,145.8916,2012-04-26,336.5,85,10.1,0.1,12.0,0.355,7.76,82
-36.8482,145.8801,2012-04-26,304.8,57,9.7,0.1,11.7,0.357,8.27,83
-36.8375,145.8899,2012-04-26,303.6,38,9.1,0.1,11.7,0.357,8.27,83
-36.6109,146.9462,2012-04-26,355.6,98,8.8,0.0,8.9,0.378,11.39,82
-36.6125,146.935,2012-04-26,324.9,83,8.5,0.0,8.9,0.378,11.39,82
-36.3714,144.5988,2012-04-26,319.6,79,13.4,0.0,14.9,0.235,10.62,69
-33.3974,148.675,2012-04-26,317.3,77,11.2,0.0,13.4,0.264,12.89,74
-30.9654,149.8542,2012-04-26,351.3,96,12.9,0.0,10.3,0.37,17.46,67
-31.319,148.0021,2012-04-26,326.0,82,14.0,0.0,14.1,0.204,17.31,60
-30.9622,151.8645,2012-04-26,302.8,42,9.4,0.0,15.1,0.355,16.64,73
-32.0521,149.4613,2012-04-26,315.6,64,12.1,0.0,11.8,0.256,16.97,72
-32.273,148.8876,2012-04-26,316.0,64,12.8,0.0,12.0,0.203,16.95,69
-32.0919,150.1666,2012-04-26,305.4,57,12.4,0.0,12.2,0.331,16.26,69
-31.9561,151.8805,2012-04-26,336.0,90,13.9,0.0,12.8,0.359,14.0,70
-31.9525,151.8987,2012-04-26,315.1,75,14.1,0.0,12.8,0.359,14.0,70
-32.7613,148.6051,2012-04-26,316.8,76,12.2,0.0,15.2,0.215,15.9,70
-32.7593,148.617,2012-04-26,309.9,68,12.2,0.0,15.2,0.215,15.9,70
-33.3057,148.2183,2012-04-26,320.3,80,12.4,0.0,14.3,0.19,13.56,69
-33.3038,148.2297,2012-04-26,308.3,67,12.4,0.0,14.3,0.19,13.56,69
-31.5737,145.9674,2012-04-26,311.4,59,13.3,0.0,13.2,0.109,17.46,60
-30.9679,149.84,2012-04-26,312.2,42,12.8,0.0,10.3,0.354,17.46,68
-31.1937,147.0323,2012-04-26,317.5,72,13.9,0.0,12.8,0.179,17.31,59
-31.1953,147.0215,2012-04-26,321.8,77,13.9,0.0,12.8,0.179,17.31,59
-30.0765,149.356,2012-04-26,320.7,76,13.9,0.0,12.4,0.34,17.71,60
-30.0788,149.3424,2012-04-26,326.3,81,14.0,0.0,12.4,0.355,17.71,59
-29.2238,150.5086,2012-04-26,343.8,93,12.9,0.0,12.2,0.397,18.29,62
-29.2269,150.4923,2012-04-26,332.6,87,12.9,0.0,12.2,0.397,18.29,62
-29.226,150.5038,2012-04-26,349.8,96,12.8,0.0,12.2,0.397,18.29,62
-29.2289,150.4875,2012-04-26,315.7,73,12.8,0.0,12.2,0.397,18.29,62
-28.573,151.3193,2012-04-26,312.7,67,12.6,0.0,8.5,0.209,18.91,62
-28.8111,148.5881,2012-04-26,310.7,50,13.6,0.0,13.4,0.126,18.3,62
-31.2028,147.0343,2012-04-26,326.0,71,13.9,0.0,12.8,0.179,17.31,59
-31.2045,147.0234,2012-04-26,326.0,74,13.9,0.0,12.8,0.179,17.31,59
-31.5773,145.969,2012-04-27,309.4,68,14.4,0.0,9.4,0.109,15.17,66
-36.3173,145.6694,2012-04-27,303.4,56,12.6,0.0,11.8,0.229,14.97,73
-35.5408,143.8692,2012-04-27,305.5,58,14.8,0.0,11.3,0.331,13.55,67
-34.2923,148.009,2012-04-27,311.8,72,12.2,0.0,9.1,0.255,15.75,79
-35.3942,145.1439,2012-04-27,303.3,53,13.0,0.0,10.2,0.218,15.22,72
-37.3496,145.4045,2012-04-27,310.8,53,11.3,0.0,11.3,0.322,12.1,80
-34.4694,148.498,2012-04-27,303.9,57,10.9,0.0,8.9,0.29,15.72,81
-34.4677,148.4942,2012-04-27,304.7,60,11.0,0.0,8.9,0.29,15.72,81
-35.6412,146.7185,2012-04-27,303.3,53,12.4,0.0,10.5,0.266,15.06,77
-36.803,141.2171,2012-04-27,304.8,49,13.5,0.0,8.1,0.208,9.9,76
-35.6441,146.7117,2012-04-27,305.5,60,12.4,0.0,10.5,0.266,15.06,77
-36.2653,143.5771,2012-04-27,306.3,56,13.8,0.0,14.0,0.221,13.95,70
-35.4191,146.9278,2012-04-27,304.7,57,12.4,0.0,9.7,0.261,15.15,78
-35.6093,146.1265,2012-04-27,304.8,56,13.0,0.0,11.3,0.244,15.25,72
-35.3852,146.9458,2012-04-27,304.3,54,12.4,0.0,9.7,0.261,15.15,78
-35.2619,146.9788,2012-04-27,302.5,45,12.4,0.0,9.8,0.256,15.3,78
-35.2708,146.9427,2012-04-27,308.4,65,12.4,0.0,9.8,0.255,15.3,77
-35.2689,146.9769,2012-04-27,304.3,53,12.4,0.0,9.8,0.256,15.3,78
-35.2775,146.9407,2012-04-27,306.5,60,12.4,0.0,9.8,0.255,15.3,77
-36.4117,141.6168,2012-04-27,347.1,94,14.0,0.0,9.6,0.162,10.68,72
-36.4148,141.6003,2012-04-27,348.8,95,14.0,0.0,9.6,0.162,10.68,72
-36.4341,141.1998,2012-04-27,345.1,93,14.0,0.0,8.9,0.258,10.5,73
-36.437,141.1842,2012-04-27,317.4,74,14.0,0.0,8.9,0.258,10.5,73
-36.4236,141.1968,2012-04-27,310.0,55,14.0,0.0,8.9,0.258,10.5,73
-36.4188,141.074,2012-04-27,314.0,69,14.0,0.0,8.2,0.284,10.3,74
-36.4217,141.0586,2012-04-27,316.0,72,14.0,0.0,8.2,0.284,10.3,74
-36.2752,141.7814,2012-04-27,320.4,77,14.1,0.0,11.5,0.156,11.5,71
-36.3865,141.1299,2012-04-27,311.3,64,13.9,0.0,8.9,0.284,10.5,74
-36.3894,141.1144,2012-04-27,314.9,70,14.0,0.0,8.2,0.284,10.3,74
-35.1359,146.6097,2012-04-27,306.0,57,12.7,0.0,11.4,0.24,15.35,74
-34.8152,147.7142,2012-04-27,306.0,59,11.7,0.0,9.5,0.275,15.34,81
-34.8154,147.752,2012-04-27,303.7,51,12.2,0.0,9.5,0.273,15.34,81
-35.3837,145.123,2012-04-27,335.0,89,13.0,0.0,9.9,0.218,15.16,72
-34.7618,147.6861,2012-04-27,306.6,61,11.6,0.0,9.5,0.275,15.34,81
-34.7719,147.6454,2012-04-27,312.3,71,11.6,0.0,9.5,0.269,15.34,81
-35.517,144.3276,2012-04-27,314.0,71,14.1,0.0,9.1,0.308,14.54,69
-35.5223,144.303,2012-04-27,336.7,89,14.1,0.0,9.1,0.308,14.54,69
-34.768,147.6394,2012-04-27,312.1,70,11.6,0.0,9.5,0.269,15.34,81
-35.5221,144.3242,2012-04-27,323.4,81,14.1,0.0,9.1,0.308,14.54,69
-35.5273,144.2996,2012-04-27,323.2,81,14.1,0.0,9.1,0.308,14.54,69
-36.0432,141.6593,2012-04-27,305.5,42,14.4,0.0,11.9,0.141,11.46,70
-34.7182,147.489,2012-04-27,306.2,59,11.8,0.0,9.5,0.26,15.45,80
-35.5719,143.444,2012-04-27,312.8,69,14.9,0.0,11.8,0.181,12.84,65
-36.8059,141.2017,2012-04-27,304.0,44,13.5,0.0,8.1,0.208,9.9,76
-36.85,145.8898,2012-04-27,305.9,59,11.0,0.0,11.6,0.347,13.72,78
-36.8367,145.8833,2012-04-27,311.1,71,9.1,0.0,10.5,0.349,13.91,79
-37.3963,142.8992,2012-04-27,323.1,62,12.5,0.0,11.8,0.239,8.09,79
-37.3958,142.9121,2012-04-27,313.2,42,12.4,0.0,11.8,0.239,8.09,79
-37.3994,142.8933,2012-04-27,317.6,55,12.4,0.0,11.8,0.239,8.09,79
-36.6869,145.5212,2012-04-27,303.2,55,12.4,0.0,13.1,0.266,14.39,77
-36.4455,145.7576,2012-04-27,329.2,86,12.9,0.0,12.3,0.247,14.86,74
-36.2778,146.0076,2012-04-27,338.9,91,13.0,0.0,11.9,0.261,14.99,74
-36.2847,145.9779,2012-04-27,340.3,92,13.1,0.0,11.9,0.261,14.99,74
-36.2639,146.0023,2012-04-27,314.8,75,12.9,0.0,11.9,0.261,14.99,74
-36.2707,145.9729,2012-04-27,325.8,84,13.1,0.0,11.9,0.261,14.99,74
-36.2846,145.9134,2012-04-27,304.4,59,13.1,0.0,11.9,0.252,14.99,74
-36.3306,145.5863,2012-04-27,302.5,50,13.1,0.0,11.0,0.23,14.89,73
-36.277,146.0029,2012-04-27,337.2,90,13.0,0.0,11.9,0.261,14.99,74
-36.2837,145.9731,2012-04-27,323.5,72,13.1,0.0,11.9,0.261,14.99,74
-36.263,145.9977,2012-04-27,319.7,80,13.0,0.0,11.9,0.261,14.99,74
-36.2698,145.9681,2012-04-27,320.4,80,13.1,0.0,11.9,0.261,14.99,74
-36.3275,145.5806,2012-04-27,302.2,51,13.1,0.0,11.0,0.23,14.89,73
-36.3329,145.4917,2012-04-27,302.1,50,13.0,0.0,11.0,0.24,14.89,73
-36.2666,145.5894,2012-04-27,309.6,69,12.9,0.0,11.0,0.23,14.89,73
-36.2529,145.5849,2012-04-27,303.3,42,13.1,0.0,11.0,0.23,14.89,73
-36.6724,142.9038,2012-04-27,346.9,95,13.4,0.0,13.3,0.356,11.68,72
-36.6763,142.8846,2012-04-27,339.0,91,13.4,0.0,13.3,0.356,11.68,72
-35.8062,146.681,2012-04-27,302.3,52,12.4,0.0,10.5,0.281,15.06,77
-35.7137,146.9376,2012-04-27,301.1,43,12.5,0.0,9.4,0.279,15.01,78
-35.7221,146.9026,2012-04-27,318.2,78,12.5,0.0,9.4,0.279,15.01,78
-36.253,144.3873,2012-04-27,308.9,66,13.6,0.0,10.1,0.218,14.5,70
-35.6643,146.8062,2012-04-27,319.9,80,12.4,0.0,10.5,0.276,15.06,78
-36.2567,144.3836,2012-04-27,310.8,69,13.6,0.0,10.1,0.218,14.5,70
-35.6693,146.8036,2012-04-27,312.4,72,12.4,0.0,10.5,0.276,15.06,78
-36.4337,143.2809,2012-04-27,307.2,60,13.7,0.0,13.4,0.218,13.07,71
-34.924,145.976,2012-04-27,317.9,76,13.1,0.0,11.9,0.218,15.52,73
-34.8893,146.063,2012-04-27,304.5,47,12.9,0.0,11.9,0.21,15.52,73
-34.5586,147.3743,2012-04-27,305.9,42,12.2,0.0,9.3,0.241,15.7,79
-34.8526,146.0853,2012-04-27,303.8,32,12.9,0.0,12.1,0.21,15.63,73
-34.536,147.1476,2012-04-27,305.0,52,12.4,0.0,9.3,0.249,15.7,77
-34.5451,147.1099,2012-04-27,310.0,66,12.6,0.0,9.9,0.249,15.74,77
-34.3557,147.7358,2012-04-27,313.9,72,12.2,0.0,8.0,0.252,15.78,79
-34.353,147.7304,2012-04-27,312.0,69,12.2,0.0,8.0,0.252,15.78,79
-34.0779,148.2476,2012-04-27,314.6,73,12.0,0.0,9.2,0.264,15.96,78
-34.2547,147.5589,2012-04-27,305.9,52,12.7,0.0,9.2,0.246,15.81,78
-34.0765,148.2389,2012-04-27,313.6,72,12.0,0.0,9.2,0.264,15.96,78
-34.2496,147.549,2012-04-27,306.8,58,12.7,0.0,9.2,0.245,15.81,77
-33.9211,148.1262,2012-04-27,303.1,38,12.2,0.0,9.2,0.245,15.96,78
-32.9181,148.5127,2012-04-27,307.0,62,13.1,0.0,9.1,0.174,15.54,71
-32.9155,148.5202,2012-04-27,304.6,56,13.0,0.0,9.1,0.174,15.54,71
-37.3242,143.6705,2012-04-28,305.7,62,11.1,0.0,21.5,0.258,12.79,77
-34.4364,145.9539,2012-04-28,316.7,71,13.5,0.0,9.7,0.219,15.77,71
-34.1789,147.6668,2012-04-28,312.2,68,13.2,0.0,9.5,0.237,15.51,73
-34.3221,146.2382,2012-04-28,329.9,84,13.5,0.0,9.2,0.227,15.88,71
-34.3236,146.2249,2012-04-28,314.5,68,13.5,0.0,9.2,0.227,15.88,71
-33.9983,148.756,2012-04-28,328.5,86,12.1,0.0,10.2,0.254,14.22,77
-33.9998,148.745,2012-04-28,369.2,94,12.1,0.0,10.2,0.249,14.22,77
-34.0013,148.7341,2012-04-28,313.2,64,12.0,0.0,10.2,0.249,14.22,77
-34.3207,146.2447,2012-04-28,313.7,67,13.5,0.0,9.2,0.227,15.88,71
-34.3223,146.2314,2012-04-28,328.9,84,13.5,0.0,9.2,0.227,15.88,71
-33.9922,148.6645,2012-04-28,317.4,78,12.7,0.0,10.0,0.249,14.13,77
-34.3207,145.9837,2012-04-28,313.5,51,13.6,0.0,8.7,0.237,15.87,71
-34.3106,145.9821,2012-04-28,325.3,81,13.6,0.0,8.7,0.237,15.87,71
-34.3005,145.9804,2012-04-28,336.7,89,13.6,0.0,8.7,0.237,15.87,71
-34.3021,145.9667,2012-04-28,314.9,57,13.6,0.0,8.7,0.237,15.87,71
-34.2866,145.9222,2012-04-28,319.0,74,13.6,0.0,8.7,0.23,15.87,71
-34.2881,145.9084,2012-04-28,342.0,92,13.6,0.0,8.7,0.23,15.87,71
-35.7158,143.1131,2012-04-28,320.3,77,14.3,0.0,18.5,0.175,14.76,67
-37.3645,145.4129,2012-04-28,327.6,74,11.6,0.0,14.6,0.367,13.62,76
-37.3536,145.4113,2012-04-28,302.3,49,11.7,0.0,14.6,0.367,13.62,76
-37.5031,142.8712,2012-04-28,305.0,57,12.5,0.5,24.0,0.229,10.49,78
-36.6131,145.6517,2012-04-28,314.2,74,12.9,0.0,15.9,0.247,14.56,71
-36.4898,145.5077,2012-04-28,308.0,65,13.3,0.0,16.3,0.226,14.59,69
-36.4914,145.4919,2012-04-28,312.5,72,13.3,0.0,16.3,0.226,14.59,69
-36.4293,145.9667,2012-04-28,308.8,67,12.6,0.0,13.3,0.26,14.41,74
-36.4309,145.9517,2012-04-28,312.8,73,12.7,0.0,13.3,0.26,14.41,74
-36.3146,145.9858,2012-04-28,338.0,91,13.0,0.0,12.7,0.251,14.54,74
-36.3162,145.971,2012-04-28,340.7,92,13.0,0.0,12.7,0.251,14.54,74
-36.3042,145.984,2012-04-28,404.0,100,13.0,0.0,12.7,0.251,14.54,74
-36.3058,145.9692,2012-04-28,397.9,100,13.0,0.0,12.7,0.251,14.54,74
-36.4326,144.6263,2012-04-28,341.4,92,13.5,0.0,18.8,0.211,14.45,69
-36.4343,144.6086,2012-04-28,311.4,69,13.5,0.0,19.2,0.211,14.42,69
-36.3253,145.586,2012-04-28,312.4,71,13.7,0.0,14.9,0.221,14.77,67
-36.4231,144.6069,2012-04-28,311.6,52,13.5,0.0,19.2,0.211,14.42,69
-36.404,144.5679,2012-04-28,315.0,70,13.5,0.0,19.2,0.211,14.42,69
-36.4058,144.5631,2012-04-28,313.0,71,13.5,0.0,19.2,0.211,14.42,69
-36.2965,145.5125,2012-04-28,309.8,67,13.7,0.0,14.9,0.231,14.77,68
-36.2982,145.4968,2012-04-28,343.2,93,13.7,0.0,14.9,0.231,14.77,68
-36.2876,145.4951,2012-04-28,309.7,67,13.7,0.0,14.9,0.231,14.77,68
-36.1659,146.3239,2012-04-28,309.9,69,12.2,0.0,12.0,0.211,14.19,75
-36.2541,145.5057,2012-04-28,309.8,67,13.7,0.0,14.9,0.231,14.77,68
-36.2557,145.49,2012-04-28,312.7,71,13.8,0.0,14.9,0.231,14.77,68
-36.1558,146.3221,2012-04-28,311.4,71,12.2,0.0,12.0,0.211,14.19,75
-36.1881,145.9292,2012-04-28,313.5,69,13.4,0.0,12.7,0.238,14.54,72
-36.2286,145.4377,2012-04-28,307.0,47,13.7,0.0,14.9,0.201,14.77,68
-36.18,145.9361,2012-04-28,312.7,68,13.4,0.0,12.7,0.238,14.54,72
-36.2247,145.4302,2012-04-28,313.5,72,13.7,0.0,14.9,0.201,14.77,68
-36.1774,145.7682,2012-04-28,320.5,79,13.5,0.0,14.5,0.226,14.74,70
-36.1818,145.6293,2012-04-28,318.6,77,14.0,0.0,14.5,0.218,14.74,66
-36.0779,146.4735,2012-04-28,307.0,64,11.9,0.0,11.4,0.249,14.19,78
-36.0055,146.313,2012-04-28,316.3,72,12.5,0.0,11.7,0.233,14.37,74
-36.0568,145.8499,2012-04-28,310.2,67,13.6,0.0,13.5,0.216,14.91,70
-35.9499,146.7105,2012-04-28,308.5,67,12.5,0.0,10.8,0.277,14.09,75
-35.9462,146.6546,2012-04-28,307.3,31,12.7,0.0,10.8,0.277,14.09,75
-35.9478,146.6411,2012-04-28,321.5,81,12.6,0.0,10.8,0.269,14.09,75
-35.9378,146.6394,2012-04-28,317.6,78,12.5,0.0,10.8,0.269,14.09,75
-35.9893,146.1801,2012-04-28,306.3,61,12.7,0.0,11.7,0.231,14.37,73
-35.9909,146.1658,2012-04-28,306.0,57,12.7,0.0,11.7,0.231,14.37,73
-35.9349,146.4854,2012-04-28,305.6,56,12.6,0.0,11.4,0.259,14.19,74
-35.9358,146.479,2012-04-28,305.9,60,12.6,0.0,11.4,0.259,14.19,74
-35.9131,146.3194,2012-04-28,336.0,90,12.6,0.0,11.7,0.245,14.37,73
-35.9147,146.3053,2012-04-28,344.7,94,12.7,0.0,11.7,0.245,14.37,73
-35.9046,146.3035,2012-04-28,306.9,61,12.7,0.0,11.7,0.245,14.37,73
-35.8286,146.7919,2012-04-28,307.3,65,12.5,0.0,11.0,0.277,14.62,73
-35.8719,146.4117,2012-04-28,310.3,69,12.7,0.0,11.4,0.25,14.64,74
-35.7877,146.9725,2012-04-28,310.7,70,12.6,0.0,10.9,0.274,14.79,75
-35.7892,146.9595,2012-04-28,331.6,87,12.6,0.0,10.9,0.274,14.79,75
-35.8028,146.8414,2012-04-28,311.6,72,12.5,0.0,11.0,0.277,14.62,73
-35.7872,146.967,2012-04-28,328.1,85,12.6,0.0,10.9,0.274,14.79,75
-35.7888,146.954,2012-04-28,318.6,79,12.5,0.0,10.9,0.274,14.79,75
-35.803,146.836,2012-04-28,310.8,70,12.5,0.0,11.0,0.277,14.62,73
-35.7751,146.8174,2012-04-28,309.6,69,12.6,0.0,11.0,0.277,14.62,73
-35.7684,146.7891,2012-04-28,306.8,49,12.8,0.0,11.0,0.277,14.62,73
-35.7699,146.7758,2012-04-28,307.9,66,12.8,0.0,11.0,0.277,14.62,73
-35.7777,146.7093,2012-04-28,313.2,73,12.5,0.0,11.0,0.274,14.62,73
-35.7933,146.5746,2012-04-28,305.3,58,12.5,0.0,11.4,0.271,14.64,73
-35.7949,146.5609,2012-04-28,317.2,77,12.7,0.0,11.4,0.271,14.64,73
-36.1079,143.5122,2012-04-28,317.3,75,14.1,0.0,19.4,0.202,14.55,68
-36.1097,143.4918,2012-04-28,355.0,98,14.1,0.0,19.4,0.202,14.55,68
-35.7766,146.5438,2012-04-28,327.5,85,12.8,0.0,11.4,0.267,14.64,73
-35.7466,146.7173,2012-04-28,312.6,72,12.8,0.0,11.0,0.266,14.62,73
-35.7481,146.704,2012-04-28,316.9,77,12.7,0.0,11.0,0.266,14.62,73
-35.7713,146.318,2012-04-28,308.8,66,13.0,0.0,11.7,0.251,14.82,72
-35.8322,145.7554,2012-04-28,308.4,62,13.6,0.0,12.5,0.214,15.06,69
-35.7728,146.3117,2012-04-28,312.2,70,13.0,0.0,11.7,0.251,14.82,72
-35.8245,145.7627,2012-04-28,307.8,54,13.6,0.0,12.5,0.214,15.06,69
-35.6848,146.8886,2012-04-28,328.0,85,12.9,0.0,10.9,0.272,14.79,74
-35.6864,146.8755,2012-04-28,321.1,80,12.8,0.0,10.9,0.272,14.79,74
-35.6099,147.3455,2012-04-28,311.2,56,11.6,0.0,10.6,0.277,15.32,77
-35.6115,147.3329,2012-04-28,316.0,75,11.7,0.0,10.6,0.277,15.32,77
-35.6003,147.344,2012-04-28,313.2,56,11.1,0.0,10.6,0.277,15.32,77
-35.6019,147.3313,2012-04-28,312.4,47,11.5,0.0,10.6,0.277,15.32,77
-35.6243,147.0631,2012-04-28,312.4,72,12.2,0.0,11.0,0.267,15.25,75
-35.6258,147.0502,2012-04-28,311.1,71,12.4,0.0,10.9,0.267,14.79,75
-35.7852,144.8709,2012-04-28,306.9,49,13.5,0.0,15.0,0.206,14.99,69
-35.9871,142.6753,2012-04-28,314.6,71,14.3,0.0,19.8,0.261,14.41,69
-35.5492,146.8459,2012-04-28,310.7,68,12.2,0.0,10.7,0.257,15.19,73
-35.6516,145.9381,2012-04-28,317.6,75,13.5,0.0,12.0,0.224,14.97,70
-35.7683,144.8174,2012-04-28,316.9,74,13.5,0.0,15.0,0.223,14.99,69
-35.77,144.8006,2012-04-28,308.1,57,13.6,0.0,15.0,0.223,14.99,69
-35.6016,146.2057,2012-04-28,333.7,88,13.2,0.0,10.9,0.243,15.17,71
-35.6018,146.2136,2012-04-28,319.0,77,13.2,0.0,10.9,0.243,15.17,71
-35.6034,146.1996,2012-04-28,325.8,82,13.1,0.0,10.9,0.243,15.17,71
-35.4729,146.799,2012-04-28,310.9,67,12.3,0.0,10.7,0.257,15.19,73
-35.4184,147.0923,2012-04-28,326.5,84,12.0,0.0,11.0,0.257,15.25,75
-35.4199,147.0795,2012-04-28,320.3,66,12.1,0.0,11.0,0.257,15.25,75
-35.3967,147.1917,2012-04-28,334.1,88,11.8,0.0,10.6,0.26,15.32,75
-35.3982,147.1792,2012-04-28,363.7,100,11.8,0.0,10.6,0.26,15.32,75
-35.4148,147.0394,2012-04-28,322.8,81,12.3,0.0,11.0,0.254,15.25,74
-35.3951,147.1859,2012-04-28,350.4,96,11.9,0.0,10.6,0.26,15.32,75
-35.3966,147.1734,2012-04-28,330.4,86,11.7,0.0,10.6,0.26,15.32,75
-35.4122,147.0465,2012-04-28,308.9,63,12.2,0.0,11.0,0.254,15.25,74
-35.4906,146.3024,2012-04-28,313.2,69,13.1,0.0,10.9,0.247,15.17,71
-35.4922,146.2886,2012-04-28,320.1,77,13.1,0.0,10.9,0.247,15.17,71
-35.3755,147.1048,2012-04-28,319.3,77,12.2,0.0,11.0,0.257,15.25,75
-35.377,147.0921,2012-04-28,305.6,53,12.3,0.0,11.0,0.257,15.25,75
-35.3006,147.0456,2012-04-28,312.9,70,12.5,0.0,10.3,0.249,15.53,74
-35.3022,147.0329,2012-04-28,306.7,56,12.6,0.0,10.3,0.249,15.53,74
-35.7177,143.0918,2012-04-28,314.7,71,14.3,0.0,18.5,0.175,14.76,67
-35.2603,147.295,2012-04-28,305.5,50,11.9,0.0,9.9,0.252,15.55,76
-35.3734,145.5379,2012-04-28,307.8,52,13.6,0.0,11.4,0.218,15.36,69
-35.483,144.491,2012-04-28,313.0,67,13.8,0.0,13.7,0.322,15.09,69
-35.4848,144.4737,2012-04-28,313.8,68,13.8,0.0,13.7,0.322,15.09,69
-35.1079,147.3997,2012-04-28,317.4,76,12.4,0.0,9.7,0.252,15.7,76
-35.1613,146.8716,2012-04-28,325.0,82,12.5,0.0,10.3,0.244,15.52,73
-35.1628,146.8587,2012-04-28,319.1,74,12.4,0.0,10.3,0.244,15.52,73
-35.1597,146.8647,2012-04-28,312.7,68,12.4,0.0,10.3,0.244,15.52,73
-35.0613,147.3471,2012-04-28,307.8,57,12.1,0.0,9.3,0.242,15.67,75
-35.0366,146.9675,2012-04-28,320.4,78,12.9,0.0,9.2,0.224,15.66,73
-34.972,147.4126,2012-04-28,312.8,70,12.4,0.0,9.7,0.257,15.7,75
-34.4618,150.8817,2012-04-28,315.8,56,17.7,0.1,16.2,0.35,13.33,75
-34.808,147.7551,2012-04-28,311.1,69,12.5,0.0,10.1,0.265,15.72,76
-34.7876,147.5762,2012-04-28,309.1,65,12.2,0.0,9.4,0.262,15.75,75
-34.7782,147.5744,2012-04-28,345.6,94,12.3,0.0,9.4,0.262,15.75,75
-34.7797,147.5625,2012-04-28,343.0,93,12.4,0.0,9.4,0.262,15.75,75
-34.7041,148.076,2012-04-28,308.9,67,12.0,0.0,12.4,0.274,15.71,77
-34.7056,148.0646,2012-04-28,316.3,76,11.7,0.0,12.4,0.274,15.71,77
-34.7429,147.7016,2012-04-28,315.0,74,12.2,0.0,10.1,0.26,15.72,75
-34.7036,147.934,2012-04-28,308.4,65,11.8,0.0,12.4,0.26,15.71,76
-34.8006,147.0802,2012-04-28,309.8,64,12.9,0.0,9.9,0.239,15.74,72
-34.7153,147.5383,2012-04-28,311.5,69,12.4,0.0,9.4,0.253,15.75,74
-34.7094,147.5424,2012-04-28,310.4,63,12.3,0.0,9.4,0.253,15.75,74
-34.6493,147.7131,2012-04-28,312.1,70,12.4,0.0,10.1,0.243,15.72,74
-34.6913,147.3795,2012-04-28,318.9,77,12.2,0.0,9.4,0.25,15.75,74
-34.6399,147.7114,2012-04-28,308.9,48,12.4,0.0,10.1,0.243,15.72,74
-34.6819,147.3777,2012-04-28,318.2,76,12.3,0.0,9.4,0.25,15.75,74
-34.6834,147.3656,2012-04-28,311.8,47,12.3,0.0,9.4,0.25,15.75,74
-34.7549,146.4364,2012-04-28,310.4,58,13.3,0.0,9.7,0.223,15.71,71
-34.6228,147.1998,2012-04-28,314.3,72,12.8,0.0,9.7,0.247,15.85,72
-34.5737,147.4386,2012-04-28,333.7,88,12.5,0.0,9.9,0.234,15.76,73
-34.6092,147.0714,2012-04-28,316.4,74,13.2,0.0,8.9,0.245,15.87,72
-34.6107,147.059,2012-04-28,313.1,69,13.2,0.0,8.9,0.245,15.87,72
-34.4563,147.6406,2012-04-28,316.5,75,12.8,0.0,10.7,0.243,15.71,74
-34.4127,147.4941,2012-04-28,311.0,57,12.9,0.0,9.9,0.234,15.76,73
-34.4142,147.4822,2012-04-28,325.8,83,12.8,0.0,9.9,0.234,15.76,73
-34.4149,147.3234,2012-04-28,311.3,67,12.8,0.0,9.7,0.249,15.85,73
-34.3677,147.1968,2012-04-28,330.0,85,12.9,0.0,10.2,0.247,15.87,73
-34.3692,147.1847,2012-04-28,314.5,71,12.9,0.0,10.2,0.247,15.87,73
-34.3612,147.1708,2012-04-28,313.6,63,12.9,0.0,10.2,0.247,15.87,73
-34.3799,146.8589,2012-04-28,310.6,63,13.1,0.0,9.2,0.245,15.86,72
-34.4401,146.0105,2012-04-28,314.5,57,13.5,0.0,9.7,0.219,15.77,71
-34.0209,147.767,2012-04-28,334.7,88,13.3,0.0,9.7,0.233,15.17,73
-33.8745,148.0361,2012-04-28,305.3,45,13.5,0.0,9.8,0.225,14.4,73
-33.876,148.0249,2012-04-28,310.0,66,13.4,0.0,10.4,0.225,14.93,73
-34.0372,146.3322,2012-04-28,312.2,55,13.2,0.0,9.4,0.22,15.92,71
-34.0387,146.3192,2012-04-28,332.0,86,13.3,0.0,9.4,0.22,15.92,71
-34.0391,146.3137,2012-04-28,317.9,74,13.3,0.0,9.4,0.22,15.92,71
-33.6563,148.9715,2012-04-28,308.6,67,12.4,0.0,12.0,0.281,13.77,78
-33.6909,148.6542,2012-04-28,368.9,100,13.3,0.0,10.8,0.236,14.01,75
-33.6924,148.6432,2012-04-28,371.6,100,13.0,0.0,10.8,0.229,14.01,76
-33.6818,148.6524,2012-04-28,317.3,77,13.3,0.0,10.8,0.236,14.01,75
-33.6833,148.6414,2012-04-28,321.8,81,13.0,0.0,10.8,0.229,14.01,76
-33.6139,148.6101,2012-04-28,312.6,72,13.2,0.0,10.5,0.22,13.97,75
-33.6957,147.1438,2012-04-28,311.9,66,14.0,0.0,11.3,0.23,15.04,71
-33.6806,146.4307,2012-04-28,313.0,68,14.1,0.0,10.5,0.206,15.78,69
-33.3444,148.773,2012-04-28,319.3,79,13.2,0.0,11.9,0.273,13.95,78
-33.3353,148.7712,2012-04-28,311.1,44,13.4,0.0,11.0,0.273,13.91,78
-33.468,147.4976,2012-04-28,314.0,63,14.1,0.0,10.2,0.208,14.18,74
-33.4695,147.4861,2012-04-28,320.2,77,14.1,0.0,10.2,0.208,14.18,74
-33.0484,148.2551,2012-04-28,311.7,63,15.1,0.0,10.3,0.155,14.27,71
-34.4587,150.8786,2012-04-28,301.0,36,17.9,0.1,16.2,0.35,13.33,75
-32.3071,145.857,2012-04-29,306.2,54,14.5,0.0,13.6,0.122,16.41,64
-32.3805,142.4703,2012-04-29,317.0,75,15.3,0.0,13.8,0.054,15.9,69
-33.0636,145.3717,2012-04-29,309.2,65,13.8,0.0,12.8,0.107,15.21,70
-33.0652,145.3824,2012-04-29,314.9,73,13.8,0.0,12.0,0.107,15.29,70
-36.0466,145.8407,2012-04-29,308.8,68,13.6,0.0,15.7,0.204,15.02,61
-36.1165,145.3623,2012-04-29,312.9,73,13.6,0.0,14.8,0.205,15.01,59
-35.0152,147.6497,2012-04-29,305.5,59,11.7,0.0,14.8,0.267,15.0,72
-35.229,146.5687,2012-04-29,311.5,63,13.2,0.0,15.5,0.236,15.22,68
-35.3933,145.6937,2012-04-29,306.6,27,13.5,0.0,15.9,0.214,15.28,61
-35.3972,145.6743,2012-04-29,307.6,41,13.5,0.0,15.9,0.214,15.28,61
-35.3816,145.6902,2012-04-29,322.1,81,13.5,0.0,15.9,0.214,15.28,61
-34.9257,147.7332,2012-04-29,315.9,72,12.3,0.0,14.8,0.272,15.0,73
-35.4627,145.1585,2012-04-29,313.1,71,13.7,0.0,15.8,0.203,15.24,60
-34.9005,147.7824,2012-04-29,320.0,79,12.6,0.0,14.8,0.276,15.0,73
-35.1052,146.842,2012-04-29,304.6,57,12.8,0.0,14.0,0.231,15.39,69
-35.1102,146.8188,2012-04-29,304.5,56,12.7,0.0,14.0,0.231,15.39,69
-34.9707,147.3367,2012-04-29,317.6,77,12.8,0.0,10.0,0.243,15.27,72
-34.8957,147.7762,2012-04-29,320.7,68,12.6,0.0,14.8,0.276,15.0,73
-34.9764,147.3341,2012-04-29,316.1,76,12.9,0.0,10.0,0.243,15.27,72
-35.1218,146.5771,2012-04-29,306.2,61,13.2,0.0,14.7,0.227,15.42,68
-34.9179,147.4763,2012-04-29,327.3,85,12.6,0.0,12.9,0.255,15.17,72
-34.9235,147.4504,2012-04-29,331.3,87,12.3,0.0,12.9,0.255,15.17,72
-34.9048,147.4718,2012-04-29,310.1,68,12.5,0.0,12.9,0.255,15.17,72
-34.9104,147.446,2012-04-29,314.1,74,12.4,0.0,12.9,0.249,15.17,71
-34.7623,148.0524,2012-04-29,303.2,52,12.7,0.0,15.8,0.283,15.35,72
-34.7686,148.0244,2012-04-29,311.4,70,12.3,0.0,15.8,0.261,15.35,72
-34.8181,147.6082,2012-04-29,315.6,75,12.1,0.0,11.5,0.255,15.57,72
-34.8239,147.5824,2012-04-29,308.0,65,12.2,0.0,11.5,0.255,15.57,72
-34.923,147.1325,2012-04-29,313.3,73,12.6,0.0,10.0,0.231,15.27,70
-34.9282,147.1085,2012-04-29,311.2,70,12.7,0.0,11.8,0.231,15.35,70
-34.8245,147.6022,2012-04-29,317.0,77,11.9,0.0,11.5,0.255,15.57,72
-34.9262,147.1257,2012-04-29,322.5,81,12.6,0.0,10.0,0.231,15.27,70
-34.9627,146.76,2012-04-29,306.7,62,13.0,0.0,14.0,0.225,15.39,69
-34.7424,147.7165,2012-04-29,321.0,80,12.1,0.0,14.4,0.253,15.54,72
-34.7482,147.6899,2012-04-29,306.3,62,12.1,0.0,14.4,0.253,15.54,72
-34.827,147.3299,2012-04-29,306.9,58,12.2,0.0,10.8,0.241,15.58,71
-34.8325,147.3046,2012-04-29,326.6,84,11.9,0.0,10.8,0.241,15.58,71
-35.3563,144.6884,2012-04-29,305.5,52,13.8,0.0,15.7,0.326,15.08,61
-35.3596,144.6714,2012-04-29,310.5,66,13.8,0.0,15.7,0.326,15.08,61
-34.8933,146.5879,2012-04-29,311.7,71,13.1,0.0,14.7,0.217,15.42,68
-34.4869,148.377,2012-04-29,306.5,63,12.0,0.0,18.8,0.272,14.42,73
-34.5462,148.1157,2012-04-29,305.6,60,11.3,0.0,17.1,0.248,15.17,72
-34.5526,148.0876,2012-04-29,307.4,64,11.3,0.0,17.1,0.258,15.17,72
-34.6186,147.7281,2012-04-29,304.6,49,12.3,0.0,12.5,0.236,15.7,71
-34.4846,148.3686,2012-04-29,310.7,70,12.1,0.0,17.1,0.272,15.17,73
-34.5424,148.1067,2012-04-29,307.8,64,11.4,0.0,17.1,0.248,15.17,72
-34.5044,147.9457,2012-04-29,305.9,61,12.1,0.0,15.3,0.248,15.61,71
-34.5763,147.6215,2012-04-29,315.8,76,12.5,0.0,11.4,0.244,15.72,71
-34.7354,146.8241,2012-04-29,316.7,76,12.9,0.0,13.2,0.231,15.57,68
-34.7404,146.8008,2012-04-29,315.9,75,13.0,0.0,13.2,0.231,15.57,68
-34.7524,146.6813,2012-04-29,311.2,61,12.9,0.0,13.2,0.133,15.57,68
-34.4306,148.0115,2012-04-29,314.5,74,12.5,0.0,15.3,0.243,15.61,71
-34.437,147.9837,2012-04-29,311.5,61,12.6,0.0,15.3,0.243,15.61,71
-34.7548,146.677,2012-04-29,307.8,60,12.9,0.0,13.2,0.133,15.57,68
-34.5024,147.7344,2012-04-29,303.5,40,12.3,0.0,12.5,0.23,15.7,70
-34.4281,148.0057,2012-04-29,315.8,76,12.5,0.0,15.3,0.243,15.61,71
-34.4343,147.9778,2012-04-29,306.8,63,12.6,0.0,15.3,0.243,15.61,71
-34.538,147.246,2012-04-29,322.4,81,12.3,0.0,11.3,0.24,15.69,70
-34.5434,147.2211,2012-04-29,341.2,92,12.4,0.0,11.3,0.24,15.69,70
-34.5702,147.098,2012-04-29,314.9,74,12.5,0.0,12.0,0.238,15.67,69
-34.5303,147.217,2012-04-29,313.6,72,12.5,0.0,11.3,0.24,15.69,70
-34.5427,147.2398,2012-04-29,311.5,49,12.3,0.0,11.3,0.24,15.69,70
-34.574,147.0916,2012-04-29,313.0,72,12.6,0.0,12.0,0.238,15.67,69
-34.5296,147.2357,2012-04-29,337.6,90,12.4,0.0,11.3,0.24,15.69,70
-34.5349,147.2108,2012-04-29,326.9,84,12.5,0.0,11.3,0.24,15.69,70
-36.2133,145.8853,2012-04-29,328.6,86,13.5,0.0,15.4,0.23,14.89,62
-36.8484,142.4976,2012-04-29,326.0,84,12.1,0.0,12.1,0.324,14.48,65
-36.8506,142.4848,2012-04-29,316.5,76,12.1,0.0,12.1,0.187,14.48,65
-36.1898,145.9399,2012-04-29,327.4,85,13.5,0.0,15.4,0.23,14.89,62
-36.1929,145.956,2012-04-29,304.7,50,13.3,0.0,15.4,0.234,14.89,63
-36.2045,145.8976,2012-04-29,318.3,78,13.5,0.0,15.4,0.23,14.89,62
-36.2084,145.8782,2012-04-29,322.2,81,13.5,0.0,15.4,0.23,14.89,62
-36.5573,144.0393,2012-04-29,311.2,69,12.7,0.0,12.2,0.231,14.7,63
-36.9727,141.5459,2012-04-29,338.9,91,11.8,0.0,13.0,0.213,13.12,67
-36.9746,141.534,2012-04-29,315.3,58,11.7,0.0,13.0,0.213,13.12,67
-36.9634,141.5436,2012-04-29,357.7,99,11.8,0.0,13.0,0.213,13.12,67
-36.9653,141.5316,2012-04-29,333.4,88,11.8,0.0,13.0,0.213,13.12,67
-35.9894,146.7046,2012-04-29,324.0,83,12.8,0.0,10.4,0.258,14.47,69
-35.994,146.6828,2012-04-29,341.8,93,12.8,0.0,10.4,0.258,14.47,69
-36.8358,142.1455,2012-04-29,306.4,58,12.2,0.0,12.8,0.303,14.31,65
-36.8532,141.9821,2012-04-29,317.8,77,12.1,0.0,13.0,0.259,14.19,66
-36.8552,141.9698,2012-04-29,305.7,58,12.1,0.0,13.0,0.259,14.19,66
-35.9483,146.714,2012-04-29,308.8,68,12.6,0.0,10.4,0.27,14.47,69
-36.8438,141.9796,2012-04-29,342.1,92,12.2,0.0,13.0,0.297,14.19,65
-36.8458,141.9673,2012-04-29,326.5,84,12.2,0.0,13.0,0.297,14.19,65
-34.1597,148.44,2012-04-29,301.7,40,12.3,0.0,16.7,0.259,15.12,72
-34.1667,148.4095,2012-04-29,305.3,59,12.2,0.0,16.7,0.259,15.12,72
-34.1742,148.4404,2012-04-29,301.7,30,12.4,0.0,12.4,0.259,15.7,73
-34.16,148.4354,2012-04-29,301.8,32,12.3,0.0,16.7,0.259,15.12,72
-34.2672,147.8214,2012-04-29,310.9,69,12.7,0.0,11.8,0.235,15.74,70
-34.2897,147.6536,2012-04-29,306.6,58,12.8,0.0,11.8,0.231,15.74,70
-34.2958,147.6263,2012-04-29,306.6,54,12.5,0.0,11.8,0.233,15.74,70
-34.4916,146.3354,2012-04-29,305.6,56,13.2,0.0,13.2,0.228,15.69,66
-34.2776,147.2778,2012-04-29,332.4,87,12.6,0.0,12.0,0.241,15.7,70
-34.3679,146.859,2012-04-29,308.1,63,12.6,0.0,12.4,0.238,15.72,69
-34.373,146.8351,2012-04-29,308.1,63,12.6,0.0,12.4,0.235,15.72,68
-34.4561,145.9979,2012-04-29,309.9,65,12.9,0.0,13.4,0.223,15.66,67
-34.2893,146.2839,2012-04-29,304.8,48,12.8,0.0,11.9,0.216,15.73,69
-34.0733,147.2274,2012-04-29,309.3,66,12.8,0.0,12.0,0.228,15.66,70
-34.3484,145.8638,2012-04-29,313.3,71,13.1,0.0,13.8,0.223,15.74,67
-33.639,147.6317,2012-04-29,314.9,74,13.4,0.0,11.7,0.253,15.81,70
-33.6451,147.6042,2012-04-29,312.0,69,13.5,0.0,12.0,0.253,15.67,70
-33.6217,146.4212,2012-04-29,315.1,74,13.4,0.0,12.3,0.19,15.29,69
-33.0207,148.987,2012-04-29,305.1,52,12.1,0.0,16.0,0.264,16.4,70
-33.0285,148.9534,2012-04-29,305.0,51,12.6,0.0,16.0,0.264,16.4,70
-34.4518,146.019,2012-04-29,313.9,72,12.9,0.0,13.4,0.223,15.66,67
-37.4078,142.8889,2012-04-29,312.8,73,10.5,0.0,11.7,0.225,13.15,68
-37.4101,142.8758,2012-04-29,304.1,42,10.6,0.0,11.7,0.225,13.15,68
-37.1056,144.0287,2012-04-29,305.3,61,11.0,0.0,15.9,0.246,14.06,65
-36.8729,145.1554,2012-04-29,313.8,74,12.0,0.0,15.1,0.258,14.59,66
-36.8762,145.1382,2012-04-29,315.7,76,11.8,0.0,16.4,0.249,14.44,65
-36.603,145.6445,2012-04-29,322.7,82,12.6,0.0,14.5,0.236,14.84,63
-36.6066,145.6261,2012-04-29,328.7,86,12.6,0.0,14.5,0.236,14.84,63
-36.663,144.7881,2012-04-29,322.3,82,12.7,0.0,15.7,0.23,14.41,63
-36.6661,144.7716,2012-04-29,305.1,61,12.7,0.0,15.7,0.23,14.41,63
-36.4291,145.7421,2012-04-29,307.5,65,13.2,0.0,14.5,0.218,14.84,61
-36.4329,145.7233,2012-04-29,313.9,74,13.2,0.0,14.5,0.218,14.84,61
-36.1637,146.7026,2012-04-29,309.8,65,12.0,0.0,9.7,0.286,14.52,72
-36.2963,146.0009,2012-04-29,305.7,58,13.2,0.0,15.4,0.242,14.89,63
-36.9196,142.6854,2012-04-29,338.8,91,11.7,0.0,12.8,0.204,14.14,66
-36.9218,142.6724,2012-04-29,321.2,81,11.8,0.0,12.8,0.204,14.14,66
-36.3694,145.5797,2012-04-29,327.1,85,13.3,0.0,14.4,0.203,14.94,60
-36.1809,146.4372,2012-04-29,312.2,70,12.8,0.0,14.3,0.243,14.64,66
-36.1774,146.429,2012-04-29,311.1,71,12.9,0.0,14.3,0.243,14.64,66
-36.2749,145.9458,2012-04-29,336.9,90,13.4,0.0,15.4,0.234,14.89,62
-36.2788,145.9263,2012-04-29,352.8,97,13.3,0.0,15.4,0.234,14.89,62
-36.2633,145.9421,2012-04-29,338.3,91,13.4,0.0,15.4,0.234,14.89,62
-36.2672,145.9227,2012-04-29,353.1,97,13.4,0.0,15.4,0.234,14.89,62
-36.2127,146.0092,2012-04-29,305.8,56,13.2,0.0,15.4,0.234,14.89,63
-36.8579,142.5001,2012-04-29,320.0,79,12.1,0.0,12.1,0.187,14.48,65
-36.8601,142.4873,2012-04-29,309.9,68,12.1,0.0,12.1,0.187,14.48,65
-36.2747,143.546,2012-04-29,306.9,60,12.8,0.0,11.9,0.202,14.93,63
-35.9424,146.7279,2012-04-29,302.7,53,12.4,0.0,10.4,0.27,14.47,69
-35.9468,146.7065,2012-04-29,307.4,65,12.7,0.0,10.4,0.27,14.47,69
-35.9101,146.6948,2012-04-29,305.0,60,12.8,0.0,10.4,0.27,14.47,69
-35.8485,146.8627,2012-04-29,319.6,79,12.2,0.0,13.6,0.275,14.67,70
-35.8532,146.8403,2012-04-29,314.0,74,12.0,0.0,13.6,0.277,14.67,70
-36.0435,145.9233,2012-04-29,306.6,59,13.6,0.0,17.0,0.21,14.95,61
-35.8409,146.8364,2012-04-29,340.4,92,12.4,0.0,13.6,0.271,14.67,69
-35.9096,146.5109,2012-04-29,306.2,63,13.1,0.0,14.3,0.251,14.64,67
-36.0634,145.6442,2012-04-29,302.7,51,13.6,0.0,15.7,0.196,15.02,60
-35.8418,146.8318,2012-04-29,332.1,88,12.5,0.0,13.6,0.271,14.67,69
-35.9043,146.5267,2012-04-29,304.1,48,13.1,0.0,14.3,0.251,14.64,67
-36.069,145.6404,2012-04-29,302.7,43,13.6,0.0,15.7,0.196,15.02,60
-35.7923,146.8163,2012-04-29,312.2,72,12.7,0.0,13.6,0.271,14.67,69
-35.7409,146.8718,2012-04-29,312.2,72,12.9,0.0,13.6,0.266,14.67,70
-35.7284,146.8679,2012-04-29,306.4,39,12.9,0.0,13.6,0.266,14.67,70
-35.7407,146.8645,2012-04-29,317.9,78,12.9,0.0,13.6,0.266,14.67,70
-36.6875,141.5916,2012-04-29,331.4,86,12.2,0.0,11.8,0.287,13.95,66
-36.6894,141.5796,2012-04-29,343.2,93,12.3,0.0,11.8,0.287,13.95,66
-36.6914,141.5676,2012-04-29,316.8,74,12.3,0.0,11.8,0.287,13.95,66
-35.5896,147.262,2012-04-29,302.3,37,12.3,0.0,9.2,0.271,14.59,74
-35.5486,147.325,2012-04-29,317.0,77,12.1,0.0,9.2,0.25,14.59,73
-35.794,146.108,2012-04-29,306.0,63,13.5,0.0,17.0,0.234,15.08,63
-35.7988,146.0238,2012-04-29,320.3,80,13.6,0.0,17.0,0.226,15.08,61
-36.2721,143.5605,2012-04-29,312.0,69,12.9,0.0,11.9,0.205,14.93,63
-35.7914,146.0375,2012-04-29,305.7,62,13.6,0.0,17.0,0.226,15.08,61
-35.7955,146.0174,2012-04-29,316.0,76,13.6,0.0,17.0,0.226,15.08,61
-35.6133,146.8423,2012-04-29,313.7,74,12.9,0.0,14.3,0.257,14.91,69
-35.6245,146.7259,2012-04-29,302.7,48,12.8,0.0,14.3,0.253,14.91,69
-35.5147,147.1808,2012-04-29,300.9,40,12.2,0.0,9.2,0.259,14.59,72
-35.8681,145.4086,2012-04-29,337.6,90,13.7,0.0,14.9,0.199,15.16,59
-35.8717,145.3903,2012-04-29,317.3,77,13.7,0.0,14.9,0.199,15.16,59
-36.1981,143.6163,2012-04-29,308.1,62,13.2,0.0,11.9,0.208,14.93,63
-35.5797,146.6885,2012-04-29,308.3,67,13.0,0.0,14.3,0.253,14.91,69
-35.4049,147.0627,2012-04-29,307.1,44,12.8,0.0,12.3,0.251,14.81,72
-35.3953,147.0549,2012-04-29,310.3,70,12.8,0.0,12.3,0.251,14.81,72
-35.4501,146.7299,2012-04-29,319.0,79,13.1,0.0,14.3,0.25,14.91,69
-35.4548,146.7077,2012-04-29,323.1,82,13.2,0.0,14.3,0.25,14.91,69
-35.5988,145.9442,2012-04-29,302.7,50,13.5,0.0,16.7,0.209,15.22,61
-36.3812,141.5963,2012-04-29,320.6,73,12.6,0.0,10.8,0.156,14.45,67
-36.3831,141.5843,2012-04-29,397.3,100,12.6,0.0,10.8,0.156,14.45,67
-36.3851,141.5723,2012-04-29,358.0,99,12.6,0.0,10.8,0.156,14.45,67
-36.3738,141.5819,2012-04-29,317.3,70,12.7,0.0,10.9,0.156,14.65,67
-36.3758,141.5699,2012-04-29,314.6,50,12.6,0.0,10.8,0.156,14.45,67
-35.6077,145.6558,2012-04-29,303.7,50,13.6,0.0,15.9,0.199,15.28,61
-35.6115,145.6367,2012-04-29,331.2,87,13.6,0.0,15.9,0.201,15.28,60
-35.9864,143.6989,2012-04-29,319.2,77,13.4,0.0,13.0,0.327,14.88,62
-36.2464,142.2298,2012-04-29,317.9,75,12.9,0.0,11.6,0.284,14.75,66
-35.6128,145.6501,2012-04-29,317.4,77,13.6,0.0,15.9,0.199,15.28,61
-35.6166,145.631,2012-04-29,319.5,78,13.6,0.0,15.9,0.201,15.28,60
-35.9806,143.6903,2012-04-29,318.1,76,13.4,0.0,13.0,0.327,14.88,62
-36.3436,141.4927,2012-04-29,318.4,74,12.7,0.0,10.9,0.159,14.65,67
-35.009,147.6557,2012-04-29,303.3,52,11.8,0.0,14.8,0.275,15.0,72
-35.9848,142.7315,2012-04-29,343.7,93,13.2,0.0,12.3,0.256,14.67,64
-35.9871,142.7182,2012-04-29,326.5,82,13.2,0.0,12.3,0.256,14.67,64
-35.2296,146.5766,2012-04-29,314.2,70,13.2,0.0,15.5,0.236,15.22,68
-35.1033,147.1007,2012-04-29,305.7,52,12.8,0.0,11.8,0.217,15.35,71
-33.77,142.3207,2012-04-29,307.0,49,14.2,0.0,15.5,0.125,12.27,69
-32.4561,148.5843,2012-04-29,312.7,70,15.1,0.0,15.5,0.185,16.62,63
-32.4611,148.5813,2012-04-29,314.1,72,15.1,0.0,15.5,0.185,16.62,63
-36.7114,146.6307,2012-04-30,314.3,65,9.3,0.0,10.8,0.348,11.34,76
-35.9004,142.0864,2012-04-30,313.7,74,12.5,0.0,15.0,0.163,11.11,60
-35.548,147.2579,2012-04-30,315.0,55,12.5,0.0,18.4,0.245,13.06,69
-35.5514,146.8604,2012-04-30,308.1,66,12.9,0.0,18.7,0.25,13.12,68
-35.9069,142.1227,2012-04-30,310.9,71,12.5,0.0,15.0,0.163,11.11,60
-35.8908,142.1215,2012-04-30,344.8,94,12.4,0.0,15.0,0.163,11.11,60
-35.301,148.4352,2012-04-30,300.7,0,9.5,0.0,9.9,0.342,11.78,79
-35.4253,146.8546,2012-04-30,301.1,44,13.3,0.0,18.7,0.244,13.12,67
-35.3799,146.9635,2012-04-30,302.3,39,13.5,0.0,19.1,0.243,13.24,67
-35.3771,147.0343,2012-04-30,302.1,51,13.4,0.0,19.1,0.243,13.24,67
-35.371,146.9765,2012-04-30,302.8,54,13.5,0.0,18.6,0.243,13.67,67
-35.3,146.8519,2012-04-30,304.8,56,13.3,0.0,18.2,0.237,13.5,67
-36.7235,146.6317,2012-04-30,364.8,82,9.9,0.0,13.7,0.348,11.51,76
-36.7253,146.6112,2012-04-30,345.8,89,10.1,0.0,13.7,0.348,11.39,76
-36.7131,146.6104,2012-04-30,304.0,55,8.7,0.0,11.8,0.35,11.36,77
-36.1772,150.096,2012-04-30,321.2,81,13.5,0.0,13.7,0.223,11.15,74
-36.1787,150.0829,2012-04-30,309.5,69,13.1,0.0,13.7,0.223,11.15,74
-36.3846,141.212,2012-04-30,312.7,55,12.7,0.0,18.5,0.245,11.56,59
-36.3981,141.2053,2012-04-30,310.1,27,12.7,0.0,18.5,0.245,11.56,59
-35.5965,150.2067,2012-04-30,318.1,78,13.7,0.0,11.8,0.288,11.62,74
-35.9333,146.5124,2012-04-30,301.2,43,12.8,0.0,16.7,0.245,12.17,68
-35.8708,146.0461,2012-04-30,302.3,52,12.8,0.0,15.0,0.218,12.44,69
-35.6861,147.1021,2012-04-30,312.5,45,12.6,0.0,17.6,0.257,12.64,70
-35.6745,147.1005,2012-04-30,341.8,93,12.5,0.0,17.6,0.257,12.64,70
-35.6769,146.9475,2012-04-30,308.8,64,13.0,0.0,17.6,0.261,12.64,68
-35.6443,146.9551,2012-04-30,314.6,75,13.3,0.0,17.6,0.248,12.64,68
-35.6128,146.9123,2012-04-30,325.6,84,13.1,0.0,19.1,0.25,13.24,68
-35.5564,147.264,2012-04-30,343.9,93,12.2,0.0,18.4,0.267,13.06,71
-35.5581,147.2458,2012-04-30,322.4,82,12.3,0.0,18.4,0.263,13.06,70
-35.8984,142.1258,2012-04-30,347.3,95,12.5,0.0,14.3,0.163,10.94,60
-34.5859,148.1169,2012-04-30,306.0,62,11.4,0.0,16.2,0.252,13.22,69
-35.1737,146.899,2012-04-30,330.8,87,13.4,0.0,18.6,0.232,13.67,67
-35.1755,146.8802,2012-04-30,342.1,93,13.4,0.0,18.6,0.232,13.67,67
-35.0082,147.7637,2012-04-30,303.1,55,12.4,0.0,17.7,0.279,13.03,69
-35.0308,147.3147,2012-04-30,321.4,81,13.6,0.0,17.9,0.238,13.82,66
-34.4643,150.8817,2012-04-30,313.1,55,16.1,0.0,16.9,0.34,10.2,61
-34.7537,148.0417,2012-04-30,309.6,69,12.3,0.0,16.9,0.288,13.11,71
-35.198,147.4584,2012-04-30,342.7,88,13.0,0.0,17.8,0.239,13.09,67
-34.689,148.3111,2012-04-30,314.0,74,11.3,0.0,16.7,0.278,12.73,71
-34.7498,147.741,2012-04-30,308.8,59,12.9,0.0,16.9,0.248,13.51,67
-34.6573,148.3062,2012-04-30,310.6,66,11.4,0.0,16.7,0.278,12.73,71
-34.5133,148.7861,2012-04-30,302.6,48,11.2,0.0,14.6,0.293,12.76,71
-35.1871,146.8818,2012-04-30,308.3,66,13.4,0.0,18.6,0.232,13.67,67
-34.5876,148.1009,2012-04-30,300.8,23,11.8,0.0,16.6,0.252,13.62,69
-34.4755,148.4033,2012-04-30,325.8,79,11.7,0.0,15.6,0.267,12.91,70
-34.5501,147.6994,2012-04-30,306.1,60,12.8,0.0,15.2,0.23,13.85,67
-34.465,148.4017,2012-04-30,312.8,73,11.8,0.0,15.6,0.267,12.91,70
-34.4787,147.6147,2012-04-30,322.5,82,13.3,0.0,14.7,0.23,14.11,67
-34.4804,147.5982,2012-04-30,316.0,76,13.2,0.0,14.7,0.23,14.11,67
-34.5811,145.9072,2012-04-30,352.4,91,13.1,0.0,12.0,0.215,13.45,70
-34.583,145.886,2012-04-30,334.0,84,13.1,0.0,12.0,0.215,13.45,70
-34.5791,145.902,2012-04-30,359.3,86,13.1,0.0,12.0,0.215,13.45,70
-34.359,147.5747,2012-04-30,325.1,84,13.4,0.0,13.0,0.233,14.3,67
-34.345,147.2569,2012-04-30,304.3,53,13.2,0.0,14.5,0.235,14.31,70
-34.3183,147.1824,2012-04-30,308.4,63,13.3,0.0,14.5,0.236,14.31,70
-34.2171,147.7453,2012-04-30,328.3,86,13.4,0.0,13.7,0.225,14.22,68
-34.2187,147.7291,2012-04-30,347.1,95,13.5,0.0,13.7,0.225,14.22,68
-34.2265,147.7414,2012-04-30,328.0,85,13.4,0.0,13.7,0.225,14.22,68
-34.2283,147.7253,2012-04-30,315.0,60,13.4,0.0,13.7,0.225,14.22,68
-34.2157,147.7398,2012-04-30,332.6,88,13.4,0.0,13.7,0.225,14.22,68
-34.2174,147.7237,2012-04-30,326.0,84,13.5,0.0,13.7,0.225,14.22,68
-33.9753,147.7726,2012-04-30,310.9,71,13.7,0.0,12.5,0.22,14.41,68
-33.8283,148.197,2012-04-30,342.8,93,13.5,0.0,12.5,0.218,14.51,68
-35.3043,146.8456,2012-04-30,300.5,32,13.2,0.0,18.2,0.238,13.5,67
-33.5111,148.6994,2012-04-30,319.7,69,13.3,0.0,11.4,0.22,14.36,66
-33.3554,148.6478,2012-04-30,313.1,73,13.4,0.0,13.6,0.188,14.75,66
-33.3573,148.1538,2012-04-30,304.7,44,14.5,0.0,15.4,0.184,14.75,64
-33.1023,148.0807,2012-04-30,310.6,70,14.9,0.0,18.7,0.172,14.9,62
-33.2871,146.2267,2012-04-30,327.1,85,13.9,0.0,15.3,0.16,13.98,66
-33.2817,146.2209,2012-04-30,321.5,81,13.7,0.0,15.3,0.16,13.98,66
-31.1775,151.3217,2012-04-30,304.0,38,11.4,0.0,15.2,0.263,16.21,71
-31.179,151.3111,2012-04-30,304.2,36,12.3,0.0,12.9,0.267,15.15,69
-30.3826,151.4858,2012-04-30,319.2,79,10.8,0.0,19.3,0.292,16.7,75
-36.8554,145.8436,2012-04-30,322.1,100,8.4,0.0,15.3,0.332,11.37,77
-37.2649,142.2339,2012-04-30,304.1,58,11.0,0.0,14.1,0.199,10.19,67
-37.2733,142.2497,2012-04-30,326.6,100,10.9,0.0,15.0,0.199,9.78,67
-30.8877,146.1099,2012-05-01,306.2,54,18.9,0.2,16.6,0.133,12.55,63
-28.3744,151.2344,2012-05-01,310.8,68,16.5,0.0,14.9,0.328,15.4,71
-29.1447,151.2915,2012-05-01,306.0,62,16.0,0.0,11.6,0.314,16.89,69
-30.3831,151.4922,2012-05-01,311.9,72,10.7,0.0,12.2,0.272,15.51,76
-30.42,151.2967,2012-05-01,312.8,73,12.1,0.0,13.0,0.197,16.3,74
-30.4215,151.3079,2012-05-01,320.8,80,12.2,0.0,13.0,0.197,16.3,74
-34.4585,150.8818,2012-05-01,310.8,53,17.3,0.0,15.6,0.333,14.6,71
-31.573,145.9664,2012-05-01,307.0,57,18.3,0.0,16.0,0.109,13.69,60
-35.9339,146.5327,2012-05-01,309.0,68,15.1,0.0,16.4,0.24,11.71,67
-35.4508,142.8378,2012-05-01,305.6,52,16.6,1.0,19.5,0.167,14.38,61
-35.1577,146.8772,2012-05-01,306.2,44,15.3,0.0,16.1,0.227,11.82,66
-36.6673,146.438,2012-05-01,302.4,51,13.1,0.0,14.5,0.322,11.83,77
-36.0487,141.3795,2012-05-01,303.3,55,15.5,4.5,21.4,0.165,12.82,66
-36.4224,142.9758,2012-05-01,308.1,67,15.9,3.2,23.0,0.323,13.89,64
-37.269,142.2408,2012-05-01,339.0,91,14.2,4.3,19.1,0.208,12.57,71
-37.2722,142.2575,2012-05-01,356.7,98,14.0,5.4,17.5,0.227,12.03,71
-35.1595,146.8884,2012-05-01,342.6,93,15.3,0.0,16.1,0.227,11.82,66
-35.1668,146.8751,2012-05-01,327.8,85,15.2,0.0,16.1,0.227,11.82,66
-35.1686,146.8864,2012-05-01,364.5,100,15.3,0.0,16.1,0.227,11.82,66
-35.287,146.9922,2012-05-01,308.2,67,15.3,0.0,16.1,0.232,11.82,66
-35.5578,147.9795,2012-05-01,301.2,44,10.5,0.0,7.8,0.305,10.88,81
-35.5811,145.7759,2012-05-01,306.2,56,15.8,0.1,16.4,0.186,13.77,67
-37.1022,143.9146,2012-05-01,312.3,72,13.6,0.3,20.5,0.295,13.12,70
-37.0601,143.8988,2012-05-01,320.3,80,13.7,0.3,20.5,0.295,13.12,70
-37.051,143.8967,2012-05-01,314.4,68,13.7,0.3,20.5,0.295,13.12,70
-37.2903,142.2659,2012-05-01,312.9,37,13.9,5.4,17.5,0.27,12.03,71
-37.0523,143.7661,2012-05-01,314.0,60,13.6,1.4,20.0,0.271,13.27,70
-36.9971,143.8887,2012-05-01,311.5,70,14.0,0.3,20.5,0.342,13.12,69
-36.9915,143.8636,2012-05-01,315.7,75,14.0,1.4,20.0,0.342,13.27,69
-36.9554,143.9144,2012-05-01,309.7,67,14.1,0.3,20.5,0.342,13.12,69
-36.9571,143.9029,2012-05-01,312.3,71,14.1,0.3,20.5,0.342,13.12,69
-36.9431,143.704,2012-05-01,325.5,83,14.2,1.4,20.0,0.219,13.27,69
-36.1709,150.0915,2012-05-01,328.9,77,14.9,0.0,13.5,0.217,13.55,77
-36.1757,150.069,2012-05-01,343.4,92,14.9,0.0,13.5,0.217,13.55,77
-36.1721,150.0867,2012-05-01,333.9,81,14.9,0.0,13.5,0.217,13.55,77
-36.1767,150.0644,2012-05-01,323.8,77,15.1,0.0,13.5,0.217,13.55,77
-37.3758,142.7643,2012-05-01,323.3,78,14.3,4.7,23.8,0.214,12.44,68
-36.7317,146.6187,2012-05-01,304.4,39,11.3,0.0,11.2,0.345,11.08,79
-36.8114,145.867,2012-05-01,328.0,81,11.6,0.0,15.5,0.329,11.85,74
-35.9895,145.2537,2012-05-01,309.4,66,15.7,0.0,15.8,0.213,13.84,67
-35.6033,147.1561,2012-05-01,306.6,64,13.9,0.0,15.6,0.259,11.15,68
-36.1569,143.8333,2012-05-01,320.3,77,15.4,0.3,19.1,0.33,13.91,65
-35.5994,147.0574,2012-05-01,325.7,84,14.5,0.0,17.2,0.25,11.44,67
-35.5889,147.0545,2012-05-01,310.6,61,14.6,0.0,17.2,0.25,11.44,67
-36.186,143.5214,2012-05-01,340.7,91,15.7,0.7,20.0,0.192,13.97,63
-36.1878,143.5101,2012-05-01,355.1,98,15.6,0.7,20.0,0.192,13.97,63
-35.5506,147.141,2012-05-01,310.7,41,14.0,0.0,15.6,0.25,11.15,67
-36.1195,143.5342,2012-05-01,337.1,89,15.8,0.5,19.4,0.187,14.09,63
-35.5388,146.9368,2012-05-01,313.3,74,14.9,0.0,17.2,0.24,11.44,65
-36.2249,142.5744,2012-05-01,306.6,25,16.0,3.8,22.7,0.305,13.77,64
-35.5091,146.8015,2012-05-01,308.1,28,15.1,0.0,17.6,0.242,11.86,65
-36.3495,141.5517,2012-05-01,373.8,75,15.2,5.2,21.3,0.166,12.32,67
-36.3511,141.5403,2012-05-01,359.8,99,15.1,5.2,21.3,0.172,12.32,68
-36.004,143.6896,2012-05-01,312.6,66,15.6,0.2,18.1,0.316,14.03,64
-35.5453,146.3918,2012-05-01,304.9,45,15.6,0.0,17.5,0.235,12.35,65
-35.3632,147.2082,2012-05-01,314.6,75,14.3,0.0,15.0,0.243,11.53,67
-35.57,146.0749,2012-05-01,340.2,92,15.8,0.0,17.2,0.219,13.37,66
-35.5725,146.0611,2012-05-01,318.8,79,15.7,0.0,17.2,0.219,13.37,66
-35.9973,143.4881,2012-05-01,344.5,93,15.9,0.5,19.4,0.188,14.09,62
-35.999,143.4768,2012-05-01,314.6,70,15.9,0.5,19.4,0.188,14.09,62
-35.9882,143.486,2012-05-01,314.7,70,15.9,0.5,19.4,0.188,14.09,62
-35.3302,147.2424,2012-05-01,310.0,69,14.5,0.0,15.0,0.241,11.53,67
-35.9254,143.2897,2012-05-01,314.1,68,16.1,1.0,20.3,0.165,14.12,61
-36.0953,142.0633,2012-05-01,319.2,74,15.8,3.6,23.5,0.206,13.73,65
-35.5226,145.2217,2012-05-01,363.6,100,16.0,0.0,16.5,0.191,14.09,67
-35.2255,146.8316,2012-05-01,315.5,76,15.1,0.0,16.8,0.229,12.21,65
-35.4865,145.1792,2012-05-01,315.9,74,16.0,0.0,16.5,0.191,14.09,67
-35.4482,145.1694,2012-05-01,319.4,78,16.0,0.0,16.5,0.196,14.09,67
-35.4503,145.1568,2012-05-01,313.7,72,16.0,0.0,16.5,0.191,14.09,67
-34.8758,148.0995,2012-05-01,312.3,72,12.1,0.0,9.7,0.283,11.38,79
-34.8688,148.0917,2012-05-01,306.1,63,12.0,0.0,10.1,0.283,11.76,79
-35.3844,145.1212,2012-05-01,319.5,78,16.0,0.0,16.4,0.191,14.09,67
-35.3866,145.1086,2012-05-01,334.8,89,16.0,0.0,16.4,0.191,14.09,67
-35.513,144.3408,2012-05-01,314.4,50,15.8,0.0,15.5,0.288,14.11,67
-35.6422,143.5207,2012-05-01,313.3,67,16.1,0.4,18.7,0.17,14.19,63
-35.3749,145.1188,2012-05-01,364.1,100,16.0,0.0,16.7,0.191,14.25,67
-35.377,145.1062,2012-05-01,395.9,100,16.0,0.0,16.4,0.191,14.09,67
-34.7316,148.3759,2012-05-01,317.0,77,12.3,0.0,7.9,0.281,11.64,77
-34.8321,147.6115,2012-05-01,337.4,90,13.8,0.0,14.9,0.245,12.03,70
-34.8353,147.5945,2012-05-01,307.3,65,13.6,0.0,14.9,0.245,12.03,70
-34.8996,147.1967,2012-05-01,313.9,74,14.7,0.0,15.6,0.226,11.9,66
-34.8101,147.5472,2012-05-01,314.1,55,14.5,0.0,14.9,0.24,12.03,69
-35.3893,144.2004,2012-05-01,313.4,63,15.8,0.0,15.5,0.304,14.11,67
-35.3912,144.1886,2012-05-01,319.3,75,15.8,0.0,15.5,0.304,14.11,67
-34.8272,147.2727,2012-05-01,314.7,74,14.4,0.0,16.6,0.231,12.27,67
-34.8332,147.2406,2012-05-01,311.5,42,14.9,0.0,16.6,0.227,12.27,66
-35.3967,143.9121,2012-05-01,313.8,67,15.9,0.0,15.5,0.301,14.14,66
-34.8822,146.8567,2012-05-01,312.5,71,15.6,0.0,16.7,0.141,12.5,65
-34.8943,146.7318,2012-05-01,334.2,89,15.8,0.0,16.7,0.169,12.5,65
-34.897,146.7167,2012-05-01,309.1,52,15.8,0.0,16.7,0.169,12.5,65
-35.0327,145.9666,2012-05-01,329.4,86,16.2,0.2,15.6,0.198,13.64,66
-35.0351,145.9529,2012-05-01,319.4,78,16.2,0.2,15.6,0.198,13.64,66
-35.2934,144.1581,2012-05-01,314.9,52,16.0,0.0,15.7,0.298,14.25,67
-35.299,144.002,2012-05-01,320.5,76,15.9,0.0,15.6,0.294,14.27,66
-35.3009,143.9904,2012-05-01,322.7,78,15.9,0.0,15.6,0.294,14.27,66
-34.6159,147.2868,2012-05-01,335.1,89,14.8,0.0,16.5,0.226,12.57,67
-34.8649,145.8665,2012-05-01,313.1,70,16.3,0.0,15.9,0.193,14.14,66
-34.8674,145.8528,2012-05-01,318.9,77,16.3,0.0,15.9,0.193,14.14,66
-34.4995,147.7713,2012-05-01,309.9,60,14.0,0.0,12.6,0.225,12.27,69
-34.6482,146.8771,2012-05-01,306.7,45,16.0,0.0,17.1,0.224,12.5,65
-35.1284,143.8528,2012-05-01,365.0,100,16.1,0.0,15.8,0.297,14.36,66
-35.1302,143.8413,2012-05-01,353.4,97,16.1,0.0,15.8,0.27,14.36,66
-34.7196,146.0979,2012-05-01,401.5,100,16.4,0.0,15.5,0.199,13.75,65
-34.7222,146.0838,2012-05-01,357.5,99,16.4,0.0,15.5,0.199,13.75,65
-34.712,146.0811,2012-05-01,311.2,38,16.4,0.0,15.5,0.199,13.75,65
-34.7146,146.067,2012-05-01,316.4,74,16.4,0.0,15.5,0.199,13.75,65
-35.0507,144.0992,2012-05-01,311.0,59,16.1,0.0,15.9,0.299,14.42,67
-35.0526,144.0875,2012-05-01,332.2,86,16.1,0.0,15.9,0.299,14.42,67
-34.4165,147.5946,2012-05-01,310.4,43,14.6,0.0,14.9,0.228,12.42,68
-34.4332,147.5093,2012-05-01,310.9,53,14.7,0.0,14.9,0.216,12.42,68
-34.4365,147.4923,2012-05-01,314.1,74,14.7,0.0,14.9,0.216,12.42,68
-34.4349,147.5043,2012-05-01,315.7,76,14.7,0.0,14.9,0.216,12.42,68
-34.4381,147.4873,2012-05-01,306.9,63,14.7,0.0,14.9,0.216,12.42,68
-35.0649,143.8561,2012-05-01,314.0,66,16.1,0.0,15.5,0.297,14.51,66
-34.3477,147.7159,2012-05-01,334.1,89,14.5,0.0,12.8,0.221,12.76,68
-34.3365,147.7128,2012-05-01,350.1,96,14.6,0.0,12.8,0.221,12.76,68
-34.5731,146.339,2012-05-01,319.1,78,16.5,0.0,15.6,0.201,13.55,64
-34.5628,146.3362,2012-05-01,325.3,83,16.5,0.0,15.6,0.201,13.55,64
-34.5647,146.3451,2012-05-01,326.3,83,16.5,0.0,15.6,0.201,13.55,64
-34.5673,146.3305,2012-05-01,320.9,79,16.5,0.0,15.6,0.201,13.55,64
-34.2251,148.1102,2012-05-01,308.4,44,13.8,0.0,13.5,0.236,12.78,68
-34.3154,147.5171,2012-05-01,309.3,67,14.4,0.0,14.2,0.224,12.77,68
-34.5872,145.9185,2012-05-01,310.1,65,16.6,0.0,14.8,0.209,13.87,64
-34.3256,147.2208,2012-05-01,316.0,75,15.3,0.0,16.0,0.231,12.84,67
-34.4613,146.3787,2012-05-01,315.5,74,16.6,0.0,16.8,0.216,13.24,63
-34.4675,146.3749,2012-05-01,313.3,71,16.6,0.0,15.6,0.216,13.55,63
-34.1881,147.6398,2012-05-01,311.2,49,14.8,0.0,12.8,0.219,12.76,67
-34.2055,147.4274,2012-05-01,320.7,80,15.1,0.0,14.2,0.224,12.77,68
-34.9744,142.8784,2012-05-01,314.9,66,16.6,1.0,20.2,0.157,14.78,61
-34.4115,146.2073,2012-05-01,318.8,71,16.7,0.0,15.6,0.212,13.55,63
-34.4141,146.1929,2012-05-01,323.1,81,16.7,0.0,15.6,0.212,13.55,63
-34.4053,146.1987,2012-05-01,328.4,84,16.7,0.0,15.6,0.212,13.55,63
-33.9211,148.7097,2012-05-01,300.5,19,13.4,0.0,10.8,0.227,13.49,72
-34.5122,145.406,2012-05-01,379.7,100,16.8,0.0,15.8,0.208,14.36,64
-34.5144,145.3928,2012-05-01,380.9,100,16.8,0.0,15.8,0.208,14.36,64
-34.5024,145.4035,2012-05-01,357.4,99,16.8,0.0,15.8,0.208,14.36,64
-34.5046,145.3903,2012-05-01,349.7,95,16.8,0.0,15.8,0.208,14.36,64
-33.8735,148.6312,2012-05-01,327.6,85,13.4,0.0,14.0,0.234,13.74,73
-34.3542,146.1249,2012-05-01,315.7,61,16.8,0.0,15.5,0.207,13.96,63
-34.4352,145.5527,2012-05-01,327.0,83,16.8,0.0,15.8,0.204,14.36,64
-34.1138,147.2358,2012-05-01,312.3,64,15.2,0.0,15.4,0.216,13.1,67
-34.117,147.2194,2012-05-01,312.9,71,15.2,0.0,15.4,0.216,13.1,67
-34.4229,145.5635,2012-05-01,327.2,83,16.8,0.0,15.8,0.204,14.36,64
-34.4253,145.5501,2012-05-01,344.8,93,16.8,0.0,15.8,0.204,14.36,64
-34.2979,146.2863,2012-05-01,318.8,72,16.7,0.0,15.5,0.202,13.69,63
-34.425,145.5586,2012-05-01,340.2,91,16.8,0.0,15.8,0.204,14.36,64
-34.4273,145.5452,2012-05-01,321.6,78,16.9,0.0,15.8,0.203,14.36,64
-34.1147,147.2305,2012-05-01,316.8,75,15.2,0.0,15.4,0.216,13.1,67
-34.3306,145.9207,2012-05-01,356.1,98,16.9,0.0,15.5,0.211,13.96,63
-34.3331,145.9067,2012-05-01,327.8,84,16.9,0.0,15.5,0.211,13.96,63
-33.9156,148.0226,2012-05-01,311.2,38,14.6,0.0,13.2,0.207,13.15,66
-34.32,145.8017,2012-05-01,375.6,100,16.9,0.1,15.9,0.203,14.23,63
-34.3225,145.7879,2012-05-01,316.5,70,16.9,0.1,15.9,0.203,14.23,63
-34.2873,145.8151,2012-05-01,333.0,82,16.9,0.1,15.9,0.203,14.23,63
-34.0494,147.0166,2012-05-01,311.4,67,15.8,0.0,17.0,0.217,13.23,66
-34.7371,142.7379,2012-05-01,314.8,65,17.0,0.4,17.8,0.232,14.91,58
-34.7388,142.7269,2012-05-01,314.7,64,16.9,0.4,17.8,0.232,14.91,58
-33.7,148.5678,2012-05-01,314.4,74,14.1,0.0,10.8,0.21,13.49,71
-33.7041,148.5476,2012-05-01,303.4,42,14.3,0.0,10.8,0.221,13.49,70
-33.7517,148.1275,2012-05-01,310.7,60,14.9,0.0,12.9,0.209,13.46,68
-34.1893,145.8331,2012-05-01,364.7,87,17.0,0.1,15.9,0.236,14.23,63
-33.7548,148.1429,2012-05-01,313.6,70,14.8,0.0,12.9,0.209,13.46,68
-33.3818,149.5248,2012-05-01,304.6,59,11.6,0.0,10.8,0.264,14.45,77
-33.7856,146.5794,2012-05-01,312.4,64,16.6,0.0,17.5,0.205,13.79,62
-33.775,146.5766,2012-05-01,314.1,71,16.6,0.0,17.5,0.205,13.79,62
-33.7794,146.587,2012-05-01,309.9,57,16.5,0.0,17.5,0.205,13.79,62
-33.7822,146.5716,2012-05-01,318.0,76,16.6,0.0,17.5,0.205,13.79,62
-33.095,149.1175,2012-05-01,300.2,29,10.7,0.0,10.8,0.281,14.45,77
-33.1393,145.9611,2012-05-01,311.5,28,17.8,0.0,15.3,0.134,13.95,59
-32.4648,148.8183,2012-05-01,305.1,48,15.3,0.0,16.9,0.204,14.76,71
-32.2826,148.7985,2012-05-01,306.5,29,15.0,0.0,16.2,0.147,14.86,69
-35.2283,146.8165,2012-05-01,327.4,85,15.2,0.0,16.8,0.229,12.21,65
-36.4718,145.5097,2012-05-01,308.6,51,15.0,0.0,17.2,0.203,13.26,68
-36.4689,145.5169,2012-05-01,307.0,48,15.0,0.0,17.2,0.203,13.26,68
-36.4506,145.5658,2012-05-01,309.2,55,14.9,0.0,17.2,0.204,13.26,69
-36.3808,145.9168,2012-05-01,310.3,66,14.8,0.0,16.9,0.225,12.48,69
-36.4057,145.7713,2012-05-01,302.6,36,15.0,0.0,17.8,0.216,12.97,69
-36.4079,145.7581,2012-05-01,305.0,56,15.0,0.0,17.8,0.216,12.97,69
-36.5844,144.6941,2012-05-01,309.6,66,14.6,0.0,17.3,0.215,13.57,68
-36.7155,143.8622,2012-05-01,309.4,63,14.6,0.5,18.8,0.216,13.5,67
-35.5119,150.3046,2012-05-01,321.1,69,15.4,0.0,14.0,0.296,14.25,75
-36.5252,144.6418,2012-05-01,309.9,66,15.0,0.0,17.3,0.203,13.57,67
-36.5184,144.6458,2012-05-01,311.6,69,15.0,0.0,17.3,0.203,13.57,67
-36.1918,145.9376,2012-05-01,302.9,43,15.2,0.0,17.7,0.218,12.83,69
-36.2021,145.7595,2012-05-01,314.5,75,15.2,0.0,17.4,0.206,13.29,68
-36.2043,145.7463,2012-05-01,309.2,64,15.2,0.0,17.4,0.193,13.29,68
-36.4036,144.5491,2012-05-01,311.6,47,15.2,0.0,17.3,0.186,13.59,67
-36.4055,144.5372,2012-05-01,365.7,100,15.1,0.0,17.3,0.186,13.59,67
-36.3943,144.5468,2012-05-01,312.7,65,15.2,0.0,17.3,0.186,13.59,67
-36.3962,144.5349,2012-05-01,345.9,94,15.2,0.0,17.3,0.186,13.59,67
-36.4204,143.9149,2012-05-01,311.7,67,15.1,0.0,19.5,0.201,13.68,66
-36.4222,143.9034,2012-05-01,314.0,70,15.1,0.0,19.5,0.201,13.68,66
-36.4553,143.2698,2012-05-01,311.2,55,15.4,1.8,21.4,0.206,13.88,64
-36.4514,143.2339,2012-05-01,319.9,77,15.5,1.8,21.4,0.204,13.88,64
-36.453,143.2227,2012-05-01,314.7,70,15.5,1.8,21.4,0.204,13.88,64
-36.455,143.0838,2012-05-01,313.3,68,15.7,3.2,23.0,0.299,13.89,64
-36.0387,145.5131,2012-05-01,304.7,57,15.6,0.0,16.3,0.22,13.77,68
-36.3785,143.345,2012-05-01,313.0,68,15.5,1.8,21.4,0.195,13.88,63
-35.8548,146.3818,2012-05-01,303.6,39,15.2,0.0,17.4,0.231,12.0,66
-35.8574,146.3756,2012-05-01,304.2,43,15.2,0.0,17.4,0.231,12.0,66
-35.8548,146.3305,2012-05-01,313.2,64,15.3,0.0,17.8,0.226,12.64,66
-35.8573,146.3164,2012-05-01,308.7,56,15.3,0.0,17.8,0.226,12.64,66
-35.6299,147.2689,2012-05-01,318.2,78,14.0,0.0,12.1,0.262,10.63,70
-31.7333,145.1682,2012-05-01,325.3,76,18.8,1.7,17.6,0.11,13.1,63
-30.2795,149.9019,2012-05-01,337.1,90,16.4,0.0,9.4,0.271,16.25,66
-37.3033,141.0741,2012-05-02,303.6,57,10.3,0.0,21.8,0.202,9.0,69
-31.236,152.0131,2012-05-02,302.4,52,11.5,0.0,7.0,0.361,12.38,85
-30.0574,150.7308,2012-05-02,316.0,72,15.9,0.1,10.6,0.298,15.06,73
-30.0589,150.7172,2012-05-02,316.0,72,15.6,0.1,10.6,0.298,15.06,73
-30.0515,150.7244,2012-05-02,312.0,32,15.8,0.1,10.6,0.298,15.06,73
-31.445,150.5332,2012-05-02,314.9,70,16.4,0.5,8.2,0.319,13.51,66
-31.4466,150.5182,2012-05-02,338.2,91,16.4,0.5,8.2,0.319,13.51,66
-37.3173,143.0357,2012-05-02,336.7,90,9.9,0.2,24.0,0.262,11.44,74
-37.3229,143.0338,2012-05-02,335.4,89,9.9,0.2,24.0,0.262,11.44,74
-29.1293,151.2614,2012-05-02,300.8,33,15.7,0.7,9.7,0.305,12.84,79
-33.1798,151.2123,2012-05-03,303.5,56,14.3,2.4,9.7,0.339,12.26,86
-34.4574,150.8836,2012-05-03,306.6,48,15.9,0.0,20.4,0.334,13.78,70
-37.3167,143.0484,2012-05-03,303.3,0,8.9,0.0,18.1,0.252,9.1,79
-35.5941,146.2866,2012-05-03,306.8,60,10.1,0.0,18.7,0.276,12.92,67
-35.5958,146.2755,2012-05-03,303.0,24,10.1,0.0,18.7,0.276,12.92,67
-35.9369,146.5186,2012-05-03,335.9,85,9.3,0.0,16.0,0.334,11.31,71
-35.9386,146.5074,2012-05-03,319.5,63,9.3,0.0,16.0,0.334,11.31,71
-35.798,146.7031,2012-05-03,304.6,44,9.1,0.0,16.4,0.339,12.34,70
-35.7896,146.7061,2012-05-03,308.1,66,9.1,0.0,16.4,0.339,12.34,70
-35.7871,146.5998,2012-05-03,332.6,88,9.2,0.0,17.8,0.339,12.23,70
-35.7888,146.5885,2012-05-03,323.3,78,9.2,0.0,17.8,0.339,12.23,70
-35.7495,145.553,2012-05-03,355.9,93,10.5,0.0,14.8,0.189,12.26,64
-35.7389,145.5621,2012-05-03,337.0,79,10.5,0.0,14.8,0.189,12.26,64
-35.7405,145.551,2012-05-03,323.0,71,10.5,0.0,14.8,0.189,12.26,64
-35.363,146.2387,2012-05-03,315.0,75,10.4,0.0,18.2,0.254,13.44,65
-35.0838,148.2422,2012-05-03,307.7,59,8.2,0.0,15.5,0.373,13.33,81
-35.0859,148.2298,2012-05-03,325.2,84,8.6,0.0,15.5,0.379,13.33,78
-35.0832,148.2366,2012-05-03,307.6,66,8.2,0.0,15.5,0.379,13.33,78
-35.3811,146.2429,2012-05-03,395.3,100,10.4,0.0,18.7,0.254,12.92,65
-35.3828,146.2317,2012-05-03,367.5,100,10.4,0.0,18.7,0.254,12.92,65
-35.3721,146.2408,2012-05-03,378.7,100,10.4,0.0,18.2,0.254,13.44,65
-35.3738,146.2296,2012-05-03,357.7,99,10.4,0.0,18.2,0.254,13.44,65
-35.3647,146.2275,2012-05-03,307.6,54,10.4,0.0,18.2,0.254,13.44,65
-35.4724,145.3718,2012-05-03,311.2,71,10.7,0.0,16.0,0.188,13.08,64
-35.474,145.3608,2012-05-03,311.0,71,10.7,0.0,16.0,0.188,13.08,64
-35.3691,145.2519,2012-05-03,305.8,62,10.8,0.0,17.4,0.199,13.58,64
-34.9128,145.979,2012-05-03,337.8,91,10.7,0.0,16.4,0.214,13.7,64
-34.9145,145.9679,2012-05-03,305.5,61,10.7,0.0,16.4,0.214,13.7,64
-34.3047,145.8008,2012-05-03,345.1,94,11.1,0.0,15.9,0.235,14.07,63
-34.3063,145.7899,2012-05-03,359.6,99,11.1,0.0,15.9,0.235,14.07,63
-33.7313,148.6763,2012-05-03,310.8,70,10.0,0.0,11.2,0.262,12.97,77
-33.7337,148.6627,2012-05-03,317.0,77,10.1,0.0,11.2,0.262,12.97,77
-33.2022,143.5402,2012-05-03,306.7,57,12.1,0.0,17.0,0.091,14.91,57
-32.2684,148.4042,2012-05-03,302.2,51,12.5,0.0,15.0,0.2,14.98,69
-31.572,145.9599,2012-05-03,305.0,55,12.3,0.0,14.8,0.182,16.67,58
-34.459,150.8851,2012-05-03,306.8,69,16.0,0.0,20.4,0.334,13.78,70
-31.7602,145.3979,2012-05-04,303.5,54,11.3,0.0,17.2,0.247,12.5,67
-35.7358,150.1531,2012-05-04,300.6,37,12.8,0.0,9.0,0.242,14.17,75
-35.7387,150.1673,2012-05-04,305.7,47,12.5,0.0,9.0,0.242,14.17,75
-35.7409,150.1373,2012-05-04,308.8,68,12.1,0.0,9.0,0.344,14.17,76
-34.8043,145.99,2012-05-04,312.1,49,12.2,0.0,13.8,0.212,11.02,64
-34.4639,150.886,2012-05-04,308.2,74,14.5,0.0,19.6,0.322,15.07,59
-34.4544,150.8753,2012-05-04,303.8,51,14.5,0.0,19.6,0.322,15.07,59
-36.2411,145.799,2012-05-05,323.9,83,11.3,0.0,15.4,0.208,12.55,73
-36.3602,145.5611,2012-05-05,324.7,83,11.1,0.0,14.5,0.192,11.87,73
-36.3618,145.5479,2012-05-05,377.9,100,11.1,0.0,14.5,0.206,11.87,72
-36.2902,145.9823,2012-05-05,310.2,70,10.8,0.0,15.1,0.243,13.06,76
-36.2806,145.9805,2012-05-05,328.8,86,10.8,0.0,15.1,0.243,13.06,76
-36.2492,145.8135,2012-05-05,323.9,83,11.3,0.0,15.4,0.208,12.55,73
-36.2507,145.8007,2012-05-05,340.6,92,11.2,0.0,15.4,0.219,12.55,74
-36.2396,145.8117,2012-05-05,314.5,66,11.3,0.0,15.4,0.208,12.55,73
-36.1271,145.4745,2012-05-05,308.2,67,11.5,0.0,14.5,0.184,11.87,70
-35.7627,146.5524,2012-05-05,324.4,83,10.1,0.0,15.6,0.313,13.81,75
-35.7643,146.5406,2012-05-05,309.1,68,10.3,0.0,15.6,0.304,13.81,74
-35.5743,146.9583,2012-05-05,305.2,61,9.6,0.0,14.8,0.318,13.53,76
-35.5758,146.9468,2012-05-05,320.0,80,9.6,0.0,14.8,0.315,13.53,75
-34.4609,150.886,2012-05-05,312.5,0,15.1,0.2,26.5,0.315,12.62,71
-35.651,146.1375,2012-05-05,309.0,68,11.2,0.0,16.5,0.236,13.65,70
-35.5107,145.361,2012-05-05,303.2,51,11.9,0.0,16.1,0.18,11.34,64
-35.5009,145.3593,2012-05-05,327.9,85,11.9,0.0,16.1,0.18,11.34,64
-35.1959,147.2371,2012-05-05,306.4,63,9.8,0.0,14.8,0.31,13.17,74
-35.1974,147.2258,2012-05-05,303.9,57,9.7,0.0,14.8,0.31,13.17,74
-35.3988,145.2025,2012-05-05,312.2,45,12.0,0.0,16.1,0.186,11.34,63
-34.463,150.8737,2012-05-05,308.0,54,15.1,0.2,26.5,0.315,12.62,71
-35.0097,147.2566,2012-05-05,327.1,85,9.7,0.0,16.1,0.306,13.17,73
-35.0112,147.2454,2012-05-05,326.7,85,10.0,0.0,16.1,0.299,13.17,73
-34.6467,147.3645,2012-05-05,345.7,82,9.6,0.0,17.6,0.302,13.08,72
-33.5172,148.5834,2012-05-05,302.2,46,9.1,0.0,13.2,0.225,13.94,73
-30.9296,148.451,2012-05-05,309.8,38,12.2,0.0,20.5,0.38,16.25,61
-33.8095,148.2174,2012-05-05,305.2,61,9.7,0.0,15.1,0.252,12.96,72
-32.3628,149.1911,2012-05-05,305.7,62,9.4,0.0,11.8,0.234,13.45,69
-33.1418,148.7408,2012-05-05,302.4,49,9.2,0.0,13.0,0.229,14.35,73
-33.3877,147.6337,2012-05-05,304.4,59,10.8,0.0,18.1,0.241,12.77,68
-33.2858,148.7114,2012-05-05,364.0,100,8.3,0.0,15.1,0.27,14.57,75
-33.2841,148.7224,2012-05-05,327.1,85,8.1,0.0,15.3,0.255,14.23,76
-33.5924,146.7587,2012-05-05,307.6,50,11.2,0.0,19.2,0.274,13.02,65
-33.5434,148.5834,2012-05-05,303.5,56,9.3,0.0,13.2,0.225,13.94,73
-30.4595,148.2005,2012-05-05,309.9,65,12.6,0.0,20.9,0.384,16.54,59
-30.9221,148.4384,2012-05-05,314.9,74,12.2,0.0,20.5,0.38,16.25,60
-30.9205,148.4491,2012-05-05,326.9,84,12.2,0.0,20.5,0.38,16.25,60
-34.4587,150.8816,2012-05-05,305.8,66,15.1,0.2,26.5,0.315,12.62,71
-35.5194,147.5093,2012-05-05,305.7,65,8.0,0.0,12.0,0.327,12.6,79
-28.3783,151.2215,2012-05-06,306.0,53,12.8,0.0,8.4,0.296,17.29,68
-28.3802,151.2395,2012-05-06,308.1,61,12.7,0.0,8.4,0.296,17.29,68
-28.751,147.7096,2012-05-06,308.8,65,12.8,0.0,9.5,0.312,16.97,65
-28.7525,147.7212,2012-05-06,312.1,70,12.8,0.0,9.5,0.312,16.97,65
-29.6463,148.982,2012-05-06,307.0,62,12.4,0.0,10.4,0.23,16.46,68
-30.2144,149.0751,2012-05-06,321.1,81,12.5,0.0,11.1,0.34,16.29,63
-32.98,144.8475,2012-05-06,304.7,58,12.0,0.0,10.8,0.056,13.98,63
-32.9815,144.8584,2012-05-06,300.9,35,12.0,0.0,10.8,0.078,13.98,64
-34.4639,150.8821,2012-05-06,303.5,0,14.7,0.0,20.6,0.307,14.66,61
-36.1491,143.6017,2012-05-06,332.6,88,11.4,0.0,9.0,0.223,10.16,67
-36.1507,143.6129,2012-05-06,311.2,71,11.3,0.0,9.0,0.21,10.16,68
-29.1475,151.2617,2012-05-06,307.7,65,12.6,0.0,10.1,0.283,17.03,65
-29.1325,151.2599,2012-05-06,310.0,68,13.0,0.0,10.0,0.283,16.97,65
-29.1338,151.2529,2012-05-06,312.5,71,12.9,0.0,10.0,0.283,16.97,65
-28.371,151.2325,2012-05-06,318.5,78,12.7,0.0,9.4,0.296,17.42,68
-28.3717,151.2258,2012-05-06,320.6,79,12.7,0.0,9.4,0.296,17.42,68
-35.3819,145.1938,2012-05-06,310.2,70,11.9,0.0,11.3,0.183,10.16,66
-35.3771,145.209,2012-05-06,304.0,58,11.9,0.0,11.3,0.183,10.16,66
-35.3818,145.1864,2012-05-06,303.7,57,11.9,0.0,11.3,0.183,10.16,66
-35.4864,144.3637,2012-05-06,305.1,38,12.3,0.0,10.6,0.299,9.53,64
-34.9952,145.8072,2012-05-06,303.5,56,11.9,0.0,12.9,0.198,8.28,65
-33.8984,147.751,2012-05-06,301.9,17,9.5,0.0,12.3,0.255,9.84,72
-32.988,144.8452,2012-05-06,303.6,56,12.0,0.0,10.8,0.056,13.98,63
-29.1388,151.269,2012-05-06,301.3,46,12.8,0.0,10.0,0.283,16.97,65
-37.3133,143.0501,2012-05-07,307.8,66,11.6,0.5,24.2,0.241,6.4,68
-37.3153,143.021,2012-05-07,311.1,71,11.8,0.5,24.2,0.232,6.4,67
-37.3078,143.0422,2012-05-07,311.9,72,11.8,0.5,24.2,0.232,6.4,67
-37.3099,143.0132,2012-05-07,303.8,36,11.8,0.5,24.2,0.232,6.4,67
-34.3608,146.8545,2012-05-07,310.5,56,11.7,0.0,9.8,0.269,12.98,69
-34.2063,146.1512,2012-05-07,301.2,24,12.8,0.0,9.0,0.243,13.6,66
-33.597,146.7409,2012-05-07,303.9,51,11.8,0.0,8.4,0.252,14.08,67
-33.4253,147.4447,2012-05-07,304.2,55,11.7,0.0,9.2,0.22,13.42,70
-33.331,146.5754,2012-05-07,308.4,65,12.2,0.0,8.9,0.241,14.33,67
-32.3372,146.116,2012-05-07,314.2,70,12.3,0.0,8.7,0.168,15.1,62
-32.3389,146.1009,2012-05-07,319.8,77,12.3,0.0,8.7,0.168,15.1,62
-32.3331,146.1087,2012-05-07,316.3,63,12.3,0.0,8.7,0.168,15.1,62
-30.9686,151.872,2012-05-07,310.0,64,8.1,0.0,10.2,0.339,15.36,66
-30.3936,151.4843,2012-05-07,314.6,75,9.2,0.0,10.7,0.238,15.81,61
-30.3845,151.4824,2012-05-07,310.3,64,8.8,0.1,9.2,0.238,16.0,61
-30.7963,146.6097,2012-05-07,314.1,54,14.2,0.0,8.4,0.145,15.32,61
-30.7862,146.6081,2012-05-07,317.2,74,14.2,0.0,8.4,0.145,15.32,61
-30.0426,149.2107,2012-05-07,320.5,72,13.4,0.0,9.0,0.351,15.81,64
-29.1452,151.275,2012-05-07,323.4,82,12.9,0.0,7.4,0.272,16.37,64
-29.1468,151.2643,2012-05-07,310.0,67,12.6,0.0,8.8,0.272,16.4,64
-29.136,151.2731,2012-05-07,376.1,100,12.8,0.0,7.4,0.272,16.37,64
-28.9807,149.886,2012-05-08,312.7,67,14.9,0.0,12.2,0.2,16.59,65
-28.9822,149.8968,2012-05-08,315.2,72,14.9,0.0,12.2,0.2,16.59,65
-28.765,147.6841,2012-05-08,311.4,57,15.8,0.0,10.5,0.287,16.63,60
-29.4218,145.7364,2012-05-08,304.2,49,17.0,0.0,10.0,0.187,16.29,55
-28.7665,147.6944,2012-05-08,320.2,77,15.8,0.0,10.5,0.287,16.63,60
-28.3502,149.6989,2012-05-08,320.4,78,15.0,0.0,11.5,0.314,16.88,64
-32.2909,148.5246,2012-05-08,302.7,53,13.0,0.0,7.4,0.168,15.22,65
-34.4581,150.8823,2012-05-08,310.9,53,15.9,0.0,15.3,0.296,14.08,68
-33.7424,148.8707,2012-05-08,300.2,33,11.0,0.0,9.3,0.227,14.48,69
-32.3605,148.8945,2012-05-08,305.2,58,11.9,0.0,7.0,0.343,15.28,68
-34.3012,145.3335,2012-05-08,311.3,71,15.1,0.0,15.8,0.207,13.89,59
-31.5682,145.9631,2012-05-08,309.2,66,14.7,0.0,9.4,0.142,15.51,58
-37.3077,143.0601,2012-05-08,351.8,97,14.4,0.0,22.0,0.235,11.96,62
-36.4548,143.0728,2012-05-08,305.9,61,16.1,0.0,23.3,0.313,12.68,54
-36.4525,143.0598,2012-05-08,325.9,84,16.1,0.0,23.3,0.313,12.68,54
-36.452,143.0665,2012-05-08,326.7,84,16.1,0.0,23.3,0.313,12.68,54
-36.4498,143.0534,2012-05-08,313.9,74,16.3,0.0,23.3,0.338,12.68,52
-36.9884,149.3787,2012-05-08,310.1,70,8.5,0.0,10.3,0.358,12.63,76
-36.9756,149.3746,2012-05-08,301.5,43,8.4,0.0,13.1,0.358,12.72,76
-37.46,144.8508,2012-05-08,301.4,46,12.4,0.0,24.5,0.409,12.73,70
-37.5045,143.1133,2012-05-08,347.4,95,14.6,0.0,25.6,0.244,11.8,61
-37.3289,143.9465,2012-05-08,308.5,67,12.1,0.0,19.3,0.305,12.85,70
-37.331,143.934,2012-05-08,312.4,72,12.2,0.0,19.3,0.305,12.85,70
-37.4885,142.9736,2012-05-08,381.3,100,14.8,0.0,25.6,0.241,11.8,60
-37.4904,142.9619,2012-05-08,372.2,100,14.8,0.0,25.6,0.241,11.8,60
-37.5016,142.8912,2012-05-08,306.5,64,14.8,0.0,25.6,0.234,11.8,61
-37.3258,143.939,2012-05-08,325.9,84,12.1,0.0,19.3,0.305,12.85,70
-37.3279,143.9265,2012-05-08,301.3,46,12.2,0.0,19.3,0.305,12.85,70
-37.4589,142.935,2012-05-08,309.5,69,14.7,0.0,25.6,0.234,11.8,61
-37.4607,142.9232,2012-05-08,308.6,67,14.7,0.0,25.6,0.234,11.8,61
-37.3866,143.0888,2012-05-08,311.4,71,14.2,0.0,25.6,0.227,11.8,62
-37.3885,143.0769,2012-05-08,309.9,69,14.2,0.0,25.6,0.227,11.8,62
-37.3196,143.0538,2012-05-08,303.9,57,14.4,0.0,22.0,0.235,11.96,62
-37.3085,143.0633,2012-05-08,325.7,84,14.4,0.0,22.0,0.235,11.96,62
-37.3104,143.0515,2012-05-08,304.4,57,14.4,0.0,22.0,0.235,11.96,62
-37.0903,143.9441,2012-05-08,303.7,57,13.1,0.0,17.4,0.306,12.88,68
-37.0924,143.9315,2012-05-08,321.4,81,13.1,0.0,17.4,0.306,12.88,68
-35.8541,150.1198,2012-05-08,304.4,59,13.6,0.0,11.4,0.323,12.42,80
-37.1552,142.9263,2012-05-08,315.6,76,14.4,0.0,22.0,0.224,11.96,62
-37.2191,142.0355,2012-05-08,303.9,54,15.1,0.0,19.9,0.308,10.83,68
-37.2208,142.0241,2012-05-08,304.3,55,15.2,0.0,19.9,0.308,10.83,68
-34.636,147.7545,2012-05-08,320.9,80,11.1,0.0,11.7,0.29,12.95,73
-37.2398,141.583,2012-05-08,304.5,56,15.8,0.0,21.0,0.277,10.89,70
-36.4598,145.992,2012-05-08,303.9,50,12.3,0.0,15.6,0.242,11.75,73
-36.5397,145.3242,2012-05-08,308.8,68,13.8,0.0,14.3,0.247,12.63,66
-36.6041,144.8553,2012-05-08,312.8,72,14.2,0.0,14.3,0.193,12.95,65
-36.3779,145.9279,2012-05-08,318.5,79,13.0,0.0,15.6,0.224,11.75,69
-36.6294,144.5321,2012-05-08,319.5,79,14.5,0.0,13.9,0.196,12.91,63
-36.6318,144.5186,2012-05-08,340.7,92,14.5,0.0,13.9,0.196,12.91,63
-37.1299,141.3939,2012-05-08,310.9,68,16.4,0.0,21.0,0.244,10.89,69
-36.5717,144.8027,2012-05-08,325.3,83,14.3,0.0,14.3,0.2,12.95,64
-35.0239,147.1531,2012-05-08,316.4,76,12.7,0.0,12.7,0.284,11.94,71
-35.507,144.4109,2012-05-08,306.8,41,16.1,0.0,18.4,0.293,12.06,54
-34.9733,147.1581,2012-05-08,304.5,57,12.4,0.0,12.7,0.284,11.94,71
-34.9772,147.1387,2012-05-08,307.6,64,12.7,0.0,12.7,0.268,11.94,69
-35.4947,144.4219,2012-05-08,307.9,53,16.1,0.0,18.4,0.293,12.06,54
-35.4971,144.4083,2012-05-08,327.1,83,16.1,0.0,18.4,0.293,12.06,54
-34.9692,147.1515,2012-05-08,308.9,67,12.4,0.0,12.7,0.284,11.94,71
-34.9802,146.9714,2012-05-08,303.8,54,13.2,0.0,13.5,0.259,11.84,68
-34.8745,147.3746,2012-05-08,310.2,69,11.4,0.0,13.4,0.304,12.63,73
-34.8785,147.3545,2012-05-08,313.3,73,11.5,0.0,12.7,0.304,11.94,73
-34.903,147.0495,2012-05-08,326.4,84,13.1,0.0,13.5,0.263,11.84,67
-35.4078,144.3932,2012-05-08,316.2,72,16.1,0.0,18.4,0.299,12.06,54
-34.9049,147.0635,2012-05-08,311.0,70,12.8,0.0,13.5,0.277,11.84,69
-34.9086,147.0443,2012-05-08,317.6,77,13.1,0.0,13.5,0.263,11.84,67
-35.2508,145.1035,2012-05-08,314.1,70,15.3,0.0,17.3,0.18,11.78,57
-35.2535,145.0887,2012-05-08,340.0,91,15.3,0.0,17.3,0.18,11.78,57
-35.3852,144.2248,2012-05-08,320.6,66,16.4,0.0,18.8,0.303,12.34,52
-34.7579,147.4839,2012-05-08,307.1,64,11.5,0.0,12.3,0.31,12.77,73
-34.9966,146.044,2012-05-08,309.8,65,14.3,0.0,13.7,0.201,12.09,63
-34.9977,146.0387,2012-05-08,308.8,63,14.3,0.0,13.7,0.201,12.09,63
-35.3506,144.0711,2012-05-08,312.0,27,16.5,0.0,19.5,0.297,12.72,51
-35.3386,144.0818,2012-05-08,315.8,71,16.5,0.0,19.5,0.287,12.72,51
-35.3408,144.0685,2012-05-08,311.4,46,16.6,0.0,19.5,0.287,12.72,51
-34.6404,147.7332,2012-05-08,351.2,96,11.3,0.0,11.7,0.289,12.95,73
-35.4557,143.3268,2012-05-08,331.8,86,17.3,0.0,21.7,0.174,12.5,45
-35.4577,143.3145,2012-05-08,315.7,70,17.3,0.0,21.7,0.174,12.5,45
-35.3092,144.0741,2012-05-08,326.0,82,16.5,0.0,19.5,0.287,12.72,51
-35.3115,144.0609,2012-05-08,348.3,95,16.5,0.0,19.5,0.287,12.72,51
-35.2592,143.8221,2012-05-08,310.3,59,16.9,0.0,19.9,0.249,12.72,48
-35.2614,143.8092,2012-05-08,315.8,70,16.9,0.0,19.9,0.249,12.72,48
-34.6143,146.9386,2012-05-08,350.1,96,13.6,0.0,13.7,0.263,13.17,65
-34.6181,146.9194,2012-05-08,356.2,98,13.6,0.0,13.7,0.263,13.17,65
-34.6983,146.5099,2012-05-08,307.6,61,13.9,0.0,13.3,0.154,12.6,65
-34.7877,145.9839,2012-05-08,342.5,92,14.3,0.0,13.4,0.195,12.74,63
-34.4473,147.6395,2012-05-08,327.0,84,11.8,0.0,11.4,0.282,13.45,71
-35.1416,143.8539,2012-05-08,349.6,95,16.9,0.0,19.9,0.296,12.72,48
-35.1439,143.8409,2012-05-08,313.0,65,16.9,0.0,19.9,0.272,12.72,48
-33.903,149.5878,2012-05-08,319.5,79,8.0,0.0,10.8,0.299,14.79,73
-33.9092,149.5603,2012-05-08,307.9,66,8.6,0.0,9.6,0.299,14.57,73
-33.8891,149.583,2012-05-08,351.5,96,7.8,0.0,10.8,0.299,14.79,73
-33.8954,149.5554,2012-05-08,330.9,87,8.4,0.0,10.8,0.299,14.79,73
-33.7309,148.8114,2012-05-08,305.2,56,11.0,0.0,9.3,0.227,14.48,70
-35.6594,146.7658,2012-05-08,316.2,76,12.8,0.0,14.7,0.312,10.27,70
-35.683,146.5844,2012-05-08,316.2,76,13.1,0.0,14.3,0.301,10.33,68
-35.6864,146.5668,2012-05-08,312.6,73,13.1,0.0,14.3,0.301,10.33,68
-35.586,147.0159,2012-05-08,308.6,67,12.5,0.0,14.8,0.311,10.65,70
-35.8885,145.441,2012-05-08,307.4,62,14.6,0.0,13.4,0.171,11.94,62
-35.8913,145.4259,2012-05-08,307.0,62,14.6,0.0,13.4,0.171,11.94,62
-36.2051,143.387,2012-05-08,324.1,81,16.6,0.0,21.1,0.2,13.01,50
-36.2071,143.3748,2012-05-08,320.3,78,16.6,0.0,22.3,0.2,12.97,50
-35.5376,146.9168,2012-05-08,306.0,63,12.6,0.0,14.8,0.304,10.65,69
-35.9181,144.8299,2012-05-08,323.0,81,15.6,0.0,17.3,0.172,12.68,56
-35.5777,145.9859,2012-05-08,309.4,61,14.0,0.0,13.4,0.222,11.14,64
-35.0952,148.2401,2012-05-08,307.2,65,8.4,0.0,7.4,0.327,12.89,81
-35.2693,147.1439,2012-05-08,344.5,94,12.4,0.0,13.0,0.294,11.3,71
-35.2731,147.1247,2012-05-08,327.4,85,12.4,0.0,14.5,0.294,11.15,71
-35.3224,146.8793,2012-05-08,312.8,72,12.7,0.0,14.5,0.288,11.15,68
-35.2577,147.1404,2012-05-08,331.6,87,12.4,0.0,13.0,0.294,11.3,71
-35.2616,147.1211,2012-05-08,321.7,81,12.3,0.0,14.5,0.294,11.15,71
-35.2631,147.1347,2012-05-08,356.4,98,12.4,0.0,13.0,0.294,11.3,71
-35.3177,146.7926,2012-05-08,307.2,62,13.0,0.0,14.6,0.288,11.06,68
-33.9016,149.5827,2012-05-08,339.6,91,8.1,0.0,10.8,0.299,14.79,73
-33.9077,149.555,2012-05-08,302.9,35,8.4,0.0,10.8,0.299,14.6,73
-33.8878,149.5777,2012-05-08,348.5,95,7.9,0.0,10.8,0.299,14.79,73
-33.8939,149.5501,2012-05-08,314.3,74,8.3,0.0,10.8,0.299,14.79,73
-34.1397,148.3475,2012-05-08,306.0,61,10.8,0.0,10.9,0.264,13.96,73
-34.3904,147.1281,2012-05-08,352.0,97,12.7,0.0,12.7,0.268,13.21,67
-34.3944,147.1081,2012-05-08,309.6,67,12.7,0.0,13.7,0.268,13.17,67
-34.2499,147.567,2012-05-08,307.5,63,11.9,0.0,11.5,0.262,13.75,71
-35.2109,142.1968,2012-05-08,322.4,77,17.4,0.0,23.9,0.096,12.05,45
-35.2128,142.1853,2012-05-08,348.4,95,17.4,0.0,23.9,0.096,12.05,45
-35.2146,142.1739,2012-05-08,328.2,82,17.3,0.0,23.9,0.096,12.05,45
-34.0323,148.4089,2012-05-08,317.6,77,10.6,0.0,10.9,0.253,14.19,74
-34.0374,148.3848,2012-05-08,308.3,65,10.7,0.0,10.9,0.253,14.19,74
-33.9882,148.4216,2012-05-08,326.6,84,11.0,0.0,10.9,0.253,14.19,74
-34.4492,146.0472,2012-05-08,325.0,82,14.5,0.0,13.2,0.192,13.34,62
-34.4525,146.0301,2012-05-08,328.9,85,14.3,0.0,13.2,0.205,13.34,63
-34.4514,146.0423,2012-05-08,330.6,86,14.3,0.0,13.2,0.205,13.34,63
-34.4546,146.0251,2012-05-08,316.0,73,14.3,0.0,13.2,0.205,13.34,63
-33.9869,148.1872,2012-05-08,312.6,72,11.2,0.0,11.5,0.255,14.19,72
-33.9917,148.1639,2012-05-08,304.2,55,11.4,0.0,11.5,0.255,14.19,72
-34.978,142.3371,2012-05-08,318.0,71,17.7,0.0,22.8,0.166,12.1,43
-34.9798,142.3256,2012-05-08,312.5,60,17.7,0.0,22.8,0.166,12.1,43
-33.7254,148.8368,2012-05-08,322.6,81,10.6,0.0,9.3,0.227,14.48,70
-34.1477,146.5697,2012-05-08,307.1,55,14.0,0.0,13.0,0.248,13.85,63
-34.142,146.5629,2012-05-08,309.6,65,14.0,0.0,13.0,0.248,13.85,63
-33.7401,148.149,2012-05-08,306.6,55,11.5,0.0,10.8,0.22,14.38,70
-34.2968,145.3311,2012-05-08,311.3,65,15.1,0.0,15.8,0.207,13.89,59
-34.3047,145.3261,2012-05-08,307.9,57,15.1,0.0,15.8,0.207,13.89,59
-33.4767,148.6319,2012-05-08,305.7,55,11.2,0.0,8.8,0.211,14.59,69
-33.3427,148.747,2012-05-08,307.7,64,11.3,0.0,7.2,0.24,14.7,67
-33.3379,148.741,2012-05-08,305.9,60,11.4,0.0,7.2,0.24,14.7,67
-33.5876,145.9975,2012-05-08,312.9,69,14.3,0.0,11.1,0.218,14.56,64
-32.6915,149.9054,2012-05-08,305.8,60,10.4,0.0,8.2,0.345,15.13,72
-32.699,149.8734,2012-05-08,317.4,77,10.5,0.0,9.1,0.345,15.15,72
-32.6946,149.902,2012-05-08,309.8,68,10.3,0.0,8.2,0.345,15.13,72
-36.622,144.516,2012-05-08,319.4,78,14.5,0.0,15.3,0.196,12.99,63
-36.3611,145.8402,2012-05-08,307.8,66,13.2,0.0,14.6,0.212,11.83,69
-36.3329,145.7935,2012-05-08,390.8,100,13.4,0.0,14.6,0.207,11.83,68
-36.3358,145.7776,2012-05-08,357.1,99,12.9,0.0,14.6,0.207,11.83,68
-36.3696,145.5934,2012-05-08,311.2,71,13.6,0.0,14.5,0.179,12.18,67
-36.3723,145.5782,2012-05-08,306.2,63,13.6,0.0,14.5,0.179,12.18,67
-36.3224,145.7905,2012-05-08,340.1,92,13.4,0.0,14.6,0.207,11.83,68
-36.3254,145.7746,2012-05-08,326.4,84,13.0,0.0,14.6,0.207,11.83,68
-36.3112,145.6729,2012-05-08,312.8,73,13.4,0.0,14.6,0.188,11.83,67
-36.11,145.933,2012-05-08,348.7,90,13.4,0.0,14.6,0.201,11.12,67
-36.0994,145.93,2012-05-08,332.5,79,13.5,0.0,14.6,0.201,11.12,67
-36.599,143.0581,2012-05-08,305.0,37,15.6,0.0,23.3,0.259,12.68,55
-36.1895,145.1024,2012-05-08,305.5,58,14.8,0.0,14.0,0.155,12.82,61
-36.7547,141.6315,2012-05-08,321.4,78,16.0,0.0,20.6,0.218,11.39,66
-36.7564,141.6202,2012-05-08,326.2,82,16.1,0.0,21.3,0.218,11.41,66
-36.2439,144.6159,2012-05-08,314.2,73,15.6,0.0,17.0,0.148,13.01,56
-35.773,146.7877,2012-05-08,302.9,54,12.7,0.0,14.7,0.319,10.27,70
-36.659,141.5341,2012-05-08,312.9,68,16.1,0.0,21.3,0.316,11.41,66
-36.6607,141.5229,2012-05-08,318.1,75,16.1,0.0,21.3,0.316,11.41,66
-35.9565,145.4037,2012-05-08,309.0,66,14.4,0.0,13.4,0.227,11.94,63
-35.9514,145.3952,2012-05-08,334.8,89,14.4,0.0,13.4,0.227,11.94,63
-31.0168,148.5795,2012-05-08,313.3,69,14.0,0.0,8.9,0.257,15.76,61
-28.353,150.4625,2012-05-08,318.8,74,15.2,0.0,11.6,0.3,16.91,61
-28.3551,150.4711,2012-05-08,317.2,72,15.2,0.0,11.6,0.3,16.91,61
-29.2665,150.5361,2012-05-08,329.6,84,14.2,0.0,11.6,0.367,16.55,60
-29.2568,150.5774,2012-05-08,314.2,68,14.3,0.0,11.6,0.373,16.55,60
-29.2534,150.5405,2012-05-08,317.6,73,14.4,0.0,11.6,0.367,16.55,61
-29.2701,150.5454,2012-05-08,326.0,82,14.1,0.0,11.6,0.367,16.55,60
-31.0144,148.571,2012-05-08,315.5,72,14.0,0.0,8.9,0.257,15.76,61
-31.5763,145.9562,2012-05-08,312.0,36,14.7,0.0,9.4,0.142,15.51,58
-31.5807,145.9975,2012-05-08,314.6,62,14.7,0.0,9.4,0.142,15.51,58
-31.5702,145.9617,2012-05-08,313.2,50,14.7,0.0,9.4,0.142,15.51,58
-31.5744,146.0028,2012-05-08,312.1,50,14.8,0.0,9.4,0.142,15.51,58
-28.7392,147.6895,2012-05-08,319.9,66,15.8,0.0,10.5,0.198,16.63,62
-29.1335,151.2701,2012-05-08,300.6,39,13.7,0.0,10.8,0.262,16.67,65
-29.1316,151.3026,2012-05-08,301.8,49,14.0,0.0,10.8,0.262,16.67,65
-30.2362,149.096,2012-05-09,316.9,72,15.9,0.0,8.5,0.294,16.08,61
-30.2355,149.0907,2012-05-09,315.6,70,15.9,0.0,8.5,0.294,16.08,61
-37.3041,143.0395,2012-05-09,341.2,92,15.2,0.7,24.6,0.221,9.04,62
-35.4643,146.522,2012-05-09,312.0,41,15.9,0.2,16.6,0.272,11.35,60
-35.4623,146.4842,2012-05-09,311.8,38,16.0,0.2,16.6,0.272,11.35,60
-35.4531,146.4917,2012-05-09,318.4,69,16.0,0.2,16.6,0.272,11.35,60
-37.3043,143.0585,2012-05-09,323.6,82,15.2,0.7,24.6,0.231,9.04,62
-37.3024,143.0342,2012-05-09,326.0,84,15.2,0.7,24.6,0.221,9.04,62
-37.3061,143.0637,2012-05-09,325.8,84,15.2,0.7,24.6,0.231,9.04,62
-37.302,143.019,2012-05-09,305.3,0,15.2,0.7,24.6,0.221,9.04,62
-35.4148,148.0632,2012-05-09,307.8,66,10.8,0.0,8.0,0.327,13.42,76
-35.4166,148.0433,2012-05-09,304.1,57,10.6,0.0,8.0,0.348,13.42,77
-35.4072,147.8752,2012-05-09,305.4,61,11.3,0.0,10.0,0.329,13.19,78
-35.2996,148.5724,2012-05-09,314.0,74,9.3,0.0,10.8,0.344,13.63,76
-34.9282,147.7586,2012-05-09,315.4,75,13.2,0.0,11.1,0.316,13.43,73
-34.8306,148.3765,2012-05-09,304.0,54,12.6,0.0,7.6,0.314,13.77,73
-34.4658,150.8851,2012-05-09,312.9,55,18.8,0.0,14.0,0.29,13.9,64
-34.7068,148.5962,2012-05-09,303.1,47,12.6,0.0,10.7,0.306,13.89,71
-34.6963,148.3339,2012-05-09,310.3,35,12.1,0.0,10.6,0.301,13.87,70
-34.7646,147.5571,2012-05-09,317.4,76,14.1,0.0,14.1,0.303,13.18,68
-34.7664,147.5362,2012-05-09,347.8,95,14.1,0.0,14.1,0.3,13.18,67
-34.701,148.3295,2012-05-09,317.4,76,12.0,0.0,10.6,0.301,13.87,70
-34.7621,147.5518,2012-05-09,332.3,87,14.0,0.0,14.1,0.303,13.18,68
-34.764,147.531,2012-05-09,335.4,89,14.1,0.0,14.1,0.3,13.18,67
-34.6181,148.2038,2012-05-09,313.7,72,12.2,0.0,12.2,0.288,13.95,68
-34.6691,147.6247,2012-05-09,309.7,66,14.1,0.0,14.1,0.299,13.18,67
-34.6709,147.6038,2012-05-09,312.3,70,14.2,0.0,14.1,0.299,13.18,67
-34.7984,145.9774,2012-05-09,327.7,84,17.4,0.0,17.1,0.189,12.02,55
-34.6774,147.6188,2012-05-09,314.1,72,14.1,0.0,14.1,0.299,13.18,67
-34.6109,148.1959,2012-05-09,306.5,59,12.3,0.0,12.2,0.288,13.95,68
-34.8007,146.0243,2012-05-09,318.9,76,17.4,0.0,17.1,0.189,12.02,55
-34.8027,145.9977,2012-05-09,368.1,100,17.4,0.0,17.1,0.189,12.02,55
-34.7891,145.9962,2012-05-09,326.2,83,17.4,0.0,17.1,0.189,12.02,55
-34.5176,148.5578,2012-05-09,309.9,66,12.9,0.0,12.3,0.292,13.97,69
-34.5194,148.5396,2012-05-09,328.7,85,12.9,0.0,12.3,0.286,13.97,69
-34.4856,148.4377,2012-05-09,315.0,73,12.9,0.0,12.3,0.286,13.97,68
-34.4847,148.3258,2012-05-09,321.8,80,12.7,0.0,12.2,0.281,13.95,67
-34.4865,148.3072,2012-05-09,309.9,66,12.8,0.0,12.2,0.281,13.95,68
-34.5556,147.276,2012-05-09,330.7,86,14.5,0.0,14.5,0.286,13.14,65
-34.5575,147.2542,2012-05-09,319.0,77,14.4,0.0,14.5,0.286,13.14,65
-34.4834,147.9565,2012-05-09,310.2,66,13.8,0.0,12.4,0.264,13.91,66
-34.4525,147.1224,2012-05-09,321.9,79,15.2,0.0,14.8,0.263,12.74,62
-34.4399,147.121,2012-05-09,318.2,61,15.1,0.0,14.8,0.26,12.74,62
-34.4502,147.1398,2012-05-09,318.2,76,15.2,0.0,14.5,0.263,13.14,62
-34.4522,147.1177,2012-05-09,321.0,78,15.2,0.0,14.8,0.263,12.74,62
-34.3654,147.6652,2012-05-09,313.2,70,14.1,0.0,11.8,0.271,13.93,67
-34.2997,148.1167,2012-05-09,322.8,80,13.6,0.0,12.2,0.258,13.95,63
-34.3015,148.0972,2012-05-09,312.1,69,13.8,0.0,11.6,0.258,14.03,64
-34.4684,146.1294,2012-05-09,313.8,69,17.2,0.0,14.8,0.207,11.98,56
-34.4704,146.1036,2012-05-09,330.4,85,17.2,0.0,15.4,0.207,12.06,56
-34.4923,145.8123,2012-05-09,316.4,72,17.5,0.0,16.9,0.202,12.31,54
-34.4943,145.7851,2012-05-09,319.9,76,17.5,0.0,16.9,0.202,12.31,54
-34.3785,147.0863,2012-05-09,311.9,67,15.2,0.0,14.8,0.26,12.74,62
-34.4786,145.8108,2012-05-09,332.9,87,17.5,0.0,16.9,0.202,12.31,54
-34.4805,145.7837,2012-05-09,338.1,90,17.5,0.0,16.9,0.202,12.31,54
-34.3606,146.9933,2012-05-09,312.6,68,15.5,0.0,14.0,0.254,13.26,60
-34.4223,146.2018,2012-05-09,314.6,70,17.1,0.0,14.8,0.218,11.98,56
-34.4857,145.8042,2012-05-09,344.9,93,17.5,0.0,16.9,0.202,12.31,54
-34.7965,146.0041,2012-05-09,376.6,100,17.4,0.0,17.1,0.189,12.02,55
-33.3713,147.0919,2012-05-09,315.7,71,15.4,0.0,11.0,0.229,14.46,62
-33.368,147.1077,2012-05-09,312.0,65,15.4,0.0,11.0,0.229,14.46,62
-33.37,147.0865,2012-05-09,313.7,68,15.4,0.0,11.0,0.229,14.46,62
-32.7469,152.1586,2012-05-09,311.1,0,16.5,0.0,13.7,0.213,14.75,73
-32.7483,152.1473,2012-05-09,309.3,48,17.0,0.0,11.1,0.225,14.89,76
-33.1426,147.7646,2012-05-09,310.6,63,15.5,0.0,10.1,0.199,14.46,59
-32.6753,149.8854,2012-05-09,311.3,67,12.3,0.0,8.7,0.339,14.95,71
-32.309,151.4327,2012-05-09,310.7,64,15.1,0.0,9.5,0.34,15.0,62
-32.3777,148.6288,2012-05-09,308.7,56,14.1,0.0,8.2,0.18,15.05,66
-32.4178,147.6395,2012-05-09,312.1,64,14.9,0.0,10.6,0.162,14.9,62
-32.4238,147.6356,2012-05-09,315.6,70,14.9,0.0,10.6,0.162,14.9,62
-31.7796,151.199,2012-05-09,320.0,79,11.9,0.0,8.9,0.31,15.97,56
-33.858,148.6998,2012-05-09,312.5,69,13.3,0.0,10.3,0.232,14.43,67
-34.4878,145.7771,2012-05-09,324.4,80,17.5,0.0,16.9,0.202,12.31,54
-34.3601,146.986,2012-05-09,314.2,70,15.5,0.0,14.0,0.254,13.26,60
-34.4268,146.195,2012-05-09,312.7,67,17.1,0.0,14.8,0.218,11.98,56
-34.2947,147.4396,2012-05-09,324.1,81,14.4,0.0,12.1,0.263,13.8,67
-34.1806,148.4124,2012-05-09,308.7,63,13.4,0.0,11.2,0.263,14.05,68
-34.1398,148.3844,2012-05-09,328.7,85,12.6,0.0,11.2,0.248,14.05,67
-34.1416,148.3661,2012-05-09,313.4,47,12.7,0.0,11.3,0.248,14.07,67
-34.1283,148.3828,2012-05-09,319.9,78,12.6,0.0,11.2,0.248,14.05,67
-34.1301,148.3644,2012-05-09,314.0,71,12.9,0.0,11.3,0.248,14.07,67
-34.325,146.1791,2012-05-09,330.8,78,17.0,0.0,13.8,0.215,12.23,57
-34.3271,146.1536,2012-05-09,319.3,75,17.0,0.0,13.8,0.215,12.23,57
-34.2658,146.7379,2012-05-09,319.5,76,16.1,0.0,14.7,0.244,12.86,58
-34.2678,146.7144,2012-05-09,327.4,83,16.2,0.0,14.7,0.244,12.86,58
-34.0938,148.3778,2012-05-09,309.7,64,12.9,0.0,11.4,0.248,14.16,67
-34.3067,145.8886,2012-05-09,327.7,83,17.4,0.0,14.5,0.204,12.17,55
-34.3087,145.862,2012-05-09,325.4,81,17.4,0.0,15.6,0.204,12.28,55
-34.2619,145.937,2012-05-09,315.0,70,17.4,0.0,14.5,0.204,12.17,55
-34.2522,145.955,2012-05-09,309.1,53,17.3,0.0,14.5,0.215,12.17,56
-34.2543,145.9287,2012-05-09,310.7,61,17.4,0.0,14.5,0.204,12.17,55
-33.9013,149.5936,2012-05-09,327.8,84,10.4,0.0,11.6,0.294,14.54,63
-33.9029,149.578,2012-05-09,350.6,96,10.7,0.0,11.6,0.294,14.54,63
-33.9112,149.5003,2012-05-09,311.0,68,11.3,0.0,11.9,0.288,14.36,63
-34.2393,145.7657,2012-05-09,319.3,75,17.3,0.0,15.6,0.233,12.28,56
-34.2255,145.7642,2012-05-09,333.7,87,17.3,0.0,15.6,0.233,12.28,56
-34.2275,145.7372,2012-05-09,315.4,70,17.3,0.0,15.6,0.197,12.28,55
-33.8575,148.7067,2012-05-09,309.1,63,13.3,0.0,10.3,0.232,14.43,67
-33.8948,147.854,2012-05-09,324.6,81,15.0,0.0,11.6,0.222,14.15,61
-33.8966,147.8345,2012-05-09,320.2,78,14.6,0.0,11.6,0.235,14.15,64
-33.7073,148.6209,2012-05-09,309.7,44,13.0,0.0,11.0,0.215,14.28,67
-33.6995,148.5845,2012-05-09,319.4,77,13.2,0.0,11.0,0.215,14.28,67
-33.7012,148.5671,2012-05-09,310.6,50,13.2,0.0,11.0,0.215,14.28,67
-33.6882,148.5829,2012-05-09,326.2,83,13.2,0.0,11.0,0.215,14.28,67
-33.6899,148.5655,2012-05-09,317.3,75,13.2,0.0,11.0,0.215,14.28,67
-33.6067,148.5994,2012-05-09,310.9,66,13.1,0.0,10.3,0.206,14.43,67
-33.4652,148.6549,2012-05-09,316.8,74,13.2,0.0,10.3,0.216,14.43,67
-33.4669,148.6378,2012-05-09,329.1,85,13.0,0.0,10.3,0.205,14.43,67
-33.4281,148.6848,2012-05-09,315.6,73,12.8,0.0,8.5,0.229,14.49,67
-33.2656,148.4942,2012-05-09,314.9,72,13.1,0.0,8.8,0.212,14.53,65
-31.32,149.4974,2012-05-09,308.1,46,14.2,0.0,5.8,0.256,15.73,58
-30.8043,152.3561,2012-05-09,305.6,60,14.3,0.0,9.4,0.345,15.64,75
-29.8509,151.6082,2012-05-09,308.1,61,10.2,0.0,11.2,0.351,16.79,61
-29.8437,149.9964,2012-05-09,319.8,72,15.1,0.0,10.7,0.343,16.43,57
-29.8452,149.9839,2012-05-09,323.6,77,15.2,0.0,10.7,0.343,16.43,57
-31.4795,150.9042,2012-05-09,308.6,65,12.8,0.0,6.6,0.205,15.81,57
-29.4436,152.0397,2012-05-09,310.1,65,10.7,0.0,9.1,0.436,16.84,71
-29.1181,151.4622,2012-05-09,323.9,80,14.9,0.0,7.4,0.242,16.85,67
-29.1331,151.2777,2012-05-09,338.7,90,14.2,0.0,8.4,0.252,16.74,66
-29.1317,151.2885,2012-05-09,317.4,73,14.1,0.0,8.4,0.252,16.74,66
-29.05,150.5005,2012-05-09,320.2,73,15.9,0.0,8.8,0.209,16.72,54
-28.6322,152.9809,2012-05-09,308.0,64,16.4,0.0,7.6,0.358,16.41,81
-28.5952,151.8053,2012-05-09,306.9,54,13.8,0.0,5.8,0.356,16.84,67
-28.5342,151.9153,2012-05-09,306.7,52,13.3,0.0,5.8,0.336,16.84,67
-28.3715,152.4266,2012-05-09,314.7,71,15.0,0.0,7.4,0.351,16.81,74
-28.373,152.4165,2012-05-09,309.0,61,14.8,0.0,7.4,0.349,16.81,73
-37.3224,143.0405,2012-05-09,310.8,33,15.2,0.7,24.6,0.221,9.04,62
-37.3081,143.0392,2012-05-09,315.9,61,15.2,0.7,24.6,0.221,9.04,62
-34.4634,150.8871,2012-05-09,301.5,35,18.8,0.0,14.0,0.29,13.9,64
-30.3294,149.2786,2012-05-10,308.1,59,16.3,0.0,8.0,0.144,15.95,58
-30.3382,151.6434,2012-05-10,313.5,74,9.7,0.0,7.6,0.338,16.42,65
-29.8469,151.6165,2012-05-10,300.0,19,11.2,0.0,7.9,0.325,16.56,72
-29.1585,149.6377,2012-05-10,311.5,54,16.5,0.0,9.2,0.302,16.42,61
-28.7557,147.6743,2012-05-10,321.9,78,18.2,0.0,10.6,0.264,16.49,52
-28.7456,147.6766,2012-05-10,319.1,65,18.0,0.0,10.6,0.171,16.49,54
-28.8402,151.2758,2012-05-10,308.8,66,14.0,0.0,7.6,0.261,16.64,69
-29.1346,151.275,2012-05-10,339.1,91,14.4,0.0,7.7,0.243,16.53,67
-28.8386,151.2655,2012-05-10,345.8,94,13.7,0.0,6.6,0.261,16.53,69
-31.8493,149.5542,2012-05-10,305.3,56,15.6,0.0,5.8,0.328,15.42,47
-33.8583,148.7124,2012-05-10,302.9,54,14.8,0.0,12.2,0.226,14.28,62
-33.8565,148.7013,2012-05-10,319.3,79,14.8,0.0,12.2,0.226,14.28,62
-33.9019,149.593,2012-05-10,336.3,90,11.0,0.0,12.3,0.288,14.48,64
-32.7398,147.8166,2012-05-10,310.4,61,15.8,0.0,12.8,0.178,14.55,58
-32.7378,147.8047,2012-05-10,311.4,56,15.8,0.0,12.8,0.178,14.55,58
-37.3096,143.0642,2012-05-10,332.0,88,11.6,0.0,12.4,0.234,12.56,70
-37.3059,143.0461,2012-05-10,343.5,93,11.5,0.0,12.4,0.221,12.56,70
-37.3123,143.0703,2012-05-10,316.2,76,11.6,0.0,12.4,0.234,12.56,70
-37.3087,143.0521,2012-05-10,362.8,100,11.7,0.0,12.4,0.234,12.56,70
-36.7677,142.2567,2012-05-10,303.8,51,12.6,0.0,10.2,0.294,11.26,74
-36.7634,142.2361,2012-05-10,303.0,48,12.7,0.0,10.2,0.325,11.26,74
-36.7602,142.2444,2012-05-10,308.8,68,12.7,0.0,10.2,0.325,11.26,74
-37.2019,148.8862,2012-05-10,310.7,70,10.5,0.0,12.3,0.356,11.26,78
-36.9849,149.38,2012-05-10,300.5,35,11.0,0.0,12.0,0.349,11.63,75
-37.2047,148.871,2012-05-10,302.3,52,10.4,0.0,12.3,0.356,11.26,78
-36.5517,146.0733,2012-05-10,313.4,74,13.6,0.0,8.6,0.225,12.84,73
-36.5536,146.0614,2012-05-10,309.2,68,13.6,0.0,8.6,0.225,12.84,73
-36.1508,147.4885,2012-05-10,348.4,95,12.4,0.0,7.2,0.35,12.18,81
-36.1313,147.483,2012-05-10,313.1,41,11.6,0.0,8.9,0.356,12.49,80
-36.5414,144.8277,2012-05-10,321.6,80,13.3,0.0,10.2,0.196,13.01,69
-36.4708,144.5618,2012-05-10,317.0,75,13.2,0.0,10.5,0.183,13.02,68
-36.4618,144.5597,2012-05-10,312.2,69,13.2,0.0,10.5,0.183,13.02,68
-36.6839,142.8487,2012-05-10,311.9,69,12.4,0.0,9.7,0.334,12.01,71
-36.7638,142.2382,2012-05-10,305.9,57,12.7,0.0,10.2,0.325,11.26,74
-36.6824,142.6459,2012-05-10,311.9,69,12.5,0.0,9.7,0.331,12.01,72
-35.9731,146.3413,2012-05-10,314.5,74,14.2,0.0,9.1,0.231,12.27,75
-35.9751,146.3291,2012-05-10,314.4,74,14.3,0.0,9.1,0.231,12.27,75
-35.8118,146.9504,2012-05-10,307.8,46,14.0,0.2,8.7,0.3,11.69,78
-35.8022,146.948,2012-05-10,309.7,69,13.9,0.2,8.7,0.313,11.69,78
-35.9575,145.6884,2012-05-10,306.0,55,14.8,0.0,10.4,0.189,12.31,68
-36.3594,142.9404,2012-05-10,324.6,82,13.0,0.0,10.4,0.334,12.65,70
-36.4745,141.9044,2012-05-10,303.7,42,13.1,0.0,10.0,0.175,11.57,74
-36.476,141.8923,2012-05-10,302.6,25,13.1,0.0,10.0,0.175,11.57,74
-35.6984,146.8823,2012-05-10,316.8,76,14.4,0.2,8.7,0.306,11.69,77
-35.7184,146.5844,2012-05-10,311.4,70,13.7,0.0,8.9,0.307,12.19,77
-35.7205,146.5722,2012-05-10,340.4,92,14.4,0.1,8.1,0.29,11.77,75
-35.6407,146.8672,2012-05-10,311.3,70,14.3,0.1,8.7,0.297,11.76,76
-35.595,147.011,2012-05-10,308.0,58,14.3,0.1,9.7,0.298,11.38,77
-36.1127,143.5366,2012-05-10,308.7,58,14.0,0.0,9.9,0.186,12.95,67
-35.5878,146.8744,2012-05-10,319.1,78,14.1,0.1,8.2,0.297,11.37,76
-35.5502,146.9182,2012-05-10,322.3,81,14.0,0.1,9.7,0.297,11.38,76
-35.7594,145.652,2012-05-10,323.0,76,15.0,0.0,10.2,0.175,11.79,67
-35.7612,145.6404,2012-05-10,307.9,57,15.0,0.0,10.2,0.177,11.79,67
-35.6815,145.8578,2012-05-10,309.6,65,14.9,0.0,10.2,0.2,11.79,69
-36.5431,144.8164,2012-05-10,305.9,57,13.3,0.0,10.2,0.196,13.01,69
-37.4739,143.189,2012-05-10,308.5,67,11.3,0.0,14.7,0.244,12.71,69
-37.3152,143.0532,2012-05-10,349.7,96,11.7,0.0,12.4,0.234,12.56,70
-37.3167,143.0416,2012-05-10,313.3,59,11.5,0.0,12.4,0.221,12.56,70
-37.308,143.0582,2012-05-10,324.5,83,11.6,0.0,12.4,0.234,12.56,70
-37.3095,143.0465,2012-05-10,342.4,93,11.5,0.0,12.4,0.221,12.56,70
-37.1633,143.9093,2012-05-10,308.1,66,11.2,0.0,10.4,0.316,13.15,71
-37.1375,142.5282,2012-05-10,303.7,50,11.9,0.0,10.5,0.248,11.65,74
-35.6518,145.8627,2012-05-10,308.7,57,14.9,0.0,10.2,0.2,11.79,69
-35.6537,145.851,2012-05-10,340.7,92,14.9,0.0,10.2,0.2,11.79,69
-35.6444,145.8487,2012-05-10,332.0,87,14.9,0.0,10.2,0.182,11.79,69
-35.5081,145.9449,2012-05-10,324.8,82,15.1,0.0,10.0,0.208,11.39,69
-35.5015,145.9491,2012-05-10,311.5,63,15.1,0.0,10.0,0.208,11.39,69
-35.0911,148.2376,2012-05-10,308.2,67,12.5,0.0,7.0,0.323,12.86,74
-35.0141,147.7386,2012-05-10,307.7,52,13.3,0.0,9.1,0.311,12.17,76
-35.0146,147.7463,2012-05-10,313.8,73,13.1,0.0,9.1,0.311,12.17,76
-34.6487,147.765,2012-05-10,344.7,94,14.3,0.0,10.3,0.273,13.0,68
-35.0986,147.0827,2012-05-10,305.3,41,14.5,0.0,8.6,0.248,11.69,75
-35.3058,145.4754,2012-05-10,322.8,80,15.4,0.0,11.2,0.161,11.4,66
-35.3077,145.4639,2012-05-10,310.8,65,15.4,0.0,11.2,0.161,11.4,66
-35.2788,145.3083,2012-05-10,332.7,87,15.4,0.0,12.3,0.177,11.33,66
-35.2806,145.2968,2012-05-10,316.6,74,15.4,0.0,12.3,0.177,11.33,66
-35.4087,144.3965,2012-05-10,308.9,57,14.9,0.0,10.8,0.293,11.55,68
-34.9634,146.6711,2012-05-10,308.2,41,15.5,0.0,7.9,0.242,11.46,71
-34.687,147.7303,2012-05-10,309.3,66,14.2,0.0,10.3,0.291,13.0,69
-34.6461,147.7793,2012-05-10,340.1,92,14.1,0.0,10.3,0.273,13.0,68
-34.6995,147.483,2012-05-10,338.9,91,14.3,0.0,10.6,0.291,12.71,69
-34.6359,147.7765,2012-05-10,344.0,93,14.2,0.0,10.3,0.273,13.0,68
-34.6385,147.7623,2012-05-10,352.8,97,14.2,0.0,10.3,0.273,13.0,68
-34.6396,147.7707,2012-05-10,370.5,100,14.3,0.0,10.3,0.273,13.0,68
-34.6166,147.84,2012-05-10,313.7,72,14.0,0.0,9.9,0.273,13.32,68
-34.6191,147.8257,2012-05-10,307.8,63,14.2,0.0,9.9,0.273,13.32,68
-34.543,148.1292,2012-05-10,308.4,65,13.8,0.0,11.9,0.259,13.71,65
-34.5856,147.8931,2012-05-10,308.3,64,14.3,0.0,10.7,0.277,13.58,68
-34.5105,147.9496,2012-05-10,314.9,74,14.3,0.0,10.7,0.267,13.58,67
-34.616,147.3677,2012-05-10,349.2,95,14.7,0.0,10.4,0.27,12.65,69
-34.6166,147.3767,2012-05-10,325.1,46,14.7,0.0,9.8,0.27,13.01,69
-34.619,147.363,2012-05-10,325.9,37,14.7,0.0,10.4,0.27,12.65,69
-34.5037,147.9577,2012-05-10,325.6,83,14.6,0.0,10.7,0.256,13.58,65
-34.5063,147.943,2012-05-10,333.1,88,14.5,0.0,10.7,0.267,13.58,67
-34.609,147.3604,2012-05-10,323.7,69,14.8,0.0,10.4,0.27,12.65,69
-34.4835,147.8297,2012-05-10,314.4,73,14.6,0.0,9.9,0.261,13.32,67
-34.4861,147.8151,2012-05-10,311.2,69,14.5,0.0,9.9,0.261,13.32,67
-34.7957,145.957,2012-05-10,350.6,96,16.3,0.0,9.3,0.185,11.45,66
-34.7976,145.945,2012-05-10,341.9,92,16.3,0.0,9.3,0.167,11.45,66
-34.5111,147.0876,2012-05-10,331.3,84,15.3,0.0,10.4,0.256,12.24,69
-34.7102,145.7318,2012-05-10,313.0,66,16.4,0.0,10.1,0.206,11.68,65
-34.5388,146.3898,2012-05-10,315.7,72,16.3,0.0,8.4,0.224,11.37,67
-34.5409,146.3774,2012-05-10,346.0,94,16.3,0.0,8.4,0.224,11.37,67
-33.8967,149.5858,2012-05-10,304.9,57,11.0,0.0,12.3,0.288,14.48,64
-34.4915,146.2939,2012-05-10,328.7,84,16.3,0.0,7.6,0.222,11.2,67
-34.4936,146.2815,2012-05-10,364.9,100,16.3,0.0,7.6,0.222,11.2,67
-34.4956,146.2691,2012-05-10,312.3,65,16.3,0.0,7.6,0.222,11.2,67
-34.4504,146.3613,2012-05-10,348.8,93,16.3,0.0,7.6,0.224,11.2,67
-34.4408,146.3589,2012-05-10,349.7,95,16.2,0.0,7.6,0.23,11.2,66
-34.4312,146.3565,2012-05-10,324.8,33,16.2,0.0,7.6,0.23,11.2,66
-34.4333,146.3441,2012-05-10,324.7,61,16.1,0.0,7.6,0.213,11.2,67
-34.4354,146.3316,2012-05-10,318.9,61,16.1,0.0,7.6,0.213,11.2,67
-34.3995,146.1757,2012-05-10,312.1,66,16.2,0.0,7.6,0.212,11.2,67
-34.4015,146.1634,2012-05-10,306.6,32,16.2,0.0,7.6,0.212,11.2,67
-34.3899,146.1734,2012-05-10,354.1,97,16.2,0.0,7.6,0.212,11.2,67
-34.392,146.1611,2012-05-10,335.8,89,16.2,0.0,7.6,0.212,11.2,67
-33.9759,148.4484,2012-05-10,316.1,75,14.0,0.0,11.8,0.239,13.99,64
-34.0072,148.1624,2012-05-10,307.4,61,15.1,0.0,11.8,0.241,13.9,62
-34.0113,148.173,2012-05-10,308.0,62,15.2,0.0,11.8,0.241,13.9,62
-34.2953,146.1819,2012-05-10,308.0,36,16.1,0.0,8.8,0.209,10.91,68
-34.3148,145.9462,2012-05-10,309.9,52,16.2,0.0,8.9,0.199,10.4,68
-33.9077,148.1928,2012-05-10,313.2,70,14.8,0.0,11.8,0.227,13.9,61
-33.9106,148.1773,2012-05-10,313.7,72,14.5,0.0,11.8,0.227,13.9,61
-34.331,145.7883,2012-05-10,341.3,91,16.1,0.0,9.5,0.191,10.11,68
-34.333,145.7765,2012-05-10,366.6,100,16.1,0.0,9.5,0.191,10.11,68
-34.3281,145.7818,2012-05-10,347.9,95,16.1,0.0,9.5,0.191,10.11,68
-34.33,145.7699,2012-05-10,326.3,82,16.1,0.0,9.5,0.191,10.11,68
-33.9058,148.1865,2012-05-10,319.3,78,14.5,0.0,11.8,0.227,13.9,61
-33.9125,148.0283,2012-05-10,309.1,44,15.8,0.0,11.7,0.214,13.74,57
-34.7195,142.918,2012-05-10,308.9,56,15.6,0.0,9.8,0.161,11.21,67
-33.6953,148.8239,2012-05-10,332.6,87,13.6,0.0,12.5,0.214,14.18,59
-33.6985,148.8074,2012-05-10,306.8,50,13.8,0.0,12.5,0.214,14.18,60
-33.6926,148.8341,2012-05-10,310.5,67,13.8,0.0,12.5,0.214,14.18,60
-33.6957,148.8174,2012-05-10,328.9,85,14.1,0.0,12.5,0.214,14.23,60
-34.2474,145.2828,2012-05-10,311.5,64,16.4,0.0,11.3,0.112,10.26,66
-33.4865,148.6953,2012-05-10,318.3,76,14.4,0.0,11.5,0.21,14.37,61
-33.4896,148.6787,2012-05-10,323.2,81,14.7,0.0,12.1,0.21,14.12,61
-34.6003,141.4442,2012-05-10,309.5,22,15.8,0.3,9.5,0.123,11.87,68
-34.6017,141.4323,2012-05-10,325.1,80,15.8,0.3,9.5,0.123,11.87,68
-34.5924,141.4306,2012-05-10,338.9,90,15.8,0.3,9.5,0.123,11.87,68
-34.5938,141.4187,2012-05-10,328.8,80,15.8,0.3,9.5,0.123,11.87,68
-34.5953,141.4069,2012-05-10,327.3,82,15.8,0.3,9.5,0.123,11.87,68
-34.5968,141.395,2012-05-10,315.6,62,15.8,0.3,9.5,0.123,11.87,68
-34.5901,141.4127,2012-05-10,315.3,67,15.8,0.3,9.5,0.123,11.87,68
-34.5916,141.4008,2012-05-10,314.3,66,15.8,0.3,9.5,0.123,11.87,68
-33.7323,146.6561,2012-05-10,323.9,70,16.2,0.0,11.9,0.228,13.06,63
-33.8387,145.6457,2012-05-10,317.4,73,15.9,0.0,8.9,0.21,10.89,69
-33.363,147.6281,2012-05-10,316.1,73,16.7,0.0,13.1,0.203,14.32,56
-33.3681,147.6225,2012-05-10,313.0,65,16.7,0.0,13.1,0.203,14.32,56
-33.3582,147.0953,2012-05-10,316.5,72,16.7,0.0,11.0,0.222,14.31,58
-32.6027,150.1502,2012-05-10,304.0,29,14.3,0.0,8.1,0.307,14.82,62
-32.5986,150.1659,2012-05-10,304.3,32,13.4,0.0,9.3,0.307,14.95,62
-32.7445,147.814,2012-05-10,313.9,64,15.8,0.0,12.8,0.178,14.55,58
-32.2607,149.4865,2012-05-10,309.7,63,16.1,0.0,7.3,0.249,15.2,54
-32.2647,149.4668,2012-05-10,337.8,90,15.9,0.0,7.3,0.249,15.2,54
-32.268,149.4815,2012-05-10,326.3,83,16.1,0.0,7.3,0.249,15.2,54
-32.2719,149.4616,2012-05-10,328.1,84,15.6,0.0,7.3,0.249,15.2,54
-31.9571,146.7946,2012-05-10,312.4,60,17.2,0.0,11.3,0.188,14.84,54
-31.9596,146.7808,2012-05-10,312.7,58,17.2,0.0,11.3,0.188,14.84,54
-31.1307,148.869,2012-05-10,310.8,33,16.6,0.0,8.8,0.18,15.56,47
-31.0241,148.5219,2012-05-10,314.7,68,16.6,0.0,10.8,0.253,15.58,53
-30.8124,148.7216,2012-05-10,312.0,64,16.5,0.0,8.8,0.199,15.7,54
-30.1216,150.257,2012-05-10,314.2,69,13.8,0.0,6.4,0.255,16.1,62
-30.1267,150.2321,2012-05-10,309.7,59,13.2,0.0,6.4,0.255,16.1,62
-30.8104,146.5948,2012-05-10,317.0,68,18.8,0.0,10.3,0.126,15.35,47
-30.346,149.0161,2012-05-10,312.8,61,16.4,0.0,8.6,0.099,15.91,58
-30.8002,146.5924,2012-05-10,314.1,50,18.8,0.0,10.3,0.126,15.35,47
-29.6342,152.1543,2012-05-10,324.0,81,11.9,0.0,7.3,0.444,16.41,75
-31.1424,148.8721,2012-05-10,318.4,74,16.3,0.0,8.3,0.18,15.61,47
-29.6373,152.1479,2012-05-10,325.7,82,11.9,0.0,7.3,0.444,16.41,75
-29.3334,150.6313,2012-05-10,322.2,77,15.4,0.0,8.9,0.353,16.47,57
-29.339,150.6052,2012-05-10,318.7,73,15.5,0.0,9.1,0.353,16.45,57
-29.3299,150.6258,2012-05-10,324.4,79,15.5,0.0,8.9,0.353,16.47,57
-29.3354,150.5994,2012-05-10,312.3,62,15.3,0.0,9.1,0.353,16.45,57
-29.1317,151.2765,2012-05-10,315.9,69,14.5,0.0,7.7,0.243,16.53,67
-29.1382,151.2469,2012-05-10,308.9,51,14.8,0.0,7.7,0.208,16.53,66
-29.1309,151.2682,2012-05-10,319.0,74,14.6,0.0,7.7,0.243,16.53,67
-29.107,150.6638,2012-05-10,321.0,76,15.8,0.0,8.4,0.217,16.53,57
-29.1125,150.6373,2012-05-10,321.3,77,16.1,0.0,8.4,0.293,16.53,55
-28.9805,151.0289,2012-05-10,309.4,54,14.9,0.0,7.7,0.253,16.53,65
-31.8504,149.5518,2012-05-11,302.9,37,14.2,0.0,16.4,0.332,14.82,53
-29.1409,151.2904,2012-05-11,307.2,53,15.7,0.0,8.1,0.236,16.03,67
-29.1243,151.2918,2012-05-11,308.0,57,15.8,0.0,6.8,0.236,15.95,67
-29.1295,151.2838,2012-05-11,317.5,74,15.4,0.0,8.1,0.236,16.03,67
-35.6002,146.6995,2012-05-11,303.2,48,13.4,0.2,18.4,0.285,12.69,70
-35.1115,146.8857,2012-05-11,309.6,69,14.3,0.5,18.4,0.259,12.78,70
-35.1135,146.9107,2012-05-11,307.2,65,14.4,0.5,18.4,0.259,12.78,70
-35.1268,146.9092,2012-05-11,326.9,85,14.3,0.5,18.7,0.259,12.72,70
-36.9782,149.3842,2012-05-11,313.9,74,9.6,0.0,17.0,0.345,11.82,73
-36.9849,149.3893,2012-05-11,318.4,78,9.0,0.0,17.0,0.345,11.82,73
-35.7746,146.71,2012-05-11,305.6,62,12.9,0.0,17.6,0.302,12.47,72
-35.767,146.7052,2012-05-11,307.0,65,12.8,0.0,17.6,0.302,12.47,72
-35.5937,147.0701,2012-05-11,308.9,68,13.2,0.4,18.7,0.304,12.61,73
-35.5976,146.6844,2012-05-11,304.1,57,13.5,0.2,18.4,0.285,12.69,70
-35.5998,147.0661,2012-05-11,306.1,63,13.2,0.4,18.7,0.304,12.61,73
-35.3453,147.2903,2012-05-11,302.1,51,13.6,0.6,17.9,0.286,12.6,73
-35.3334,147.2821,2012-05-11,301.8,48,13.4,0.6,17.9,0.286,12.6,73
-34.9048,145.8325,2012-05-11,308.1,67,14.3,0.1,17.1,0.179,13.08,67
-34.9069,145.7887,2012-05-11,304.9,60,14.3,0.1,17.1,0.179,13.08,67
-34.4614,150.875,2012-05-11,310.4,0,18.6,0.0,17.8,0.284,11.89,73
-34.4697,146.0777,2012-05-11,309.0,24,15.1,1.0,15.6,0.206,13.26,68
-34.4717,146.036,2012-05-11,324.7,83,15.0,1.0,15.6,0.2,13.26,68
-34.4634,146.0701,2012-05-11,311.9,71,15.1,1.0,15.6,0.206,13.26,68
-34.4656,146.0284,2012-05-11,317.0,77,15.0,1.0,15.6,0.2,13.26,68
-34.3806,146.064,2012-05-11,309.6,68,15.3,1.0,15.6,0.204,13.26,68
-34.3754,146.0596,2012-05-11,309.9,68,15.3,1.0,15.6,0.204,13.26,68
-34.2524,147.8295,2012-05-11,315.5,75,15.0,0.0,15.6,0.244,13.33,67
-34.2984,146.1294,2012-05-11,304.6,57,15.4,0.7,14.8,0.207,13.2,69
-34.0289,148.2567,2012-05-11,308.5,65,14.9,0.4,14.8,0.242,13.6,67
-33.708,150.4832,2012-05-11,304.8,57,14.0,0.0,14.3,0.297,13.84,63
-33.7098,150.463,2012-05-11,310.3,68,13.8,0.6,12.8,0.297,13.48,63
-33.6568,148.6227,2012-05-11,340.4,92,14.9,0.0,11.9,0.204,13.82,63
-33.6589,148.5949,2012-05-11,315.6,74,15.1,0.0,11.9,0.204,13.82,63
-33.2639,148.5045,2012-05-11,326.8,83,15.2,0.0,13.2,0.198,14.03,57
-33.2582,148.4967,2012-05-11,318.3,70,15.1,0.0,13.2,0.198,14.03,57
-32.4453,151.4607,2012-05-11,333.8,88,16.8,0.0,11.5,0.318,14.68,65
-32.4385,148.7071,2012-05-11,306.8,47,16.1,0.0,16.8,0.204,14.43,56
-31.7418,152.6199,2012-05-11,305.5,35,16.0,0.0,9.2,0.331,14.83,81
-31.7314,152.6183,2012-05-11,311.4,70,16.2,0.0,9.2,0.331,14.83,81
-31.7329,152.6045,2012-05-11,304.6,49,15.8,0.0,9.2,0.331,14.83,81
-31.5923,150.3141,2012-05-11,312.8,70,17.1,0.0,13.3,0.254,14.95,51
-31.5941,150.2947,2012-05-11,324.7,82,17.1,0.0,13.3,0.254,14.95,51
-31.5898,150.2895,2012-05-11,313.8,31,17.1,0.0,13.3,0.254,14.95,51
-30.7926,152.1497,2012-05-11,334.2,88,14.9,0.0,9.5,0.31,15.31,71
-30.794,152.1369,2012-05-11,339.8,91,12.9,0.0,9.4,0.31,15.79,71
-30.439,152.9348,2012-05-11,309.7,69,17.2,0.0,7.7,0.334,14.85,87
-30.4406,152.9218,2012-05-11,337.0,90,17.8,0.0,7.7,0.29,14.85,86
-28.3176,148.6838,2012-05-11,319.9,53,17.7,0.0,12.2,0.214,16.6,51
-29.6291,152.1456,2012-05-11,340.0,91,11.5,0.0,9.8,0.416,16.19,78
-29.5937,150.2456,2012-05-11,316.9,71,15.4,0.0,11.6,0.209,16.05,61
-29.599,150.2415,2012-05-11,316.9,68,15.4,0.0,11.6,0.209,16.05,61
-29.1355,151.2835,2012-05-11,308.2,52,15.5,0.0,8.1,0.236,16.03,67
-29.1371,151.2684,2012-05-11,309.7,49,15.5,0.0,8.1,0.236,16.03,67
-29.0603,150.5973,2012-05-11,320.0,75,15.9,0.0,10.7,0.285,16.23,62
-28.3426,152.138,2012-05-11,321.7,79,16.4,0.0,7.4,0.229,15.98,70
-28.3285,148.7072,2012-05-11,332.6,85,17.7,0.0,12.2,0.214,16.6,51
-28.3156,148.7057,2012-05-11,330.2,83,17.7,0.0,12.2,0.214,16.6,51
-29.9995,153.1375,2012-05-11,315.7,76,17.3,0.0,7.9,0.336,15.71,80
-29.9996,153.1321,2012-05-11,313.6,74,17.3,0.0,7.9,0.336,15.71,80
-29.9961,149.2601,2012-05-11,320.4,75,16.6,0.0,11.6,0.306,15.62,60
-29.6394,152.1474,2012-05-11,350.6,96,11.8,0.0,9.8,0.425,16.19,75
-29.6411,152.1328,2012-05-11,320.7,79,11.6,0.0,9.8,0.416,16.19,78
-36.3746,145.9771,2012-05-11,301.0,43,11.7,0.0,17.6,0.24,11.42,69
-35.629,145.7302,2012-05-11,305.3,58,13.3,0.0,17.1,0.177,12.22,66
-35.6272,145.7207,2012-05-11,300.1,25,13.3,0.0,17.1,0.177,12.22,66
-35.1803,144.7506,2012-05-11,307.4,62,13.6,0.0,17.4,0.267,12.87,64
-35.1745,144.7408,2012-05-11,304.0,50,13.6,0.0,17.4,0.293,12.87,64
-35.2652,143.8189,2012-05-11,301.1,45,13.9,0.0,17.8,0.245,12.9,61
-35.2567,143.8107,2012-05-11,302.3,52,13.9,0.0,17.8,0.245,12.9,61
-29.0916,150.0938,2012-05-11,317.1,94,16.4,0.0,12.7,0.274,16.29,59
-29.0823,150.0918,2012-05-11,327.4,100,16.4,0.0,12.7,0.274,16.29,59
-29.6291,152.1378,2012-05-11,301.4,40,11.6,0.0,9.8,0.439,16.19,77
-28.5408,149.6988,2012-05-11,311.8,68,17.3,0.0,11.1,0.133,16.55,56
-29.0348,150.4452,2012-05-11,306.9,59,16.0,0.0,10.7,0.202,16.23,59
-29.1782,150.4913,2012-05-11,310.1,67,15.6,0.0,10.9,0.331,16.15,62
-29.6311,152.1432,2012-05-11,309.4,69,11.5,0.0,9.8,0.439,16.19,77
-29.6329,152.1545,2012-05-11,317.7,78,11.7,0.0,9.8,0.439,16.19,77
-28.538,149.6835,2012-05-11,309.8,64,17.3,0.0,11.1,0.133,16.55,56
-31.6646,149.4875,2012-05-11,307.7,66,14.9,0.0,17.3,0.235,14.86,55
-34.9475,147.1213,2012-05-12,318.4,78,10.3,0.0,19.5,0.254,11.56,57
-37.4083,143.8593,2012-05-12,317.5,78,7.9,0.0,21.2,0.28,8.02,76
-36.0978,145.6603,2012-05-12,306.4,63,10.8,0.0,19.2,0.167,11.03,59
-35.7876,145.7081,2012-05-12,302.5,51,11.0,0.0,19.7,0.168,11.36,56
-35.1815,146.9696,2012-05-12,301.1,44,10.7,0.0,20.3,0.264,11.89,58
-35.134,147.2313,2012-05-12,365.4,100,10.6,0.0,20.0,0.265,11.97,59
-35.1356,147.2203,2012-05-12,324.3,46,10.5,0.0,20.0,0.265,11.97,59
-35.0391,146.8641,2012-05-12,310.3,70,10.9,0.0,18.8,0.245,11.52,56
-35.0407,146.8532,2012-05-12,318.5,79,10.9,0.0,18.8,0.245,11.52,56
-34.9459,147.1323,2012-05-12,303.0,46,10.2,0.0,20.0,0.254,11.64,57
-34.711,147.7686,2012-05-12,314.6,59,10.0,0.0,20.1,0.281,11.86,61
-34.7035,147.7729,2012-05-12,323.0,77,9.9,0.0,20.1,0.281,11.86,61
-34.1196,150.9846,2012-05-12,318.1,78,13.9,0.0,23.5,0.304,13.09,57
-34.5796,147.6689,2012-05-12,320.6,68,9.8,0.0,19.5,0.26,12.24,60
-34.5812,147.6579,2012-05-12,327.4,74,10.0,0.0,19.5,0.26,12.24,60
-33.7296,151.2699,2012-05-12,326.6,80,16.2,0.0,15.7,0.183,14.21,57
-33.7325,151.254,2012-05-12,308.3,67,15.7,0.0,12.4,0.183,14.11,57
-33.719,151.2671,2012-05-12,306.6,44,16.4,0.0,15.7,0.183,14.21,57
-34.2167,146.9581,2012-05-12,302.2,50,10.2,0.0,18.4,0.243,12.54,59
-33.7233,147.6626,2012-05-12,322.8,82,10.8,0.0,16.8,0.212,13.62,61
-33.668,145.9802,2012-05-12,308.9,59,11.4,0.0,17.0,0.197,13.35,58
-33.6695,145.9694,2012-05-12,314.9,75,11.4,0.0,17.0,0.197,13.35,58
-33.6272,145.5413,2012-05-12,322.5,82,11.4,0.0,16.6,0.192,13.37,56
-33.6287,145.5304,2012-05-12,308.8,35,11.4,0.0,16.6,0.192,13.37,56
-29.6386,152.1555,2012-05-12,314.5,67,11.6,0.3,15.5,0.434,15.03,65
-29.6424,152.1362,2012-05-12,314.5,65,12.4,0.1,15.1,0.411,15.16,66
-29.1904,150.4912,2012-05-12,314.4,68,16.3,0.0,16.8,0.324,15.36,56
-29.1793,150.4885,2012-05-12,313.4,64,16.4,0.0,16.8,0.324,15.36,56
-28.5928,151.2585,2012-05-12,341.3,91,15.7,0.0,10.5,0.214,16.08,63
-28.5813,150.3344,2012-05-12,312.8,57,17.5,0.0,16.1,0.24,16.05,56
-29.1282,151.2734,2012-05-12,323.6,100,15.5,0.0,12.5,0.229,15.35,62
-29.1297,151.2837,2012-05-12,310.2,79,15.3,0.0,12.5,0.229,15.35,62
-34.4576,150.8828,2012-05-12,303.0,53,14.8,0.0,25.9,0.278,12.87,53
-28.356,148.3233,2012-05-13,309.3,67,13.2,0.0,16.8,0.134,16.58,48
-31.5481,148.7208,2012-05-13,302.6,53,10.4,0.0,22.6,0.17,13.94,57
-35.8545,146.4578,2012-05-13,306.1,63,10.3,0.1,30.6,0.258,8.43,65
-29.3452,151.2509,2012-05-13,306.7,64,10.6,0.0,19.4,0.313,16.46,58
-29.3531,151.2588,2012-05-13,308.7,59,10.6,0.0,19.5,0.175,16.43,58
-35.5212,145.4626,2012-05-13,328.0,0,11.5,0.3,29.6,0.169,8.1,62
-35.5277,145.4338,2012-05-13,305.6,54,11.5,0.3,29.6,0.161,8.1,62
-35.5314,145.4431,2012-05-13,308.5,44,11.5,0.3,29.6,0.161,8.1,62
-34.4606,150.8848,2012-05-13,322.5,100,12.9,0.0,33.2,0.27,13.2,55
-32.2837,151.681,2012-05-13,301.8,44,11.9,0.0,21.0,0.318,14.59,55
-34.4614,150.8839,2012-05-13,306.0,47,12.7,0.0,33.2,0.27,13.2,55
-34.3774,147.2462,2012-05-14,303.3,56,8.1,0.0,15.0,0.256,13.41,71
-34.4047,146.363,2012-05-14,323.5,82,9.7,0.0,18.0,0.222,13.16,67
-34.4063,146.3498,2012-05-14,307.9,66,9.8,0.0,18.0,0.203,13.16,66
-34.1469,148.0361,2012-05-14,302.9,29,7.4,0.0,12.2,0.212,13.83,72
-34.1737,147.8302,2012-05-14,305.4,61,7.7,0.0,13.0,0.219,13.73,72
-34.1751,147.8187,2012-05-14,344.9,94,7.7,0.0,13.0,0.219,13.73,72
-34.1362,148.0457,2012-05-14,308.0,66,7.4,0.0,12.2,0.212,13.83,72
-34.1377,148.0343,2012-05-14,398.0,100,7.4,0.0,12.2,0.212,13.83,72
-34.1392,148.0229,2012-05-14,328.3,86,7.4,0.0,12.2,0.212,13.83,72
-34.4629,145.2064,2012-05-14,324.7,79,11.1,0.0,22.2,0.174,12.61,65
-34.4645,145.1912,2012-05-14,320.0,75,11.1,0.0,22.2,0.174,12.61,65
-33.857,149.6072,2012-05-14,355.1,98,3.4,0.0,13.3,0.293,14.29,80
-33.8585,149.5964,2012-05-14,432.9,100,3.5,0.0,13.3,0.293,14.29,80
-33.8601,149.5856,2012-05-14,327.5,85,3.3,0.0,13.3,0.293,14.29,80
-33.848,149.6053,2012-05-14,304.0,47,3.4,0.0,13.3,0.287,14.29,79
-33.8495,149.5945,2012-05-14,378.4,87,3.5,0.0,13.3,0.287,14.29,79
-33.8511,149.5837,2012-05-14,361.4,94,3.7,0.0,13.3,0.293,14.29,80
-34.1107,146.7917,2012-05-14,304.0,52,8.9,0.0,17.7,0.237,13.1,69
-34.1884,146.1329,2012-05-14,313.0,64,10.1,0.0,17.0,0.207,12.94,67
-34.0624,146.9478,2012-05-14,304.2,58,8.6,0.0,16.7,0.239,13.26,69
-34.1787,145.7765,2012-05-14,331.7,88,10.5,0.0,21.6,0.224,12.72,66
-34.1803,145.7626,2012-05-14,329.8,86,10.5,0.0,21.6,0.224,12.72,66
-34.1685,145.7748,2012-05-14,326.5,80,10.5,0.0,21.6,0.224,12.72,66
-34.1701,145.7609,2012-05-14,327.4,85,10.5,0.0,21.6,0.224,12.72,66
-35.0864,143.736,2012-05-14,333.6,89,12.1,0.0,22.9,0.26,10.12,66
-36.4056,150.0506,2012-05-14,329.3,75,11.7,0.0,24.7,0.19,10.38,64
-35.8637,150.1124,2012-05-14,309.8,69,11.0,0.0,19.2,0.306,11.5,62
-35.8653,150.1014,2012-05-14,342.6,93,10.7,0.0,19.2,0.306,11.5,62
-36.2589,146.0774,2012-05-14,306.1,63,9.2,0.0,16.6,0.195,11.92,73
-36.2513,146.0856,2012-05-14,302.7,49,9.1,0.0,16.6,0.195,11.92,73
-36.2529,146.0709,2012-05-14,301.5,34,9.1,0.0,16.6,0.195,11.92,73
-36.2655,145.3573,2012-05-14,304.4,59,11.2,0.0,20.9,0.206,9.75,68
-35.9817,147.0161,2012-05-14,324.5,83,8.4,0.0,13.4,0.283,12.55,76
-35.9832,147.0031,2012-05-14,308.6,67,8.4,0.0,13.4,0.283,12.55,76
-36.076,145.8333,2012-05-14,303.2,55,10.9,0.0,17.3,0.172,11.89,69
-35.6127,146.7868,2012-05-14,302.3,52,8.6,0.0,16.9,0.279,13.06,73
-35.6142,146.7737,2012-05-14,302.3,51,8.6,0.0,16.9,0.279,13.06,73
-35.6749,146.07,2012-05-14,309.6,69,10.4,0.0,17.6,0.211,12.77,69
-35.6766,146.0556,2012-05-14,303.2,55,10.4,0.0,17.6,0.211,12.77,69
-35.6798,144.5132,2012-05-14,354.8,98,12.0,0.0,22.8,0.201,9.32,64
-35.6815,144.4957,2012-05-14,315.2,75,12.0,0.0,22.8,0.201,9.32,64
-35.6793,144.5256,2012-05-14,307.1,65,12.0,0.0,22.8,0.201,9.32,64
-35.6811,144.5082,2012-05-14,343.2,93,12.0,0.0,22.8,0.201,9.32,64
-35.6681,144.524,2012-05-14,305.2,56,12.0,0.0,22.8,0.201,9.32,64
-35.6699,144.5066,2012-05-14,331.9,88,12.0,0.0,22.8,0.201,9.32,64
-35.1924,146.9137,2012-05-14,307.4,65,8.6,0.0,16.3,0.256,13.2,71
-35.2308,146.5873,2012-05-14,312.4,72,9.5,0.0,17.3,0.248,13.26,69
-35.4627,144.3036,2012-05-14,339.1,91,12.0,0.0,23.1,0.273,9.6,64
-35.4644,144.2858,2012-05-14,317.0,77,12.0,0.0,23.1,0.273,9.6,64
-35.3493,144.3111,2012-05-14,302.8,37,12.1,0.0,23.5,0.263,10.07,64
-34.9745,147.2857,2012-05-14,305.7,62,8.0,0.0,14.3,0.27,13.28,73
-34.4603,150.8785,2012-05-14,312.4,63,12.8,0.0,24.6,0.265,12.27,57
-35.3585,143.4771,2012-05-14,305.7,62,12.1,0.0,22.6,0.192,10.03,67
-34.9726,145.8325,2012-05-14,348.2,95,10.5,0.0,19.5,0.178,12.99,67
-34.9742,145.8182,2012-05-14,306.2,63,10.5,0.0,19.5,0.178,12.99,67
-35.0846,143.7549,2012-05-14,312.5,73,12.1,0.0,22.9,0.261,10.12,66
-34.6543,147.1531,2012-05-14,313.7,74,8.2,0.0,14.8,0.26,13.37,72
-34.593,147.4894,2012-05-14,305.4,53,7.1,0.0,14.8,0.263,13.51,73
-34.582,147.4995,2012-05-14,313.9,74,7.2,0.0,14.8,0.263,13.51,73
-34.4103,147.9754,2012-05-14,309.0,68,7.4,0.0,12.7,0.24,13.69,73
-34.4117,147.9639,2012-05-14,336.6,90,7.4,0.0,12.7,0.24,13.69,73
-34.4105,147.7503,2012-05-14,325.8,84,7.4,0.0,13.8,0.247,13.59,72
-34.412,147.7386,2012-05-14,336.1,90,7.6,0.0,13.8,0.25,13.59,72
-34.4062,147.7439,2012-05-14,342.5,93,7.5,0.0,13.8,0.25,13.59,72
-34.4077,147.7322,2012-05-14,314.0,74,7.6,0.0,13.8,0.25,13.59,72
-34.2614,148.1453,2012-05-14,303.1,37,6.3,0.0,12.5,0.238,13.88,73
-34.2629,148.134,2012-05-14,327.1,85,6.5,0.0,12.5,0.238,13.88,73
-32.2813,151.6806,2012-05-14,303.9,58,10.9,0.0,13.1,0.313,13.88,66
-31.8003,149.7594,2012-05-14,338.9,91,8.6,0.0,13.9,0.292,15.31,65
-31.8019,149.7487,2012-05-14,331.4,87,8.8,0.0,13.9,0.318,15.31,64
-31.0851,150.0424,2012-05-14,307.5,51,9.7,0.0,13.8,0.255,15.45,57
-30.8337,150.7154,2012-05-14,304.1,58,9.6,0.0,11.1,0.195,15.53,60
-30.4396,152.9445,2012-05-14,310.7,70,13.3,0.0,15.8,0.317,15.65,60
-30.4422,152.9302,2012-05-14,369.0,100,14.0,0.0,15.8,0.274,15.65,58
-30.5341,151.9197,2012-05-14,301.3,46,6.5,0.0,14.7,0.306,16.16,66
-31.0606,148.4552,2012-05-14,304.5,34,10.8,0.0,17.4,0.18,15.4,59
-29.7615,150.9455,2012-05-14,320.5,80,8.1,0.0,11.4,0.257,16.08,65
-29.752,150.9434,2012-05-14,311.6,57,8.1,0.0,11.4,0.257,16.08,65
-29.4446,152.0434,2012-05-14,300.7,40,7.1,0.0,13.3,0.41,16.24,62
-29.3191,150.9528,2012-05-14,332.1,88,10.1,0.0,13.0,0.174,16.31,57
-29.3095,150.9508,2012-05-14,344.3,94,10.2,0.0,13.0,0.174,16.31,57
-29.3115,150.9391,2012-05-14,319.3,62,10.3,0.0,13.0,0.226,16.31,56
-29.3,150.9487,2012-05-14,314.6,37,10.2,0.0,13.0,0.226,16.31,56
-29.1326,151.2772,2012-05-14,312.7,73,10.8,0.0,11.5,0.217,16.4,57
-29.5553,147.5268,2012-05-14,312.3,69,13.1,0.0,16.9,0.084,14.71,53
-29.5567,147.5164,2012-05-14,320.2,78,13.1,0.0,16.9,0.084,14.71,53
-29.1489,149.5092,2012-05-14,308.9,57,12.2,0.0,17.1,0.293,16.12,54
-29.1506,149.4986,2012-05-14,317.4,75,12.0,0.0,17.1,0.237,16.12,56
-29.053,149.1106,2012-05-14,310.2,57,12.3,0.0,17.9,0.255,16.21,53
-29.0546,149.1002,2012-05-14,332.6,87,12.3,0.0,17.9,0.255,16.21,53
-28.7814,150.5503,2012-05-14,319.7,78,12.3,0.0,16.3,0.295,16.38,50
-28.7833,150.5388,2012-05-14,308.8,55,12.2,0.0,16.3,0.14,16.38,50
-28.8717,149.3262,2012-05-14,324.6,81,11.9,0.0,18.2,0.122,16.32,57
-28.8733,149.3158,2012-05-14,317.6,75,11.9,0.0,18.2,0.122,16.32,57
-28.5228,149.6905,2012-05-14,322.7,80,12.2,0.0,18.5,0.094,16.4,53
-28.3594,148.3184,2012-05-14,319.7,77,12.2,0.0,16.6,0.126,15.87,55
-29.1222,151.2826,2012-05-15,316.7,76,10.3,0.0,9.6,0.211,16.26,58
-29.1239,151.2977,2012-05-15,317.1,76,10.5,0.0,8.8,0.211,16.31,58
-29.133,151.2808,2012-05-15,313.4,50,9.8,0.0,9.6,0.211,16.26,58
-29.1347,151.2961,2012-05-15,315.0,62,10.5,0.0,9.0,0.211,16.21,58
-28.3763,151.2291,2012-05-15,307.5,61,11.0,0.0,9.7,0.206,16.44,55
-29.1449,149.5138,2012-05-15,309.0,46,11.4,0.0,11.1,0.287,16.02,56
-30.1288,153.0873,2012-05-15,301.6,48,14.1,0.0,12.5,0.318,15.02,70
-30.1307,153.1074,2012-05-15,301.4,47,14.0,0.0,12.5,0.318,15.02,70
-28.378,151.2435,2012-05-15,305.8,52,10.9,0.0,9.7,0.206,16.44,55
-30.6531,151.3363,2012-05-15,311.6,72,6.6,0.0,9.5,0.286,15.7,64
-31.3022,144.3499,2012-05-15,302.2,51,11.6,0.0,18.6,0.028,14.79,65
-31.9273,146.5821,2012-05-15,300.5,38,10.6,0.0,11.3,0.183,14.53,61
-34.2486,145.2788,2012-05-15,310.3,70,11.9,0.0,17.7,0.1,11.89,73
-34.2032,142.0335,2012-05-15,321.8,81,12.2,0.0,13.4,0.129,13.37,68
-34.2055,142.0464,2012-05-15,309.0,68,12.1,0.0,13.4,0.129,13.37,68
-35.8626,150.1179,2012-05-15,301.4,40,12.7,0.0,10.7,0.299,10.26,72
-36.4008,150.0516,2012-05-15,305.1,36,13.5,0.0,16.6,0.184,9.8,71
-36.4011,150.0449,2012-05-15,302.2,33,13.0,0.0,16.6,0.279,9.8,73
-35.4216,142.4777,2012-05-15,303.6,57,12.2,0.0,12.1,0.163,11.6,71
-30.1312,153.0973,2012-05-15,315.0,75,14.2,0.0,15.5,0.318,14.53,70
-30.1334,153.0654,2012-05-15,302.0,16,14.2,0.0,15.5,0.318,14.53,70
-30.1317,153.0902,2012-05-15,317.8,78,14.2,0.0,15.5,0.318,14.53,70
-36.2528,145.9423,2012-05-15,305.3,61,11.3,0.0,16.3,0.207,7.93,78
-36.2413,145.9387,2012-05-15,307.4,65,11.4,0.0,16.3,0.197,7.93,78
-35.951,146.5731,2012-05-15,304.1,53,10.2,0.0,12.3,0.249,9.45,81
-35.9082,146.4687,2012-05-15,303.0,54,10.7,0.0,12.3,0.252,9.45,80
-35.9026,146.4843,2012-05-15,302.5,45,10.7,0.0,12.3,0.252,9.45,80
-35.7335,146.9211,2012-05-15,303.2,30,9.5,0.0,11.3,0.288,10.15,80
-35.7119,146.5757,2012-05-15,303.0,54,10.4,0.0,13.5,0.267,10.09,80
-35.397,146.9343,2012-05-15,312.3,72,9.7,0.0,13.7,0.269,10.88,78
-35.4417,144.9682,2012-05-15,310.0,69,11.9,0.0,17.7,0.159,8.92,75
-34.7701,147.2886,2012-05-15,303.4,56,8.9,0.0,14.2,0.265,12.61,75
-34.7628,147.2815,2012-05-15,302.0,50,8.9,0.0,14.2,0.265,12.61,75
-34.6552,147.5177,2012-05-15,310.2,70,8.6,0.0,14.0,0.271,12.69,74
-34.9594,145.9721,2012-05-15,307.0,65,11.7,0.0,14.8,0.181,11.1,75
-34.648,147.5073,2012-05-15,310.1,69,8.4,0.0,14.0,0.259,12.69,74
-34.9678,145.9673,2012-05-15,302.0,50,11.7,0.0,14.8,0.181,11.1,75
-34.6545,147.3457,2012-05-15,348.7,95,8.8,0.0,14.2,0.264,12.61,74
-34.6599,147.3206,2012-05-15,310.8,70,8.8,0.0,14.2,0.264,12.61,74
-34.3947,147.191,2012-05-15,315.7,76,9.0,0.0,13.7,0.253,12.97,75
-34.1531,148.0884,2012-05-15,305.0,60,8.1,0.0,12.1,0.232,13.27,74
-34.15,148.0796,2012-05-15,303.6,56,8.2,0.0,12.1,0.209,13.27,74
-34.2006,147.6494,2012-05-15,351.2,96,8.8,0.0,12.9,0.228,13.31,74
-34.2066,147.6217,2012-05-15,321.3,81,8.3,0.0,13.4,0.228,13.32,74
-34.5172,145.8491,2012-05-15,321.7,81,11.7,0.0,14.8,0.188,11.61,73
-34.5154,145.8432,2012-05-15,340.0,92,11.7,0.0,14.8,0.188,11.61,73
-34.5034,145.8396,2012-05-15,313.7,74,11.7,0.0,14.8,0.188,11.61,73
-34.5075,145.819,2012-05-15,304.2,58,11.7,0.0,14.8,0.188,11.61,73
-33.936,148.2866,2012-05-15,300.7,41,8.2,0.0,11.2,0.214,13.46,74
-34.0763,147.6626,2012-05-15,303.0,54,8.5,0.0,12.4,0.219,13.53,74
-34.071,147.6532,2012-05-15,304.5,59,8.5,0.0,12.4,0.219,13.53,74
-34.7737,142.4022,2012-05-15,306.8,53,12.5,0.0,13.0,0.161,13.11,68
-34.7639,142.3997,2012-05-15,307.1,51,12.5,0.0,13.0,0.161,13.11,68
-34.2076,142.037,2012-05-15,309.9,66,12.2,0.0,13.4,0.129,13.37,68
-32.5663,148.2718,2012-05-15,303.0,54,10.3,0.0,12.4,0.139,14.31,62
-32.9887,144.8456,2012-05-15,303.4,56,11.1,0.0,18.4,0.048,13.86,72
-32.3916,146.892,2012-05-15,304.9,60,10.1,0.0,12.0,0.148,14.28,65
-31.8145,145.1965,2012-05-15,305.7,58,10.6,0.0,14.8,0.136,14.54,68
-31.8022,145.1931,2012-05-15,304.0,44,10.6,0.0,14.8,0.136,14.54,68
-31.3038,144.3355,2012-05-15,323.4,72,11.6,0.0,18.6,0.028,14.79,65
-31.284,144.3103,2012-05-15,316.6,46,11.6,0.0,18.6,0.028,14.79,65
-28.8911,149.318,2012-05-15,322.6,81,11.1,0.0,11.1,0.106,16.15,60
-28.8919,149.3141,2012-05-15,323.1,82,11.1,0.0,11.1,0.106,16.15,60
-36.8312,141.4724,2012-05-16,302.5,52,11.1,0.0,10.1,0.191,10.58,75
-36.417,150.0419,2012-05-16,300.8,31,12.0,0.0,11.3,0.275,11.8,78
-35.6874,150.0396,2012-05-16,324.5,83,8.5,0.0,7.4,0.298,13.09,79
-35.689,150.0259,2012-05-16,304.6,59,10.2,0.0,10.1,0.296,12.56,78
-35.5377,150.2621,2012-05-16,308.7,67,12.3,0.0,18.8,0.252,12.62,77
-35.4023,145.5341,2012-05-16,303.0,0,11.2,0.0,9.8,0.165,12.59,74
-35.4026,145.5269,2012-05-16,307.4,0,11.2,0.0,9.8,0.165,12.59,74
-35.0872,147.2115,2012-05-16,301.6,36,9.6,0.0,9.7,0.25,12.42,77
-34.931,148.0889,2012-05-16,302.4,52,7.7,0.0,9.9,0.294,11.81,78
-34.8969,146.9625,2012-05-16,310.5,63,9.9,0.0,9.7,0.228,12.62,76
-34.7779,147.5894,2012-05-16,305.8,55,9.0,0.0,11.6,0.273,12.24,76
-34.6512,147.4906,2012-05-16,337.8,79,9.2,0.0,11.6,0.267,12.24,75
-34.5132,148.1917,2012-05-16,309.5,69,8.0,0.0,12.4,0.248,12.4,75
-34.5098,148.1859,2012-05-16,309.7,69,8.0,0.0,12.4,0.248,12.4,75
-34.6009,146.3951,2012-05-16,303.2,50,10.9,0.0,9.4,0.191,13.06,75
-34.5585,146.3292,2012-05-16,330.3,86,11.1,0.0,8.7,0.189,13.07,75
-34.5466,146.3276,2012-05-16,303.3,31,11.2,0.0,8.7,0.205,13.07,75
-33.962,150.6219,2012-05-16,301.1,42,12.0,0.0,8.0,0.276,12.37,75
-34.4242,146.2185,2012-05-16,307.3,62,11.3,0.0,8.7,0.197,13.07,74
-34.4261,146.1983,2012-05-16,304.3,53,11.3,0.0,8.7,0.197,13.07,74
-34.2458,147.7904,2012-05-16,304.8,60,9.5,0.0,12.3,0.213,12.87,74
-34.2995,145.7772,2012-05-16,307.2,57,11.7,0.0,9.5,0.179,12.9,73
-34.3013,145.7557,2012-05-16,332.7,88,11.7,0.0,9.5,0.179,12.9,73
-34.2969,145.77,2012-05-16,322.7,81,11.7,0.0,9.5,0.179,12.9,73
-34.2989,145.7486,2012-05-16,324.5,82,11.7,0.0,9.5,0.19,12.9,73
-34.2559,145.808,2012-05-16,321.9,80,11.7,0.0,9.5,0.179,12.9,73
-34.2436,145.8065,2012-05-16,314.8,62,11.8,0.0,9.5,0.219,12.9,74
-34.2454,145.7852,2012-05-16,312.3,39,11.8,0.0,9.5,0.219,12.9,74
-33.9859,148.1196,2012-05-16,318.1,78,9.2,0.0,11.3,0.203,13.07,74
-33.9875,148.1049,2012-05-16,315.3,76,9.0,0.0,11.3,0.203,13.07,74
-33.9822,148.1137,2012-05-16,321.4,81,9.2,0.0,11.3,0.203,13.07,74
-33.967,147.1871,2012-05-16,322.0,81,9.7,0.0,9.0,0.208,13.44,74
-33.7066,148.934,2012-05-16,300.8,22,7.0,0.0,9.5,0.205,12.87,75
-33.3487,151.06,2012-05-16,314.9,40,12.2,0.0,7.5,0.249,10.99,78
-33.3469,151.0023,2012-05-16,315.9,22,11.3,0.0,7.5,0.249,10.99,78
-33.4196,149.3069,2012-05-16,309.3,68,5.1,0.0,8.0,0.279,12.88,79
-31.0281,150.9847,2012-05-16,311.6,71,9.2,0.0,8.7,0.204,15.15,67
-30.6502,149.5315,2012-05-16,316.6,39,12.1,0.0,12.5,0.303,15.12,59
-30.6379,149.5528,2012-05-16,325.7,63,11.9,0.0,12.5,0.296,15.12,57
-30.6408,149.5299,2012-05-16,332.3,87,11.9,0.0,12.5,0.296,15.12,57
-30.6299,149.5397,2012-05-16,334.5,80,12.0,0.0,12.5,0.296,15.12,57
-30.6313,149.5282,2012-05-16,402.1,100,12.1,0.0,12.5,0.296,15.12,57
-30.6328,149.5168,2012-05-16,343.5,93,12.0,0.0,12.5,0.296,15.12,57
-30.1247,150.337,2012-05-16,315.8,74,10.5,0.0,7.9,0.211,15.47,60
-29.0289,153.3707,2012-05-16,335.5,90,15.2,0.4,9.7,0.337,13.01,80
-29.0307,153.3595,2012-05-16,316.8,77,15.2,0.4,9.7,0.337,13.01,80
-29.3145,150.9574,2012-05-16,307.7,49,11.1,0.0,8.4,0.164,15.81,63
-29.3096,150.6593,2012-05-16,320.5,77,12.2,0.0,9.4,0.315,15.77,55
-29.3005,150.6577,2012-05-16,344.3,93,11.9,0.0,9.4,0.315,15.77,55
-29.3323,149.4686,2012-05-16,316.4,51,11.8,0.0,10.2,0.25,15.82,58
-28.7771,152.1292,2012-05-16,312.8,73,9.2,0.0,7.6,0.325,16.15,73
-28.8763,149.3842,2012-05-16,318.3,73,12.2,0.0,10.5,0.162,15.94,57
-28.4232,151.9082,2012-05-16,315.8,75,10.6,0.0,9.8,0.282,16.32,64
-28.7192,149.6629,2012-05-16,313.5,65,12.7,0.0,10.2,0.304,16.0,54
-28.6189,148.9455,2012-05-16,313.0,63,12.4,0.0,10.4,0.129,16.21,52
-28.6203,148.9341,2012-05-16,374.0,100,12.4,0.0,10.4,0.129,16.21,52
-28.6218,148.9228,2012-05-16,344.7,93,12.4,0.0,10.4,0.129,16.21,52
-28.6109,148.9326,2012-05-16,326.4,81,12.4,0.0,10.4,0.129,16.21,52
-28.6123,148.9212,2012-05-16,316.8,71,12.4,0.0,10.4,0.129,16.21,52
-37.4834,141.3909,2012-05-16,301.5,41,10.3,0.0,11.3,0.32,9.86,79
-28.6123,148.9396,2012-05-16,301.7,43,12.4,0.0,10.4,0.129,16.21,52
-28.6133,148.9292,2012-05-16,315.9,92,12.4,0.0,10.4,0.129,16.21,52
-28.6153,148.9231,2012-05-16,306.8,69,12.4,0.0,10.4,0.129,16.21,52
-30.3643,150.0446,2012-05-17,313.4,74,11.3,0.0,7.8,0.113,15.14,59
-28.8591,147.6134,2012-05-17,309.3,15,13.4,0.0,10.9,0.174,15.93,50
-28.6165,148.9438,2012-05-17,306.1,51,13.8,0.0,10.1,0.124,15.84,51
-28.6148,148.9334,2012-05-17,332.5,87,13.9,0.0,10.1,0.124,15.84,51
-28.7186,149.6711,2012-05-17,316.8,75,14.0,0.0,10.4,0.3,15.57,55
-28.7171,149.6608,2012-05-17,319.9,78,14.0,0.0,10.4,0.3,15.57,55
-28.2955,148.4842,2012-05-17,312.1,60,14.0,0.0,10.6,0.035,16.02,49
-28.2958,150.4928,2012-05-17,323.4,81,14.7,0.0,10.4,0.199,15.66,54
-28.2943,150.4825,2012-05-17,323.4,81,14.7,0.0,10.4,0.199,15.66,54
-31.5699,148.9768,2012-05-17,310.6,70,11.7,0.0,8.3,0.158,14.67,60
-34.265,145.2864,2012-05-17,300.9,32,10.8,0.0,9.3,0.177,13.13,72
-34.681,147.0737,2012-05-17,304.7,60,9.8,0.0,8.9,0.239,12.99,74
-35.3407,148.2689,2012-05-17,310.9,71,7.4,0.0,8.2,0.304,12.97,80
-32.0025,146.7395,2012-05-17,305.7,62,12.3,0.0,8.0,0.169,14.35,62
-33.9898,150.5699,2012-05-17,304.6,47,11.0,0.0,7.2,0.284,12.19,80
-33.9914,150.5818,2012-05-17,313.3,74,11.3,0.0,7.2,0.284,12.19,80
-33.9957,150.5749,2012-05-17,317.0,77,11.0,0.0,7.2,0.284,12.19,80
-34.2553,145.2889,2012-05-17,308.7,67,10.8,0.0,9.3,0.177,13.13,72
-35.9914,141.995,2012-05-17,300.2,33,11.1,0.0,15.9,0.16,12.34,67
-35.4352,142.4263,2012-05-17,304.2,58,11.1,0.0,13.3,0.159,12.51,68
-35.7027,145.5718,2012-05-17,305.5,61,10.0,0.0,9.7,0.16,12.52,75
-35.7006,145.5597,2012-05-17,305.0,60,10.0,0.0,9.7,0.16,12.52,75
-35.5666,148.1739,2012-05-17,339.0,91,5.8,0.0,4.6,0.34,12.93,81
-35.5576,148.1758,2012-05-17,326.0,84,5.7,0.0,4.6,0.34,12.93,81
-35.434,142.4207,2012-05-17,310.9,71,11.1,0.0,13.3,0.159,12.51,68
-35.9106,145.3676,2012-05-17,311.3,68,10.7,0.0,9.2,0.151,12.39,72
-35.9084,145.3803,2012-05-17,312.8,73,10.7,0.0,9.4,0.151,12.41,72
-35.9455,145.4569,2012-05-17,300.4,35,10.5,0.0,9.4,0.152,12.41,73
-35.9434,145.4697,2012-05-17,302.0,50,10.5,0.0,9.4,0.152,12.41,73
-35.9077,145.3747,2012-05-17,319.7,80,10.7,0.0,9.2,0.151,12.39,72
-36.8161,144.8481,2012-05-17,301.9,31,10.0,0.0,10.0,0.174,11.89,73
-37.2398,149.7439,2012-05-17,317.3,67,10.3,0.0,10.1,0.325,10.12,83
-37.4957,142.935,2012-05-17,302.5,25,10.3,0.0,19.6,0.215,11.6,68
-37.4863,142.9379,2012-05-17,325.8,84,10.1,0.0,19.6,0.215,11.6,68
-37.488,142.9266,2012-05-17,310.3,70,10.3,0.0,19.6,0.215,11.6,68
-37.4797,142.8546,2012-05-17,308.4,67,10.4,0.0,18.0,0.215,11.52,68
-37.4176,142.8987,2012-05-17,322.2,81,10.0,0.0,19.6,0.208,11.6,69
-37.4192,142.8874,2012-05-17,315.2,74,10.0,0.0,19.6,0.208,11.6,69
-36.8142,144.8603,2012-05-17,313.0,73,10.1,0.0,10.0,0.148,11.89,74
-37.0098,143.0542,2012-05-17,302.8,31,10.4,0.0,15.8,0.182,11.91,68
-36.9991,143.0634,2012-05-17,307.0,65,10.3,0.0,15.8,0.182,11.91,68
-37.0007,143.0522,2012-05-17,338.0,91,10.4,0.0,15.8,0.182,11.91,68
-36.3746,146.0764,2012-05-17,306.5,64,8.6,0.0,9.4,0.216,12.32,78
-36.9142,142.6891,2012-05-17,305.5,61,10.6,0.0,15.4,0.179,11.89,67
-36.9158,142.6778,2012-05-17,304.6,59,10.6,0.0,15.4,0.179,11.89,67
-35.5433,150.2685,2012-05-17,303.1,47,11.5,0.0,7.8,0.249,10.47,89
-36.5139,144.7658,2012-05-17,313.7,74,10.6,0.0,9.5,0.18,12.07,71
-36.5046,144.7635,2012-05-17,309.4,69,10.6,0.0,9.5,0.18,12.07,71
-36.5226,144.5935,2012-05-17,304.5,59,10.7,0.0,8.8,0.167,11.98,71
-36.2704,146.0287,2012-05-17,302.0,38,9.3,0.0,9.4,0.21,12.32,79
-36.2727,146.0153,2012-05-17,321.7,81,9.5,0.0,9.4,0.21,12.32,79
-36.607,143.8912,2012-05-17,303.3,56,10.3,0.0,9.8,0.177,11.95,72
-36.2365,146.0407,2012-05-17,306.5,64,9.1,0.0,9.4,0.199,12.32,78
-36.2488,145.6151,2012-05-17,315.6,76,10.1,0.0,7.9,0.174,12.29,75
-36.2392,145.6126,2012-05-17,310.3,68,10.1,0.0,7.9,0.174,12.29,75
-36.0793,146.2952,2012-05-17,300.9,33,9.1,0.0,6.6,0.198,12.42,77
-36.1091,145.5255,2012-05-17,303.1,55,10.4,0.0,9.4,0.157,12.41,74
-35.577,148.1798,2012-05-17,325.2,56,5.6,0.0,4.6,0.34,12.93,81
-35.5768,148.1934,2012-05-17,317.0,77,5.0,0.0,5.4,0.34,13.01,81
-35.5802,148.1754,2012-05-17,314.2,71,5.0,0.0,5.4,0.34,13.01,81
-35.5689,148.1726,2012-05-17,325.0,83,5.5,0.0,4.5,0.34,12.95,81
-36.2523,143.6748,2012-05-17,308.2,66,10.7,0.0,10.1,0.221,12.11,70
-34.144,148.069,2012-05-17,311.8,72,9.6,0.0,8.8,0.201,13.26,71
-34.3518,146.3152,2012-05-17,303.5,47,10.2,0.0,9.6,0.192,13.04,74
-34.3538,146.3241,2012-05-17,305.5,54,10.2,0.0,9.6,0.192,13.04,74
-34.3078,146.2202,2012-05-17,308.9,65,10.5,0.0,9.6,0.189,13.04,73
-34.3104,146.2058,2012-05-17,306.0,59,10.5,0.0,9.6,0.189,13.04,73
-34.2415,146.1369,2012-05-17,349.8,96,10.8,0.0,9.6,0.198,13.04,73
-34.2185,146.1458,2012-05-17,340.9,92,10.8,0.0,9.6,0.198,13.04,73
-34.2211,146.1315,2012-05-17,314.8,74,10.8,0.0,9.6,0.198,13.04,73
-33.8204,148.0689,2012-05-17,307.6,66,9.7,0.0,7.4,0.193,13.44,73
-33.6968,148.5679,2012-05-17,305.1,61,9.5,0.0,6.9,0.192,13.5,72
-34.7469,142.4039,2012-05-17,315.1,74,12.0,0.0,11.3,0.207,12.83,67
-34.7379,142.4019,2012-05-17,339.6,91,12.0,0.0,11.3,0.207,12.83,67
-34.7395,142.391,2012-05-17,307.3,39,12.0,0.0,11.3,0.207,12.83,67
-33.6348,148.3549,2012-05-17,310.3,70,9.7,0.0,7.4,0.164,13.47,71
-33.619,148.3713,2012-05-17,307.5,59,9.8,0.0,7.6,0.164,13.6,71
-33.623,148.3516,2012-05-17,327.1,85,9.8,0.0,7.6,0.164,13.6,71
-33.4165,148.7046,2012-05-17,304.7,59,8.9,0.0,9.1,0.204,13.67,72
-34.6008,141.4321,2012-05-17,328.5,65,12.1,0.0,14.2,0.111,13.09,61
-33.1148,149.0783,2012-05-17,301.4,43,7.4,0.0,5.8,0.241,13.35,75
-33.3614,147.3711,2012-05-17,315.5,75,10.2,0.0,9.7,0.166,13.64,71
-33.3812,147.2679,2012-05-17,307.8,65,10.2,0.0,8.9,0.149,13.54,71
-33.3844,147.2509,2012-05-17,328.5,85,10.2,0.0,8.9,0.149,13.54,71
-33.3502,147.3681,2012-05-17,327.2,85,10.5,0.0,9.7,0.166,13.64,72
-33.3536,147.3508,2012-05-17,360.7,100,10.5,0.0,9.7,0.166,13.64,71
-32.9629,148.2621,2012-05-17,306.4,55,10.7,0.0,8.5,0.145,13.81,69
-32.0975,150.282,2012-05-17,310.8,70,11.8,0.0,7.6,0.368,13.0,77
-32.1035,150.2546,2012-05-17,319.4,79,11.9,0.0,7.6,0.368,13.0,77
-32.9839,144.854,2012-05-17,313.1,71,11.7,0.0,8.3,0.067,13.82,69
-32.9861,144.8412,2012-05-17,314.7,73,11.8,0.0,8.3,0.048,13.82,69
-31.5969,149.7097,2012-05-17,311.9,71,10.4,0.0,7.9,0.304,14.43,70
-31.6024,149.6838,2012-05-17,303.3,43,10.6,0.0,7.9,0.304,14.43,70
-31.5371,149.9201,2012-05-17,305.7,56,11.6,0.0,8.7,0.291,14.25,71
-34.8344,145.9324,2012-05-17,317.0,67,10.2,0.0,9.6,0.153,12.94,73
-34.8368,145.9187,2012-05-17,341.8,92,10.2,0.0,9.6,0.153,12.94,73
-34.8143,145.9272,2012-05-17,311.1,35,10.2,0.0,9.6,0.153,12.94,73
-34.7969,145.966,2012-05-17,311.4,71,10.2,0.0,9.6,0.169,12.94,73
-34.4967,147.5174,2012-05-17,305.7,62,9.5,0.0,7.6,0.244,13.14,71
-34.4999,147.5006,2012-05-17,303.4,46,9.6,0.0,7.6,0.244,13.14,71
-34.7844,145.9773,2012-05-17,332.8,88,10.2,0.0,9.6,0.169,12.94,73
-34.7869,145.9634,2012-05-17,389.6,100,10.2,0.0,9.6,0.169,12.94,73
-34.7867,145.971,2012-05-17,359.3,99,10.2,0.0,9.6,0.169,12.94,73
-34.7891,145.9571,2012-05-17,351.4,96,10.2,0.0,9.6,0.169,12.94,73
-34.4969,147.5108,2012-05-17,310.2,70,9.6,0.0,7.6,0.244,13.14,71
-34.7766,145.9684,2012-05-17,339.1,91,10.2,0.0,9.6,0.169,12.94,73
-34.779,145.9545,2012-05-17,312.2,72,10.2,0.0,9.6,0.169,12.94,73
-34.6893,145.882,2012-05-17,325.6,84,10.3,0.0,9.6,0.182,12.94,72
-34.6917,145.8682,2012-05-17,327.5,85,10.3,0.0,9.5,0.182,12.97,72
-34.6793,145.8793,2012-05-17,313.9,73,10.3,0.0,9.6,0.182,12.94,72
-34.6817,145.8655,2012-05-17,311.5,71,10.3,0.0,9.5,0.182,12.97,72
-34.3478,147.3152,2012-05-17,306.3,51,9.6,0.0,8.8,0.246,13.24,72
-34.3508,147.2987,2012-05-17,315.0,75,9.7,0.0,8.8,0.252,13.24,72
-34.3445,147.2102,2012-05-17,309.7,69,9.7,0.0,8.8,0.245,13.24,73
-36.2341,142.0458,2012-05-17,309.0,65,11.1,0.0,16.4,0.245,12.2,68
-35.3892,146.7576,2012-05-17,308.1,67,9.3,0.0,7.4,0.259,12.68,74
-36.1311,141.7868,2012-05-17,336.3,74,11.1,0.0,17.1,0.15,12.14,65
-36.1221,141.7849,2012-05-17,317.2,39,11.1,0.0,16.3,0.15,12.3,65
-35.1248,147.4528,2012-05-17,313.1,73,8.9,0.0,7.6,0.271,12.93,76
-35.5184,145.2492,2012-05-17,311.6,71,10.6,0.0,9.3,0.155,12.62,71
-35.5205,145.2365,2012-05-17,306.2,63,10.6,0.0,9.3,0.155,12.62,71
-35.254,146.6367,2012-05-17,310.5,70,9.4,0.0,7.1,0.244,12.79,74
-35.5394,145.0054,2012-05-17,309.3,68,10.7,0.0,9.3,0.158,12.6,70
-35.5803,144.7593,2012-05-17,318.6,78,10.8,0.0,9.2,0.154,12.6,70
-35.5823,144.7471,2012-05-17,304.2,50,10.8,0.0,9.2,0.155,12.6,69
-35.5709,144.757,2012-05-17,306.4,34,10.8,0.0,9.2,0.154,12.6,70
-35.4067,145.5367,2012-05-17,307.9,47,10.1,0.0,8.9,0.163,12.63,73
-35.4089,145.5237,2012-05-17,304.5,20,10.1,0.0,8.9,0.163,12.63,73
-35.3969,145.5342,2012-05-17,309.3,68,10.1,0.0,8.9,0.163,12.63,73
-35.3992,145.5211,2012-05-17,307.7,61,10.1,0.0,8.9,0.163,12.63,73
-35.188,146.3672,2012-05-17,320.0,79,9.6,0.0,9.4,0.219,12.78,74
-35.18,146.3747,2012-05-17,311.0,45,9.6,0.0,9.4,0.219,12.78,74
-35.1826,146.3603,2012-05-17,314.5,54,9.6,0.0,9.4,0.219,12.78,74
-34.9168,147.0696,2012-05-17,311.8,66,9.3,0.0,8.4,0.236,12.89,75
-34.9227,147.0382,2012-05-17,320.9,80,9.4,0.0,8.4,0.224,12.89,75
-34.9256,147.0225,2012-05-17,348.0,95,9.4,0.0,8.4,0.224,12.89,75
-35.0288,145.8811,2012-05-17,340.9,92,10.2,0.0,9.4,0.172,12.87,73
-35.0312,145.8675,2012-05-17,350.2,96,10.2,0.0,9.7,0.172,12.86,73
-35.3084,144.0378,2012-05-17,317.3,76,11.3,0.0,10.2,0.28,12.67,69
-35.3103,144.0262,2012-05-17,339.9,91,11.3,0.0,10.2,0.28,12.67,69
-34.4581,148.3632,2012-05-17,304.8,60,8.5,0.0,8.7,0.257,13.17,72
-35.2046,144.2247,2012-05-17,367.1,100,11.1,0.0,9.7,0.276,12.67,70
-35.2065,144.213,2012-05-17,372.9,100,11.1,0.0,9.7,0.276,12.67,70
-34.8763,146.0364,2012-05-17,341.8,93,10.1,0.0,9.4,0.165,12.87,73
-34.8675,146.0431,2012-05-17,319.3,79,10.1,0.0,9.6,0.165,12.94,73
-34.8699,146.0291,2012-05-17,316.3,76,10.1,0.0,9.6,0.165,12.94,73
-34.8599,146.0264,2012-05-17,344.0,93,10.1,0.0,9.6,0.165,12.94,73
-34.8468,145.9213,2012-05-17,318.0,78,10.2,0.0,9.6,0.153,12.94,73
-30.6991,148.0821,2012-05-17,314.7,74,12.3,0.0,8.6,0.259,14.99,58
-29.0594,150.1049,2012-05-17,310.5,66,13.9,0.0,9.8,0.243,15.45,52
-29.0559,150.1319,2012-05-17,310.0,34,13.9,0.0,9.4,0.243,15.5,52
-28.6188,148.9348,2012-05-17,307.1,53,13.8,0.0,10.1,0.124,15.84,51
-30.1223,150.3349,2012-05-17,302.1,47,11.0,0.0,7.2,0.206,15.25,65
-36.5949,145.7781,2012-05-17,341.0,100,8.9,0.0,8.1,0.2,12.21,78
-34.5042,142.7104,2012-05-18,304.3,56,13.8,0.0,13.6,0.139,12.51,54
-34.5068,142.7211,2012-05-18,304.3,58,13.9,0.0,13.6,0.139,12.51,54
-35.0964,146.9495,2012-05-18,325.1,84,9.5,0.0,10.0,0.231,12.66,75
-35.6005,148.1251,2012-05-18,324.5,83,4.3,0.0,8.0,0.339,12.99,81
-35.4515,143.8658,2012-05-18,307.2,65,12.4,0.0,15.3,0.285,11.67,64
-36.3926,149.9977,2012-05-18,312.7,73,12.1,0.0,6.6,0.271,12.09,85
-36.3944,149.9778,2012-05-18,331.8,88,12.2,0.0,6.6,0.271,12.09,85
-35.5399,150.2692,2012-05-18,322.5,82,12.8,0.0,9.9,0.247,12.75,77
-35.6109,148.1142,2012-05-18,304.5,59,4.5,0.0,5.9,0.339,12.8,81
-35.5977,148.1125,2012-05-18,303.7,57,4.8,0.0,5.9,0.337,12.8,81
-35.5992,148.1315,2012-05-18,301.0,25,4.2,0.0,9.6,0.339,12.98,81
-35.6013,148.1054,2012-05-18,307.7,64,4.9,0.0,5.9,0.337,12.8,81
-35.4535,143.8728,2012-05-18,309.3,68,12.4,0.0,15.3,0.285,11.67,64
-35.1083,146.9597,2012-05-18,307.4,65,9.6,0.0,10.0,0.222,12.66,75
-35.094,146.9584,2012-05-18,306.5,64,9.6,0.0,10.0,0.222,12.66,75
-34.7323,148.1712,2012-05-18,312.5,73,7.7,0.0,9.5,0.256,13.07,74
-34.4588,150.884,2012-05-18,313.1,55,14.8,0.0,10.3,0.258,12.8,78
-34.7475,147.6356,2012-05-18,309.2,68,9.1,0.0,8.2,0.261,12.97,75
-34.7396,147.6277,2012-05-18,311.3,71,9.2,0.0,8.2,0.261,12.97,75
-34.7304,148.1946,2012-05-18,302.8,54,7.8,0.0,8.5,0.269,13.08,75
-34.6044,146.2544,2012-05-18,335.7,90,10.7,0.0,8.7,0.183,12.89,71
-34.5818,147.4457,2012-05-18,312.0,72,9.2,0.0,8.7,0.236,13.06,74
-34.5727,147.4647,2012-05-18,308.8,58,9.1,0.0,8.7,0.248,13.06,74
-34.5749,147.4375,2012-05-18,308.8,59,9.3,0.0,8.7,0.236,13.06,74
-34.6022,146.2865,2012-05-18,324.5,83,10.7,0.0,8.7,0.183,12.89,71
-34.5831,146.1214,2012-05-18,307.7,66,11.0,0.0,7.9,0.185,12.87,69
-34.5847,146.1172,2012-05-18,305.5,44,11.0,0.0,7.9,0.185,12.87,69
-34.3637,146.2843,2012-05-18,315.3,76,10.9,0.0,8.5,0.188,13.04,70
-34.382,145.9913,2012-05-18,350.7,96,11.2,0.0,7.9,0.162,12.87,69
-34.3841,145.9579,2012-05-18,324.8,83,11.2,0.0,7.9,0.162,12.87,69
-34.3641,146.28,2012-05-18,313.2,70,10.9,0.0,8.5,0.188,13.04,70
-34.3843,145.9872,2012-05-18,352.0,97,11.2,0.0,7.9,0.162,12.87,69
-34.3865,145.9539,2012-05-18,314.2,74,11.2,0.0,7.9,0.162,12.87,69
-34.205,147.6699,2012-05-18,308.8,68,10.0,0.0,7.6,0.218,13.22,70
-34.207,147.6445,2012-05-18,309.8,69,10.2,0.0,7.6,0.219,13.22,69
-34.1272,148.3178,2012-05-18,305.2,61,9.3,0.0,9.6,0.227,13.27,71
-34.2586,145.8332,2012-05-18,317.9,77,11.2,0.0,8.5,0.173,13.03,69
-33.7006,151.1807,2012-05-18,301.4,46,14.3,0.0,6.9,0.244,12.95,79
-33.7022,151.1658,2012-05-18,325.8,84,13.9,0.0,6.9,0.244,12.95,79
-33.91,148.4416,2012-05-18,304.4,51,9.0,0.0,7.6,0.227,13.4,73
-33.4649,150.7183,2012-05-18,302.7,53,12.1,0.0,8.0,0.275,13.3,77
-33.264,148.4571,2012-05-18,305.0,39,9.3,0.0,9.5,0.177,13.79,66
-31.4896,150.1486,2012-05-18,316.6,76,12.8,0.0,7.1,0.275,14.45,60
-31.6804,146.3264,2012-05-18,307.7,58,13.2,0.0,10.4,0.119,14.49,48
-34.5674,148.7514,2012-05-18,346.7,95,8.1,0.0,10.2,0.27,13.24,72
-34.5693,148.7289,2012-05-18,305.2,61,8.2,0.0,10.2,0.274,13.24,73
-34.5815,147.6321,2012-05-18,308.1,66,9.3,0.0,7.2,0.252,13.1,74
-34.5835,147.606,2012-05-18,311.7,72,9.3,0.0,8.7,0.252,13.06,74
-29.3991,150.4491,2012-05-18,307.9,55,13.3,0.0,8.8,0.193,15.26,52
-29.3205,150.9594,2012-05-18,305.5,28,11.8,0.0,7.5,0.155,15.37,63
-28.8759,149.395,2012-05-18,311.7,48,14.1,0.0,10.5,0.143,15.32,57
-29.5934,149.3788,2012-05-18,319.4,75,13.8,0.0,10.3,0.25,15.29,56
-29.5927,149.3899,2012-05-18,328.7,83,13.8,0.0,10.3,0.25,15.29,56
-29.4095,150.4507,2012-05-18,306.1,40,13.4,0.0,8.8,0.203,15.26,54
-29.1122,151.0927,2012-05-18,325.0,82,11.5,0.0,8.7,0.117,15.47,61
-30.6354,149.5231,2012-05-18,308.5,64,12.8,0.0,9.2,0.291,14.94,56
-30.1036,150.2306,2012-05-18,334.3,88,11.5,0.0,5.4,0.203,15.22,59
-28.945,149.9082,2012-05-18,313.2,66,14.6,0.0,11.4,0.071,15.31,52
-28.781,152.1267,2012-05-18,301.7,41,10.3,0.0,5.4,0.319,15.5,72
-29.0855,150.0892,2012-05-18,315.5,70,14.3,0.0,11.4,0.24,15.31,50
-29.219,149.1645,2012-05-18,326.9,82,13.7,0.0,10.2,0.252,15.3,56
-29.5917,149.3952,2012-05-18,333.9,87,13.7,0.0,10.3,0.25,15.29,56
-35.184,141.9388,2012-05-18,307.9,66,13.8,0.0,14.2,0.135,12.05,55
-35.1872,141.9316,2012-05-18,307.9,65,13.8,0.0,14.2,0.135,12.05,55
-34.3435,143.0698,2012-05-18,319.7,80,13.4,0.0,13.4,0.1,12.82,57
-34.3388,143.0602,2012-05-18,317.3,78,13.4,0.0,13.4,0.1,12.82,57
-36.5976,145.7737,2012-05-18,310.4,80,8.9,0.0,11.5,0.197,10.83,78
-29.0888,150.1001,2012-05-18,302.3,48,14.3,0.0,11.4,0.24,15.31,50
-29.0909,150.0875,2012-05-18,323.5,100,14.3,0.0,11.4,0.24,15.31,50
-28.6189,150.2027,2012-05-18,305.8,59,14.8,0.0,10.1,0.18,15.34,55
-28.6169,150.1908,2012-05-18,305.0,57,14.8,0.0,10.1,0.18,15.34,55
-31.3433,151.3904,2012-05-19,303.7,57,7.2,0.0,8.6,0.266,14.14,55
-30.591,144.5419,2012-05-19,303.4,34,14.6,0.0,13.8,0.027,14.54,45
-29.0712,150.0247,2012-05-19,306.1,46,14.1,0.0,10.1,0.157,15.25,47
-34.4643,150.8854,2012-05-19,302.6,32,14.6,0.0,14.4,0.255,12.08,67
-35.7186,146.4951,2012-05-19,303.4,56,10.4,0.0,8.7,0.244,10.91,76
-35.5883,146.0186,2012-05-19,344.2,94,11.1,0.0,9.7,0.185,11.24,73
-35.59,146.0075,2012-05-19,333.6,89,11.1,0.0,9.7,0.185,11.24,73
-35.1741,148.4995,2012-05-19,306.0,63,5.8,0.0,9.6,0.326,11.69,81
-35.1644,148.4971,2012-05-19,310.5,70,6.0,0.0,9.6,0.322,11.69,80
-35.5078,146.0577,2012-05-19,314.9,75,10.9,0.0,9.7,0.197,11.24,74
-35.5014,146.0509,2012-05-19,316.8,77,11.0,0.0,9.7,0.197,11.24,74
-35.2833,147.2822,2012-05-19,310.7,70,8.7,0.0,10.7,0.253,11.23,78
-35.3142,146.8454,2012-05-19,339.4,91,9.8,0.0,9.8,0.246,11.14,75
-35.3051,146.8432,2012-05-19,314.4,64,9.8,0.0,9.8,0.246,11.14,75
-35.6324,144.3468,2012-05-19,313.2,73,12.3,0.0,10.7,0.268,9.27,73
-35.3184,145.4734,2012-05-19,316.2,76,12.0,0.0,11.2,0.144,11.29,70
-35.3058,143.5409,2012-05-19,307.9,66,12.6,0.0,11.7,0.255,10.35,74
-34.7514,147.3245,2012-05-19,305.5,61,9.6,0.0,10.9,0.251,11.46,74
-35.3011,143.5345,2012-05-19,306.6,63,12.6,0.0,11.7,0.255,10.35,74
-34.6477,147.4844,2012-05-19,309.1,68,9.2,0.0,10.0,0.245,11.51,74
-34.6383,147.4821,2012-05-19,310.0,69,9.1,0.0,10.0,0.245,11.51,74
-34.9007,145.8106,2012-05-19,328.0,85,11.4,0.0,9.7,0.159,11.11,72
-34.8916,145.8132,2012-05-19,307.7,65,11.4,0.0,9.7,0.159,11.11,72
-34.8932,145.8022,2012-05-19,304.7,58,11.4,0.0,9.7,0.159,11.11,72
-34.6352,147.1678,2012-05-19,317.9,78,10.0,0.0,10.9,0.244,11.46,73
-36.4963,144.8783,2012-05-19,308.0,66,11.2,0.0,11.3,0.168,8.13,74
-36.4979,144.8671,2012-05-19,305.3,58,11.3,0.3,10.5,0.168,7.95,74
-35.8866,147.0904,2012-05-19,309.6,69,9.3,0.0,8.8,0.277,10.66,79
-36.2802,143.4506,2012-05-19,309.1,68,11.9,0.0,12.3,0.169,7.82,76
-35.8983,145.7294,2012-05-19,305.5,62,11.4,0.0,10.7,0.155,10.69,72
-34.5954,144.6823,2012-05-19,301.6,36,12.8,0.0,11.0,0.175,11.57,67
-34.594,147.2431,2012-05-19,307.5,60,9.7,0.0,10.6,0.244,11.56,73
-34.2183,148.0187,2012-05-19,305.7,62,10.4,0.0,8.4,0.213,11.81,66
-34.3455,147.1902,2012-05-19,320.2,80,10.9,0.0,10.6,0.239,11.71,69
-34.3474,147.1784,2012-05-19,308.1,66,10.8,0.0,10.6,0.239,11.71,69
-34.3542,146.3263,2012-05-19,311.4,70,11.0,0.0,9.5,0.186,11.17,72
-34.1771,147.0889,2012-05-19,321.8,81,11.1,0.0,10.6,0.228,11.6,67
-34.1584,146.3389,2012-05-19,315.5,74,11.5,0.0,9.5,0.198,11.17,69
-34.1601,146.3277,2012-05-19,315.3,74,11.5,0.0,9.5,0.198,11.17,69
-33.8243,146.5815,2012-05-19,306.2,59,12.3,0.0,9.9,0.199,11.74,61
-33.8261,146.5702,2012-05-19,302.5,32,12.3,0.0,9.9,0.199,11.74,61
-33.6862,146.4674,2012-05-19,304.1,48,12.6,0.0,9.9,0.188,11.74,61
-33.1062,149.0809,2012-05-19,319.9,80,7.3,0.0,10.7,0.236,12.82,65
-33.1088,149.0666,2012-05-19,305.1,61,7.4,0.0,10.7,0.236,12.82,65
-33.0959,149.0782,2012-05-19,347.5,95,7.8,0.0,10.7,0.238,12.82,62
-33.0985,149.0639,2012-05-19,341.1,92,7.6,0.0,10.7,0.236,12.82,65
-33.4024,146.6725,2012-05-19,306.2,60,12.0,0.0,9.2,0.192,12.13,61
-29.1719,150.391,2012-05-19,313.8,70,13.6,0.0,9.2,0.284,15.0,49
-29.0729,150.0295,2012-05-19,313.8,60,14.1,0.0,10.1,0.157,15.25,47
-29.0766,150.0105,2012-05-19,314.6,59,14.1,0.0,10.1,0.157,15.25,47
-29.07,150.0235,2012-05-19,315.1,72,14.1,0.0,10.1,0.157,15.25,47
-28.6907,150.3419,2012-05-19,322.4,75,14.3,0.0,8.7,0.185,14.82,53
-28.6947,150.3215,2012-05-19,311.7,66,14.3,0.0,8.7,0.185,14.82,53
-28.1725,152.2776,2012-05-19,311.0,58,13.4,0.0,7.2,0.192,15.44,63
-28.1784,152.2502,2012-05-19,349.3,95,13.5,0.0,7.2,0.192,15.44,63
-30.8127,146.573,2012-05-19,311.3,60,14.9,0.0,8.9,0.11,14.03,42
-28.1901,152.2457,2012-05-19,309.7,50,13.1,0.0,7.2,0.182,15.44,65
-28.1701,152.2698,2012-05-19,326.8,83,13.5,0.0,7.2,0.192,15.44,63
-28.1759,152.242,2012-05-19,337.6,90,13.2,0.0,7.2,0.182,15.44,65
-28.3123,148.4843,2012-05-19,328.9,84,15.3,0.0,10.2,0.032,15.51,51
-28.8801,148.5454,2012-05-19,300.6,30,14.4,0.0,9.9,0.082,15.27,51
-29.0686,150.0349,2012-05-20,306.8,49,13.8,0.0,9.9,0.155,15.42,43
-32.3356,150.7822,2012-05-20,312.3,72,11.2,0.0,11.8,0.279,12.74,73
-32.3379,150.814,2012-05-20,301.0,43,11.4,0.0,11.8,0.279,12.74,73
-32.3342,150.7756,2012-05-20,307.4,65,11.3,0.0,11.8,0.279,12.74,73
-32.3364,150.8074,2012-05-20,306.1,63,11.4,0.0,11.8,0.279,12.74,73
-34.5313,142.1759,2012-05-20,305.6,62,10.4,0.0,11.4,0.202,12.61,65
-35.9758,141.2759,2012-05-20,302.8,41,8.9,0.0,9.1,0.165,11.81,65
-35.3205,147.0503,2012-05-20,320.2,80,8.8,0.0,10.6,0.247,11.85,80
-35.3225,147.0025,2012-05-20,303.8,57,9.0,0.0,10.6,0.244,11.85,79
-35.3191,147.0463,2012-05-20,320.8,80,8.9,0.0,10.6,0.244,11.85,79
-35.3213,146.9987,2012-05-20,300.4,35,9.0,0.0,10.6,0.244,11.85,79
-34.7743,147.3435,2012-05-20,304.7,60,9.3,0.0,11.0,0.248,12.54,77
-34.7763,147.2992,2012-05-20,311.2,71,9.4,0.0,11.0,0.248,12.54,77
-34.7877,147.3407,2012-05-20,306.7,64,9.4,0.0,11.0,0.248,12.54,77
-34.79,147.2968,2012-05-20,309.1,68,9.3,0.0,11.0,0.248,12.54,77
-34.4124,147.4693,2012-05-20,304.9,60,9.5,0.0,8.8,0.225,12.54,77
-34.4247,147.466,2012-05-20,306.5,60,9.4,0.0,8.8,0.225,12.54,77
-33.567,148.001,2012-05-20,305.4,61,10.2,0.0,9.8,0.182,13.15,72
-33.5741,147.9941,2012-05-20,307.0,65,10.2,0.0,9.8,0.182,13.15,72
-33.389,147.2395,2012-05-20,300.2,0,10.7,0.0,9.0,0.181,12.73,73
-32.511,151.6691,2012-05-20,301.7,37,10.8,0.9,8.0,0.302,10.33,80
-29.0815,150.0205,2012-05-20,310.7,44,13.8,0.0,9.9,0.155,15.42,43
-29.0662,150.0424,2012-05-20,313.5,71,13.8,0.0,9.9,0.155,15.42,43
-29.0682,150.019,2012-05-20,325.5,82,13.8,0.0,9.9,0.155,15.42,43
-34.4008,145.8276,2012-05-20,310.8,70,10.4,0.0,9.2,0.182,12.5,72
-35.9448,146.5658,2012-05-20,303.7,57,9.2,0.0,8.4,0.256,10.52,81
-35.7379,146.896,2012-05-20,301.0,38,9.6,0.0,6.4,0.273,10.82,81
-36.8148,142.3192,2012-05-20,302.5,38,8.8,0.0,8.3,0.267,10.88,68
-35.2989,146.833,2012-05-20,305.0,60,8.8,0.0,9.7,0.243,12.2,76
-35.6359,145.4259,2012-05-20,305.1,61,10.2,0.0,9.4,0.142,12.19,70
-35.2971,146.8281,2012-05-20,302.8,54,8.8,0.0,9.7,0.243,12.2,76
-35.6417,145.4236,2012-05-20,300.2,32,10.2,0.0,9.4,0.142,12.19,70
-34.9222,147.4798,2012-05-20,303.0,55,9.8,0.0,9.9,0.262,11.94,78
-34.9244,147.4764,2012-05-20,301.4,47,9.8,0.0,9.9,0.262,11.94,78
-34.9309,147.1658,2012-05-20,306.0,63,9.0,0.0,11.0,0.238,12.12,77
-35.4568,145.1465,2012-05-20,312.9,73,10.3,0.0,10.2,0.154,12.28,69
-34.9179,147.2035,2012-05-20,304.2,58,9.1,0.0,11.0,0.238,12.12,77
-34.9298,147.157,2012-05-20,303.2,55,9.0,0.0,11.0,0.238,12.12,77
-35.36,144.9598,2012-05-20,329.7,86,10.3,0.0,10.8,0.152,12.27,69
-35.3453,144.9546,2012-05-20,315.4,76,10.3,0.0,10.8,0.156,12.27,70
-34.7597,147.2415,2012-05-20,305.2,61,9.4,0.0,11.0,0.239,12.54,76
-35.5285,144.1021,2012-05-20,302.7,53,10.5,0.0,10.2,0.256,10.95,69
-34.7762,147.2401,2012-05-20,300.4,37,9.4,0.0,11.0,0.239,12.54,76
-35.5192,144.1232,2012-05-20,303.0,53,10.6,0.0,10.2,0.256,10.95,69
-34.6847,146.9458,2012-05-20,300.6,40,9.8,0.0,11.0,0.215,12.66,74
-34.4053,145.834,2012-05-20,313.7,74,10.4,0.0,9.2,0.182,12.5,72
-34.6805,142.7457,2012-05-20,302.9,54,10.4,0.0,10.8,0.242,12.38,68
-34.4627,150.8893,2012-05-20,303.0,53,14.0,3.2,18.7,0.279,8.39,80
-28.7048,150.352,2012-05-20,317.8,78,14.2,0.0,8.9,0.216,15.51,44
-28.7015,150.3347,2012-05-20,312.0,72,14.3,0.0,8.9,0.183,15.51,43
-29.1347,149.4969,2012-05-20,310.0,25,13.1,0.0,10.1,0.26,15.33,51
-29.1418,149.5093,2012-05-20,323.4,62,13.1,0.0,10.1,0.26,15.33,51
-32.8701,146.6394,2012-05-20,300.0,20,11.2,0.0,10.4,0.124,13.11,71
-30.6496,151.3432,2012-05-20,307.8,62,8.2,0.0,12.0,0.232,14.86,61
-30.9594,151.8756,2012-05-20,302.2,51,6.4,0.0,9.8,0.285,14.08,70
-34.4618,150.8868,2012-05-20,303.3,42,14.1,3.2,18.7,0.279,8.39,80
-37.2398,149.7346,2012-05-21,304.8,37,9.5,0.0,8.7,0.308,11.53,82
-37.238,149.746,2012-05-21,309.8,17,9.6,0.0,8.7,0.308,11.53,82
-37.3486,149.8147,2012-05-21,313.8,74,11.1,0.0,8.7,0.301,11.53,80
-37.3594,149.8055,2012-05-21,307.4,23,11.2,0.0,8.7,0.304,11.53,80
-37.3503,149.8033,2012-05-21,308.5,67,10.6,0.0,8.7,0.304,11.53,80
-37.2415,149.7231,2012-05-21,311.1,43,8.8,0.0,7.7,0.308,11.61,82
-35.4306,147.67,2012-05-21,302.5,52,6.6,0.0,8.7,0.284,11.97,77
-35.6302,146.0675,2012-05-21,304.6,46,8.1,0.0,9.2,0.193,11.58,73
-35.6556,145.7802,2012-05-21,306.2,63,8.3,0.0,10.1,0.162,11.71,72
-35.6571,145.7676,2012-05-21,323.6,83,8.3,0.0,10.1,0.162,11.71,72
-35.6691,145.4166,2012-05-21,304.8,60,8.9,0.0,10.1,0.153,11.89,70
-35.6706,145.4036,2012-05-21,317.2,77,8.9,0.0,10.1,0.153,11.89,70
-35.5639,145.6147,2012-05-21,318.3,78,8.5,0.0,10.3,0.156,12.12,72
-35.5654,145.6019,2012-05-21,314.0,74,8.5,0.0,10.3,0.156,12.12,72
-35.3964,146.7665,2012-05-21,310.6,70,8.3,0.0,8.2,0.248,12.2,71
-35.5138,145.5219,2012-05-21,314.8,75,8.7,0.0,10.3,0.155,12.12,71
-35.2571,146.9095,2012-05-21,308.0,66,8.4,0.0,9.4,0.241,12.64,70
-35.2586,146.8981,2012-05-21,316.3,77,8.4,0.0,9.4,0.241,12.64,70
-35.3894,145.115,2012-05-21,319.1,79,9.4,0.0,12.0,0.151,12.23,68
-35.391,145.1017,2012-05-21,340.7,92,9.4,0.0,12.0,0.151,12.23,68
-35.1658,146.8391,2012-05-21,309.2,68,8.2,0.0,9.3,0.234,12.62,69
-35.3795,145.1133,2012-05-21,320.8,80,9.4,0.0,12.0,0.151,12.23,68
-35.3811,145.1,2012-05-21,351.4,96,9.4,0.0,12.0,0.151,12.23,68
-35.35,144.9305,2012-05-21,304.3,58,9.7,0.0,11.7,0.153,12.35,67
-35.3478,144.7704,2012-05-21,351.2,96,9.8,0.0,12.3,0.151,12.3,67
-35.3378,144.7687,2012-05-21,317.6,78,9.8,0.0,12.3,0.151,12.3,67
-34.4635,150.8806,2012-05-21,307.4,49,14.3,0.0,13.9,0.287,11.09,81
-35.3473,144.1158,2012-05-21,327.8,85,10.4,0.0,12.1,0.266,11.81,65
-35.3489,144.1009,2012-05-21,358.8,99,10.4,0.0,12.1,0.266,11.81,65
-35.3526,144.1114,2012-05-21,331.8,88,10.5,0.0,12.1,0.269,11.81,65
-35.3543,144.0965,2012-05-21,327.5,85,10.5,0.0,12.1,0.269,11.81,65
-35.3422,144.1097,2012-05-21,328.9,86,10.4,0.0,12.1,0.266,11.81,65
-35.3438,144.0948,2012-05-21,323.0,82,10.4,0.0,12.1,0.266,11.81,65
-35.2655,144.4232,2012-05-21,318.0,78,10.2,0.0,11.8,0.245,12.17,66
-34.6757,148.5189,2012-05-21,318.3,74,8.2,0.0,9.4,0.27,12.06,78
-34.6773,148.508,2012-05-21,327.5,64,8.1,0.0,9.4,0.27,12.06,78
-35.2409,144.1017,2012-05-21,310.8,70,10.5,0.0,12.1,0.271,11.81,64
-34.8682,147.0759,2012-05-21,307.5,65,8.5,0.0,10.3,0.224,12.64,69
-34.8698,147.0646,2012-05-21,303.6,57,8.7,0.0,10.3,0.224,12.64,69
-35.2468,143.9505,2012-05-21,316.0,76,10.6,0.0,12.1,0.272,11.81,64
-35.2484,143.9355,2012-05-21,310.0,69,10.6,0.0,12.1,0.271,11.81,64
-35.1728,143.9946,2012-05-21,339.9,86,10.6,0.0,12.1,0.272,11.81,64
-35.1745,143.9796,2012-05-21,350.5,84,10.6,0.0,12.1,0.272,11.81,64
-34.7183,147.5089,2012-05-21,312.7,73,8.3,0.0,10.7,0.252,12.47,73
-34.7198,147.4978,2012-05-21,324.2,83,8.2,0.0,10.7,0.252,12.47,73
-34.9214,145.962,2012-05-21,304.0,57,8.8,0.0,10.0,0.156,12.54,70
-34.8905,146.0547,2012-05-21,304.0,32,8.8,0.0,10.0,0.15,12.54,69
-34.925,145.776,2012-05-21,334.8,89,8.9,0.0,10.5,0.155,12.48,69
-34.8716,146.0512,2012-05-21,315.0,75,8.8,0.0,10.0,0.15,12.57,69
-34.8731,146.0392,2012-05-21,332.0,88,8.8,0.0,10.0,0.156,12.57,70
-34.8383,145.8904,2012-05-21,307.8,65,9.1,0.0,10.0,0.145,12.57,68
-34.8399,145.8782,2012-05-21,303.8,56,9.1,0.0,10.0,0.145,12.57,68
-35.1106,143.312,2012-05-21,309.0,67,10.7,0.0,15.1,0.23,11.47,64
-34.7573,146.0423,2012-05-21,305.3,60,9.0,0.0,10.0,0.16,12.57,69
-34.7588,146.0303,2012-05-21,305.6,61,9.0,0.0,10.0,0.16,12.57,69
-34.4975,147.6434,2012-05-21,309.1,33,8.7,0.0,10.4,0.233,12.33,74
-34.499,147.6324,2012-05-21,314.4,66,8.7,0.0,10.4,0.233,12.33,74
-34.49,147.6306,2012-05-21,314.7,72,8.7,0.0,10.4,0.233,12.33,74
-34.398,147.6274,2012-05-21,303.6,56,9.0,0.0,10.4,0.233,12.33,74
-34.3995,147.6165,2012-05-21,305.4,61,8.9,0.0,10.3,0.233,12.41,74
-34.4507,147.1746,2012-05-21,301.5,48,8.6,0.0,10.6,0.235,12.42,71
-34.4458,146.9509,2012-05-21,345.0,94,9.0,0.0,10.6,0.212,12.45,69
-34.4473,146.9397,2012-05-21,370.2,100,8.8,0.0,10.6,0.215,12.45,68
-34.4382,146.9379,2012-05-21,310.1,69,9.0,0.0,10.6,0.215,12.45,68
-34.1907,148.4403,2012-05-21,305.6,50,9.1,0.0,10.4,0.224,12.46,77
-34.1922,148.4294,2012-05-21,312.2,72,9.0,0.0,10.4,0.224,12.46,77
-34.3643,147.2086,2012-05-21,315.9,76,8.8,0.0,10.5,0.235,12.2,71
-34.3658,147.1976,2012-05-21,305.0,60,8.8,0.0,10.5,0.235,12.2,71
-34.1817,148.4384,2012-05-21,327.6,85,9.0,0.0,10.4,0.224,12.46,77
-34.1832,148.4275,2012-05-21,346.1,94,9.0,0.0,10.4,0.224,12.46,77
-34.4931,145.8028,2012-05-21,302.9,30,9.5,0.0,10.0,0.172,12.62,67
-34.4946,145.7907,2012-05-21,305.0,53,9.5,0.0,10.0,0.172,12.62,67
-34.4837,145.8011,2012-05-21,386.8,100,9.5,0.0,10.0,0.172,12.62,67
-34.4852,145.789,2012-05-21,425.1,100,9.5,0.0,10.0,0.172,12.62,67
-34.4742,145.7993,2012-05-21,367.6,100,9.5,0.0,10.0,0.172,12.62,67
-34.4757,145.7873,2012-05-21,399.7,100,9.5,0.0,10.0,0.172,12.62,67
-34.136,148.243,2012-05-21,306.2,59,9.3,0.0,11.7,0.211,12.35,75
-34.3194,146.1538,2012-05-21,378.6,100,9.7,0.0,9.8,0.178,12.48,67
-34.3209,146.1421,2012-05-21,354.3,98,9.6,0.0,9.8,0.177,12.48,68
-34.2953,146.2684,2012-05-21,334.6,89,9.8,0.0,9.8,0.175,12.48,66
-34.2968,146.2568,2012-05-21,312.5,72,9.8,0.0,9.8,0.175,12.48,66
-34.3086,146.1637,2012-05-21,313.0,57,9.7,0.0,9.8,0.178,12.48,67
-34.3101,146.1521,2012-05-21,378.4,100,9.7,0.0,9.8,0.178,12.48,67
-34.3116,146.1404,2012-05-21,324.9,83,9.6,0.0,9.8,0.177,12.48,68
-34.054,147.8565,2012-05-21,307.5,20,9.2,0.0,10.1,0.195,12.37,75
-34.2377,145.8419,2012-05-21,355.8,98,9.6,0.0,10.2,0.207,12.63,69
-34.2391,145.83,2012-05-21,345.5,94,9.6,0.0,10.2,0.207,12.63,69
-34.2344,145.8359,2012-05-21,345.6,94,9.6,0.0,10.2,0.207,12.63,69
-33.9004,148.0972,2012-05-21,310.0,69,9.3,0.0,10.1,0.19,12.46,76
-33.6388,148.986,2012-05-21,302.1,49,9.3,0.0,9.7,0.215,12.49,73
-33.6644,148.7547,2012-05-21,305.9,62,9.7,0.0,9.4,0.188,12.59,70
-33.6661,148.7438,2012-05-21,307.5,66,9.6,0.0,9.4,0.188,12.59,70
-35.5154,145.5091,2012-05-21,321.4,81,8.7,0.0,10.3,0.155,12.12,71
-37.4568,145.284,2012-05-21,323.3,82,5.6,0.0,15.2,0.351,9.68,80
-37.4467,145.2821,2012-05-21,341.6,92,5.9,0.0,15.2,0.34,9.68,80
-36.3896,149.9964,2012-05-21,315.4,76,12.1,0.0,7.6,0.263,11.75,83
-36.3913,149.985,2012-05-21,336.6,90,12.1,0.0,7.6,0.263,11.75,83
-36.3931,149.9735,2012-05-21,318.6,79,12.0,0.0,7.6,0.263,11.75,83
-36.3468,145.6741,2012-05-21,317.9,59,8.0,0.0,10.4,0.162,10.64,74
-36.262,145.3702,2012-05-21,316.0,76,8.8,0.0,11.1,0.191,11.37,72
-36.2636,145.3568,2012-05-21,315.8,76,8.8,0.0,11.1,0.191,11.37,72
-35.5031,150.2894,2012-05-21,333.6,89,13.2,0.0,15.5,0.242,11.92,75
-35.505,150.2778,2012-05-21,302.3,49,13.1,0.0,15.5,0.242,11.92,75
-35.4921,150.2987,2012-05-21,301.9,46,13.1,0.0,16.2,0.242,12.0,75
-35.4939,150.2871,2012-05-21,334.1,89,13.0,0.0,16.2,0.242,12.0,75
-36.1661,145.3192,2012-05-21,308.3,67,9.4,0.0,11.1,0.148,11.37,69
-36.2051,144.978,2012-05-21,302.1,51,9.8,0.0,11.3,0.164,11.74,69
-35.7947,148.0172,2012-05-21,300.4,37,4.8,0.0,8.9,0.332,12.05,82
-36.0875,145.0368,2012-05-21,310.4,70,9.9,0.0,11.3,0.133,11.96,67
-32.897,146.1891,2012-05-21,319.6,75,10.8,0.0,9.8,0.148,12.18,69
-32.4191,148.8936,2012-05-21,369.0,100,10.9,0.0,10.1,0.29,12.58,74
-32.4208,148.8826,2012-05-21,335.2,89,11.0,0.0,10.1,0.29,12.58,74
-32.41,148.8915,2012-05-21,308.1,61,10.8,0.0,10.1,0.29,12.58,74
-32.7505,146.3147,2012-05-21,318.8,79,10.5,0.0,10.6,0.129,11.89,69
-31.7954,147.8278,2012-05-21,305.5,36,12.1,0.0,9.9,0.148,13.59,62
-31.1478,150.194,2012-05-21,305.9,54,11.7,0.0,9.7,0.218,12.75,67
-30.7061,149.2953,2012-05-21,308.2,63,12.7,0.0,13.1,0.256,13.83,60
-30.6895,149.3388,2012-05-21,332.3,87,12.6,0.0,13.1,0.256,13.83,60
-30.6913,149.3274,2012-05-21,315.2,72,12.6,0.0,13.1,0.256,13.83,60
-30.6801,149.3368,2012-05-21,330.1,86,12.7,0.0,13.1,0.256,13.83,60
-30.6819,149.3254,2012-05-21,334.0,88,12.8,0.0,13.1,0.256,13.83,60
-30.6726,149.3234,2012-05-21,401.9,100,12.7,0.0,13.1,0.256,13.83,60
-30.6744,149.312,2012-05-21,406.4,100,12.9,0.0,13.1,0.256,13.83,60
-30.678,149.2893,2012-05-21,313.9,72,12.9,0.0,13.1,0.256,13.83,60
-30.6798,149.2779,2012-05-21,317.5,76,12.9,0.0,13.1,0.256,13.83,60
-30.665,149.31,2012-05-21,384.5,100,12.9,0.0,13.1,0.256,13.83,60
-30.6668,149.2986,2012-05-21,350.3,96,13.0,0.0,13.1,0.256,13.83,60
-30.3407,147.9554,2012-05-21,328.3,83,13.1,0.0,10.2,0.043,14.72,48
-29.9902,149.3101,2012-05-21,309.1,57,13.3,0.0,11.5,0.239,12.79,55
-29.1459,149.5054,2012-05-21,329.3,70,14.7,0.0,12.8,0.257,11.16,58
-29.1479,149.4935,2012-05-21,314.3,53,14.7,0.0,12.8,0.257,11.16,58
-28.9108,151.4354,2012-05-21,310.4,30,14.2,0.0,8.6,0.192,11.41,63
-28.9166,151.4124,2012-05-21,302.7,51,13.6,0.0,8.6,0.192,11.41,63
-28.9183,151.423,2012-05-21,305.4,64,13.9,0.0,8.6,0.192,11.41,63
-28.92,151.4336,2012-05-21,311.8,81,14.3,0.0,8.6,0.192,11.41,63
-29.6726,149.4443,2012-05-22,312.2,70,14.0,0.0,8.2,0.232,14.65,55
-29.6781,149.4525,2012-05-22,311.7,62,14.0,0.0,8.2,0.089,14.65,57
-32.4789,147.6341,2012-05-22,306.1,63,11.5,0.0,9.2,0.146,13.41,63
-32.4781,147.6276,2012-05-22,303.8,51,11.5,0.0,9.2,0.146,13.41,63
-33.2615,146.5843,2012-05-22,304.8,56,10.6,0.0,10.3,0.177,12.41,67
-33.2642,146.5773,2012-05-22,303.7,52,10.6,0.0,10.3,0.177,12.41,67
-34.6373,145.9682,2012-05-22,301.6,48,10.8,0.0,16.6,0.171,9.31,63
-35.4949,150.291,2012-05-22,306.7,28,13.1,0.0,22.7,0.238,12.38,58
-35.4981,150.284,2012-05-22,320.3,80,13.2,0.0,22.7,0.238,12.38,58
-35.4999,150.3047,2012-05-22,309.8,69,12.2,0.0,18.7,0.279,12.23,59
-34.7633,142.7252,2012-05-22,303.5,54,12.7,0.0,20.9,0.176,12.28,57
-34.765,142.7363,2012-05-22,307.8,66,12.6,0.0,20.9,0.176,12.28,57
-34.7741,142.7343,2012-05-22,304.5,39,12.7,0.0,20.9,0.176,12.28,57
-34.7417,142.4075,2012-05-22,301.7,49,12.9,0.0,21.4,0.206,12.28,57
-34.7508,142.4054,2012-05-22,304.3,58,12.6,0.0,21.4,0.156,12.28,58
-35.5034,145.5121,2012-05-22,307.2,65,11.9,0.0,16.6,0.153,11.67,58
-35.505,145.524,2012-05-22,305.9,62,11.9,0.0,16.6,0.153,11.67,58
-35.5092,145.5168,2012-05-22,326.9,85,11.9,0.0,16.6,0.153,11.67,58
-35.5482,145.5217,2012-05-22,301.5,47,11.9,0.0,16.6,0.153,11.67,58
-36.3873,149.9806,2012-05-22,304.3,59,10.9,0.0,10.0,0.261,11.62,77
-35.8293,144.6643,2012-05-22,302.7,53,12.2,0.0,17.8,0.157,11.74,59
-37.3499,149.8127,2012-05-22,309.3,64,11.0,0.0,13.6,0.297,11.42,75
-37.3416,149.8083,2012-05-22,300.3,29,11.3,0.0,13.6,0.297,11.42,75
-37.3538,149.8065,2012-05-22,310.2,70,11.1,0.0,13.6,0.3,11.42,76
-37.3638,143.4863,2012-05-22,355.2,74,10.6,0.5,21.1,0.266,6.7,68
-37.3728,143.4843,2012-05-22,318.2,74,10.6,0.5,21.1,0.266,6.7,68
-31.4998,150.286,2012-05-22,306.7,60,12.2,0.0,9.1,0.264,14.1,54
-31.4945,150.2809,2012-05-22,310.2,70,12.2,0.0,9.1,0.264,14.1,54
-31.497,150.2408,2012-05-22,314.9,75,11.8,0.0,9.1,0.269,14.1,57
-36.9985,146.0029,2012-05-22,303.6,56,7.3,0.0,13.7,0.279,10.75,82
-37.3643,143.4784,2012-05-22,346.0,71,10.6,0.5,21.1,0.266,6.7,68
-36.8084,145.144,2012-05-22,300.9,31,10.3,0.0,16.0,0.184,10.39,68
-34.2682,145.8432,2012-05-22,324.6,83,11.0,0.0,16.5,0.164,9.71,63
-35.5048,150.2773,2012-05-22,301.7,48,13.1,0.0,22.7,0.238,12.38,58
-35.5043,150.2729,2012-05-22,300.5,38,13.2,0.0,22.7,0.238,12.38,58
-36.4171,144.3229,2012-05-22,326.5,84,11.6,0.0,19.9,0.156,10.19,62
-36.4177,144.3366,2012-05-22,314.2,74,11.5,0.0,19.9,0.156,10.19,62
-36.2253,144.7368,2012-05-22,306.4,63,12.0,0.0,17.9,0.145,11.09,60
-36.2295,144.7166,2012-05-22,307.2,65,12.0,0.0,17.9,0.145,11.09,60
-36.2223,144.7305,2012-05-22,308.2,67,12.0,0.0,17.9,0.145,11.09,60
-36.4111,143.4139,2012-05-22,303.6,56,11.7,0.0,21.2,0.173,9.88,58
-36.4105,143.4069,2012-05-22,303.5,56,11.6,0.0,21.2,0.173,9.88,58
-35.6996,146.024,2012-05-22,305.6,43,11.3,0.0,15.4,0.179,11.02,61
-36.1877,143.4186,2012-05-22,314.6,75,12.1,0.0,22.2,0.168,10.57,57
-36.1909,143.4015,2012-05-22,313.8,74,12.1,0.0,22.2,0.168,10.57,57
-35.7275,145.4472,2012-05-22,302.0,31,11.9,0.0,15.8,0.151,11.66,59
-35.7323,145.4244,2012-05-22,320.6,76,11.9,0.0,15.8,0.151,11.66,59
-35.0697,148.2656,2012-05-22,309.3,68,6.8,0.0,8.1,0.304,10.55,73
-35.0775,148.2332,2012-05-22,318.7,79,7.6,0.0,9.8,0.289,10.47,71
-36.0096,144.0256,2012-05-22,309.0,68,12.1,0.0,20.4,0.288,11.26,60
-36.0134,144.007,2012-05-22,308.7,68,12.1,0.0,20.4,0.288,11.26,60
-36.4471,141.7192,2012-05-22,372.5,0,13.0,1.3,24.8,0.156,7.52,70
-35.734,145.42,2012-05-22,316.5,75,11.9,0.0,15.8,0.151,11.66,59
-36.0146,144.0218,2012-05-22,315.2,76,12.1,0.0,20.4,0.288,11.26,60
-36.4398,141.7119,2012-05-22,323.6,55,13.0,1.3,24.8,0.156,7.52,70
-35.0753,148.2634,2012-05-22,312.5,73,7.0,0.0,8.1,0.291,10.55,72
-35.083,148.2308,2012-05-22,315.7,76,8.0,0.0,9.8,0.289,10.47,71
-35.9878,143.9742,2012-05-22,312.4,73,12.1,0.0,20.4,0.288,11.26,60
-35.9914,143.9557,2012-05-22,309.4,69,12.1,0.0,20.4,0.288,11.26,60
-35.5313,145.9901,2012-05-22,331.4,66,11.4,0.0,16.3,0.182,10.81,61
-35.5367,145.9653,2012-05-22,320.6,76,11.4,0.0,16.3,0.182,10.81,61
-35.2424,147.081,2012-05-22,311.8,72,8.9,0.0,12.9,0.235,7.88,71
-35.2397,147.072,2012-05-22,308.0,66,8.9,0.0,12.9,0.235,7.88,71
-35.578,145.4596,2012-05-22,315.1,75,11.9,0.0,16.6,0.148,11.67,59
-35.5129,145.5128,2012-05-22,303.0,54,11.9,0.0,16.6,0.153,11.67,58
-35.5156,145.5089,2012-05-22,301.8,45,11.9,0.0,16.6,0.153,11.67,58
-35.5523,145.017,2012-05-22,322.9,77,12.3,0.0,17.9,0.141,11.88,58
-35.6885,144.3561,2012-05-22,307.8,66,12.4,0.0,17.8,0.244,11.62,59
-34.9146,147.5393,2012-05-22,313.4,64,8.3,0.0,13.0,0.256,8.82,70
-34.9784,147.0654,2012-05-22,302.2,35,9.0,0.0,16.1,0.211,8.16,69
-34.9777,147.0609,2012-05-22,302.2,43,9.0,0.0,16.1,0.211,8.16,69
-35.3935,145.0711,2012-05-22,342.6,93,12.3,0.0,17.9,0.149,11.88,57
-35.3812,145.0671,2012-05-22,331.8,88,12.3,0.0,17.9,0.149,11.88,57
-34.8004,147.565,2012-05-22,311.6,54,9.0,0.0,15.6,0.256,9.44,69
-35.4279,144.2566,2012-05-22,313.3,69,12.5,0.0,17.8,0.269,11.85,59
-35.41,143.7046,2012-05-22,312.0,72,12.5,0.0,20.6,0.276,11.81,59
-35.413,143.6983,2012-05-22,310.1,70,12.5,0.0,20.6,0.276,11.81,59
-35.278,143.9531,2012-05-22,356.0,98,12.6,0.0,19.1,0.273,12.03,58
-35.2818,143.9342,2012-05-22,376.2,100,12.6,0.0,19.1,0.27,12.03,58
-35.2665,143.9496,2012-05-22,322.1,81,12.6,0.0,19.1,0.27,12.03,58
-35.2703,143.9307,2012-05-22,332.6,88,12.6,0.0,19.1,0.27,12.03,58
-35.2727,143.9461,2012-05-22,381.8,100,12.6,0.0,19.1,0.27,12.03,58
-35.2764,143.9271,2012-05-22,360.7,100,12.6,0.0,19.1,0.27,12.03,58
-34.8474,145.8228,2012-05-22,300.6,28,11.3,0.0,17.3,0.161,9.92,61
-35.2341,143.8944,2012-05-22,308.5,67,12.6,0.0,19.1,0.269,12.03,58
-35.34,143.1148,2012-05-22,305.6,51,12.5,0.0,22.2,0.162,11.93,59
-35.1393,143.9595,2012-05-22,305.9,62,12.8,0.0,19.1,0.273,12.03,57
-34.4042,146.3616,2012-05-22,321.4,81,10.0,0.0,16.1,0.198,9.18,67
-34.401,146.3558,2012-05-22,318.7,79,10.0,0.0,16.1,0.198,9.18,67
-33.6929,148.6568,2012-05-22,302.5,50,9.9,0.0,12.6,0.186,12.91,63
-33.7024,148.6182,2012-05-22,303.3,56,10.1,0.0,11.6,0.179,12.82,64
-34.5963,144.672,2012-05-22,313.9,74,12.9,0.0,19.1,0.173,11.82,55
-34.2738,145.8174,2012-05-22,371.4,100,11.0,0.0,16.5,0.164,9.71,63
-35.0002,142.1404,2012-05-22,306.9,62,12.5,0.0,21.4,0.15,12.11,57
-34.9897,142.1375,2012-05-22,306.4,61,12.4,0.0,21.4,0.15,12.11,57
-34.2284,145.8304,2012-05-22,307.1,58,11.1,0.0,16.5,0.206,9.71,63
-34.2341,145.8047,2012-05-22,304.4,30,11.1,0.0,16.5,0.206,9.71,63
-34.2344,145.8246,2012-05-22,322.0,81,11.1,0.0,16.5,0.206,9.71,63
-34.1737,145.7776,2012-05-22,328.0,74,11.1,0.0,16.5,0.206,9.71,63
-34.0971,144.5049,2012-05-22,303.6,56,13.1,0.0,19.9,0.192,11.84,54
-34.1015,144.4835,2012-05-22,312.5,72,13.1,0.0,19.9,0.192,11.84,54
-32.6527,148.7442,2012-05-22,328.4,86,9.5,0.0,12.0,0.158,13.32,68
-33.846,142.8346,2012-05-22,319.5,79,13.9,0.0,21.7,0.116,12.71,53
-33.8493,142.8175,2012-05-22,309.2,67,13.9,0.0,21.7,0.116,12.71,53
-32.5211,148.7001,2012-05-22,323.4,82,10.5,0.0,12.0,0.151,13.39,66
-32.5191,148.6951,2012-05-22,323.7,83,10.5,0.0,12.0,0.151,13.39,66
-32.4872,147.6482,2012-05-22,303.5,56,11.5,0.0,9.2,0.146,13.41,63
-28.9187,151.4397,2012-05-22,303.3,54,13.6,0.0,9.7,0.19,12.47,64
-28.9201,151.429,2012-05-22,307.6,72,13.5,0.0,9.7,0.19,12.47,64
-28.2908,148.7182,2012-05-22,304.3,58,15.7,0.0,9.3,0.157,13.28,53
-28.2991,148.7545,2012-05-22,312.7,73,15.6,0.0,9.3,0.031,13.28,55
-28.6914,150.3253,2012-05-22,303.6,56,15.9,0.0,9.6,0.18,13.34,58
-34.458,150.8784,2012-05-22,301.2,34,14.5,0.0,17.0,0.277,12.8,58
-35.0951,148.2512,2012-05-22,303.8,57,7.3,0.0,12.7,0.291,10.85,72
-36.798,141.2197,2012-05-23,303.6,56,14.5,0.0,38.5,0.199,10.84,67
-35.7445,145.6403,2012-05-23,300.3,34,13.4,0.0,22.0,0.149,11.83,50
-36.8068,141.224,2012-05-23,301.3,46,14.5,0.0,38.5,0.199,10.84,67
-37.1201,145.526,2012-05-23,301.3,34,10.3,0.0,22.0,0.285,9.58,62
-37.353,149.8071,2012-05-23,309.5,36,12.4,0.0,14.8,0.295,11.2,73
-37.3545,149.7946,2012-05-23,311.6,49,12.3,0.0,14.8,0.295,11.2,73
-37.3357,149.7909,2012-05-23,359.7,99,12.4,0.0,14.8,0.293,11.2,72
-37.3451,149.7928,2012-05-23,351.7,88,12.4,0.0,14.8,0.293,11.2,72
-37.3436,149.8052,2012-05-23,332.6,29,12.6,0.0,14.8,0.293,11.2,72
-37.3308,149.7974,2012-05-23,324.7,83,12.6,0.0,14.8,0.293,11.2,72
-37.3323,149.785,2012-05-23,320.9,80,12.5,0.0,14.8,0.293,11.2,72
-37.3602,145.6681,2012-05-23,337.5,91,10.3,0.0,18.1,0.335,9.3,66
-37.3619,145.6492,2012-05-23,339.8,92,9.6,0.0,18.1,0.336,9.3,68
-36.838,149.9188,2012-05-23,302.8,41,11.9,0.0,14.2,0.302,11.52,69
-37.126,145.5166,2012-05-23,353.9,97,10.2,0.0,21.0,0.285,9.43,62
-37.1277,145.4977,2012-05-23,327.2,85,9.3,0.0,20.2,0.26,9.12,61
-36.41,150.0299,2012-05-23,314.5,58,12.2,0.0,14.2,0.257,11.52,73
-36.4115,150.018,2012-05-23,311.3,46,12.4,0.0,14.2,0.257,11.52,73
-36.4007,150.028,2012-05-23,314.5,67,12.2,0.0,14.2,0.257,11.52,73
-36.4022,150.0162,2012-05-23,319.3,79,12.2,0.0,14.2,0.257,11.52,73
-36.3845,145.1797,2012-05-23,306.6,64,13.3,0.0,22.3,0.223,10.56,52
-36.1406,147.4788,2012-05-23,316.0,76,7.7,0.0,12.4,0.318,11.71,74
-36.3802,145.1742,2012-05-23,305.2,61,13.3,0.0,22.3,0.223,10.56,52
-36.1351,147.4729,2012-05-23,310.1,66,7.0,0.0,15.5,0.32,11.63,74
-35.6906,147.9993,2012-05-23,310.3,70,7.4,0.0,12.5,0.325,12.23,71
-36.0918,145.8095,2012-05-23,305.3,61,13.0,0.0,22.3,0.155,11.62,53
-36.0803,145.8079,2012-05-23,309.2,68,13.0,0.0,22.3,0.155,11.62,53
-35.9723,146.5712,2012-05-23,346.0,94,11.6,0.0,19.5,0.227,11.71,61
-35.974,146.5546,2012-05-23,328.3,86,11.7,0.0,19.5,0.227,11.71,61
-35.9686,146.5806,2012-05-23,302.3,52,11.7,0.0,19.5,0.227,11.71,61
-35.9704,146.564,2012-05-23,331.9,88,11.6,0.0,19.5,0.227,11.71,61
-35.8625,146.626,2012-05-23,317.3,77,11.8,0.0,19.4,0.248,11.91,59
-35.8642,146.6096,2012-05-23,316.1,76,11.9,0.0,20.2,0.248,11.89,59
-35.6922,147.9853,2012-05-23,304.5,58,7.1,0.0,12.0,0.327,12.09,74
-35.6806,147.998,2012-05-23,353.6,97,6.8,0.0,12.5,0.325,12.23,71
-35.6822,147.9838,2012-05-23,315.5,76,7.4,0.0,12.5,0.325,12.23,71
-35.9315,145.3322,2012-05-23,321.3,81,13.7,0.0,22.3,0.149,11.64,49
-35.7627,146.7424,2012-05-23,316.4,77,11.9,0.0,19.4,0.262,11.91,58
-35.607,148.1047,2012-05-23,313.2,72,6.0,0.0,12.9,0.324,12.18,69
-35.7579,146.751,2012-05-23,306.1,63,11.8,0.0,19.4,0.269,11.91,59
-35.7596,146.735,2012-05-23,312.4,72,11.9,0.0,19.4,0.262,11.91,58
-35.597,148.1029,2012-05-23,321.5,81,5.9,0.0,12.9,0.324,12.18,69
-35.5854,146.9122,2012-05-23,310.5,70,11.2,0.0,19.5,0.256,12.02,59
-35.587,146.8964,2012-05-23,304.9,60,11.5,0.0,19.5,0.256,12.02,59
-35.7527,144.5587,2012-05-23,304.9,57,14.1,0.0,24.6,0.152,11.84,48
-35.5483,145.8064,2012-05-23,310.1,69,13.3,0.0,21.6,0.159,11.98,51
-35.55,145.7884,2012-05-23,313.2,73,13.3,0.0,21.6,0.159,11.98,51
-35.5659,145.6237,2012-05-23,315.0,75,13.5,0.0,22.7,0.151,11.98,50
-35.5677,145.6052,2012-05-23,321.0,80,13.5,0.0,22.7,0.151,11.98,50
-35.5469,145.4502,2012-05-23,311.5,70,13.6,0.0,22.7,0.151,11.98,50
-35.5617,145.0164,2012-05-23,311.1,70,14.0,0.0,24.6,0.139,11.98,48
-35.5684,145.0101,2012-05-23,306.6,62,14.0,0.0,24.6,0.139,11.98,48
-35.5087,145.5142,2012-05-23,305.6,59,13.6,0.0,22.7,0.151,11.98,50
-35.5196,145.4008,2012-05-23,308.7,66,13.7,0.0,22.7,0.145,11.98,49
-35.5214,145.3817,2012-05-23,308.9,66,13.7,0.0,22.7,0.145,11.98,49
-35.3179,146.9601,2012-05-23,304.7,60,11.8,0.0,18.6,0.236,12.14,59
-35.4005,146.1517,2012-05-23,345.5,94,12.8,0.0,21.3,0.193,12.0,54
-35.4022,146.1346,2012-05-23,314.6,74,13.0,0.0,21.3,0.185,12.0,53
-35.3894,146.15,2012-05-23,362.7,100,12.8,0.0,21.3,0.193,12.0,54
-35.3911,146.1329,2012-05-23,311.1,54,13.0,0.0,21.3,0.185,12.0,53
-35.5072,144.8783,2012-05-23,315.7,75,14.1,0.0,24.6,0.145,11.98,48
-35.509,144.8577,2012-05-23,322.6,81,14.1,0.0,25.7,0.145,11.98,48
-35.4059,145.6451,2012-05-23,316.8,76,13.5,0.0,21.6,0.157,11.98,50
-35.1822,147.6618,2012-05-23,321.3,81,10.2,0.0,16.5,0.262,12.3,66
-35.0935,148.2543,2012-05-23,308.6,61,8.5,0.0,13.0,0.288,12.41,66
-35.0951,148.2411,2012-05-23,341.3,92,8.4,0.0,13.0,0.288,12.43,66
-35.0853,148.2394,2012-05-23,308.9,68,9.2,0.0,13.0,0.283,12.41,65
-35.4219,144.9653,2012-05-23,312.6,71,14.0,0.0,24.6,0.147,11.98,48
-35.1077,147.9573,2012-05-23,305.7,62,9.7,0.0,14.8,0.289,12.33,68
-35.1212,147.5733,2012-05-23,302.8,54,10.8,0.0,16.5,0.259,12.3,64
-33.6263,148.464,2012-05-23,304.9,56,11.2,0.0,16.6,0.162,13.05,57
-35.3159,145.5132,2012-05-23,323.0,81,13.7,0.0,22.7,0.138,12.11,49
-35.3177,145.4946,2012-05-23,307.4,63,13.7,0.0,22.7,0.138,12.11,49
-34.962,148.4225,2012-05-23,301.4,47,8.8,0.0,13.0,0.264,12.43,66
-35.3278,144.8635,2012-05-23,320.9,80,14.1,0.0,24.9,0.149,12.09,48
-35.3239,144.8578,2012-05-23,319.7,79,14.1,0.0,24.9,0.149,12.09,48
-35.1097,146.863,2012-05-23,312.5,72,12.0,0.0,19.0,0.217,12.25,57
-35.1114,146.8477,2012-05-23,312.7,73,11.9,0.0,19.0,0.218,12.25,56
-35.1008,146.846,2012-05-23,308.1,31,12.0,0.0,19.0,0.218,12.25,56
-35.3142,144.1148,2012-05-23,310.7,69,14.3,0.0,26.3,0.262,12.07,46
-34.8046,148.4599,2012-05-23,312.4,72,9.0,0.0,18.1,0.261,12.51,65
-34.8061,148.4472,2012-05-23,303.9,57,9.2,0.0,18.1,0.272,12.51,65
-34.4617,150.8806,2012-05-23,313.3,56,15.0,0.0,16.0,0.267,12.63,61
-34.8725,147.5202,2012-05-23,305.6,60,11.2,0.0,17.2,0.253,12.42,60
-34.9099,147.176,2012-05-23,305.6,62,11.3,0.0,18.0,0.229,12.27,57
-34.9045,147.1696,2012-05-23,306.4,63,11.5,0.0,18.0,0.229,12.27,57
-34.9388,146.7612,2012-05-23,305.0,59,12.4,0.0,19.0,0.115,12.25,56
-34.7795,147.5423,2012-05-23,305.8,62,11.3,0.0,17.2,0.249,12.42,59
-34.7847,147.2324,2012-05-23,344.3,94,11.9,0.0,18.3,0.231,12.4,57
-34.7864,147.2179,2012-05-23,326.5,84,11.9,0.0,18.3,0.231,12.4,57
-34.7204,147.709,2012-05-23,326.8,85,11.0,0.0,16.9,0.248,12.45,60
-34.6038,148.5283,2012-05-23,305.1,61,9.9,0.0,19.9,0.257,12.61,60
-35.0562,144.11,2012-05-23,312.3,70,14.5,0.0,28.0,0.272,12.22,45
-35.0581,144.0874,2012-05-23,317.3,76,14.5,0.0,28.0,0.272,12.22,45
-34.681,147.7855,2012-05-23,304.3,48,10.9,0.0,16.9,0.247,12.45,60
-34.6825,147.772,2012-05-23,330.4,87,10.9,0.0,16.9,0.247,12.45,60
-35.0435,144.1085,2012-05-23,315.6,70,14.5,0.0,28.0,0.27,12.22,45
-35.0454,144.0858,2012-05-23,344.7,94,14.5,0.0,28.0,0.27,12.22,45
-34.6725,147.7703,2012-05-23,304.8,59,10.8,0.0,16.9,0.247,12.45,60
-35.0515,143.8537,2012-05-23,308.6,64,14.5,0.0,27.5,0.274,12.21,45
-34.8491,145.8776,2012-05-23,322.8,81,13.2,0.0,19.2,0.142,12.34,52
-35.0532,143.849,2012-05-23,311.2,69,14.5,0.0,27.5,0.25,12.21,44
-34.6937,147.3296,2012-05-23,398.1,100,11.4,0.0,18.3,0.24,12.4,57
-34.6953,147.3154,2012-05-23,318.7,72,11.3,0.0,18.3,0.24,12.4,57
-34.8504,145.8727,2012-05-23,323.7,82,13.3,0.0,21.3,0.151,12.36,52
-34.6835,147.3278,2012-05-23,315.8,64,11.4,0.0,18.3,0.24,12.4,57
-34.6305,147.1428,2012-05-23,317.0,58,12.3,0.0,18.3,0.223,12.4,55
-34.6327,147.1516,2012-05-23,318.9,78,12.1,0.0,18.3,0.232,12.4,57
-34.6343,147.137,2012-05-23,312.8,49,12.4,0.0,18.3,0.223,12.4,55
-34.4239,147.9955,2012-05-23,309.6,69,11.4,0.0,18.1,0.213,12.57,56
-34.5965,146.2496,2012-05-23,308.2,64,13.0,0.0,18.1,0.168,12.46,53
-34.5982,146.2333,2012-05-23,314.5,73,13.1,0.0,18.1,0.168,12.46,53
-34.6339,145.8817,2012-05-23,308.2,63,13.3,0.0,19.2,0.166,12.34,52
-34.3547,148.3256,2012-05-23,314.9,75,10.3,0.0,18.0,0.218,12.7,56
-34.3562,148.313,2012-05-23,304.7,60,10.2,0.0,18.0,0.218,12.7,56
-34.4515,147.3069,2012-05-23,341.3,92,11.5,0.0,18.2,0.228,12.52,58
-34.4531,147.2928,2012-05-23,342.1,93,11.4,0.0,18.2,0.228,12.52,58
-34.3914,147.1159,2012-05-23,311.0,69,12.0,0.0,19.4,0.211,12.5,55
-34.4695,146.2734,2012-05-23,326.0,83,13.1,0.0,18.1,0.186,12.46,53
-34.4711,146.2572,2012-05-23,323.4,81,13.1,0.0,18.1,0.186,12.46,53
-34.4586,146.2717,2012-05-23,343.7,93,13.1,0.0,18.1,0.186,12.46,53
-34.4602,146.2555,2012-05-23,327.6,81,13.1,0.0,18.1,0.186,12.46,53
-34.4493,146.2539,2012-05-23,334.3,88,13.0,0.0,18.1,0.175,12.46,54
-34.451,146.2377,2012-05-23,339.8,91,13.1,0.0,18.1,0.176,12.46,53
-34.4572,146.2662,2012-05-23,325.1,71,13.1,0.0,18.1,0.186,12.46,53
-34.4481,146.2484,2012-05-23,342.5,93,13.2,0.0,18.1,0.177,12.46,53
-34.4498,146.2322,2012-05-23,320.8,79,13.2,0.0,18.1,0.177,12.46,53
-34.4162,146.3416,2012-05-23,320.0,78,12.9,0.0,18.1,0.175,12.46,54
-34.3887,146.2886,2012-05-23,310.2,67,12.9,0.0,18.1,0.175,12.46,54
-34.1317,148.4146,2012-05-23,304.4,59,10.4,0.0,17.9,0.202,12.7,60
-34.3784,146.1719,2012-05-23,306.7,59,13.2,0.0,18.1,0.177,12.46,53
-34.397,145.87,2012-05-23,312.4,70,13.3,0.0,20.2,0.161,12.45,52
-34.4081,145.8646,2012-05-23,314.0,72,13.3,0.0,20.2,0.161,12.45,52
-34.3674,146.1467,2012-05-23,357.3,99,13.3,0.0,17.4,0.168,12.56,53
-34.3691,146.1303,2012-05-23,327.5,84,13.3,0.0,17.4,0.168,12.56,53
-34.3969,145.863,2012-05-23,309.6,44,13.3,0.0,20.2,0.161,12.45,52
-34.3564,146.1451,2012-05-23,314.0,72,13.3,0.0,17.4,0.168,12.56,53
-34.3581,146.1287,2012-05-23,305.4,55,13.3,0.0,17.4,0.168,12.56,53
-34.3302,146.2892,2012-05-23,310.0,50,12.9,0.0,17.4,0.17,12.56,54
-34.3161,146.3196,2012-05-23,307.5,61,12.9,0.0,17.4,0.17,12.56,54
-34.3177,146.3036,2012-05-23,314.2,72,12.9,0.0,17.4,0.17,12.56,54
-34.3549,145.9427,2012-05-23,304.0,44,13.3,0.0,18.5,0.161,12.55,52
-34.3566,145.9259,2012-05-23,310.9,68,13.3,0.0,18.5,0.161,12.55,52
-34.3119,146.2538,2012-05-23,346.5,94,13.0,0.0,17.4,0.17,12.56,54
-34.3135,146.2377,2012-05-23,341.8,92,13.2,0.0,17.4,0.173,12.56,53
-34.0231,148.3707,2012-05-23,310.4,70,10.3,0.0,16.6,0.201,12.8,60
-34.2792,145.9097,2012-05-23,309.7,66,13.6,0.0,18.5,0.171,12.55,52
-33.9582,148.6594,2012-05-23,323.3,82,10.5,0.0,16.1,0.191,12.95,59
-34.2083,146.1676,2012-05-23,321.9,80,13.4,0.0,17.4,0.188,12.56,52
-34.2099,146.1514,2012-05-23,306.6,59,13.4,0.0,17.4,0.188,12.56,52
-33.9713,147.8736,2012-05-23,316.3,76,12.0,0.0,17.0,0.187,12.78,53
-33.7928,148.5184,2012-05-23,311.3,71,10.8,0.0,16.1,0.177,12.95,57
-33.7376,147.9668,2012-05-23,308.9,66,12.0,0.0,16.4,0.18,12.9,53
-33.6925,147.6617,2012-05-23,313.8,72,12.4,0.0,17.0,0.183,12.89,54
-33.694,147.6485,2012-05-23,310.5,68,12.5,0.0,17.0,0.267,12.89,54
-33.8195,146.5159,2012-05-23,322.2,80,13.0,0.0,20.7,0.182,12.82,53
-33.8211,146.5006,2012-05-23,326.2,83,13.0,0.0,20.7,0.182,12.82,53
-33.6825,147.6601,2012-05-23,407.8,100,12.4,0.0,17.0,0.183,12.89,54
-33.6841,147.6468,2012-05-23,391.1,100,12.5,0.0,17.0,0.267,12.89,54
-33.3793,149.5992,2012-05-23,308.9,68,7.2,0.0,13.6,0.224,13.4,66
-33.4472,148.6661,2012-05-23,307.5,66,10.8,0.0,15.5,0.188,13.17,57
-33.6271,146.9976,2012-05-23,310.7,67,12.9,0.0,19.6,0.191,12.84,52
-33.4513,145.5632,2012-05-23,311.9,69,14.0,0.0,22.4,0.158,12.88,49
-33.0895,148.6322,2012-05-23,327.5,85,10.3,0.0,13.2,0.175,13.39,56
-33.0846,148.6378,2012-05-23,314.4,74,10.3,0.0,13.2,0.175,13.39,56
-33.0861,148.6261,2012-05-23,318.7,78,10.2,0.0,13.2,0.175,13.39,56
-33.4414,145.5564,2012-05-23,313.4,71,14.2,0.0,22.4,0.155,12.88,48
-33.2212,146.9946,2012-05-23,342.2,92,13.2,0.0,19.2,0.169,13.07,50
-33.2228,146.9805,2012-05-23,399.8,100,13.3,0.0,19.2,0.169,13.07,50
-33.2243,146.9665,2012-05-23,311.0,54,13.2,0.0,19.2,0.169,13.07,50
-33.211,146.9929,2012-05-23,350.9,96,13.3,0.0,19.2,0.169,13.07,50
-33.2125,146.9789,2012-05-23,414.1,100,13.3,0.0,19.2,0.169,13.07,50
-33.2141,146.9648,2012-05-23,313.7,69,13.3,0.0,19.2,0.169,13.07,50
-32.9715,148.8019,2012-05-23,314.5,75,9.9,0.0,13.2,0.188,13.39,58
-32.9503,148.8923,2012-05-23,322.5,82,10.4,0.0,11.6,0.203,13.53,57
-32.9409,148.8905,2012-05-23,308.9,46,10.3,0.0,11.6,0.194,13.53,58
-32.9706,148.269,2012-05-23,313.2,72,12.4,0.0,16.2,0.135,13.27,50
-32.9721,148.2569,2012-05-23,313.5,72,12.5,0.0,16.2,0.135,13.27,50
-32.8877,148.7453,2012-05-23,307.7,65,10.7,0.0,13.4,0.182,13.42,57
-32.9807,147.2376,2012-05-23,318.5,77,13.7,0.0,18.8,0.164,13.2,46
-32.9804,147.2448,2012-05-23,313.6,69,13.7,0.0,18.8,0.164,13.2,46
-32.9601,146.2476,2012-05-23,312.6,69,14.2,0.0,19.5,0.101,13.12,45
-32.7462,147.4245,2012-05-23,347.6,95,13.2,0.0,18.6,0.108,13.33,47
-32.7477,147.4114,2012-05-23,316.9,75,13.1,0.0,18.6,0.108,13.33,47
-32.7363,147.4228,2012-05-23,311.4,64,13.2,0.0,18.6,0.108,13.33,47
-32.9881,144.8491,2012-05-23,308.3,61,14.8,0.0,28.5,0.046,13.16,46
-32.786,146.4679,2012-05-23,341.1,92,13.7,0.0,19.0,0.126,13.29,45
-32.7893,146.4384,2012-05-23,330.3,58,13.8,0.0,19.0,0.119,13.29,45
-32.783,146.3012,2012-05-23,316.1,74,14.1,0.0,20.5,0.125,13.28,44
-32.1646,150.2253,2012-05-23,309.9,69,10.7,0.0,9.7,0.274,13.88,62
-32.106,149.5865,2012-05-23,333.0,88,10.5,0.0,9.0,0.216,13.96,59
-32.1075,149.5757,2012-05-23,307.3,61,10.4,0.0,9.0,0.216,13.96,59
-32.3154,146.6637,2012-05-23,310.0,63,13.6,0.0,17.9,0.133,13.55,45
-32.2965,146.2877,2012-05-23,309.2,32,14.2,0.0,19.5,0.125,13.54,43
-32.2981,146.2729,2012-05-23,324.1,81,14.2,0.0,19.5,0.125,13.54,43
-32.2997,146.2581,2012-05-23,308.6,35,14.2,0.0,19.5,0.125,13.54,43
-31.3527,151.6888,2012-05-23,384.5,100,6.5,0.0,9.9,0.297,14.79,52
-31.3544,151.6781,2012-05-23,371.9,100,6.2,0.0,9.9,0.297,14.79,52
-31.6277,149.3892,2012-05-23,314.5,72,11.8,0.0,9.0,0.2,13.89,53
-31.6292,149.3784,2012-05-23,356.2,98,11.9,0.0,9.0,0.2,13.89,53
-31.6201,149.3767,2012-05-23,316.8,74,11.8,0.0,10.2,0.2,14.27,53
-31.3484,150.2169,2012-05-23,325.8,83,12.5,0.0,8.7,0.261,14.28,54
-31.3394,150.2152,2012-05-23,311.0,68,12.5,0.0,8.7,0.261,14.28,54
-31.8389,145.3454,2012-05-23,308.0,56,15.3,0.0,22.5,0.116,13.66,43
-31.8406,145.329,2012-05-23,309.1,59,15.3,0.0,22.5,0.116,13.66,43
-31.6764,146.3288,2012-05-23,327.0,83,14.3,0.0,17.6,0.115,13.76,43
-31.678,146.3145,2012-05-23,315.4,71,14.4,0.0,17.6,0.115,13.76,43
-31.1757,149.7434,2012-05-23,311.5,67,12.1,0.0,10.2,0.266,14.27,52
-31.524,146.6816,2012-05-23,340.5,91,13.6,0.0,17.3,0.112,13.86,46
-31.5256,146.668,2012-05-23,352.9,97,13.7,0.0,17.3,0.112,13.86,46
-30.6294,152.9636,2012-05-23,341.8,93,15.3,0.0,10.7,0.291,14.0,75
-30.6314,152.9516,2012-05-23,308.9,68,15.3,0.0,10.7,0.291,14.0,75
-30.9907,149.6853,2012-05-23,323.0,80,12.1,0.0,10.2,0.24,14.38,53
-30.7463,150.5672,2012-05-23,306.4,61,10.8,0.0,8.2,0.168,14.67,58
-31.1269,146.3519,2012-05-23,312.4,52,14.9,0.0,17.0,0.106,13.94,43
-30.5843,150.3515,2012-05-23,316.7,76,10.0,0.0,9.4,0.221,14.84,54
-30.3284,151.7512,2012-05-23,304.4,59,7.2,0.0,11.0,0.4,15.28,55
-30.3301,151.7402,2012-05-23,310.9,71,7.1,0.0,11.0,0.341,15.28,54
-30.3435,151.6537,2012-05-23,300.5,38,8.1,0.0,11.0,0.341,15.28,54
-30.2375,149.8157,2012-05-23,325.2,80,12.8,0.0,9.1,0.164,14.62,49
-30.2389,149.8053,2012-05-23,316.0,46,12.9,0.0,9.1,0.164,14.62,49
-30.2284,149.814,2012-05-23,319.4,75,12.9,0.0,9.1,0.164,14.62,49
-30.2299,149.8036,2012-05-23,315.6,65,13.0,0.0,9.1,0.164,14.62,49
-29.5727,153.3221,2012-05-23,310.5,0,17.5,0.0,15.2,0.206,14.55,72
-29.5749,153.3094,2012-05-23,336.7,85,17.5,0.0,15.2,0.206,14.55,72
-29.9994,150.0668,2012-05-23,314.8,70,12.2,0.0,11.6,0.207,14.76,50
-30.1552,148.1051,2012-05-23,317.8,71,15.0,0.0,18.5,0.052,14.45,46
-29.9296,149.4559,2012-05-23,334.9,87,14.1,0.0,11.5,0.048,14.48,48
-29.931,149.4455,2012-05-23,322.3,77,13.9,0.0,11.5,0.209,14.48,49
-29.8486,149.8345,2012-05-23,322.2,77,13.6,0.0,15.0,0.211,14.62,46
-29.8501,149.8242,2012-05-23,338.7,90,13.5,0.0,15.0,0.261,14.62,45
-29.9165,149.2822,2012-05-23,317.8,68,13.9,0.0,11.5,0.221,14.36,50
-29.9179,149.2718,2012-05-23,336.8,88,13.9,0.0,11.5,0.221,14.36,50
-29.9089,149.2701,2012-05-23,318.9,73,13.9,0.0,11.5,0.221,14.36,50
-29.9965,148.4278,2012-05-23,315.7,55,14.7,0.0,15.6,0.104,14.43,47
-29.9902,148.4043,2012-05-23,316.3,65,14.7,0.0,15.6,0.104,14.43,47
-29.421,152.1228,2012-05-23,306.6,62,9.5,0.0,10.6,0.376,15.26,65
-29.3945,151.3576,2012-05-23,318.3,77,11.7,0.0,9.0,0.222,15.17,54
-29.3962,151.347,2012-05-23,315.6,74,11.0,0.0,9.0,0.14,15.17,57
-29.4478,149.8718,2012-05-23,313.3,28,14.6,0.0,16.3,0.185,14.55,47
-29.4373,149.8803,2012-05-23,313.8,64,14.6,0.0,15.1,0.185,14.91,47
-29.4388,149.8701,2012-05-23,322.0,77,14.6,0.0,16.3,0.185,14.55,47
-29.1338,151.7279,2012-05-23,307.3,57,11.7,0.0,8.7,0.109,14.64,57
-29.0861,151.6057,2012-05-23,309.3,64,12.9,0.0,10.3,0.18,14.63,57
-29.0786,151.6089,2012-05-23,305.9,54,13.1,0.0,10.3,0.189,14.63,57
-28.8984,152.4957,2012-05-23,309.0,67,13.9,0.0,8.1,0.295,14.55,75
-29.3322,149.5211,2012-05-23,340.5,90,14.6,0.0,16.8,0.215,14.08,50
-28.922,151.4298,2012-05-23,307.1,56,12.9,0.0,10.3,0.186,14.63,58
-29.0299,150.6568,2012-05-23,331.2,85,15.0,0.0,13.8,0.169,14.71,48
-29.0314,150.6464,2012-05-23,339.1,90,15.0,0.0,13.8,0.15,14.71,48
-29.0573,149.7153,2012-05-23,369.3,100,15.6,0.0,19.4,0.048,14.43,47
-29.0587,149.7051,2012-05-23,428.6,100,15.6,0.0,19.4,0.048,14.43,47
-29.0602,149.6948,2012-05-23,317.6,65,15.7,0.0,19.4,0.048,14.43,47
-29.0497,149.7034,2012-05-23,333.5,86,15.8,0.0,19.4,0.046,14.43,47
-28.6151,151.7823,2012-05-23,324.2,77,12.3,0.0,8.5,0.298,13.82,64
-28.6076,151.7693,2012-05-23,312.9,30,12.3,0.0,8.5,0.298,13.82,64
-28.7222,149.6808,2012-05-23,319.5,74,16.1,0.0,18.4,0.282,14.26,50
-28.7237,149.6706,2012-05-23,317.4,68,16.1,0.0,18.4,0.282,14.26,50
-28.7132,149.6791,2012-05-23,320.2,64,16.1,0.0,18.4,0.282,14.26,50
-28.7147,149.6689,2012-05-23,326.6,82,16.1,0.0,18.4,0.282,14.26,50
-28.197,150.0011,2012-05-23,321.7,74,17.0,0.0,18.9,0.134,13.58,54
-37.1264,145.5124,2012-05-23,332.1,100,9.8,0.0,21.9,0.285,9.33,62
-37.1184,145.5167,2012-05-23,349.2,100,10.2,0.0,22.0,0.285,9.58,62
-35.6846,147.9897,2012-05-23,303.6,56,7.2,0.0,12.5,0.325,12.23,71
-35.0869,148.255,2012-05-23,309.3,77,8.6,0.0,13.0,0.288,12.41,66
-35.0896,148.2402,2012-05-23,314.7,90,8.3,0.0,13.0,0.288,12.43,66
-35.0927,148.2503,2012-05-23,326.4,100,8.3,0.0,13.0,0.288,12.43,66
-37.1246,145.5241,2012-05-23,335.1,100,10.5,0.0,22.0,0.285,9.58,62
-37.1251,145.5381,2012-05-23,312.5,85,10.4,0.0,21.0,0.285,9.43,62
-37.1199,145.5139,2012-05-23,315.2,91,9.9,0.0,18.1,0.285,9.3,62
-36.1716,150.0946,2012-05-24,336.3,90,13.6,6.3,12.6,0.173,8.38,75
-36.1733,150.1088,2012-05-24,332.5,76,13.8,6.3,12.6,0.173,8.38,75
-36.1814,150.1015,2012-05-24,301.8,46,13.6,6.3,12.6,0.173,8.38,75
-35.8697,142.4849,2012-05-24,350.1,91,10.7,4.8,9.3,0.181,8.88,82
-35.8587,142.4943,2012-05-24,310.2,54,10.6,4.8,9.3,0.181,8.88,82
-35.8606,142.4827,2012-05-24,349.6,96,10.7,4.8,9.3,0.181,8.88,82
-35.6807,143.2383,2012-05-24,322.2,81,11.5,0.3,14.8,0.155,8.97,61
-35.6761,143.2442,2012-05-24,317.6,78,11.5,0.3,14.8,0.155,8.97,61
-35.6781,143.2321,2012-05-24,313.2,73,11.5,0.3,14.8,0.155,8.97,61
-36.1916,141.0068,2012-05-25,300.3,33,10.0,0.5,32.6,0.339,8.59,76
-34.4616,150.8819,2012-05-25,308.6,51,13.7,4.3,30.9,0.377,8.11,70
-29.3147,150.3757,2012-05-25,304.2,59,12.7,20.6,20.5,0.443,4.31,80
-34.457,150.8819,2012-05-26,303.8,43,12.4,0.0,33.5,0.336,11.78,60
-36.1731,141.0489,2012-05-26,301.5,47,11.3,0.9,16.8,0.307,7.55,87
-36.1746,141.036,2012-05-26,302.4,52,11.3,0.9,16.8,0.307,7.55,87
-34.4588,150.8796,2012-05-27,304.2,59,13.3,0.1,22.3,0.32,10.45,70
-31.4307,149.9433,2012-05-27,333.9,100,10.6,0.0,9.9,0.376,10.29,71
-31.4328,149.9415,2012-05-27,338.8,91,10.6,0.0,9.9,0.376,10.29,71
-31.4353,149.9553,2012-05-27,311.9,72,10.3,0.0,8.0,0.355,10.79,72
-33.9462,151.2137,2012-05-27,304.7,56,13.6,0.0,14.0,0.194,11.22,70
-34.4548,150.8749,2012-05-27,303.1,29,13.3,0.1,22.3,0.32,10.45,70
-34.4661,150.8844,2012-05-27,302.0,30,13.3,0.1,22.3,0.32,10.45,70
-34.468,150.8961,2012-05-27,304.0,0,13.3,0.1,22.3,0.32,10.45,70
-34.4781,145.7757,2012-05-28,302.3,52,9.8,0.0,14.8,0.228,11.76,76
-35.0918,148.2507,2012-05-28,300.8,42,5.6,0.0,7.4,0.371,11.83,82
-33.7587,149.615,2012-05-28,331.4,82,5.2,0.0,9.9,0.35,12.07,79
-33.7609,149.6022,2012-05-28,315.4,76,5.0,0.0,9.9,0.35,12.07,79
-33.1256,146.8218,2012-05-28,302.8,54,9.4,0.0,10.8,0.328,12.43,76
-33.1272,146.811,2012-05-28,322.9,82,9.4,0.0,10.8,0.328,12.43,76
-32.7987,145.2391,2012-05-28,302.5,52,9.5,0.0,15.5,0.151,12.56,77
-31.6708,148.7741,2012-05-28,323.9,83,10.2,0.0,11.4,0.257,13.22,71
-31.6728,148.7619,2012-05-28,303.0,50,10.3,0.0,11.4,0.257,13.22,71
-31.6669,148.7789,2012-05-28,300.2,31,10.1,0.0,11.4,0.257,13.22,71
-31.6689,148.7668,2012-05-28,305.0,60,10.3,0.0,11.4,0.257,13.22,71
-31.4367,149.949,2012-05-28,302.8,54,10.6,0.0,14.7,0.369,12.34,71
-31.4392,149.9351,2012-05-28,301.7,48,10.8,0.0,16.3,0.369,12.09,71
-31.4369,147.4314,2012-05-28,304.5,59,10.8,0.0,13.0,0.36,13.29,74
-28.3046,151.4319,2012-05-28,317.7,67,11.5,0.0,16.6,0.263,14.23,67
-28.2926,151.4286,2012-05-28,314.4,61,11.2,0.0,16.6,0.263,14.23,67
-31.88,147.5758,2012-05-29,300.5,38,11.7,0.0,13.2,0.24,12.4,74
-33.4128,149.313,2012-05-29,304.4,0,6.7,0.0,11.9,0.345,10.86,82
-33.4102,149.3195,2012-05-29,306.9,0,7.0,0.0,13.0,0.345,11.04,82
-34.7649,142.3986,2012-05-29,306.7,64,11.6,0.0,14.6,0.2,10.67,72
-29.5452,151.4624,2012-05-29,302.2,51,11.3,0.0,20.5,0.372,12.66,73
-29.5406,151.4689,2012-05-29,311.1,71,11.1,0.0,20.5,0.372,12.66,73
-29.543,151.4866,2012-05-29,328.4,86,10.9,0.0,20.5,0.372,12.66,73
-29.5386,151.4933,2012-05-29,316.2,76,11.0,0.0,20.5,0.372,12.66,73
-28.6661,148.3907,2012-05-29,304.0,58,13.9,0.0,14.6,0.237,14.27,68
-36.8628,145.8315,2012-05-29,317.8,78,6.8,0.0,9.1,0.369,10.63,84
-36.1751,145.4254,2012-05-29,306.2,63,9.4,0.0,9.7,0.243,11.07,81
-36.1698,145.4155,2012-05-29,302.2,51,9.4,0.0,9.7,0.243,11.07,81
-34.7348,147.526,2012-05-29,322.6,82,8.8,0.0,11.2,0.32,11.7,77
-34.7344,147.5619,2012-05-29,303.4,56,8.8,0.0,11.2,0.326,11.7,77
-34.7442,147.5217,2012-05-29,318.7,79,8.8,0.0,11.2,0.32,11.7,77
-35.4677,144.1493,2012-05-29,318.6,79,10.3,0.0,9.4,0.323,11.3,78
-34.381,145.9506,2012-05-29,304.6,59,10.0,0.0,9.2,0.214,11.7,77
-34.3825,145.9426,2012-05-29,306.1,63,9.9,0.0,9.2,0.222,11.7,77
-34.7663,142.4003,2012-05-29,306.4,63,11.6,0.0,14.6,0.2,10.67,72
-34.7604,142.3915,2012-05-29,301.7,41,11.6,0.0,14.6,0.2,10.67,72
-31.8521,145.8094,2012-05-29,305.5,44,11.3,0.0,11.7,0.197,13.05,70
-31.8448,145.802,2012-05-29,309.2,68,11.2,0.0,11.7,0.184,13.05,71
-33.9491,151.2131,2012-05-29,301.1,37,14.7,2.9,12.5,0.223,6.74,84
-37.3415,141.0999,2012-05-29,300.1,18,11.1,0.0,8.8,0.195,5.17,83
-34.4649,150.8829,2012-05-29,305.0,46,14.1,4.1,20.2,0.335,6.74,82
-34.1658,148.0476,2012-05-30,304.2,58,9.7,0.0,12.5,0.294,11.69,79
-34.1673,148.0362,2012-05-30,304.6,59,9.9,0.0,12.5,0.294,11.69,79
-34.3719,146.3041,2012-05-30,309.0,68,10.0,0.0,8.2,0.232,11.79,78
-34.3734,146.2908,2012-05-30,312.0,72,10.0,0.0,8.2,0.232,11.79,78
-34.7515,142.402,2012-05-30,311.4,71,10.8,0.0,10.0,0.196,11.56,75
-34.3344,146.1889,2012-05-30,314.8,67,10.4,0.0,8.2,0.227,11.79,77
-34.3243,146.1954,2012-05-30,312.2,40,10.4,0.0,8.2,0.227,11.79,77
-34.0119,148.4499,2012-05-30,310.4,70,8.5,0.0,8.9,0.329,11.89,81
-34.0134,148.4387,2012-05-30,311.7,72,8.9,0.0,8.9,0.329,11.89,81
-34.0983,146.3078,2012-05-30,307.4,65,10.0,0.0,9.2,0.214,11.87,77
-33.6907,147.8923,2012-05-30,323.1,82,10.4,0.0,10.0,0.283,12.05,78
-33.6922,147.881,2012-05-30,320.6,80,10.4,0.0,10.0,0.283,12.05,78
-33.1252,148.0129,2012-05-30,305.8,62,11.4,0.0,9.4,0.306,12.07,78
-33.1266,148.0018,2012-05-30,313.0,73,11.4,0.0,9.4,0.306,12.07,78
-34.8719,145.83,2012-05-30,328.8,86,9.4,0.0,9.1,0.204,11.6,78
-34.3141,148.1701,2012-05-30,306.4,63,8.6,0.0,12.5,0.316,11.55,80
-34.5272,146.4503,2012-05-30,312.0,72,10.0,0.0,8.4,0.249,11.76,78
-34.0698,149.8688,2012-05-30,315.9,76,6.6,0.0,9.0,0.343,10.34,88
-34.0714,149.858,2012-05-30,339.9,92,6.7,0.0,9.0,0.349,10.34,88
-34.5342,146.303,2012-05-30,344.2,94,10.2,0.0,8.9,0.238,11.73,77
-34.5357,146.2896,2012-05-30,306.6,64,10.2,0.0,8.9,0.238,11.73,77
-34.4998,146.3379,2012-05-30,317.5,78,10.2,0.0,8.9,0.238,11.73,77
-34.5014,146.3246,2012-05-30,325.3,84,10.2,0.0,8.9,0.238,11.73,77
-34.5008,146.3326,2012-05-30,326.9,85,10.2,0.0,8.9,0.238,11.73,77
-34.5024,146.3193,2012-05-30,306.4,31,10.2,0.0,8.9,0.238,11.73,77
-34.319,147.5739,2012-05-30,312.7,73,9.3,0.0,9.8,0.286,11.81,78
-34.3205,147.562,2012-05-30,318.2,78,9.6,0.0,9.8,0.286,11.81,79
-34.4828,145.7711,2012-05-30,311.8,72,10.1,0.0,8.6,0.217,11.71,76
-34.4859,145.7427,2012-05-30,326.8,85,10.2,0.0,8.6,0.208,11.71,75
-34.4875,145.7285,2012-05-30,313.4,74,10.2,0.0,8.6,0.208,11.71,75
-36.6089,143.4785,2012-05-30,301.0,44,9.9,0.0,11.7,0.265,10.75,84
-36.6107,143.4575,2012-05-30,301.6,48,9.9,0.0,11.7,0.265,10.75,84
-36.6056,143.4731,2012-05-30,304.0,58,10.0,0.0,11.7,0.265,10.75,84
-35.8873,149.5034,2012-05-30,368.1,100,4.2,0.0,5.8,0.353,11.16,82
-35.8888,149.4922,2012-05-30,337.2,90,4.1,0.0,5.8,0.353,11.16,82
-35.8783,149.5015,2012-05-30,310.7,70,4.0,0.0,5.8,0.353,11.16,82
-36.1118,144.9581,2012-05-30,300.4,32,9.3,0.0,8.8,0.221,11.12,81
-35.7366,146.9474,2012-05-30,307.0,65,8.1,0.0,7.2,0.322,11.31,81
-35.737,146.4218,2012-05-30,301.9,50,8.0,0.0,9.3,0.286,11.25,81
-35.7599,145.484,2012-05-30,302.1,51,8.7,0.0,10.1,0.231,10.9,82
-35.911,143.1885,2012-05-30,303.3,56,10.5,0.0,12.0,0.216,10.96,79
-35.315,148.5864,2012-05-30,321.0,81,4.5,0.0,5.0,0.375,11.64,82
-35.3059,148.5845,2012-05-30,333.8,89,4.6,0.0,5.0,0.367,11.64,83
-35.0914,148.2471,2012-05-30,302.0,50,6.1,0.0,8.0,0.357,11.03,85
-35.5038,144.2198,2012-05-30,306.2,63,9.7,0.0,10.2,0.335,11.35,80
-35.3635,144.1397,2012-05-30,316.0,76,9.5,0.0,10.6,0.331,11.47,81
-35.002,147.3853,2012-05-30,306.7,64,8.0,0.0,10.1,0.31,11.5,84
-35.3639,144.1508,2012-05-30,307.3,65,9.6,0.0,10.6,0.345,11.47,81
-35.3657,144.1327,2012-05-30,307.5,65,9.5,0.0,10.6,0.331,11.47,81
-34.4607,150.8866,2012-05-30,305.2,0,13.7,0.0,17.0,0.333,9.74,79
-34.4624,150.8754,2012-05-30,311.0,67,13.7,0.0,17.0,0.333,9.74,79
-35.1775,144.7683,2012-05-30,342.6,93,9.4,0.0,10.0,0.324,11.44,80
-35.1792,144.7517,2012-05-30,313.6,74,9.4,0.0,10.0,0.324,11.44,80
-35.1666,144.7666,2012-05-30,315.3,76,9.4,0.0,10.0,0.324,11.44,80
-35.1683,144.7501,2012-05-30,303.9,32,9.4,0.0,10.0,0.324,11.44,80
-35.0047,145.994,2012-05-30,316.9,60,9.3,0.0,10.4,0.217,11.46,79
-34.9952,146.0,2012-05-30,324.0,83,9.3,0.0,10.4,0.217,11.46,79
-34.806,147.4124,2012-05-30,336.5,90,8.1,0.0,12.0,0.308,11.55,82
-34.8075,147.4002,2012-05-30,323.4,82,8.3,0.0,12.0,0.308,11.55,82
-35.1616,144.1285,2012-05-30,317.1,77,9.8,0.0,10.6,0.323,11.47,80
-35.1634,144.1105,2012-05-30,308.9,68,9.8,0.0,10.9,0.323,11.45,80
-34.8703,145.8443,2012-05-30,348.9,95,9.4,0.0,9.1,0.204,11.6,78
-32.7394,147.8862,2012-05-30,309.6,65,11.6,0.0,11.3,0.297,12.03,79
-32.323,149.2286,2012-05-30,312.6,69,11.4,0.0,20.7,0.31,9.03,83
-32.3245,149.218,2012-05-30,303.3,52,11.3,0.0,20.7,0.31,9.03,83
-31.8033,149.3258,2012-05-30,302.5,52,11.8,0.0,19.9,0.289,10.04,82
-31.5152,151.0865,2012-05-30,305.0,60,11.5,0.0,14.7,0.259,9.59,75
-31.5171,151.075,2012-05-30,314.9,75,11.7,0.0,14.7,0.272,9.59,76
-31.8609,148.5336,2012-05-30,302.2,51,13.0,0.0,20.6,0.239,12.47,75
-31.6504,146.8153,2012-05-30,310.2,67,12.2,0.0,11.9,0.225,12.62,80
-31.3122,146.8947,2012-05-30,305.6,57,12.6,0.0,12.2,0.234,12.99,78
-30.9528,148.5235,2012-05-30,323.6,82,14.1,0.0,17.8,0.327,13.27,70
-30.9543,148.513,2012-05-30,329.7,86,14.1,0.0,17.8,0.327,13.27,70
-30.1287,150.3385,2012-05-30,304.3,55,12.5,0.0,12.5,0.298,13.14,75
-30.1304,150.3271,2012-05-30,301.5,46,12.0,0.0,11.7,0.305,13.12,74
-30.0581,146.7894,2012-05-30,322.9,80,14.1,0.0,16.5,0.312,13.47,74
-30.0595,146.7784,2012-05-30,308.6,47,14.1,0.0,16.5,0.312,13.47,74
-29.0362,150.7018,2012-05-30,305.2,16,14.4,0.0,13.4,0.252,12.73,67
-29.6944,145.5392,2012-05-30,311.8,67,14.3,0.0,15.7,0.191,13.46,72
-28.7277,150.4472,2012-05-30,319.8,75,15.0,0.0,13.3,0.322,12.68,70
-29.8998,151.4653,2012-05-31,305.9,62,9.8,0.0,21.4,0.324,11.71,79
-30.1267,150.3427,2012-05-31,302.6,46,12.8,0.0,11.0,0.289,13.27,73
-31.7192,151.369,2012-05-31,308.3,67,9.0,0.3,13.6,0.308,5.86,89
-31.6687,149.4899,2012-05-31,300.8,42,11.5,0.0,14.6,0.303,12.32,76
-31.187,144.7225,2012-05-31,302.6,53,15.0,0.0,17.1,0.116,10.25,68
-31.8352,145.8132,2012-05-31,303.4,56,13.4,0.0,15.4,0.167,11.56,74
-33.0276,145.1066,2012-05-31,302.3,51,13.0,0.0,14.7,0.065,11.8,75
-37.0777,149.8276,2012-05-31,315.2,67,11.7,0.0,10.9,0.309,10.15,85
-37.0887,149.8264,2012-05-31,321.3,81,11.8,0.0,10.9,0.309,10.15,85
-37.0904,149.8434,2012-05-31,308.2,63,11.8,0.0,10.9,0.309,10.15,85
-37.295,143.3515,2012-05-31,301.5,43,7.8,0.0,8.4,0.301,10.23,86
-37.3555,143.5684,2012-05-31,304.4,59,8.2,0.0,8.6,0.32,10.39,86
-37.4617,149.7408,2012-05-31,302.5,49,11.6,0.0,13.0,0.238,10.04,85
-37.0988,149.8264,2012-05-31,303.5,40,12.1,0.0,10.9,0.239,10.15,85
-37.0847,149.8205,2012-05-31,333.0,83,11.4,0.0,10.1,0.309,10.23,85
-37.0985,149.8177,2012-05-31,310.3,70,11.7,0.0,10.9,0.309,10.15,85
-37.0843,149.8122,2012-05-31,325.8,84,11.9,0.0,10.9,0.309,10.15,85
-37.2911,143.3531,2012-05-31,311.8,72,8.1,0.0,8.4,0.301,10.23,86
-36.7275,145.8292,2012-05-31,302.4,52,7.5,0.0,9.3,0.317,10.67,86
-36.7714,142.9052,2012-05-31,301.6,48,9.2,0.0,10.2,0.25,10.06,84
-36.7737,142.8919,2012-05-31,304.3,58,9.2,0.0,10.2,0.25,10.06,84
-36.6081,142.1192,2012-05-31,312.3,72,10.0,0.0,9.5,0.362,10.56,81
-36.761,141.1207,2012-05-31,311.8,72,10.7,0.0,11.7,0.25,10.6,79
-36.0158,143.867,2012-05-31,305.1,60,9.5,0.0,8.3,0.362,10.65,83
-36.0185,143.852,2012-05-31,320.2,80,9.5,0.0,8.3,0.362,10.65,83
-35.9163,143.2036,2012-05-31,301.7,47,10.2,0.0,9.4,0.21,10.89,78
-35.9188,143.1896,2012-05-31,302.1,49,10.2,0.0,9.4,0.21,10.89,78
-34.4502,145.8375,2012-05-31,304.9,60,10.8,0.0,10.2,0.212,10.51,79
-35.914,142.7391,2012-05-31,303.6,55,10.3,0.0,9.8,0.246,10.95,77
-35.9163,142.7257,2012-05-31,305.9,61,10.3,0.0,9.8,0.246,10.95,77
-35.3764,144.9946,2012-05-31,305.2,61,10.0,0.0,9.1,0.205,11.02,80
-35.3798,144.9769,2012-05-31,306.5,64,10.0,0.0,9.1,0.205,11.02,80
-35.4946,144.1987,2012-05-31,308.1,67,10.1,0.0,9.6,0.329,11.07,79
-35.4859,144.2229,2012-05-31,305.9,62,10.1,0.0,9.6,0.329,11.07,79
-35.4888,144.207,2012-05-31,322.1,81,10.1,0.0,9.6,0.329,11.07,79
-34.8937,147.0303,2012-05-31,301.7,49,9.6,0.0,13.3,0.267,11.19,79
-34.7614,147.5161,2012-05-31,303.7,57,9.1,0.0,14.4,0.311,11.4,79
-34.767,147.4902,2012-05-31,303.8,57,8.9,0.0,14.4,0.311,11.4,79
-35.3908,143.8779,2012-05-31,305.5,62,10.3,0.0,8.8,0.329,11.06,79
-35.3804,143.875,2012-05-31,302.5,52,10.3,0.0,8.8,0.329,11.06,79
-34.8784,146.0198,2012-05-31,305.2,61,10.3,0.0,10.5,0.205,10.37,80
-35.1321,144.0882,2012-05-31,333.0,88,10.7,0.0,9.3,0.315,11.24,78
-35.1351,144.0724,2012-05-31,325.8,84,10.7,0.0,9.3,0.315,11.24,78
-35.1293,144.0806,2012-05-31,345.8,94,10.7,0.0,9.3,0.315,11.24,78
-35.1323,144.0647,2012-05-31,303.7,57,10.7,0.0,9.3,0.315,11.24,78
-33.9186,149.496,2012-05-31,306.6,55,7.3,0.0,11.0,0.335,12.14,82
-34.3373,147.3218,2012-05-31,318.2,78,10.0,0.0,11.7,0.286,11.77,76
-35.1646,142.5478,2012-05-31,307.1,63,10.6,0.0,10.8,0.169,11.21,77
-34.5622,145.5565,2012-05-31,310.2,70,10.8,0.0,10.5,0.214,10.7,79
-34.5702,145.5537,2012-05-31,302.7,53,10.8,0.0,10.5,0.214,10.7,79
-34.4382,145.8339,2012-05-31,304.3,58,10.9,0.0,10.2,0.219,10.51,79
-34.3012,146.1658,2012-05-31,302.7,53,11.2,0.0,11.5,0.221,10.85,77
-34.5166,144.6275,2012-05-31,311.4,71,11.3,0.0,11.2,0.31,11.44,77
-34.5199,144.6102,2012-05-31,304.5,59,11.3,0.0,11.3,0.31,11.52,77
-34.7488,142.3961,2012-05-31,310.5,70,11.8,0.0,11.9,0.241,11.34,74
-34.0449,145.5338,2012-05-31,304.0,58,11.7,0.0,13.0,0.215,11.2,76
-33.7908,145.9279,2012-05-31,303.9,58,12.2,0.0,14.3,0.228,11.44,75
-33.1318,147.9806,2012-05-31,301.6,48,12.0,0.0,11.8,0.3,12.27,73
-33.1252,148.0055,2012-05-31,301.0,44,12.0,0.0,11.8,0.3,12.27,73
-37.084,149.8191,2012-06-01,340.8,92,11.1,0.0,9.8,0.306,8.3,85
-37.0857,149.8049,2012-06-01,318.5,55,11.5,0.0,9.8,0.306,8.3,85
-37.074,149.8176,2012-06-01,325.9,77,10.9,0.0,8.6,0.306,8.08,85
-37.0925,149.8345,2012-06-01,326.9,81,10.8,0.0,9.8,0.236,8.3,86
-37.0756,149.8034,2012-06-01,315.3,36,11.1,0.0,9.8,0.306,8.3,85
-36.062,149.9758,2012-06-01,303.6,53,11.3,0.0,7.7,0.306,8.73,87
-37.0941,149.8206,2012-06-01,318.3,54,11.1,0.0,9.8,0.306,8.3,85
-35.0481,147.3575,2012-06-01,306.5,64,9.2,0.0,10.1,0.301,7.99,82
-34.9587,145.9583,2012-06-01,319.2,79,10.7,0.0,9.0,0.207,9.53,75
-34.9605,145.9368,2012-06-01,304.8,60,10.8,0.0,9.0,0.205,9.53,74
-34.3247,145.8372,2012-06-01,316.8,71,11.3,0.0,9.7,0.202,8.65,75
-34.3324,145.8526,2012-06-01,326.6,85,11.4,0.0,9.7,0.209,8.65,75
-34.3344,145.8314,2012-06-01,348.0,95,11.3,0.0,9.7,0.202,8.65,75
-35.0499,147.3397,2012-06-01,306.8,64,9.5,0.0,10.1,0.292,7.99,81
-34.9692,145.9548,2012-06-01,309.3,67,10.7,0.0,9.0,0.207,9.53,75
-34.9569,145.9532,2012-06-01,314.1,74,10.7,0.0,9.0,0.207,9.53,75
-34.3371,145.8388,2012-06-01,352.5,97,11.3,0.0,9.7,0.202,8.65,75
-36.595,142.4171,2012-06-02,347.8,95,9.8,0.0,16.6,0.359,9.46,79
-36.4613,143.9299,2012-06-02,310.1,69,10.1,0.0,15.2,0.238,8.31,73
-36.604,142.4191,2012-06-02,304.2,48,9.8,0.0,16.6,0.359,9.46,79
-36.5966,142.4059,2012-06-02,313.0,73,9.8,0.0,16.6,0.359,9.46,79
-36.3255,143.9206,2012-06-02,306.5,64,10.1,0.0,15.2,0.361,7.91,72
-36.1671,142.7689,2012-06-02,337.2,90,10.6,0.0,17.7,0.349,9.06,76
-36.1581,142.7669,2012-06-02,316.8,77,10.6,0.0,17.7,0.349,9.06,76
-36.1137,145.0185,2012-06-03,301.0,44,9.9,0.0,13.6,0.195,9.42,80
-36.1048,145.0253,2012-06-03,309.5,69,9.9,0.0,13.6,0.195,9.42,80
-36.1116,145.0592,2012-06-03,300.4,34,9.9,0.0,13.6,0.205,9.42,80
-29.8736,152.8773,2012-06-03,302.2,51,15.4,11.1,6.0,0.396,5.25,97
-35.2499,144.0795,2012-06-04,324.1,83,8.6,3.9,21.2,0.308,9.2,73
-34.4654,150.8808,2012-06-04,301.7,0,13.4,0.5,28.9,0.381,10.42,74
-35.4304,144.9713,2012-06-04,333.4,88,9.0,3.4,15.8,0.193,9.79,75
-35.4319,144.9603,2012-06-04,356.3,98,9.0,3.4,15.8,0.193,9.79,75
-35.3839,145.2339,2012-06-04,306.0,63,9.0,3.1,15.1,0.2,9.82,76
-35.4213,144.9694,2012-06-04,302.2,51,9.0,3.4,15.8,0.193,9.79,75
-35.4229,144.9584,2012-06-04,307.9,66,9.0,3.4,15.8,0.193,9.79,75
-35.4193,144.1839,2012-06-04,303.1,55,8.7,4.1,24.2,0.327,8.3,76
-35.4208,144.1727,2012-06-04,305.6,62,8.7,4.1,24.2,0.327,8.3,76
-35.3501,144.1516,2012-06-04,319.0,60,8.7,3.8,18.0,0.327,9.7,76
-35.3516,144.1403,2012-06-04,313.5,70,8.6,3.8,18.0,0.315,9.7,77
-35.2514,144.0682,2012-06-04,302.1,51,8.6,3.9,21.2,0.308,9.2,75
-34.9199,145.7654,2012-06-04,318.8,79,8.9,1.1,16.3,0.188,10.79,69
-34.9215,145.7544,2012-06-04,303.3,55,8.9,1.1,16.3,0.188,10.79,69
-34.7252,146.0859,2012-06-04,320.9,80,9.1,0.3,15.9,0.207,10.63,68
-34.7268,146.0748,2012-06-04,349.2,96,9.1,0.3,15.9,0.207,10.63,68
-34.7495,142.7578,2012-06-04,303.9,57,8.2,2.1,23.9,0.19,10.5,78
-34.2118,146.0662,2012-06-04,301.7,40,9.0,0.0,17.0,0.223,11.04,67
-34.2027,146.0642,2012-06-04,306.6,64,9.0,0.0,17.0,0.223,11.04,67
-33.0304,145.0993,2012-06-04,300.6,39,8.6,0.0,22.1,0.107,11.12,69
-35.7377,146.931,2012-06-06,306.5,64,8.9,0.0,13.8,0.348,9.89,71
-35.0969,148.2524,2012-06-06,304.3,46,5.7,0.0,8.9,0.394,8.94,78
-35.0879,148.2505,2012-06-06,325.5,84,5.8,0.0,8.9,0.394,8.94,78
-34.4504,146.257,2012-06-06,323.0,82,9.7,0.0,15.9,0.289,11.36,68
-34.4519,146.2454,2012-06-06,328.6,86,9.6,0.0,15.9,0.276,11.36,67
-34.469,145.0573,2012-06-06,300.7,40,9.7,0.0,19.9,0.262,11.34,67
-32.5183,146.5075,2012-06-06,303.1,55,9.1,0.0,15.5,0.304,12.21,70
-32.5197,146.4966,2012-06-06,315.7,76,9.1,0.0,15.5,0.304,12.21,70
-32.4168,142.4029,2012-06-06,315.2,75,9.9,0.0,18.7,0.091,12.07,72
-34.3229,146.2509,2012-06-07,308.3,65,8.5,0.0,10.4,0.271,10.43,72
-34.3264,146.257,2012-06-07,332.2,88,8.5,0.0,10.4,0.271,10.43,72
-34.3169,146.2783,2012-06-07,303.2,50,8.5,0.0,10.4,0.271,10.43,72
-34.3203,146.2844,2012-06-07,304.9,57,8.4,0.0,10.4,0.271,10.43,72
-34.3731,148.0034,2012-06-08,301.2,45,5.3,0.0,9.8,0.33,11.55,79
-34.309,147.5925,2012-06-08,302.3,52,5.5,0.0,8.8,0.31,11.51,77
-35.7874,147.3102,2012-06-08,302.0,50,5.5,0.0,8.9,0.366,10.76,79
-34.4665,150.8815,2012-06-08,304.6,48,11.1,0.0,13.2,0.378,11.5,69
-29.9149,146.9357,2012-06-08,340.2,92,10.5,0.0,14.9,0.352,12.73,67
-29.9134,146.9481,2012-06-08,318.1,78,10.5,0.0,14.9,0.352,12.73,67
-34.4654,150.8836,2012-06-09,301.0,33,11.9,0.0,11.0,0.367,11.12,70
-32.2505,149.4989,2012-06-09,321.2,81,5.9,0.0,9.0,0.35,12.41,75
-32.2574,149.4684,2012-06-09,306.9,64,6.1,0.0,9.0,0.35,12.41,75
-32.2522,149.495,2012-06-09,324.3,83,6.0,0.0,9.0,0.35,12.41,75
-32.2589,149.4643,2012-06-09,300.5,38,6.1,0.0,9.0,0.35,12.41,75
-35.6525,145.6822,2012-06-10,322.9,82,8.1,0.0,9.2,0.216,8.87,84
-35.6562,145.6873,2012-06-10,318.4,78,8.1,0.0,9.2,0.216,8.87,84
-35.6582,145.6583,2012-06-10,307.6,66,8.1,0.0,9.2,0.216,8.87,84
-34.5039,146.3332,2012-06-10,328.7,86,6.9,0.0,9.7,0.249,10.92,80
-34.5058,146.308,2012-06-10,305.4,61,6.9,0.0,9.7,0.249,10.92,80
-34.5087,146.3289,2012-06-10,329.4,86,6.9,0.0,9.7,0.249,10.92,80
-31.9998,148.5825,2012-06-10,304.8,60,8.6,0.0,11.5,0.302,12.06,67
-32.0015,148.5662,2012-06-10,306.3,63,8.6,0.0,11.5,0.302,12.06,68
-30.3271,147.9669,2012-06-10,375.7,100,11.4,0.0,17.0,0.314,10.02,65
-35.0391,145.8052,2012-06-11,311.7,72,8.1,0.0,12.6,0.213,10.68,77
-35.1133,143.8328,2012-06-11,323.2,82,8.5,0.0,10.1,0.315,10.31,80
-35.1149,143.8218,2012-06-11,305.4,61,8.5,0.0,10.1,0.315,10.31,80
-34.6869,146.4935,2012-06-11,328.9,86,8.6,0.0,15.0,0.163,10.76,76
-34.689,146.4809,2012-06-11,306.9,55,8.6,0.0,15.0,0.163,10.76,76
-34.7627,146.039,2012-06-11,300.7,38,8.4,0.0,13.8,0.211,10.77,76
-36.6336,146.8834,2012-06-11,310.3,70,4.7,0.0,8.2,0.377,10.26,83
-36.3666,146.3483,2012-06-11,306.5,64,6.4,0.0,10.1,0.299,10.24,82
-36.1643,145.1274,2012-06-11,334.9,89,7.5,0.0,7.8,0.214,9.9,81
-36.166,145.116,2012-06-11,304.9,60,7.5,0.0,8.9,0.214,9.84,81
-35.8131,146.696,2012-06-11,305.3,61,6.6,0.0,9.7,0.315,10.45,81
-36.3855,142.2516,2012-06-11,317.2,77,8.1,0.0,12.8,0.367,9.32,79
-36.3066,142.1576,2012-06-11,307.6,66,8.2,0.0,13.2,0.363,9.14,79
-36.3081,142.1458,2012-06-11,345.7,94,8.2,0.0,13.2,0.364,9.14,80
-35.5674,146.938,2012-06-11,302.1,50,6.1,0.0,10.2,0.31,10.59,81
-36.4193,141.0095,2012-06-11,303.8,57,8.2,0.0,13.8,0.338,8.18,79
-36.6365,146.8909,2012-06-11,302.1,44,4.6,0.0,9.2,0.371,10.15,84
-35.2327,147.5606,2012-06-11,301.3,46,5.0,0.0,8.5,0.33,10.56,81
-35.6944,144.6965,2012-06-11,307.2,65,8.2,0.0,9.4,0.221,10.19,79
-35.696,144.6853,2012-06-11,311.3,71,8.2,0.0,9.4,0.221,10.19,79
-35.2645,146.5977,2012-06-11,324.3,83,7.3,0.0,11.8,0.274,10.62,78
-35.0451,145.7979,2012-06-11,301.7,48,8.1,0.0,12.6,0.213,10.68,77
-35.2394,144.2929,2012-06-11,318.4,78,8.4,0.0,9.7,0.351,10.27,80
-35.241,144.2818,2012-06-11,309.9,69,8.4,0.0,9.7,0.351,10.27,80
-35.2304,144.2908,2012-06-11,326.7,85,8.4,0.0,9.7,0.351,10.27,80
-35.232,144.2798,2012-06-11,310.3,47,8.4,0.0,9.7,0.351,10.27,80
-34.9563,145.9863,2012-06-11,376.2,100,8.1,0.0,12.3,0.213,10.68,77
-34.9583,145.9743,2012-06-11,324.7,83,8.1,0.0,12.3,0.213,10.68,77
-34.7949,146.0219,2012-06-11,304.0,58,8.4,0.0,13.8,0.211,10.77,76
-34.7969,146.0098,2012-06-11,307.7,66,8.4,0.0,13.8,0.211,10.77,76
-34.7722,146.0414,2012-06-11,302.1,31,8.4,0.0,13.8,0.211,10.77,76
-34.4859,146.0906,2012-06-11,307.7,66,8.8,0.0,14.7,0.226,10.87,76
-34.4116,146.2837,2012-06-11,300.3,35,8.9,0.0,15.9,0.241,10.84,77
-34.4137,146.2713,2012-06-11,313.3,73,8.9,0.0,15.9,0.241,10.84,77
-30.8212,145.9393,2012-06-11,300.5,38,9.6,0.0,12.2,0.217,12.62,71
-37.4477,143.264,2012-06-12,338.4,91,7.9,0.0,19.5,0.313,8.97,76
-37.2859,143.351,2012-06-12,310.3,70,6.9,0.0,16.5,0.302,8.7,77
-37.4431,143.2539,2012-06-12,377.0,100,8.0,0.0,19.5,0.313,8.97,76
-37.4539,143.2521,2012-06-12,339.3,91,7.8,0.0,19.5,0.3,8.97,75
-37.446,143.2477,2012-06-12,363.7,100,7.8,0.0,19.5,0.279,8.97,76
-35.0128,147.7355,2012-06-12,312.2,72,7.4,0.0,14.1,0.331,8.76,80
-34.4103,148.0296,2012-06-12,302.6,53,10.6,0.0,23.5,0.309,6.84,77
-34.3567,145.9895,2012-06-12,300.8,41,10.8,0.0,13.0,0.207,7.01,79
-34.5652,146.146,2012-06-12,302.2,51,10.6,0.0,14.4,0.221,7.27,77
-34.5673,146.1045,2012-06-12,333.5,88,10.6,0.0,13.4,0.221,7.11,77
-34.5598,146.1409,2012-06-12,307.2,65,10.6,0.0,14.4,0.221,7.27,77
-35.0111,147.7402,2012-06-12,307.9,66,7.5,0.0,14.1,0.331,8.76,80
-35.0132,147.7064,2012-06-12,307.5,65,7.7,0.0,14.1,0.331,8.76,80
-28.6093,150.2447,2012-06-12,304.8,52,13.2,0.0,15.5,0.378,12.24,76
-37.4505,143.2556,2012-06-12,352.0,97,7.8,0.0,19.5,0.3,8.97,75
-34.4604,150.8818,2012-06-12,311.3,82,14.0,7.3,20.8,0.423,5.27,83
-29.1492,151.2782,2012-06-12,300.2,30,11.8,0.0,13.6,0.342,11.34,76
-32.9464,144.5723,2012-06-12,302.5,39,10.6,0.0,9.2,0.062,9.03,80
-35.927,146.5813,2012-06-13,310.7,70,8.4,0.0,14.1,0.302,9.12,81
-35.9286,146.5702,2012-06-13,375.6,100,8.4,0.0,14.1,0.302,9.12,81
-35.9301,146.5591,2012-06-13,328.6,86,8.4,0.0,14.1,0.302,9.12,81
-35.9234,146.3394,2012-06-13,308.4,64,9.1,0.0,14.5,0.26,9.43,79
-35.9143,146.3375,2012-06-13,307.3,56,9.1,0.0,14.5,0.26,9.43,79
-35.9158,146.3263,2012-06-13,304.5,32,9.1,0.0,14.5,0.26,9.43,79
-35.6275,146.681,2012-06-13,300.4,37,9.6,0.0,14.3,0.288,8.69,77
-35.6549,145.68,2012-06-13,326.4,84,10.3,0.0,14.1,0.204,9.95,78
-35.6565,145.6686,2012-06-13,300.4,36,10.3,0.0,14.1,0.204,9.95,78
-36.0632,142.0061,2012-06-13,303.2,55,11.2,0.0,21.7,0.17,8.13,70
-35.699,144.6969,2012-06-13,308.3,47,10.6,0.0,13.6,0.212,8.82,79
-35.62,145.1694,2012-06-13,312.7,73,10.8,0.0,14.2,0.204,10.19,78
-35.6215,145.1577,2012-06-13,305.8,62,10.8,0.0,14.2,0.204,10.19,78
-35.522,145.8442,2012-06-13,312.0,72,10.5,0.0,14.2,0.211,10.07,78
-35.5235,145.8329,2012-06-13,307.0,65,10.5,0.0,14.2,0.211,10.07,78
-35.5129,145.8424,2012-06-13,362.7,100,10.5,0.0,14.2,0.211,10.07,78
-35.5144,145.8311,2012-06-13,346.3,94,10.5,0.0,14.2,0.211,10.07,78
-35.5174,145.4762,2012-06-13,312.0,72,10.7,0.0,14.4,0.205,10.21,78
-35.5733,145.0467,2012-06-13,329.1,86,10.8,0.0,14.6,0.203,10.0,78
-35.5748,145.0349,2012-06-13,307.5,66,10.7,0.0,14.6,0.203,10.0,78
-34.6117,148.298,2012-06-13,306.7,64,10.0,0.0,18.6,0.332,7.15,79
-34.6135,148.2866,2012-06-13,309.6,69,10.3,0.0,18.6,0.332,7.15,79
-35.0701,143.8602,2012-06-13,301.2,45,10.2,0.0,16.0,0.337,7.24,81
-34.5158,146.3495,2012-06-13,303.7,40,10.9,0.0,11.2,0.234,10.49,78
-35.5189,145.4647,2012-06-13,305.8,62,10.7,0.0,14.4,0.205,10.21,78
-37.4508,143.2518,2012-06-13,301.3,38,9.3,0.0,25.6,0.294,8.42,83
-36.5273,146.0134,2012-06-13,301.7,30,7.4,0.0,13.2,0.294,9.06,83
-36.538,145.9329,2012-06-13,300.9,24,7.7,0.0,13.2,0.279,9.06,83
-36.0423,146.5428,2012-06-13,308.3,67,8.5,0.0,14.1,0.276,9.12,81
-36.0438,146.5316,2012-06-13,315.7,76,8.5,0.0,14.1,0.276,9.12,81
-36.0201,146.4346,2012-06-13,303.8,57,8.8,0.0,14.1,0.263,9.12,80
-35.9361,146.5833,2012-06-13,341.6,92,8.4,0.0,14.1,0.302,9.12,81
-35.9376,146.5721,2012-06-13,368.2,100,8.4,0.0,14.1,0.302,9.12,81
-34.5075,146.3534,2012-06-13,304.7,60,10.9,0.0,11.2,0.24,10.49,79
-34.4508,146.0991,2012-06-13,306.0,63,10.9,0.0,12.3,0.217,10.57,79
-34.3429,146.4693,2012-06-13,308.1,67,10.7,0.0,12.1,0.255,10.71,79
-34.3444,146.4584,2012-06-13,354.6,98,10.7,0.0,12.1,0.255,10.71,79
-34.3554,145.9951,2012-06-13,318.0,78,10.9,0.0,12.3,0.203,10.74,79
-34.3569,145.9841,2012-06-13,318.3,78,10.9,0.0,12.3,0.203,10.74,79
-33.8669,148.6987,2012-06-13,328.2,85,10.2,0.0,9.3,0.323,10.7,79
-34.0996,146.7521,2012-06-13,321.9,61,10.3,0.0,13.0,0.272,10.93,80
-34.0906,146.7502,2012-06-13,324.3,83,10.3,0.0,13.0,0.272,10.93,80
-33.1961,148.7924,2012-06-13,301.1,42,9.6,0.0,10.8,0.324,10.82,80
-29.52,144.6319,2012-06-13,303.7,51,11.0,0.0,9.6,0.215,13.08,76
-28.5616,149.6164,2012-06-13,326.2,79,12.7,0.0,10.1,0.399,13.58,78
-28.5642,149.6017,2012-06-13,336.7,90,12.7,0.0,10.1,0.399,13.58,78
-28.4919,149.7323,2012-06-13,310.4,66,12.6,0.0,10.5,0.331,13.59,79
-28.5449,148.1127,2012-06-13,305.6,57,12.6,0.0,10.3,0.339,13.54,79
-30.3299,149.2808,2012-06-14,315.6,76,12.3,0.0,11.5,0.209,12.66,79
-31.537,148.5677,2012-06-14,301.8,49,12.4,0.0,12.4,0.286,12.1,75
-31.5326,148.564,2012-06-14,303.0,55,12.4,0.0,12.4,0.286,12.1,75
-28.843,148.5704,2012-06-14,305.8,55,12.5,0.0,9.1,0.224,13.58,77
-28.8363,148.5655,2012-06-14,305.5,61,12.5,0.0,9.1,0.224,13.58,77
-28.8345,148.5863,2012-06-14,300.2,21,12.5,0.0,9.1,0.224,13.58,77
-31.6654,149.4883,2012-06-14,303.1,55,11.0,0.0,11.9,0.315,11.06,79
-36.2438,143.4028,2012-06-15,304.7,60,10.4,0.0,17.0,0.24,9.5,70
-35.8708,143.6588,2012-06-15,302.4,52,10.6,0.0,15.3,0.255,9.84,70
-34.91,147.8012,2012-06-15,315.0,75,12.2,0.0,12.4,0.321,9.1,73
-34.9115,147.7894,2012-06-15,302.3,52,12.2,0.0,12.4,0.321,9.1,73
-34.2802,149.4321,2012-06-15,302.7,45,9.1,0.0,22.5,0.335,8.73,75
-33.0009,148.9847,2012-06-15,300.2,32,10.0,0.0,16.3,0.316,7.57,77
-33.4201,145.6561,2012-06-15,321.7,81,12.4,0.4,15.6,0.206,11.24,69
-33.4216,145.6423,2012-06-15,323.0,82,12.4,0.4,15.6,0.201,11.24,69
-31.4534,151.0702,2012-06-15,303.1,55,9.7,0.0,13.8,0.327,11.28,73
-31.4553,151.0588,2012-06-15,302.6,53,9.4,0.0,12.9,0.327,11.61,73
-31.495,150.2108,2012-06-15,345.9,94,12.2,0.0,13.9,0.402,10.08,74
-31.4967,150.1999,2012-06-15,310.5,41,12.2,0.0,13.9,0.402,10.08,74
-31.4842,150.2197,2012-06-15,343.0,93,12.2,0.0,13.9,0.402,10.08,74
-31.4859,150.2088,2012-06-15,395.9,100,12.2,0.0,13.9,0.402,10.08,74
-31.4875,150.198,2012-06-15,313.6,64,12.2,0.0,13.9,0.402,10.08,74
-31.234,151.1054,2012-06-15,311.0,71,10.7,0.0,12.9,0.291,11.33,72
-31.4399,148.7173,2012-06-15,308.1,67,13.5,0.0,19.1,0.264,9.28,66
-29.511,151.4715,2012-06-15,303.0,44,9.7,0.0,10.1,0.399,13.28,73
-29.513,151.4594,2012-06-15,303.8,56,10.0,0.0,10.1,0.399,13.28,73
-29.5222,149.0007,2012-06-15,315.1,72,13.7,0.0,13.8,0.34,10.08,69
-29.0737,150.7018,2012-06-15,311.3,70,12.5,0.0,9.8,0.29,13.32,71
-28.6983,150.345,2012-06-15,314.4,62,13.3,0.0,11.9,0.348,13.33,70
-28.6853,150.3655,2012-06-15,311.5,37,13.1,0.0,11.9,0.352,13.33,71
-28.6871,150.3543,2012-06-15,314.8,70,13.1,0.0,11.9,0.352,13.33,71
-28.7039,149.6641,2012-06-15,323.5,70,13.4,0.0,12.3,0.396,13.17,70
-28.6042,150.2391,2012-06-15,317.5,66,13.3,0.0,11.2,0.35,13.42,70
-28.8365,148.5957,2012-06-15,305.8,34,13.9,0.0,14.0,0.214,11.91,67
-28.838,148.5854,2012-06-15,326.2,82,13.8,0.0,14.0,0.214,11.91,67
-28.5306,149.8383,2012-06-15,310.6,47,13.2,0.0,12.2,0.359,13.37,70
-28.5214,149.8364,2012-06-15,312.3,68,13.2,0.0,12.2,0.359,13.37,70
-28.2232,150.1929,2012-06-15,315.1,72,13.3,0.0,11.7,0.248,13.57,70
-28.7735,152.1778,2012-06-16,308.7,67,11.3,0.0,14.3,0.358,13.47,76
-28.7716,152.1719,2012-06-16,306.7,64,11.6,0.0,14.3,0.358,13.47,76
-29.1322,150.2316,2012-06-16,302.6,53,14.0,1.0,17.9,0.396,12.5,68
-28.5481,151.2285,2012-06-16,320.9,76,13.8,0.0,13.9,0.296,12.96,70
-28.5508,151.1884,2012-06-16,352.9,84,13.6,0.0,13.9,0.299,12.96,70
-28.5464,151.1838,2012-06-16,323.0,75,13.7,0.0,13.9,0.296,12.96,70
-36.2049,142.8038,2012-06-16,306.5,58,10.2,0.1,17.4,0.356,9.06,72
-34.8472,143.2674,2012-06-16,303.1,55,11.3,0.0,13.3,0.305,8.02,64
-34.4615,150.8839,2012-06-16,307.3,71,13.0,12.3,19.5,0.404,3.25,86
-28.5538,151.2017,2012-06-17,311.3,71,11.9,0.1,13.3,0.295,12.62,74
-28.6376,149.721,2012-06-17,310.5,70,12.2,0.0,14.9,0.374,12.08,75
-28.4429,146.2121,2012-06-17,305.0,57,11.7,0.0,11.6,0.281,13.71,69
-33.0302,145.1033,2012-06-17,300.5,29,10.5,0.0,20.3,0.179,9.78,72
-30.3695,151.471,2012-06-18,300.9,43,5.7,0.0,13.6,0.291,12.3,81
-34.4627,150.8828,2012-06-18,306.1,48,12.9,0.0,26.6,0.379,11.12,63
-30.0623,149.1351,2012-06-18,302.2,44,11.6,0.0,14.3,0.364,12.22,67
-30.0575,149.1287,2012-06-18,303.0,54,11.6,0.0,14.3,0.364,12.22,67
-28.6473,150.6177,2012-06-18,307.3,65,10.0,0.0,17.6,0.288,13.29,74
-28.6544,150.6153,2012-06-18,307.8,66,10.2,0.0,17.6,0.294,13.29,72
-28.4698,149.8872,2012-06-18,306.8,64,10.6,0.0,16.5,0.344,12.98,71
-28.3354,150.0663,2012-06-19,303.5,56,10.0,0.0,15.9,0.306,13.36,74
-28.34,150.0604,2012-06-19,303.1,55,10.0,0.0,15.9,0.306,13.36,74
-34.5501,142.3194,2012-06-19,300.4,36,12.1,0.0,13.0,0.139,5.51,78
-37.4124,143.5943,2012-06-19,307.5,63,6.3,0.1,19.9,0.327,7.43,77
-37.4165,143.5882,2012-06-19,316.3,77,6.5,0.1,19.9,0.327,7.43,77
-29.8828,150.1631,2012-06-19,304.4,59,9.0,0.0,9.8,0.3,12.66,77
-29.3154,152.7013,2012-06-19,305.0,60,11.0,0.0,6.6,0.348,13.39,80
-29.3168,152.6903,2012-06-19,304.7,60,11.0,0.0,6.6,0.348,13.39,80
-29.4714,149.8581,2012-06-19,312.0,72,10.1,0.0,16.1,0.301,13.06,76
-28.7053,149.6805,2012-06-19,308.0,63,10.3,0.0,15.8,0.376,13.04,74
-28.707,149.6654,2012-06-19,309.2,68,10.3,0.0,15.8,0.376,13.04,74
-28.17,152.573,2012-06-19,306.0,63,10.8,0.0,8.5,0.349,13.94,72
-28.1714,152.5622,2012-06-19,308.5,67,10.9,0.0,8.5,0.355,13.94,73
-28.3549,150.0727,2012-06-19,311.9,70,10.2,0.0,15.9,0.333,13.36,74
-28.3443,150.0712,2012-06-19,317.4,78,10.0,0.0,15.9,0.306,13.36,74
-28.3459,150.057,2012-06-19,305.6,41,10.0,0.0,15.9,0.306,13.36,74
-35.1101,143.9327,2012-06-19,306.4,63,10.3,0.0,17.2,0.322,9.6,71
-35.108,143.9234,2012-06-19,303.6,56,10.3,0.0,17.2,0.322,9.6,71
-34.4512,150.8639,2012-06-19,326.8,100,13.1,0.0,25.5,0.369,10.48,65
-28.5543,150.2734,2012-06-19,310.5,61,10.1,0.0,16.1,0.31,13.35,74
-28.5563,150.2852,2012-06-19,303.7,49,10.1,0.0,16.1,0.31,13.35,74
-34.4631,150.8887,2012-06-20,303.9,43,11.5,0.0,12.5,0.362,10.94,66
-35.6646,145.2049,2012-06-20,323.5,82,8.1,0.0,22.4,0.196,6.86,73
-35.6661,145.1938,2012-06-20,304.7,60,8.1,0.0,22.4,0.196,6.86,73
-35.5783,145.6759,2012-06-20,306.2,62,7.3,0.0,19.7,0.2,5.77,77
-35.5799,145.6649,2012-06-20,316.6,77,7.3,0.0,19.7,0.2,5.77,77
-35.5709,145.6629,2012-06-20,309.1,42,7.3,0.0,19.7,0.2,5.77,77
-35.438,144.7844,2012-06-20,304.8,57,9.0,0.0,27.5,0.267,8.14,69
-35.1708,144.1889,2012-06-20,343.0,81,10.0,0.0,26.8,0.322,9.24,66
-33.4417,148.6257,2012-06-20,300.0,10,6.1,0.0,10.5,0.336,10.32,82
-35.8194,150.0351,2012-06-20,311.5,71,6.6,0.0,20.9,0.343,9.78,73
-35.8222,150.0198,2012-06-20,318.0,78,6.3,0.0,20.9,0.343,9.78,73
-36.6941,143.8321,2012-06-20,307.7,66,8.8,0.0,30.7,0.228,8.48,68
-35.9936,145.3465,2012-06-20,307.7,62,7.8,0.0,21.4,0.224,6.85,74
-35.9952,145.3354,2012-06-20,310.4,70,7.8,0.0,21.4,0.224,6.85,74
-30.0285,148.8476,2012-06-20,327.1,85,11.0,0.0,8.5,0.331,12.61,73
-33.0292,145.1051,2012-06-20,300.5,38,10.3,0.0,23.0,0.149,8.93,76
-30.1757,149.4435,2012-06-20,308.3,58,9.7,0.0,8.6,0.373,13.01,76
-30.033,148.8392,2012-06-20,357.7,99,11.0,0.0,8.5,0.331,12.61,73
-30.0359,148.8237,2012-06-20,317.8,78,11.0,0.0,8.5,0.331,12.61,73
-30.0222,148.8366,2012-06-20,309.9,52,11.0,0.0,8.5,0.331,12.61,73
-30.0313,148.8321,2012-06-20,333.6,88,11.0,0.0,8.5,0.331,12.61,73
-30.004,148.8578,2012-06-20,303.1,48,10.8,0.0,8.5,0.334,12.61,74
-29.2698,150.9229,2012-06-20,314.1,74,8.9,0.0,8.9,0.287,13.62,73
-29.2702,150.9159,2012-06-20,315.0,75,9.1,0.0,8.9,0.287,13.62,73
-28.6687,150.3439,2012-06-20,306.4,55,10.1,0.0,8.2,0.311,13.69,76
-28.8515,148.5797,2012-06-20,312.5,72,10.5,0.0,9.5,0.207,13.35,77
-28.3391,150.0666,2012-06-20,309.0,65,10.4,0.0,9.4,0.3,13.89,75
-28.2715,150.063,2012-06-20,311.1,70,10.4,0.0,9.4,0.3,13.89,75
-28.2593,150.0599,2012-06-20,309.8,68,10.4,0.0,9.4,0.3,13.89,75
-28.2622,150.0534,2012-06-20,331.1,100,10.4,0.0,9.4,0.3,13.89,75
-28.8421,148.589,2012-06-21,304.9,60,11.9,0.0,16.3,0.17,13.7,67
-28.8452,148.5822,2012-06-21,302.0,50,11.9,0.0,16.3,0.17,13.7,67
-28.2749,150.0516,2012-06-21,310.1,70,11.2,0.0,16.4,0.294,14.01,68
-28.269,150.0454,2012-06-21,305.6,62,11.4,0.0,16.4,0.24,14.01,67
-35.8173,150.0162,2012-06-21,313.7,74,10.9,0.0,21.4,0.338,7.52,67
-35.8171,150.0085,2012-06-21,307.4,65,10.0,0.0,21.4,0.341,7.52,70
-35.8192,150.0422,2012-06-21,305.9,62,10.8,0.0,21.4,0.338,7.52,67
-31.0796,151.0146,2012-06-21,331.3,87,7.2,0.0,16.1,0.296,12.87,71
-31.0814,150.9931,2012-06-21,325.1,83,7.0,0.0,16.8,0.296,12.71,71
-31.0792,151.0078,2012-06-21,338.7,91,7.1,0.0,16.1,0.296,12.87,71
-31.0811,150.9866,2012-06-21,305.3,61,7.0,0.0,16.8,0.296,12.71,71
-30.8699,152.4335,2012-06-21,303.1,51,8.1,0.0,10.9,0.314,12.94,73
-30.2891,149.4078,2012-06-21,304.3,59,10.6,0.0,17.5,0.254,12.97,71
-30.1941,149.4749,2012-06-21,321.1,81,10.9,0.0,17.5,0.382,12.97,70
-30.1963,149.448,2012-06-21,328.1,85,10.9,0.0,17.5,0.366,12.97,70
-29.4456,152.807,2012-06-21,303.4,56,11.0,0.0,9.2,0.339,13.52,76
-29.4565,152.0507,2012-06-21,300.5,36,7.0,0.0,16.6,0.422,13.84,66
-29.4602,152.0459,2012-06-21,304.2,54,7.2,0.0,16.6,0.422,13.84,66
-28.4234,152.6012,2012-06-21,303.0,54,10.5,0.0,14.0,0.335,14.22,74
-28.3379,150.0719,2012-06-21,311.5,70,11.2,0.0,16.4,0.294,14.01,68
-30.859,152.6414,2012-06-21,309.5,69,8.7,0.0,9.8,0.329,13.06,75
-34.4596,150.8804,2012-06-22,308.0,50,13.0,0.1,30.0,0.353,7.2,63
-28.6209,149.6668,2012-06-22,307.6,61,14.4,0.1,23.2,0.348,10.33,67
-28.6963,149.6731,2012-06-23,303.2,42,9.4,0.0,14.0,0.357,13.68,70
-32.9694,144.7017,2012-06-23,318.2,78,7.3,0.0,15.3,0.192,11.6,77
-32.9709,144.7124,2012-06-23,309.3,68,7.3,0.0,15.3,0.192,11.6,77
-32.9717,144.7049,2012-06-23,309.6,69,7.3,0.0,15.3,0.192,11.6,77
-32.9751,144.7012,2012-06-23,312.6,73,7.3,0.0,15.3,0.192,11.6,77
-34.467,150.8815,2012-06-24,312.2,63,11.8,0.0,26.3,0.339,11.18,63
-32.9799,149.6118,2012-06-24,308.4,67,3.7,0.0,19.9,0.365,9.65,82
-32.9814,149.6007,2012-06-24,304.6,59,3.9,0.0,19.9,0.365,9.65,82
-31.5335,152.5097,2012-06-24,310.4,70,7.9,0.0,8.0,0.33,12.39,76
-31.0932,151.6659,2012-06-24,301.6,48,1.2,0.0,7.1,0.326,13.34,67
-30.3267,149.8124,2012-06-24,302.4,50,6.7,0.0,11.8,0.264,13.29,71
-30.3282,149.802,2012-06-24,326.4,84,6.7,0.0,11.8,0.264,13.29,71
-29.2027,150.4048,2012-06-24,310.7,70,8.1,0.0,10.8,0.363,13.8,62
-29.2042,150.3945,2012-06-24,310.4,70,8.1,0.0,10.8,0.363,13.8,62
-28.6497,150.4729,2012-06-24,307.5,44,8.6,0.0,11.6,0.187,13.91,65
-29.09,146.6194,2012-06-24,309.9,69,8.2,0.0,19.3,0.149,13.67,66
-28.5206,149.9086,2012-06-24,305.1,52,8.8,0.0,12.2,0.309,14.01,65
-28.6862,150.351,2012-06-25,312.3,72,9.4,0.0,9.4,0.298,13.18,59
-28.6876,150.3621,2012-06-25,307.1,65,9.4,0.0,9.4,0.298,13.18,59
-29.4464,146.5093,2012-06-25,314.9,75,9.5,0.0,17.7,0.197,12.95,70
-29.4539,146.4965,2012-06-25,318.5,79,9.5,0.0,17.7,0.147,12.95,70
-29.4556,146.5074,2012-06-25,336.6,90,9.5,0.0,17.7,0.147,12.95,70
-34.4608,150.8857,2012-06-25,302.8,41,12.6,0.0,19.3,0.333,11.14,67
-32.3794,146.903,2012-06-25,322.0,71,9.2,0.0,15.5,0.249,7.56,77
-30.9039,147.5399,2012-06-25,347.4,95,8.8,0.0,17.0,0.341,11.89,77
-30.909,147.5155,2012-06-25,304.2,58,8.8,0.0,17.0,0.341,11.89,77
-30.8907,147.5361,2012-06-25,331.9,88,8.8,0.0,17.0,0.341,11.89,77
-30.8959,147.5117,2012-06-25,303.5,56,8.8,0.0,17.0,0.341,11.89,77
-30.8906,147.5545,2012-06-25,317.3,78,8.7,0.0,17.0,0.341,11.89,77
-30.8957,147.53,2012-06-25,354.5,98,8.8,0.0,17.0,0.341,11.89,77
-30.2551,147.6535,2012-06-25,322.1,81,8.9,0.0,18.8,0.163,12.51,76
-29.4514,146.4988,2012-06-26,318.9,79,10.8,0.0,15.3,0.145,13.0,71
-29.4539,146.5293,2012-06-26,303.1,55,10.8,0.0,15.3,0.145,13.0,71
-29.4512,146.492,2012-06-26,312.7,73,10.8,0.0,15.3,0.145,13.0,71
-29.4535,146.5225,2012-06-26,310.7,70,10.8,0.0,15.3,0.145,13.0,71
-36.1763,150.0915,2012-06-26,318.0,78,8.8,0.0,13.2,0.2,5.52,73
-30.3249,151.4552,2012-06-26,302.1,51,4.9,0.0,16.7,0.306,11.14,71
-30.3178,149.9852,2012-06-26,304.7,60,8.7,0.0,9.7,0.234,11.68,67
-30.3193,149.9724,2012-06-26,309.5,69,8.9,0.0,9.7,0.234,11.68,67
-30.2489,147.6668,2012-06-26,317.3,78,10.2,0.0,17.7,0.222,12.45,74
-30.2506,147.6496,2012-06-26,326.2,84,10.2,0.0,17.7,0.227,12.45,76
-29.4555,146.5104,2012-06-26,305.5,61,10.8,0.0,15.3,0.145,13.0,71
-29.4574,146.4904,2012-06-26,304.9,60,10.8,0.0,15.3,0.145,13.0,71
-34.4386,146.2492,2012-06-27,309.1,68,10.5,0.0,10.4,0.246,7.68,79
-36.1884,150.0866,2012-06-27,313.4,58,8.2,0.0,8.2,0.266,6.46,88
-35.1912,146.8483,2012-06-27,300.3,19,9.9,0.0,14.9,0.291,6.61,74
-34.711,146.1063,2012-06-27,305.8,57,10.5,0.0,10.7,0.228,6.97,78
-34.7075,146.0989,2012-06-27,308.6,63,10.5,0.0,10.7,0.228,6.97,78
-34.3433,146.0928,2012-06-27,311.1,71,10.5,0.0,11.2,0.242,8.03,80
-34.3382,146.0975,2012-06-27,309.0,68,10.5,0.0,11.2,0.242,8.03,80
-33.3301,148.633,2012-06-27,312.0,55,10.0,0.0,14.5,0.347,9.38,77
-33.4083,146.6852,2012-06-27,306.0,53,10.2,0.0,12.9,0.273,8.68,81
-33.4,146.6777,2012-06-27,302.9,21,10.2,0.0,12.9,0.273,8.68,81
-32.2353,150.8703,2012-06-27,311.7,72,10.9,0.1,15.3,0.347,4.1,87
-32.2405,150.8668,2012-06-27,308.0,63,10.9,0.1,15.3,0.347,4.1,87
-31.7269,145.1445,2012-06-27,300.1,27,10.4,0.0,11.1,0.18,12.02,78
-33.954,146.2668,2012-06-27,306.4,63,9.7,0.0,12.5,0.272,8.39,82
-35.4035,150.311,2012-06-28,306.4,63,10.5,0.0,10.5,0.317,9.52,86
-36.1797,150.1012,2012-06-28,312.1,40,10.7,0.0,11.6,0.198,10.05,82
-36.1816,150.0772,2012-06-28,319.1,71,10.3,0.0,11.6,0.198,10.05,82
-35.4031,150.3157,2012-06-28,308.7,68,10.5,0.0,10.5,0.317,9.52,86
-34.4655,150.8842,2012-06-28,300.6,31,12.8,0.0,8.4,0.361,8.04,79
-29.3406,150.5092,2012-06-28,300.6,31,12.4,2.3,15.1,0.421,9.8,77
-29.3451,150.5158,2012-06-28,315.0,75,12.3,2.3,15.1,0.421,9.8,77
-34.4591,150.8847,2012-06-28,327.9,56,12.8,0.0,8.4,0.361,8.04,79
-34.8862,145.8365,2012-06-29,308.6,64,12.0,0.5,27.2,0.205,9.98,72
-34.8154,145.8156,2012-06-29,306.7,55,12.1,0.2,27.0,0.214,10.13,72
-34.4785,146.3949,2012-06-29,311.4,71,12.3,0.2,23.9,0.252,9.81,71
-34.4191,145.7567,2012-06-29,302.5,32,12.5,0.1,25.8,0.235,10.27,70
-34.4606,150.8814,2012-06-29,306.9,0,14.1,0.0,13.4,0.354,9.63,83
-34.3098,146.1569,2012-06-29,327.7,85,12.5,0.1,22.7,0.243,10.19,70
-34.3113,146.146,2012-06-29,372.0,100,12.6,0.1,22.7,0.236,10.19,69
-34.1406,145.4494,2012-06-29,308.1,66,12.4,0.3,26.6,0.233,10.42,70
-34.1421,145.4383,2012-06-29,304.3,30,12.4,0.3,26.6,0.233,10.42,70
-34.0804,142.6736,2012-06-29,302.4,52,11.3,0.5,27.1,0.119,10.03,66
-33.0673,145.3749,2012-06-29,303.1,55,12.8,0.0,25.8,0.188,10.84,68
-31.7307,145.1462,2012-06-29,301.3,46,12.7,0.0,22.2,0.172,10.35,67
-31.6998,145.1128,2012-06-29,302.2,51,12.6,0.0,22.7,0.172,10.92,67
-31.7013,145.1021,2012-06-29,304.1,58,12.6,0.0,22.7,0.172,10.92,67
-29.182,150.2168,2012-06-29,317.7,78,12.7,0.0,9.1,0.423,10.59,79
-32.469,148.3594,2012-06-29,314.7,90,10.3,0.2,13.7,0.276,8.81,81
-34.462,150.8873,2012-06-29,302.0,46,14.1,0.0,13.4,0.354,9.63,83
-31.1652,150.0905,2012-06-30,317.4,78,10.9,0.0,17.7,0.39,10.67,69
-31.1655,150.0837,2012-06-30,309.7,69,10.9,0.0,17.7,0.39,10.67,69
-31.1674,150.1053,2012-06-30,306.9,64,10.9,0.0,17.7,0.39,10.67,69
-34.4592,150.8804,2012-06-30,301.6,36,13.4,0.0,12.7,0.345,10.03,66
-34.5299,150.8976,2012-07-01,317.9,69,11.2,0.0,23.4,0.335,10.95,61
-30.2086,150.9278,2012-07-01,302.0,25,6.6,0.0,17.0,0.218,10.46,69
-29.1352,150.0748,2012-07-01,307.8,50,10.7,0.0,19.0,0.385,12.0,64
-29.5185,146.5166,2012-07-01,307.2,59,10.3,0.0,22.4,0.136,8.98,56
-28.7169,149.6246,2012-07-01,303.2,49,11.0,0.0,17.9,0.382,13.21,61
-28.7088,149.6275,2012-07-01,304.3,56,11.0,0.0,17.9,0.382,13.05,61
-28.5431,148.8033,2012-07-02,303.6,57,9.0,0.0,18.2,0.141,13.84,63
-28.9433,147.5883,2012-07-02,316.4,77,9.2,0.0,17.1,0.186,13.62,60
-28.9448,147.5986,2012-07-02,311.9,72,9.2,0.0,17.1,0.186,13.62,60
-30.5869,148.5358,2012-07-02,312.1,72,8.7,0.0,17.1,0.252,12.22,65
-28.6498,150.5745,2012-07-02,324.0,83,7.9,0.0,19.0,0.282,13.72,69
-28.6524,150.5299,2012-07-02,309.2,68,8.2,0.0,19.0,0.316,13.72,65
-28.649,150.5711,2012-07-02,326.0,84,7.9,0.0,19.0,0.282,13.72,69
-28.6519,150.5265,2012-07-02,306.2,63,8.3,0.0,19.0,0.316,13.72,65
-34.4602,150.8769,2012-07-02,306.4,68,11.2,0.0,28.4,0.327,9.98,63
-29.3394,150.5073,2012-07-02,307.0,65,7.3,0.0,18.4,0.387,13.44,66
-36.071,149.9734,2012-07-03,319.4,79,8.8,0.0,16.0,0.311,10.02,66
-36.0725,149.9603,2012-07-03,315.9,76,7.9,0.0,12.7,0.308,10.32,66
-35.5048,150.2975,2012-07-03,339.2,91,9.7,0.0,16.4,0.27,10.26,68
-35.5063,150.2847,2012-07-03,305.7,62,9.7,0.0,21.5,0.27,9.93,68
-34.465,150.8797,2012-07-03,309.8,52,11.4,0.0,22.1,0.321,10.76,63
-32.3403,149.5094,2012-07-03,338.4,91,7.0,0.0,18.1,0.324,10.21,77
-32.3418,149.4972,2012-07-03,303.1,55,7.0,0.0,18.1,0.324,10.21,77
-31.9932,150.7844,2012-07-03,303.8,57,7.3,0.0,11.5,0.341,11.65,76
-31.7813,151.1951,2012-07-03,301.0,43,2.8,0.0,10.9,0.348,11.78,83
-31.7828,151.1842,2012-07-03,304.9,60,3.6,0.0,10.9,0.353,11.49,83
-31.921,146.5746,2012-07-03,303.2,55,9.1,0.0,19.2,0.263,9.19,69
-28.4749,150.0771,2012-07-03,301.0,44,8.0,0.0,16.7,0.351,11.97,71
-30.4994,151.8824,2012-07-03,303.2,55,3.3,0.0,11.8,0.35,13.18,77
-30.3283,151.4791,2012-07-03,317.1,77,2.5,0.0,11.0,0.31,12.86,80
-30.0592,150.7077,2012-07-03,301.4,47,6.1,0.0,11.2,0.252,11.88,76
-30.2865,148.7161,2012-07-03,306.5,64,9.8,0.0,19.0,0.243,9.97,62
-29.8798,151.2669,2012-07-03,306.8,64,4.0,0.0,10.9,0.33,12.73,78
-29.874,150.1764,2012-07-03,306.0,63,7.3,0.0,11.7,0.258,12.63,70
-29.3419,150.5175,2012-07-03,306.9,64,7.0,0.0,14.3,0.38,13.22,71
-29.3433,150.507,2012-07-03,313.3,74,7.0,0.0,14.3,0.38,13.22,71
-29.238,150.2066,2012-07-03,310.7,70,7.7,0.0,15.3,0.382,12.95,70
-29.1683,150.2376,2012-07-03,302.9,54,7.6,0.0,15.3,0.382,12.95,70
-29.1698,150.227,2012-07-03,303.9,57,7.6,0.0,15.3,0.382,12.95,70
-28.6078,151.101,2012-07-03,326.5,84,7.3,0.0,13.4,0.288,13.91,70
-28.6092,151.0908,2012-07-03,316.4,77,7.3,0.0,13.4,0.288,13.91,70
-28.6107,151.0806,2012-07-03,310.5,70,7.3,0.0,13.4,0.288,13.91,70
-28.6369,150.2355,2012-07-03,303.0,55,8.0,0.0,18.4,0.332,12.72,71
-28.8366,148.6175,2012-07-03,309.7,69,8.6,0.0,18.1,0.107,10.66,67
-28.8381,148.6058,2012-07-03,307.1,65,8.6,0.0,18.1,0.107,10.66,67
-28.5837,148.1858,2012-07-03,310.5,61,8.6,0.0,17.6,0.21,11.03,66
-28.2565,149.9985,2012-07-03,308.5,67,8.0,0.0,17.1,0.253,12.02,69
-28.2573,149.9236,2012-07-03,310.4,68,7.9,0.0,17.1,0.239,12.02,70
-28.2588,149.9131,2012-07-03,355.3,98,7.9,0.0,17.1,0.239,12.02,70
-28.2496,149.9115,2012-07-03,311.0,71,7.7,0.0,17.1,0.191,12.02,73
-28.3251,148.7121,2012-07-03,304.7,60,8.3,0.0,18.0,0.25,11.99,67
-28.2545,149.9204,2012-07-04,305.7,62,8.1,0.0,15.2,0.23,14.13,70
-28.6316,150.2339,2012-07-04,303.8,57,8.0,0.0,15.2,0.321,14.0,71
-28.6331,150.2441,2012-07-04,311.5,71,8.0,0.0,15.2,0.321,14.0,71
-28.6822,150.4559,2012-07-04,302.9,54,7.7,0.0,13.7,0.294,14.03,71
-28.5762,148.1873,2012-07-04,302.5,50,8.8,0.0,17.2,0.208,10.56,66
-28.837,148.6069,2012-07-04,303.1,55,8.8,0.0,17.6,0.103,11.65,66
-29.8715,150.1622,2012-07-04,318.2,78,6.8,0.0,10.0,0.254,13.55,71
-31.7157,151.3713,2012-07-04,319.2,79,3.2,0.0,10.1,0.35,11.46,82
-34.4615,150.882,2012-07-04,308.2,50,11.0,1.6,28.6,0.319,8.53,66
-35.5061,150.3051,2012-07-04,302.1,42,9.7,0.0,19.2,0.267,7.59,69
-35.4967,150.3068,2012-07-04,320.1,80,9.5,0.0,19.2,0.267,7.59,69
-34.9132,145.9472,2012-07-04,305.9,62,8.2,0.0,13.7,0.23,10.73,76
-34.9107,145.9611,2012-07-04,331.5,87,8.1,0.0,13.7,0.233,10.73,76
-32.136,148.9803,2012-07-04,304.1,58,8.0,0.0,11.9,0.322,12.28,74
-30.7807,151.2981,2012-07-04,301.7,48,3.4,0.0,9.9,0.328,13.35,80
-28.8372,148.6108,2012-07-04,301.0,44,8.8,0.0,17.6,0.103,11.65,66
-28.6022,147.0781,2012-07-04,304.6,59,8.6,0.0,16.3,0.122,8.75,66
-29.7793,150.3587,2012-07-04,300.2,30,6.1,0.0,10.0,0.239,13.55,74
-29.7867,150.3252,2012-07-04,309.7,69,6.3,0.0,10.0,0.238,13.55,72
-28.6879,150.4528,2012-07-04,302.8,53,7.7,0.0,13.7,0.294,14.03,71
-28.6497,150.5492,2012-07-04,302.8,54,7.6,0.0,13.7,0.201,14.03,72
-28.6924,150.4458,2012-07-04,304.9,60,7.9,0.0,13.7,0.326,14.03,70
-28.6474,150.5764,2012-07-04,301.7,49,7.2,0.0,13.7,0.254,14.03,74
-35.6918,146.0279,2012-07-05,321.1,81,6.0,0.0,10.1,0.27,10.79,77
-36.1878,150.0909,2012-07-05,304.4,59,9.5,0.0,16.9,0.176,7.96,75
-35.6765,146.0266,2012-07-05,313.5,74,6.0,0.0,10.1,0.27,10.79,77
-30.3457,149.8662,2012-07-05,300.2,31,8.4,0.0,17.1,0.252,12.69,70
-30.3466,149.8716,2012-07-05,304.1,58,8.3,0.0,17.1,0.252,12.69,70
-28.3649,152.1253,2012-07-05,338.1,91,8.4,0.0,14.3,0.293,13.4,72
-28.3541,152.1349,2012-07-05,305.8,62,8.5,0.0,14.3,0.293,13.4,72
-28.5517,148.7966,2012-07-05,309.7,69,9.1,0.0,14.0,0.198,14.12,64
-28.3555,152.1238,2012-07-05,308.0,66,8.4,0.0,15.5,0.293,13.95,72
-29.866,151.3855,2012-07-05,300.0,18,5.6,0.0,16.3,0.276,13.82,74
-29.8837,150.1624,2012-07-05,303.6,43,9.0,0.0,14.8,0.249,13.05,67
-29.8746,150.1457,2012-07-05,308.0,65,9.4,0.0,14.8,0.236,13.4,66
-29.2595,150.4203,2012-07-05,306.9,64,9.0,0.0,16.1,0.342,13.7,64
-29.2675,150.3505,2012-07-05,307.5,65,9.0,0.0,15.8,0.342,13.69,64
-28.4289,152.557,2012-07-05,309.3,68,8.6,0.0,11.0,0.353,13.3,74
-28.4303,152.5463,2012-07-05,301.2,45,8.3,0.0,11.0,0.355,13.3,74
-28.3635,152.1365,2012-07-05,356.4,98,8.5,0.0,14.3,0.293,13.4,72
-34.4624,150.8854,2012-07-05,304.7,61,11.0,3.3,28.9,0.349,7.89,80
-29.3923,148.4144,2012-07-05,300.5,28,9.8,0.0,14.5,0.176,13.44,62
-29.1306,148.8466,2012-07-05,316.2,93,9.6,0.0,14.7,0.262,13.59,64
-28.6182,149.6922,2012-07-05,300.4,31,8.6,0.0,10.9,0.364,13.06,68
-28.6013,150.256,2012-07-05,303.0,41,8.5,0.0,10.5,0.305,12.65,68
-28.6161,149.6797,2012-07-05,301.9,43,8.6,0.0,10.9,0.364,13.06,68
-34.1508,145.4722,2012-07-06,310.6,70,6.8,0.0,8.6,0.216,11.31,74
-34.1472,145.454,2012-07-06,313.2,73,6.9,0.0,8.6,0.226,11.31,75
-36.1817,143.5821,2012-07-06,306.1,63,6.3,0.0,10.2,0.25,10.53,79
-35.6501,145.7154,2012-07-06,304.1,58,5.0,0.0,9.7,0.231,10.82,80
-35.6832,144.3713,2012-07-06,310.2,70,5.7,0.0,10.9,0.341,10.75,80
-35.4299,145.6475,2012-07-06,335.2,89,5.4,0.0,10.2,0.227,10.92,78
-35.4315,145.6365,2012-07-06,312.4,73,5.4,0.0,10.2,0.227,10.92,78
-34.9182,147.4261,2012-07-06,300.6,39,4.2,0.0,7.9,0.315,10.92,81
-34.9113,145.9809,2012-07-06,308.8,68,5.9,0.0,10.0,0.22,10.99,76
-34.9129,145.9698,2012-07-06,364.4,100,5.9,0.0,10.0,0.22,10.99,76
-34.9146,145.9588,2012-07-06,310.8,71,5.9,0.0,10.0,0.22,10.99,76
-34.8785,145.8297,2012-07-06,305.1,52,6.0,0.0,10.0,0.218,11.02,76
-34.8802,145.8187,2012-07-06,338.0,91,6.0,0.0,10.0,0.218,11.02,76
-34.8818,145.8076,2012-07-06,311.7,72,6.0,0.0,10.0,0.218,11.02,76
-34.5477,146.1954,2012-07-06,356.9,98,6.4,0.0,9.2,0.23,11.12,75
-34.3467,147.412,2012-07-06,301.5,47,5.9,0.0,10.6,0.288,11.3,77
-34.5386,146.1933,2012-07-06,320.2,57,6.4,0.0,9.2,0.23,11.12,75
-34.3373,147.4098,2012-07-06,302.9,54,6.0,0.0,10.6,0.288,11.3,77
-34.4214,146.2292,2012-07-06,301.3,46,6.5,0.0,9.2,0.23,11.12,76
-34.6227,144.6668,2012-07-06,303.9,57,6.5,0.0,8.9,0.223,11.26,73
-33.8673,148.6094,2012-07-06,302.6,53,6.5,0.0,11.7,0.337,11.54,78
-34.2177,146.1708,2012-07-06,305.8,62,6.9,0.0,8.3,0.247,11.25,75
-34.1497,145.4621,2012-07-06,321.1,81,6.9,0.0,8.6,0.226,11.31,75
-34.1513,145.4512,2012-07-06,306.7,30,6.8,0.0,8.6,0.216,11.31,74
-34.1374,145.4819,2012-07-06,357.5,99,6.9,0.0,8.6,0.226,11.31,75
-34.139,145.4711,2012-07-06,339.5,91,6.9,0.0,8.6,0.226,11.31,75
-34.1284,145.48,2012-07-06,325.2,84,6.9,0.0,8.6,0.226,11.31,75
-33.2734,149.4317,2012-07-06,309.2,68,5.8,0.0,14.7,0.325,8.77,81
-33.271,149.4255,2012-07-06,306.0,63,6.2,0.0,12.8,0.325,9.56,81
-30.0415,147.8246,2012-07-06,314.5,74,10.7,0.0,16.9,0.065,13.18,64
-29.2107,150.38,2012-07-06,321.9,61,10.9,0.0,14.7,0.359,13.28,61
-28.8692,148.5337,2012-07-06,304.9,59,10.8,0.0,14.7,0.115,13.62,63
-28.8441,148.6094,2012-07-06,323.9,83,10.8,0.0,14.7,0.093,13.62,64
-28.4701,149.9135,2012-07-06,306.0,59,10.1,0.0,10.7,0.329,13.4,69
-29.0702,150.1063,2012-07-06,300.5,29,10.9,0.0,14.7,0.339,13.31,63
-28.8591,148.5539,2012-07-07,312.5,73,11.2,0.0,14.0,0.101,13.69,67
-28.8713,148.5524,2012-07-07,301.0,13,11.2,0.0,14.0,0.101,13.69,67
-30.9071,146.8563,2012-07-07,309.5,69,9.9,0.0,10.8,0.158,12.66,71
-30.9088,146.873,2012-07-07,302.9,54,9.9,0.0,10.8,0.158,12.66,71
-34.1359,145.4784,2012-07-07,323.2,82,6.9,0.0,10.2,0.222,11.51,74
-34.1376,145.494,2012-07-07,332.3,88,6.9,0.0,10.2,0.222,11.51,74
-33.519,148.6405,2012-07-07,306.7,64,6.8,0.0,9.8,0.31,11.76,75
-33.5304,148.6465,2012-07-07,300.9,40,6.8,0.0,9.8,0.31,11.76,75
-30.279,149.5627,2012-07-07,310.1,70,10.9,0.0,14.8,0.205,13.16,67
-30.2768,149.5889,2012-07-07,305.9,56,10.9,0.0,14.8,0.205,13.16,67
-30.9117,146.8417,2012-07-07,300.5,37,10.0,0.0,10.8,0.157,12.66,71
-30.9168,146.8496,2012-07-07,301.7,48,10.0,0.0,10.8,0.157,12.66,71
-34.5941,146.1143,2012-07-07,318.3,78,6.3,0.0,10.1,0.223,11.37,75
-35.4872,145.3363,2012-07-07,301.5,47,4.8,0.0,9.8,0.215,11.15,76
-35.4957,145.3013,2012-07-07,301.9,50,4.9,0.0,9.8,0.215,11.15,76
-35.4915,145.3297,2012-07-07,305.4,61,4.9,0.0,9.8,0.215,11.15,76
-34.5839,146.1554,2012-07-07,305.6,62,6.2,0.0,9.0,0.223,11.32,76
-34.5787,146.1459,2012-07-07,310.8,61,6.3,0.0,9.0,0.223,11.32,75
-34.5888,146.1047,2012-07-07,311.8,67,6.3,0.0,10.1,0.223,11.37,75
-34.1518,145.4833,2012-07-07,309.3,68,6.8,0.0,10.2,0.212,11.51,74
-34.1362,145.4777,2012-07-07,302.3,50,6.9,0.0,10.2,0.222,11.51,74
-31.6739,147.7193,2012-07-07,305.1,63,9.6,0.0,11.9,0.262,12.52,70
-33.7455,146.7246,2012-07-08,301.5,47,7.9,0.0,13.3,0.252,11.52,77
-34.8842,145.9011,2012-07-08,310.1,69,7.8,0.0,13.4,0.207,10.88,75
-34.741,146.0465,2012-07-08,358.3,99,7.9,0.0,12.3,0.221,10.94,75
-34.7425,146.0346,2012-07-08,365.0,100,7.9,0.0,12.3,0.221,10.94,75
-34.1871,145.5077,2012-07-08,309.5,69,8.7,0.0,13.1,0.208,10.84,73
-33.8358,147.726,2012-07-08,301.2,45,7.7,0.0,9.3,0.281,11.7,79
-34.8827,145.9132,2012-07-08,303.9,38,7.8,0.0,13.4,0.207,10.88,75
-35.4776,146.7231,2012-07-08,307.9,66,7.2,0.0,13.4,0.293,10.85,78
-34.4651,150.8822,2012-07-08,309.6,52,11.9,0.0,10.3,0.351,10.24,82
-35.0432,145.8988,2012-07-08,350.3,96,7.7,0.0,13.4,0.213,10.88,76
-35.0447,145.8867,2012-07-08,326.7,85,7.7,0.0,13.4,0.213,10.88,76
-35.0337,145.8971,2012-07-08,318.3,78,7.7,0.0,13.4,0.213,10.88,76
-35.0352,145.8849,2012-07-08,306.3,63,7.7,0.0,13.4,0.213,10.88,76
-34.93,145.922,2012-07-08,367.0,100,7.8,0.0,13.4,0.207,10.88,75
-34.9315,145.9099,2012-07-08,336.9,90,7.8,0.0,13.4,0.207,10.88,75
-34.9421,145.8249,2012-07-08,339.1,91,7.8,0.0,13.6,0.208,10.76,75
-34.9436,145.8127,2012-07-08,307.6,66,7.8,0.0,13.6,0.208,10.76,75
-34.8922,145.915,2012-07-08,311.8,72,7.8,0.0,13.4,0.207,10.88,75
-34.8937,145.9029,2012-07-08,328.2,85,7.8,0.0,13.4,0.207,10.88,75
-31.8937,148.481,2012-07-08,363.8,94,10.3,0.0,14.4,0.243,11.98,71
-31.4696,150.1729,2012-07-08,304.5,35,8.9,0.0,9.2,0.356,11.95,77
-31.4716,150.1607,2012-07-08,308.5,59,8.9,0.0,9.2,0.356,11.95,77
-31.6576,148.2805,2012-07-08,306.4,41,10.7,0.0,13.4,0.307,12.22,68
-31.4184,148.9853,2012-07-08,301.0,41,9.3,0.0,13.0,0.253,12.58,68
-31.4202,148.9742,2012-07-08,306.1,63,9.3,0.0,13.0,0.379,12.58,68
-31.7008,147.0299,2012-07-08,302.8,54,9.5,0.0,9.5,0.215,11.39,74
-30.8978,146.863,2012-07-08,306.6,64,10.8,0.0,11.9,0.155,10.55,65
-30.8993,146.8525,2012-07-08,304.1,45,10.8,0.0,11.9,0.155,10.55,65
-30.1064,151.125,2012-07-08,318.7,79,6.8,0.0,7.6,0.243,13.44,75
-30.1088,151.1111,2012-07-08,313.6,74,7.0,0.0,9.5,0.243,13.63,75
-29.9921,149.2491,2012-07-08,309.6,63,11.6,0.0,11.5,0.269,13.26,62
-29.3491,150.2086,2012-07-08,313.5,73,12.0,0.0,16.9,0.311,13.64,64
-31.8921,148.4918,2012-07-08,320.4,76,10.2,0.0,14.4,0.243,11.98,71
-28.8031,149.8536,2012-07-08,330.7,86,12.5,0.0,18.7,0.269,13.72,69
-28.2869,153.4484,2012-07-08,300.1,29,14.1,0.0,14.3,0.379,10.92,87
-28.8052,149.8412,2012-07-08,309.7,52,12.5,0.0,18.7,0.316,13.72,68
-28.7932,149.8515,2012-07-08,315.2,74,12.5,0.0,18.7,0.269,13.72,69
-28.3499,150.5253,2012-07-08,305.1,50,13.0,0.0,17.2,0.242,13.54,67
-28.5958,147.0744,2012-07-08,309.3,41,14.8,0.0,17.4,0.118,11.18,58
-34.4581,150.8843,2012-07-08,305.3,64,12.0,0.0,10.3,0.351,10.24,82
-28.5518,149.9039,2012-07-09,302.3,51,14.2,0.0,20.4,0.332,12.24,66
-28.6016,150.2558,2012-07-09,305.9,47,13.9,0.0,21.4,0.274,12.66,66
-28.6007,147.0774,2012-07-09,308.8,68,16.1,0.0,29.7,0.118,8.7,60
-30.9024,146.8639,2012-07-09,302.8,54,13.8,0.0,22.8,0.153,10.45,60
-31.1793,147.5762,2012-07-09,302.0,50,12.7,1.5,22.2,0.271,7.93,60
-31.8016,148.8292,2012-07-09,305.3,61,11.6,0.0,14.8,0.222,9.54,58
-31.8032,148.8437,2012-07-09,319.7,80,11.3,0.0,14.8,0.222,9.54,58
-30.4577,148.9305,2012-07-09,317.5,78,13.0,0.0,16.1,0.094,10.12,54
-30.4589,148.9269,2012-07-09,318.3,78,13.1,0.0,16.1,0.094,10.12,54
-28.2602,150.9323,2012-07-09,302.3,52,13.1,0.0,17.1,0.218,12.79,71
-28.26,150.9571,2012-07-09,302.2,51,12.9,0.0,17.1,0.297,12.79,72
-36.1683,146.2892,2012-07-09,309.9,69,8.9,0.1,15.8,0.287,7.63,74
-32.2942,147.6603,2012-07-09,301.3,46,11.2,0.5,19.2,0.205,5.87,65
-32.3033,147.6588,2012-07-09,300.4,36,11.2,0.5,19.2,0.205,5.87,65
-28.5714,150.2991,2012-07-11,306.2,59,16.0,0.9,17.9,0.296,4.69,80
-28.6092,150.2531,2012-07-11,306.1,63,16.1,0.9,17.9,0.296,4.69,80
-28.1696,148.7021,2012-07-11,308.1,60,16.7,1.6,22.5,0.189,5.9,80
-28.7898,150.4336,2012-07-11,303.1,53,15.4,1.9,17.1,0.182,4.25,84
-28.7783,150.4321,2012-07-11,301.9,39,15.4,1.9,17.1,0.182,4.25,84
-28.7686,150.4134,2012-07-11,319.1,98,15.4,1.9,17.1,0.182,4.25,84
-34.4581,150.882,2012-07-13,315.2,57,15.3,0.1,16.6,0.36,10.8,83
-34.4603,150.8808,2012-07-15,303.1,30,11.2,0.0,30.7,0.339,11.82,64
-29.4866,145.7897,2012-07-15,314.1,63,9.4,0.0,14.0,0.269,13.65,73
-29.4882,145.7793,2012-07-15,384.5,100,9.3,0.0,14.0,0.269,13.65,73
-29.4897,145.769,2012-07-15,319.0,79,9.5,0.0,14.0,0.269,13.65,73
-34.3229,142.351,2012-07-16,301.0,44,11.3,0.0,14.9,0.321,10.26,78
-35.5744,150.2338,2012-07-16,312.7,55,11.7,0.0,29.2,0.284,11.41,73
-31.8145,151.7841,2012-07-16,303.6,57,7.0,0.0,11.4,0.372,13.46,76
-34.4594,150.8852,2012-07-16,309.0,76,13.4,0.0,29.7,0.331,12.02,70
-37.0694,149.8281,2012-07-17,318.7,79,9.6,0.0,10.1,0.31,10.59,83
-37.071,149.8168,2012-07-17,331.7,88,10.2,0.0,10.1,0.31,10.59,83
-37.0726,149.8054,2012-07-17,312.8,63,10.1,0.0,10.1,0.31,10.59,83
-34.4669,150.8816,2012-07-17,311.8,68,13.3,0.0,13.5,0.326,12.12,72
-35.5763,150.236,2012-07-17,356.7,98,11.3,0.0,16.3,0.278,11.66,73
-35.5779,150.2249,2012-07-17,342.0,93,11.3,0.0,16.3,0.278,11.66,73
-35.5483,149.535,2012-07-17,302.7,53,6.0,0.0,18.2,0.369,11.31,85
-35.4664,149.5347,2012-07-17,300.1,28,5.7,0.0,15.8,0.369,11.44,85
-34.4585,150.8846,2012-07-17,305.6,0,13.3,0.0,13.5,0.326,12.12,72
-33.5408,147.2595,2012-07-17,304.8,52,9.5,0.0,8.6,0.341,10.81,78
-30.7158,152.2114,2012-07-17,335.5,90,8.9,0.0,9.1,0.383,12.26,85
-30.7179,152.1991,2012-07-17,308.0,66,9.5,0.0,9.1,0.383,12.26,85
-30.7546,152.4072,2012-07-17,306.1,63,10.0,0.0,10.1,0.378,12.2,85
-34.125,145.4984,2012-07-18,322.4,82,8.8,0.0,14.3,0.306,11.76,77
-34.1324,145.4857,2012-07-18,313.5,74,8.7,0.0,14.1,0.306,11.48,77
-34.134,145.4966,2012-07-18,302.1,27,8.7,0.0,14.1,0.306,11.48,77
-34.1234,145.4876,2012-07-18,335.5,90,8.8,0.0,14.3,0.306,11.76,77
-35.5649,150.2337,2012-07-18,307.8,66,11.4,0.0,18.7,0.271,11.62,69
-32.4528,146.5598,2012-07-18,319.1,79,8.2,0.0,12.8,0.304,12.38,78
-35.1152,144.5452,2012-07-18,307.6,66,8.5,0.0,18.8,0.388,9.16,76
-29.7715,150.3461,2012-07-19,319.8,80,8.6,0.0,16.8,0.373,12.83,76
-29.7654,150.3395,2012-07-19,325.2,84,8.8,0.0,16.8,0.367,12.83,76
-29.7729,150.3355,2012-07-19,337.8,91,8.6,0.0,16.8,0.367,12.83,76
-34.46,150.8819,2012-07-19,302.5,49,11.3,1.4,25.2,0.328,9.72,69
-29.7734,150.3395,2012-07-20,309.3,68,8.6,0.0,14.4,0.351,14.32,67
-29.7749,150.35,2012-07-20,308.5,67,7.9,0.0,14.4,0.354,14.32,70
-34.1437,142.1272,2012-07-20,317.8,78,10.1,0.0,10.9,0.297,8.23,80
-34.4608,150.8855,2012-07-20,312.8,55,11.6,0.0,22.5,0.325,12.36,65
-34.1474,142.146,2012-07-20,313.0,73,10.1,0.0,10.9,0.297,8.23,80
-37.0807,149.8209,2012-07-20,300.7,40,9.2,0.0,15.8,0.306,10.04,79
-37.0823,149.8332,2012-07-20,303.8,57,9.6,0.0,20.9,0.306,9.67,79
-30.0543,152.8817,2012-07-21,306.2,63,12.8,0.3,28.0,0.467,9.66,74
-31.7962,148.4831,2012-07-21,301.9,49,8.8,0.0,14.9,0.311,13.27,71
-30.0529,152.8926,2012-07-21,301.5,47,13.2,0.0,27.2,0.425,10.38,75
-29.8435,152.9054,2012-07-21,302.2,45,13.9,0.0,25.6,0.365,10.75,70
-29.538,152.6987,2012-07-21,327.6,85,13.3,0.0,24.5,0.372,10.9,72
-28.6818,150.4925,2012-07-21,303.1,32,11.8,0.0,16.2,0.399,14.49,67
-35.4597,145.4084,2012-07-22,312.9,73,8.8,0.0,9.9,0.262,11.85,80
-35.4613,145.3973,2012-07-22,304.1,58,8.8,0.0,9.9,0.262,11.85,80
-30.8245,150.0861,2012-07-22,307.3,65,9.8,0.0,20.4,0.412,9.78,79
-30.8175,150.0774,2012-07-22,303.1,47,9.8,0.0,20.4,0.412,9.78,79
-28.4489,151.5287,2012-07-23,302.3,52,10.4,0.0,9.7,0.321,13.1,71
-30.8991,146.8669,2012-07-23,300.9,43,10.6,0.0,14.3,0.23,12.99,73
-37.077,149.8068,2012-07-23,304.1,51,10.1,0.0,8.7,0.301,10.18,87
-37.0745,149.8317,2012-07-23,300.2,26,9.8,0.0,9.1,0.301,10.0,87
-35.0087,149.2496,2012-07-23,307.2,65,7.4,0.0,10.9,0.337,6.3,84
-28.9634,150.7199,2012-07-23,307.8,66,11.4,0.0,12.5,0.317,14.35,64
-28.4054,151.1175,2012-07-23,309.8,69,10.7,0.0,10.0,0.311,14.24,73
-28.4073,151.0984,2012-07-23,311.7,72,10.7,0.0,10.0,0.311,14.24,73
-28.4541,149.2141,2012-07-23,316.6,93,11.3,0.0,12.9,0.369,15.03,69
-28.7686,150.4179,2012-07-23,306.2,67,11.5,0.0,11.8,0.308,14.75,68
-37.0744,149.8267,2012-07-24,310.3,70,9.0,0.0,10.3,0.297,10.79,87
-37.0636,149.836,2012-07-24,329.9,86,8.8,0.0,10.3,0.297,10.79,87
-35.6165,150.1826,2012-07-24,323.7,83,9.9,0.0,13.0,0.277,11.64,86
-32.8865,146.5825,2012-07-24,317.8,78,8.8,0.0,14.4,0.251,11.36,80
-32.888,146.5716,2012-07-24,308.7,67,8.8,0.0,14.4,0.251,11.36,80
-31.6274,149.199,2012-07-24,300.7,40,9.2,0.0,17.7,0.286,12.21,78
-30.9474,148.0612,2012-07-24,309.8,69,10.8,0.0,13.6,0.339,13.31,74
-28.453,149.2207,2012-07-24,336.9,90,11.2,0.0,10.5,0.358,14.86,72
-28.4549,149.209,2012-07-24,307.9,64,11.2,0.0,10.5,0.358,14.86,72
-28.399,148.4023,2012-07-24,313.4,71,11.5,0.0,13.5,0.185,14.68,72
-28.4577,149.21,2012-07-25,315.8,76,11.8,0.0,13.8,0.347,14.64,70
-28.4594,149.2235,2012-07-25,324.5,83,11.8,0.0,13.8,0.347,14.64,70
-28.3998,148.4004,2012-07-25,303.2,55,12.8,0.0,19.1,0.17,14.04,67
-36.9658,149.754,2012-07-25,314.3,61,8.0,0.0,10.6,0.305,10.83,77
-36.964,149.7335,2012-07-25,331.5,84,8.2,0.0,10.6,0.308,10.83,76
-36.9782,149.7188,2012-07-25,311.6,50,7.8,0.0,10.0,0.308,11.25,76
-29.5612,151.7291,2012-07-25,303.7,56,8.1,0.0,10.6,0.353,13.78,77
-28.7838,150.4378,2012-07-25,310.0,79,11.9,0.0,9.3,0.287,14.81,74
-29.9613,145.7854,2012-07-26,301.2,45,12.0,0.0,17.2,0.25,13.88,59
-36.1429,149.8396,2012-07-26,300.7,24,9.3,0.0,14.7,0.304,11.86,76
-32.5241,146.4837,2012-07-26,354.8,98,10.2,0.0,16.2,0.267,12.41,67
-32.9731,145.8982,2012-07-26,302.8,52,10.8,0.0,16.5,0.235,12.25,65
-32.375,148.1724,2012-07-26,305.6,60,11.9,0.2,17.8,0.292,11.58,68
-32.3765,148.1605,2012-07-26,316.2,76,12.0,0.5,17.4,0.292,11.74,68
-32.5225,146.498,2012-07-26,326.1,84,10.2,0.0,16.2,0.267,12.41,67
-29.3867,152.6693,2012-07-26,303.5,47,11.6,1.1,8.4,0.352,10.58,83
-29.9706,145.7896,2012-07-26,315.0,73,12.0,0.0,17.2,0.25,13.88,59
-29.9601,145.7881,2012-07-26,314.9,73,12.0,0.0,17.2,0.25,13.88,59
-29.5202,153.0393,2012-07-26,305.7,62,13.0,0.0,9.7,0.352,11.2,82
-36.9583,149.7247,2012-07-26,324.6,100,9.2,0.5,11.3,0.304,11.07,70
-36.9621,149.7129,2012-07-26,310.5,80,8.6,0.0,13.1,0.304,11.38,70
-36.9586,149.7307,2012-07-26,321.8,100,10.0,0.5,11.3,0.293,11.07,71
-32.9689,145.8967,2012-07-26,301.2,38,10.7,0.0,16.5,0.235,12.25,65
-36.9593,149.7241,2012-07-26,323.3,100,9.2,0.5,11.3,0.304,11.07,70
-36.9618,149.738,2012-07-26,316.6,94,9.9,0.5,11.3,0.293,11.07,71
-28.5818,150.4136,2012-07-27,302.7,47,10.9,0.0,20.1,0.295,14.95,67
-28.5911,150.4121,2012-07-27,303.4,46,11.0,0.0,20.1,0.295,14.95,67
-28.7857,150.4243,2012-07-27,303.2,55,10.4,0.0,20.1,0.294,14.62,71
-28.7872,150.4355,2012-07-27,336.9,90,10.4,0.0,20.1,0.294,14.62,71
-30.0358,147.8244,2012-07-27,308.2,67,9.9,0.2,24.2,0.215,11.51,67
-29.9728,145.7852,2012-07-27,308.6,63,10.0,0.1,24.7,0.242,12.59,65
-36.9613,149.7323,2012-07-27,305.9,62,7.9,0.6,15.8,0.292,10.58,76
-28.7933,150.4429,2012-07-27,300.3,35,10.4,0.0,20.1,0.294,14.62,71
-28.7902,150.4344,2012-07-27,302.4,52,10.4,0.0,20.1,0.294,14.62,71
-34.4651,150.8759,2012-07-27,303.2,54,12.2,0.3,22.7,0.316,12.83,64
-34.4613,150.875,2012-07-28,304.6,51,12.1,0.0,23.4,0.307,12.63,63
-32.1002,151.892,2012-07-28,304.4,59,9.7,0.0,16.2,0.353,13.53,67
-29.94,152.8632,2012-07-28,310.3,70,11.1,0.0,13.1,0.338,15.12,65
-29.9414,152.8528,2012-07-28,322.1,81,11.0,0.0,13.1,0.338,15.12,65
-28.886,153.2186,2012-07-28,323.2,78,11.9,0.0,12.8,0.437,15.35,62
-29.9083,152.8253,2012-07-28,302.1,49,10.6,0.0,11.8,0.333,15.3,63
-28.8875,153.2084,2012-07-28,304.0,50,11.9,0.0,12.8,0.437,15.35,62
-28.8439,153.1262,2012-07-28,314.9,75,12.1,0.0,13.3,0.402,15.44,60
-28.838,152.5305,2012-07-28,308.0,66,9.8,0.0,11.4,0.347,15.5,67
-28.8394,152.5203,2012-07-28,302.9,54,10.2,0.0,11.4,0.348,15.5,65
-28.5735,152.5783,2012-07-28,300.8,28,9.5,0.0,12.2,0.345,15.64,64
-28.2818,152.4337,2012-07-28,300.2,30,7.8,0.0,17.8,0.358,15.19,66
-34.4646,150.8804,2012-07-28,304.5,60,12.1,0.0,23.4,0.307,12.63,63
-34.4629,150.8784,2012-07-29,307.5,57,11.7,0.0,24.6,0.3,10.86,65
-34.4644,150.8895,2012-07-29,310.9,0,11.7,0.0,24.6,0.3,10.86,65
-31.3893,148.0721,2012-07-29,300.3,10,11.0,0.0,17.4,0.368,9.04,67
-30.8627,149.0643,2012-07-29,304.7,60,9.7,0.0,14.3,0.309,11.71,68
-30.7161,152.1948,2012-07-29,300.9,43,10.3,0.0,10.7,0.355,14.7,74
-28.376,151.2006,2012-07-29,310.9,71,8.5,0.0,11.2,0.269,16.0,75
-29.9609,145.8031,2012-07-30,304.5,59,10.5,0.0,18.4,0.223,15.25,59
-29.9584,145.7975,2012-07-30,306.0,63,10.5,0.0,18.4,0.223,15.25,59
-34.4081,145.8829,2012-07-30,307.4,65,8.4,0.0,19.0,0.282,11.69,73
-34.4618,150.8724,2012-07-30,304.3,44,11.2,0.1,35.2,0.294,12.28,60
-31.5238,152.4362,2012-07-30,303.3,56,10.2,0.0,19.2,0.326,14.08,66
-31.0621,152.9268,2012-07-30,313.4,74,12.0,0.0,24.4,0.34,14.45,65
-30.9939,152.6374,2012-07-30,301.1,44,9.7,0.0,15.2,0.316,14.78,68
-30.9532,152.555,2012-07-30,303.4,54,9.8,0.0,22.7,0.316,14.47,68
-30.9564,152.5275,2012-07-30,300.5,28,9.2,0.0,22.7,0.328,14.47,69
-30.5143,148.1265,2012-07-30,310.2,69,10.0,0.0,20.9,0.336,15.17,59
-30.5218,148.1203,2012-07-30,322.9,82,10.0,0.0,20.5,0.336,15.18,59
-30.0686,151.6045,2012-07-30,308.5,67,2.9,0.0,12.8,0.458,15.65,72
-29.7779,150.3515,2012-07-30,303.9,48,7.2,0.0,13.1,0.306,15.53,73
-29.8873,152.837,2012-07-30,306.6,64,10.4,0.0,11.7,0.322,14.61,72
-29.8888,152.824,2012-07-30,309.9,69,10.3,0.0,11.7,0.33,14.61,73
-29.9548,151.9966,2012-07-30,306.1,63,3.9,0.0,11.7,0.357,15.93,68
-29.6031,152.7548,2012-07-30,320.9,80,10.7,0.0,9.7,0.332,14.36,71
-29.6047,152.7421,2012-07-30,312.1,72,10.2,0.0,9.7,0.337,14.36,72
-29.3335,152.6297,2012-07-30,302.0,50,10.2,0.0,9.1,0.333,13.93,73
-29.2864,152.082,2012-07-30,313.4,74,6.1,0.0,7.7,0.418,15.65,73
-29.276,152.0805,2012-07-30,302.5,27,6.1,0.0,7.7,0.418,15.65,73
-29.1783,150.2297,2012-07-30,320.2,80,8.8,0.0,15.3,0.4,15.73,70
-29.1716,150.2236,2012-07-30,315.1,58,8.8,0.0,15.3,0.4,15.73,70
-28.8163,152.5457,2012-07-30,313.5,74,10.7,0.0,9.2,0.336,13.91,72
-28.8154,152.552,2012-07-30,307.7,61,10.9,0.0,9.2,0.341,13.91,71
-28.8169,152.5393,2012-07-30,305.0,47,10.9,0.0,9.2,0.337,13.91,71
-28.7728,152.1253,2012-07-30,326.6,84,7.5,0.0,6.9,0.349,15.64,69
-28.7764,152.1205,2012-07-30,305.5,28,7.3,0.0,6.9,0.349,15.64,69
-28.7662,152.1189,2012-07-30,313.7,74,7.4,0.0,6.9,0.349,15.64,69
-28.798,150.4024,2012-07-30,300.8,29,9.3,0.0,16.6,0.256,15.91,71
-29.0089,146.6263,2012-07-30,313.7,64,9.9,0.0,17.8,0.202,15.59,60
-29.0112,146.5948,2012-07-30,317.9,78,9.9,0.0,17.7,0.202,15.53,60
-29.0102,146.6195,2012-07-30,319.8,80,9.9,0.0,17.7,0.202,15.53,60
-29.0126,146.588,2012-07-30,309.6,69,9.9,0.0,17.7,0.202,15.53,60
-28.4123,152.4419,2012-07-30,309.3,61,9.7,0.0,9.1,0.342,15.62,68
-28.3395,152.6287,2012-07-30,302.5,27,10.5,0.0,8.2,0.355,15.68,68
-34.5895,146.104,2012-07-30,352.6,96,8.3,0.0,19.0,0.28,11.69,73
-34.5917,146.0966,2012-07-30,334.5,86,8.3,0.0,19.0,0.28,11.69,73
-34.5761,146.1547,2012-07-30,334.2,86,8.2,0.0,19.4,0.282,12.32,74
-34.5786,146.1475,2012-07-30,337.0,88,8.3,0.0,19.4,0.28,12.32,73
-29.1745,150.2247,2012-07-30,306.5,68,8.8,0.0,15.3,0.4,15.73,70
-28.8366,149.0093,2012-07-30,315.4,76,9.6,0.0,18.2,0.211,15.88,67
-29.277,152.0792,2012-07-30,306.8,64,6.0,0.0,7.7,0.418,15.65,73
-29.2789,152.0906,2012-07-30,309.7,69,6.1,0.0,7.7,0.418,15.65,73
-28.8334,148.9925,2012-07-30,320.6,80,9.6,0.0,18.2,0.211,15.88,67
-29.9936,150.0838,2012-07-30,314.3,75,7.9,0.0,14.4,0.313,15.37,71
-29.9988,150.076,2012-07-30,308.1,66,7.8,0.0,14.4,0.313,15.37,71
-36.6288,141.3282,2012-07-31,343.0,85,7.9,0.0,11.9,0.351,8.33,80
-35.6521,145.7457,2012-07-31,309.1,68,7.0,0.0,13.4,0.262,12.55,74
-35.0331,147.0917,2012-07-31,309.7,65,5.4,0.0,10.3,0.307,12.81,77
-34.4902,146.1887,2012-07-31,301.8,49,6.8,0.0,11.4,0.276,13.38,74
-34.4917,146.1778,2012-07-31,304.1,58,6.8,0.0,11.4,0.276,13.38,74
-33.781,149.9781,2012-07-31,354.7,92,2.2,0.0,10.4,0.333,13.06,76
-33.7833,149.9646,2012-07-31,332.5,88,1.5,0.0,10.4,0.333,13.06,76
-33.3675,147.3958,2012-07-31,321.1,81,7.2,0.0,10.5,0.281,13.95,72
-33.3584,147.3938,2012-07-31,307.2,45,7.2,0.0,10.5,0.281,13.95,72
-33.051,146.294,2012-07-31,309.3,68,7.0,0.0,9.6,0.253,13.91,76
-30.2224,152.7469,2012-07-31,301.7,38,7.2,0.0,11.7,0.35,13.83,69
-32.6596,147.3103,2012-07-31,319.0,79,6.7,0.0,10.9,0.277,14.21,72
-32.6613,147.2994,2012-07-31,319.9,80,6.8,0.0,10.9,0.277,14.21,72
-32.6538,147.3037,2012-07-31,303.3,56,6.7,0.0,10.9,0.277,14.21,72
-31.7008,151.9815,2012-07-31,300.6,37,8.0,0.0,12.4,0.326,9.58,74
-31.6331,149.728,2012-07-31,315.4,76,6.0,0.0,8.3,0.408,14.34,69
-31.6355,149.7144,2012-07-31,305.7,62,5.9,0.0,8.3,0.408,14.34,69
-31.8143,148.4094,2012-07-31,304.5,59,7.5,0.0,10.0,0.276,14.74,67
-31.8162,148.3976,2012-07-31,305.9,62,7.5,0.0,10.0,0.276,14.74,67
-31.0402,151.4298,2012-07-31,303.5,53,3.4,0.0,10.5,0.299,12.81,75
-31.033,151.4227,2012-07-31,309.3,68,3.7,0.0,10.5,0.299,12.81,75
-31.3437,146.8816,2012-07-31,307.6,65,8.1,0.0,10.9,0.22,14.89,67
-30.2158,152.7732,2012-07-31,331.4,87,7.7,0.0,13.7,0.394,14.55,68
-30.2181,152.7686,2012-07-31,329.5,86,7.5,0.0,13.7,0.394,14.55,68
-30.5445,148.1473,2012-07-31,305.0,60,8.9,0.0,12.2,0.33,15.21,62
-30.5465,148.1355,2012-07-31,306.5,64,8.9,0.0,12.2,0.33,15.21,62
-30.5179,148.1291,2012-07-31,305.0,55,8.9,0.0,12.2,0.33,15.21,62
-30.5198,148.1173,2012-07-31,302.5,33,8.9,0.0,12.3,0.33,15.22,62
-30.1861,149.7762,2012-07-31,306.0,63,7.7,0.0,14.6,0.288,15.34,67
-30.1886,149.7619,2012-07-31,308.4,67,7.7,0.0,14.6,0.288,15.34,67
-29.9955,150.0728,2012-07-31,325.8,84,8.0,0.0,12.7,0.306,15.38,61
-30.0328,147.8282,2012-07-31,308.9,64,8.9,0.0,14.5,0.169,15.46,65
-29.5216,149.6192,2012-07-31,310.3,53,9.1,0.0,11.2,0.333,15.63,63
-29.1804,151.0316,2012-07-31,304.0,58,9.2,0.0,14.2,0.338,15.57,56
-29.1807,150.2214,2012-07-31,328.5,86,9.6,0.0,14.8,0.391,15.6,56
-29.1669,150.2344,2012-07-31,343.0,93,9.4,0.0,14.8,0.391,15.6,56
-29.1698,150.2188,2012-07-31,339.9,92,9.6,0.0,14.8,0.391,15.6,56
-28.7888,150.4029,2012-07-31,302.3,48,9.6,0.0,11.5,0.242,15.82,61
-29.0043,149.0657,2012-07-31,305.5,51,9.3,0.0,11.6,0.327,15.88,63
-28.8331,148.9862,2012-07-31,321.5,81,9.3,0.0,12.3,0.203,15.94,63
-29.036,146.5546,2012-07-31,305.4,55,8.9,0.0,11.4,0.196,15.83,63
-29.0077,146.6149,2012-07-31,312.2,64,8.8,0.0,11.4,0.196,15.83,63
-29.0094,146.6042,2012-07-31,330.3,86,8.8,0.0,11.4,0.196,15.83,63
-29.0002,146.6023,2012-07-31,348.9,95,8.8,0.0,11.4,0.196,15.83,63
-29.0019,146.5916,2012-07-31,383.0,100,8.8,0.0,11.4,0.196,15.83,63
-28.991,146.6005,2012-07-31,318.9,77,8.8,0.0,11.4,0.196,15.83,63
-28.9927,146.5898,2012-07-31,351.6,96,8.8,0.0,11.4,0.196,15.83,63
-28.3432,150.113,2012-07-31,306.0,62,9.7,0.0,11.2,0.299,15.86,63
-28.3461,150.0971,2012-07-31,329.3,86,9.7,0.0,11.2,0.299,15.86,63
-28.6043,147.0803,2012-07-31,308.8,65,9.1,0.0,11.3,0.178,15.84,62
-29.1685,150.2302,2012-07-31,304.2,59,9.5,0.0,14.8,0.391,15.6,56
-28.4201,150.263,2012-08-01,306.0,63,8.8,0.0,14.4,0.251,16.34,68
-28.8357,149.0007,2012-08-01,304.2,58,8.9,0.0,14.1,0.195,16.19,63
-28.4182,150.2432,2012-08-01,327.4,85,9.1,0.0,14.4,0.333,16.34,65
-30.3509,147.495,2012-08-01,315.4,76,8.7,0.0,15.2,0.268,15.25,65
-30.3525,147.5092,2012-08-01,323.7,83,8.7,0.0,15.2,0.268,15.25,65
-30.1934,147.9007,2012-08-01,300.7,36,8.5,0.0,16.4,0.141,15.29,67
-30.1951,147.9157,2012-08-01,308.8,68,8.5,0.0,16.4,0.141,15.29,67
-30.3837,149.0391,2012-08-01,300.8,41,7.6,0.0,13.6,0.155,15.32,66
-35.219,142.5177,2012-08-01,305.9,62,7.5,0.0,10.2,0.216,12.79,78
-34.7603,142.9843,2012-08-01,300.3,35,7.7,0.0,9.7,0.285,13.09,76
-35.3369,141.9411,2012-08-01,304.5,59,7.5,0.0,10.1,0.215,12.81,76
-35.3385,141.9521,2012-08-01,334.0,89,7.5,0.0,10.1,0.153,12.81,77
-30.3751,147.4969,2012-08-01,301.9,50,8.7,0.0,14.6,0.268,15.05,65
-30.3775,147.4498,2012-08-01,301.3,46,8.7,0.0,14.6,0.262,15.05,65
-30.3748,147.4886,2012-08-01,304.9,60,8.7,0.0,15.2,0.268,15.25,65
-28.4815,152.3622,2012-08-01,301.6,33,8.8,0.0,13.3,0.332,16.51,62
-36.5833,141.3023,2012-08-01,306.2,42,6.9,0.0,9.3,0.344,11.41,81
-36.5863,141.2866,2012-08-01,324.9,83,6.9,0.0,9.3,0.344,11.41,81
-36.5728,141.2993,2012-08-01,341.2,92,6.9,0.0,9.3,0.344,11.41,81
-36.5676,141.3089,2012-08-01,324.4,69,6.9,0.0,9.3,0.344,11.41,81
-36.5705,141.2932,2012-08-01,323.1,64,6.9,0.0,9.3,0.344,11.41,81
-34.9437,145.9665,2012-08-01,300.2,32,6.5,0.0,10.5,0.258,13.28,75
-34.9296,146.0222,2012-08-01,309.4,69,6.5,0.0,10.5,0.258,13.28,75
-34.7899,146.1486,2012-08-01,304.0,53,6.2,0.0,11.0,0.262,13.39,76
-34.7785,146.1403,2012-08-01,301.4,47,6.2,0.0,11.0,0.262,13.39,76
-35.3507,141.9625,2012-08-01,305.7,56,7.5,0.0,10.1,0.24,12.81,77
-35.3542,141.9447,2012-08-01,305.1,53,7.5,0.0,10.1,0.215,12.81,77
-35.3395,141.9592,2012-08-01,311.8,72,7.5,0.0,10.1,0.153,12.81,77
-35.343,141.9414,2012-08-01,331.6,87,7.5,0.0,10.1,0.215,12.81,76
-32.0871,147.7495,2012-08-01,316.8,77,6.7,0.0,14.0,0.251,13.49,70
-32.0873,147.7419,2012-08-01,320.1,80,6.7,0.0,14.0,0.251,13.49,70
-28.8756,151.3572,2012-08-01,301.8,44,7.5,0.0,12.8,0.282,16.24,64
-30.7267,151.2247,2012-08-01,304.2,58,3.8,0.0,14.3,0.307,14.95,72
-34.4602,150.8797,2012-08-01,302.2,39,10.6,0.0,27.4,0.298,11.78,65
-35.6103,150.1962,2012-08-02,315.1,75,8.6,0.0,15.7,0.238,12.48,74
-34.4681,150.8844,2012-08-02,311.1,0,10.9,0.0,25.6,0.292,13.13,65
-34.459,150.8823,2012-08-02,313.6,0,11.0,0.0,25.6,0.292,13.13,65
-34.9917,146.0584,2012-08-02,305.4,61,6.2,0.0,9.5,0.266,10.18,78
-34.9933,146.0444,2012-08-02,352.9,97,6.3,0.0,9.5,0.257,10.18,77
-32.9706,147.4941,2012-08-02,308.3,67,6.6,0.0,10.3,0.288,13.1,73
-32.972,147.4828,2012-08-02,306.7,64,6.6,0.0,10.3,0.288,13.1,73
-31.8625,152.4216,2012-08-02,302.6,53,9.4,0.0,17.0,0.323,14.3,64
-32.4353,148.3467,2012-08-02,301.6,48,6.3,0.0,9.5,0.267,13.94,71
-31.9858,148.0094,2012-08-02,301.9,50,6.5,0.0,10.5,0.215,14.38,72
-31.6215,149.7199,2012-08-02,307.7,66,6.3,0.0,9.4,0.399,15.15,68
-31.6231,149.7092,2012-08-02,310.5,70,6.2,0.0,9.4,0.399,15.15,68
-29.3354,152.5822,2012-08-02,309.7,69,8.7,0.0,8.3,0.32,16.06,69
-30.7857,152.3492,2012-08-02,307.2,65,7.3,0.0,10.5,0.329,15.58,70
-30.7296,151.2252,2012-08-02,310.7,70,4.5,0.0,10.2,0.303,15.88,67
-30.7264,151.2178,2012-08-02,303.4,56,4.3,0.0,10.2,0.303,15.88,67
-30.848,148.6583,2012-08-02,306.0,63,7.6,0.0,9.7,0.24,15.39,66
-29.866,152.5399,2012-08-02,303.7,57,8.3,0.0,9.3,0.352,15.95,67
-30.3904,149.0316,2012-08-02,304.2,58,7.9,0.0,10.0,0.15,15.5,66
-30.0089,151.1141,2012-08-02,301.8,49,3.9,0.0,9.4,0.348,16.25,72
-30.006,151.1067,2012-08-02,301.6,48,3.9,0.0,9.4,0.348,16.25,72
-29.9921,150.0739,2012-08-02,303.5,47,7.7,0.0,9.4,0.295,15.87,64
-29.338,152.5676,2012-08-02,314.5,75,8.0,0.0,9.0,0.32,16.38,69
-30.0372,147.8371,2012-08-02,311.9,69,8.9,0.0,10.9,0.147,15.69,62
-29.1321,153.0799,2012-08-02,316.6,77,10.5,0.0,8.9,0.336,16.04,69
-29.1349,153.0647,2012-08-02,321.5,81,10.5,0.0,8.9,0.336,16.04,69
-29.2875,152.0905,2012-08-02,306.5,64,3.9,0.0,9.9,0.406,16.47,68
-29.2898,152.0775,2012-08-02,310.2,68,4.2,0.0,9.1,0.406,16.51,68
-29.28,152.0818,2012-08-02,326.8,85,3.8,0.0,9.9,0.406,16.47,68
-29.2045,152.3351,2012-08-02,302.8,54,7.2,0.0,10.1,0.357,16.25,69
-30.1791,145.5976,2012-08-02,304.4,44,9.0,0.0,9.3,0.223,15.52,64
-29.0055,152.8798,2012-08-02,307.9,66,9.6,0.0,8.7,0.42,16.23,68
-29.1955,151.3023,2012-08-02,317.9,78,7.8,0.0,9.9,0.292,16.38,64
-29.8473,145.8333,2012-08-02,310.2,65,8.7,0.0,8.9,0.114,15.71,62
-28.7678,152.1307,2012-08-02,303.5,56,6.0,0.0,9.3,0.337,16.61,61
-28.7702,152.1166,2012-08-02,306.2,63,5.4,0.0,9.3,0.337,16.61,61
-28.6604,152.2733,2012-08-02,309.0,42,8.6,0.0,8.3,0.326,16.48,65
-28.6548,152.2437,2012-08-02,339.8,92,8.9,0.0,8.3,0.33,16.48,63
-28.6574,152.2289,2012-08-02,326.9,85,7.7,0.0,9.1,0.333,16.79,60
-28.6444,152.2414,2012-08-02,318.7,79,9.1,0.0,8.3,0.33,16.48,63
-28.8356,150.3852,2012-08-02,315.6,72,8.4,0.0,10.2,0.217,16.42,67
-28.844,148.5932,2012-08-02,307.1,52,8.8,0.0,8.7,0.131,16.28,65
-28.8374,150.3739,2012-08-02,314.6,66,8.4,0.0,10.0,0.217,16.41,67
-28.8312,150.3776,2012-08-02,322.4,81,8.4,0.0,10.2,0.217,16.42,67
-28.4269,152.4253,2012-08-02,310.3,60,8.0,0.0,9.2,0.329,16.72,64
-28.4163,152.4233,2012-08-02,310.8,60,8.2,0.0,9.2,0.327,16.72,61
-28.3361,152.7322,2012-08-02,301.8,47,8.6,0.0,8.4,0.336,16.72,60
-28.3641,152.5097,2012-08-02,311.6,71,7.8,0.0,9.0,0.327,16.77,66
-28.3666,152.4953,2012-08-02,308.9,68,7.6,0.0,9.0,0.327,16.77,66
-28.3376,152.4735,2012-08-02,305.3,60,7.6,0.0,9.0,0.327,16.77,66
-28.8297,149.004,2012-08-02,307.9,62,8.9,0.0,9.0,0.188,16.3,63
-28.8312,148.9937,2012-08-02,308.0,62,8.9,0.0,9.0,0.188,16.3,63
-28.5752,149.8848,2012-08-02,338.7,79,9.1,0.0,11.0,0.339,16.49,63
-28.5769,149.8739,2012-08-02,314.3,69,9.1,0.0,9.9,0.339,16.47,63
-28.3127,150.4962,2012-08-02,311.1,69,9.1,0.0,10.2,0.258,16.64,61
-28.3458,150.1082,2012-08-02,307.7,63,9.0,0.0,10.7,0.281,16.63,63
-29.0142,144.8179,2012-08-02,323.1,75,10.2,0.0,9.9,0.043,16.19,52
-29.0157,144.8051,2012-08-02,314.4,66,10.2,0.0,9.9,0.043,16.19,52
-29.7794,151.3737,2012-08-03,300.4,36,5.7,0.0,10.9,0.32,16.05,61
-31.6662,147.7138,2012-08-03,301.9,50,9.8,0.0,11.6,0.284,14.18,59
-32.2742,151.6624,2012-08-03,307.0,65,9.6,0.0,18.4,0.323,12.9,62
-32.276,151.68,2012-08-03,305.8,62,9.3,0.0,13.8,0.323,13.0,62
-32.0594,146.0718,2012-08-03,313.0,73,10.3,0.0,12.7,0.243,14.64,57
-32.0609,146.0823,2012-08-03,300.1,24,10.3,0.0,12.7,0.243,14.64,57
-34.4642,150.8849,2012-08-03,306.3,48,11.7,0.0,15.9,0.286,13.69,58
-34.2859,146.1429,2012-08-03,304.6,59,9.1,0.0,13.5,0.254,13.57,70
-35.6177,150.1842,2012-08-03,307.9,66,9.3,0.0,12.5,0.234,12.87,69
-35.6186,150.1784,2012-08-03,313.2,69,9.5,0.0,19.6,0.234,13.11,69
-36.7185,148.9106,2012-08-03,312.8,50,3.3,0.2,18.8,0.334,11.52,72
-35.5448,145.6896,2012-08-03,341.2,92,8.4,0.0,11.2,0.241,12.29,75
-35.5409,145.7089,2012-08-03,327.7,85,8.4,0.0,11.2,0.241,12.29,75
-36.7277,148.8881,2012-08-03,320.5,80,3.5,0.2,18.8,0.334,11.52,72
-31.6148,148.6003,2012-08-03,303.3,56,9.3,0.0,13.2,0.242,14.6,59
-35.1558,143.972,2012-08-03,301.1,39,9.5,0.0,12.7,0.358,12.83,70
-35.3606,141.9257,2012-08-03,312.3,72,10.0,0.0,15.5,0.2,11.82,70
-34.2319,143.0485,2012-08-03,328.5,86,10.4,0.0,12.6,0.252,13.4,65
-34.2344,143.0342,2012-08-03,311.3,71,10.5,0.0,12.6,0.252,13.4,65
-34.8166,146.0639,2012-08-03,302.3,43,8.2,0.0,13.6,0.25,13.02,74
-34.8209,146.0431,2012-08-03,332.1,88,8.5,0.0,13.6,0.25,13.02,73
-35.1529,143.9876,2012-08-03,310.1,60,9.5,0.0,12.7,0.358,12.83,70
-29.6403,150.0872,2012-08-03,308.9,67,8.5,0.0,9.9,0.269,15.75,65
-29.6438,150.0839,2012-08-03,310.1,69,8.5,0.0,9.9,0.269,15.75,65
-28.4976,149.7326,2012-08-03,306.2,33,10.6,0.0,8.4,0.185,16.3,57
-28.49,149.7781,2012-08-03,311.0,32,10.4,0.0,8.4,0.286,16.3,57
-28.513,149.7463,2012-08-03,307.5,19,10.6,0.0,8.4,0.185,16.3,57
-28.5035,149.7863,2012-08-03,304.8,21,10.4,0.0,8.4,0.286,16.3,57
-34.9105,146.0255,2012-08-04,349.1,96,9.3,0.0,14.2,0.241,9.05,74
-35.4167,145.8623,2012-08-04,305.0,46,9.3,0.0,14.1,0.252,7.36,76
-35.2452,144.2415,2012-08-04,334.1,84,10.7,0.0,17.4,0.354,9.96,71
-34.4653,150.8859,2012-08-04,312.4,0,13.4,0.0,17.4,0.278,13.47,55
-34.9145,146.0092,2012-08-04,350.6,96,9.4,0.0,14.2,0.241,9.05,74
-34.9022,146.0077,2012-08-04,404.6,100,9.3,0.0,14.2,0.241,9.05,74
-34.904,145.9864,2012-08-04,325.6,84,9.3,0.0,14.2,0.241,9.05,74
-34.9124,146.0043,2012-08-04,397.1,100,9.4,0.0,14.2,0.241,9.05,74
-34.8982,146.0239,2012-08-04,308.9,68,9.3,0.0,14.2,0.241,9.05,74
-34.9001,146.0027,2012-08-04,344.7,94,9.3,0.0,14.2,0.241,9.05,74
-34.8471,146.0388,2012-08-04,314.4,75,9.4,0.0,15.9,0.245,9.95,74
-31.559,149.3409,2012-08-04,302.0,45,9.4,0.0,17.7,0.3,15.38,57
-31.1915,151.092,2012-08-04,306.3,63,6.9,0.0,15.5,0.286,15.73,59
-30.9582,152.5915,2012-08-04,313.9,74,9.8,0.0,13.4,0.295,15.46,63
-30.9677,152.5282,2012-08-04,333.0,88,9.6,0.0,13.4,0.309,15.46,62
-30.9693,152.5176,2012-08-04,310.6,70,9.6,0.0,13.4,0.309,15.46,62
-30.8275,152.3574,2012-08-04,308.3,67,8.2,0.0,11.3,0.323,15.78,65
-30.8291,152.3468,2012-08-04,305.8,60,8.2,0.0,11.3,0.323,15.78,65
-30.9526,151.4893,2012-08-04,312.0,72,4.4,0.0,19.8,0.298,16.06,64
-30.9541,151.4788,2012-08-04,314.1,74,4.4,0.0,19.8,0.298,16.06,64
-30.7914,152.35,2012-08-04,311.4,48,7.9,0.0,11.3,0.323,15.78,65
-30.793,152.3396,2012-08-04,333.0,88,8.0,0.0,11.3,0.323,15.78,65
-30.7821,152.3522,2012-08-04,307.8,64,9.0,0.0,11.3,0.317,15.78,63
-30.7837,152.3417,2012-08-04,321.3,81,8.7,0.0,11.3,0.323,15.78,65
-31.1282,149.0535,2012-08-04,303.9,50,11.3,0.0,15.9,0.283,15.45,45
-30.6821,150.7206,2012-08-04,310.3,70,7.2,0.0,15.5,0.295,15.91,63
-30.3437,151.699,2012-08-04,303.4,56,4.0,0.0,17.4,0.384,16.46,61
-30.2171,152.4384,2012-08-04,307.7,53,4.8,0.0,14.6,0.331,16.35,64
-30.2187,152.4279,2012-08-04,305.3,39,4.7,0.0,14.6,0.331,16.35,64
-30.2081,152.4365,2012-08-04,302.3,27,4.4,0.0,14.6,0.331,16.35,64
-30.2096,152.426,2012-08-04,304.7,43,4.6,0.0,14.6,0.331,16.35,64
-32.2451,151.8971,2012-08-04,313.0,73,10.9,0.0,14.8,0.333,15.02,57
-32.2466,151.8865,2012-08-04,306.4,63,10.3,0.0,14.8,0.334,15.02,60
-33.7901,150.8592,2012-08-04,318.7,79,8.9,0.0,13.5,0.201,13.9,67
-33.7886,150.8706,2012-08-04,307.3,65,8.8,0.0,13.5,0.201,13.9,67
-32.4909,146.3307,2012-08-04,310.2,68,9.1,0.0,12.8,0.202,14.5,64
-32.4792,146.3291,2012-08-04,311.6,70,9.2,0.0,12.8,0.202,14.5,64
-32.2589,148.2322,2012-08-04,306.0,50,9.4,0.0,13.7,0.247,14.87,65
-31.4841,152.5222,2012-08-04,308.7,67,10.8,0.0,12.5,0.305,15.29,65
-31.4331,152.49,2012-08-04,306.8,64,11.0,0.0,15.1,0.305,15.14,65
-31.5576,149.3528,2012-08-04,341.7,92,9.3,0.0,17.6,0.289,15.2,58
-28.3527,152.3432,2012-08-04,315.6,76,8.3,0.0,11.0,0.318,17.06,57
-28.5152,151.2431,2012-08-04,318.8,78,9.3,0.0,9.9,0.266,16.87,58
-28.3806,151.2228,2012-08-04,336.5,90,9.6,0.0,9.9,0.225,16.87,57
-28.6136,149.3187,2012-08-04,328.3,84,10.5,0.0,9.2,0.291,16.68,57
-28.6151,149.3077,2012-08-04,313.1,61,10.5,0.0,9.2,0.291,16.68,57
-28.6043,149.3172,2012-08-04,315.8,72,10.5,0.0,9.2,0.291,16.68,57
-28.2834,149.7421,2012-08-04,314.8,71,10.7,0.0,10.0,0.183,16.84,57
-28.2848,149.7315,2012-08-04,342.6,92,10.7,0.0,10.0,0.183,16.84,57
-28.2756,149.7299,2012-08-04,310.6,46,10.7,0.0,10.0,0.183,16.84,57
-28.382,151.2126,2012-08-04,320.8,79,9.6,0.0,9.9,0.225,16.87,57
-29.9051,152.7888,2012-08-04,307.9,66,10.2,0.0,10.8,0.309,16.09,64
-29.8619,152.7194,2012-08-04,304.7,60,10.3,0.0,10.2,0.301,16.2,62
-29.7846,152.741,2012-08-04,321.0,81,10.0,0.0,10.8,0.301,16.09,64
-29.4347,152.7434,2012-08-04,317.4,78,9.0,0.0,10.2,0.308,16.2,66
-29.4924,151.6117,2012-08-04,305.1,61,5.9,0.0,12.9,0.321,16.61,61
-29.2168,150.6997,2012-08-04,306.5,61,9.5,0.0,11.7,0.266,16.46,57
-28.7604,153.5572,2012-08-04,304.8,56,13.7,0.0,14.9,0.34,16.6,55
-28.7546,153.561,2012-08-04,308.1,63,13.7,0.0,14.9,0.34,16.6,55
-28.9618,151.9648,2012-08-04,308.0,66,5.2,0.0,12.7,0.319,16.73,61
-28.7643,153.1938,2012-08-04,306.5,64,10.8,0.0,10.9,0.383,16.65,61
-29.1366,150.4759,2012-08-04,309.8,52,9.9,0.0,11.0,0.364,16.42,57
-28.8298,152.5301,2012-08-04,309.2,68,9.4,0.0,7.7,0.313,16.59,65
-28.8314,152.5195,2012-08-04,324.1,83,9.3,0.0,7.7,0.313,16.59,65
-28.6538,153.1313,2012-08-04,314.2,74,10.9,0.0,10.9,0.333,16.65,62
-29.0403,150.3822,2012-08-04,307.2,44,9.9,0.0,10.7,0.253,16.54,58
-28.9734,150.732,2012-08-04,313.8,69,9.6,0.0,10.5,0.259,16.56,58
-28.9749,150.7217,2012-08-04,327.7,85,9.6,0.0,10.5,0.259,16.56,58
-28.9763,150.7113,2012-08-04,307.2,44,9.8,0.0,10.5,0.259,16.56,58
-28.5971,152.6179,2012-08-04,303.9,41,9.1,0.0,7.1,0.311,16.87,62
-28.6514,151.887,2012-08-04,301.0,44,7.9,0.0,13.3,0.33,16.91,57
-28.653,151.8767,2012-08-04,301.2,46,7.9,0.0,13.3,0.33,16.91,57
-28.4732,152.159,2012-08-04,305.4,61,8.5,0.0,9.8,0.319,17.01,56
-28.4748,152.1486,2012-08-04,309.7,69,8.3,0.0,9.8,0.317,17.01,56
-28.4389,152.324,2012-08-04,302.7,38,8.6,0.0,9.8,0.318,17.01,57
-28.4085,152.3393,2012-08-04,313.0,73,7.9,0.0,9.8,0.318,17.01,57
-28.4101,152.3289,2012-08-04,302.8,34,7.8,0.0,9.8,0.318,17.01,57
-28.3636,152.5189,2012-08-04,319.1,79,8.3,0.0,8.3,0.319,17.0,60
-28.3533,152.4625,2012-08-04,320.7,80,8.5,0.0,8.3,0.319,17.0,60
-28.3511,152.3535,2012-08-04,304.9,52,7.4,0.0,13.2,0.339,17.0,59
-28.384,152.2205,2012-08-05,310.1,70,8.9,0.0,13.0,0.31,16.99,56
-29.0251,151.961,2012-08-05,300.8,35,8.4,0.0,14.4,0.28,16.75,51
-30.791,152.3537,2012-08-05,302.3,51,8.3,0.0,12.4,0.318,15.82,64
-32.0415,150.0352,2012-08-05,301.4,46,9.5,0.0,16.7,0.401,15.08,60
-32.043,150.046,2012-08-05,301.2,45,9.6,0.0,18.4,0.401,14.97,60
-30.7879,152.3294,2012-08-05,301.8,40,9.5,0.0,12.4,0.318,15.82,64
-30.7894,152.3414,2012-08-05,302.4,52,8.7,0.0,12.4,0.318,15.82,64
-34.7485,146.6161,2012-08-05,303.8,57,10.3,0.2,22.4,0.168,11.67,66
-34.9602,146.0502,2012-08-05,341.1,92,11.1,0.2,23.3,0.255,11.82,65
-34.9577,146.0641,2012-08-05,339.3,91,11.1,0.2,23.3,0.255,11.82,65
-31.6591,148.9576,2012-08-05,304.6,59,10.1,0.0,17.4,0.264,14.9,53
-31.1141,149.069,2012-08-05,302.4,52,11.2,0.0,15.0,0.279,15.48,47
-30.8657,149.0594,2012-08-05,303.1,55,10.2,0.0,11.2,0.279,15.67,56
-30.7096,146.3309,2012-08-05,304.7,30,12.7,0.0,15.1,0.139,15.12,45
-29.7291,150.8559,2012-08-05,305.3,60,8.5,0.0,16.0,0.401,16.32,57
-29.7184,150.8446,2012-08-05,309.5,53,8.7,0.0,15.0,0.404,16.28,57
-29.7254,150.8124,2012-08-05,307.9,42,9.1,0.0,15.0,0.404,16.28,57
-29.3367,151.1271,2012-08-05,310.9,38,9.5,0.0,16.9,0.258,16.5,58
-31.1202,149.0656,2012-08-05,303.3,55,11.1,0.0,15.0,0.279,15.48,47
-34.0912,141.9224,2012-08-05,311.0,71,13.2,0.0,31.3,0.23,12.75,55
-31.8317,149.2012,2012-08-05,325.2,84,9.6,0.0,16.3,0.223,15.02,57
-31.8367,149.1775,2012-08-05,318.0,78,9.7,0.0,16.3,0.223,15.02,57
-31.837,149.1978,2012-08-05,325.4,84,9.6,0.0,16.3,0.223,15.02,57
-31.8419,149.174,2012-08-05,308.4,66,9.6,0.0,16.3,0.223,15.02,57
-31.668,148.9646,2012-08-05,303.0,54,9.9,0.0,17.4,0.264,14.9,53
-28.3852,152.2265,2012-08-05,313.3,73,9.3,0.0,10.9,0.31,17.02,56
-28.3956,152.1829,2012-08-05,303.1,52,9.3,0.0,13.0,0.31,16.99,56
-28.3862,152.2217,2012-08-05,314.9,74,9.1,0.0,13.0,0.31,16.99,56
-28.8325,148.9952,2012-08-05,307.3,59,11.9,0.0,18.4,0.166,16.58,50
-28.5664,148.6558,2012-08-05,309.4,63,12.6,0.0,20.9,0.101,16.7,48
-28.5718,148.6305,2012-08-05,307.1,47,12.7,0.0,20.9,0.155,16.7,46
-28.5619,148.6497,2012-08-05,312.2,68,12.7,0.0,20.9,0.155,16.7,46
-34.9499,145.8762,2012-08-06,331.4,87,8.6,0.0,20.2,0.233,9.96,66
-35.0259,145.8548,2012-08-06,300.6,39,8.5,0.0,20.3,0.239,9.93,66
-35.0238,145.8895,2012-08-06,301.7,48,8.5,0.0,20.2,0.239,9.96,66
-33.2841,151.2228,2012-08-06,300.1,29,10.7,0.0,18.2,0.245,15.03,52
-34.4666,150.8761,2012-08-06,303.7,43,12.0,0.0,25.6,0.266,14.52,54
-29.2813,152.0798,2012-08-06,327.4,85,5.6,0.0,22.0,0.393,16.69,65
-29.3081,150.9387,2012-08-06,347.7,95,10.8,0.0,18.6,0.278,16.46,53
-29.3096,150.9255,2012-08-06,311.2,49,10.9,0.0,18.6,0.278,16.46,53
-29.0451,152.6454,2012-08-06,304.7,57,10.5,0.0,16.8,0.305,16.71,61
-29.2601,150.5561,2012-08-06,306.7,62,11.7,0.0,17.8,0.373,16.36,51
-29.2908,152.0813,2012-08-06,322.1,81,5.8,0.0,22.0,0.393,16.69,65
-32.6942,151.1764,2012-08-06,304.4,59,12.2,0.0,20.9,0.274,15.05,51
-32.6958,151.1619,2012-08-06,319.7,80,12.2,0.0,20.9,0.274,15.05,51
-32.282,151.3218,2012-08-06,302.5,53,10.6,0.0,23.9,0.335,15.46,52
-32.1773,152.1447,2012-08-06,307.6,66,11.0,0.0,19.2,0.315,15.51,53
-32.0914,152.1887,2012-08-06,316.0,76,11.6,0.0,19.4,0.299,15.4,52
-32.0073,152.2068,2012-08-06,307.4,65,11.0,0.0,19.4,0.317,15.4,52
-32.0088,152.1943,2012-08-06,303.4,56,11.2,0.0,19.4,0.317,15.4,52
-31.7608,151.982,2012-08-06,301.5,47,10.1,0.0,18.8,0.292,15.67,53
-31.3901,148.6306,2012-08-06,318.4,78,9.4,0.0,19.6,0.221,15.64,62
-30.8328,152.3431,2012-08-06,327.8,85,9.4,0.0,17.3,0.314,15.97,62
-30.7916,152.3601,2012-08-06,333.4,88,9.5,0.0,17.3,0.314,15.97,62
-30.796,152.3248,2012-08-06,323.4,81,9.2,0.0,17.3,0.314,15.97,62
-30.7974,152.313,2012-08-06,325.0,83,9.1,0.0,17.3,0.314,15.97,62
-30.7821,152.3583,2012-08-06,323.0,73,10.4,0.0,17.3,0.308,15.97,60
-30.7864,152.3228,2012-08-06,334.3,77,10.1,0.0,17.3,0.314,15.97,62
-29.998,153.0678,2012-08-06,307.8,66,12.9,0.0,10.3,0.3,16.17,57
-29.9174,152.8336,2012-08-06,311.3,71,11.5,0.0,15.9,0.291,16.38,54
-29.9081,152.832,2012-08-06,312.7,73,11.5,0.0,16.2,0.312,16.3,53
-29.8276,152.6762,2012-08-06,307.7,44,10.9,0.0,15.9,0.291,16.38,57
-29.8182,152.6745,2012-08-06,307.3,65,10.9,0.0,15.9,0.291,16.38,57
-29.8196,152.6636,2012-08-06,312.0,72,10.0,0.0,16.5,0.331,16.61,58
-29.6176,152.5411,2012-08-06,330.7,87,10.7,0.0,16.0,0.303,16.47,62
-29.5494,152.513,2012-08-06,303.1,40,9.6,0.0,16.5,0.342,16.61,63
-29.4337,152.7432,2012-08-06,307.9,66,10.3,0.0,16.0,0.299,16.47,60
-29.2893,152.0931,2012-08-06,305.7,39,5.4,0.0,22.0,0.393,16.69,65
-28.8098,152.4195,2012-08-06,306.7,62,10.3,0.0,18.0,0.306,16.93,58
-28.8113,152.4085,2012-08-06,312.1,72,10.3,0.0,18.0,0.306,16.93,58
-28.8184,152.3533,2012-08-06,302.0,43,9.8,0.0,17.7,0.306,17.02,58
-28.9881,150.7308,2012-08-06,308.3,59,10.8,0.0,16.7,0.247,16.51,57
-28.9575,150.7261,2012-08-06,340.8,92,10.6,0.0,16.7,0.247,16.51,57
-28.959,150.713,2012-08-06,322.6,81,10.6,0.0,16.7,0.247,16.51,57
-28.7738,152.1341,2012-08-06,307.9,66,8.5,0.0,19.6,0.323,16.83,55
-28.7752,152.1231,2012-08-06,309.0,68,7.8,0.0,19.6,0.323,16.83,55
-28.9496,150.7184,2012-08-06,315.4,73,10.8,0.0,16.7,0.298,16.51,58
-28.684,152.6048,2012-08-06,304.0,55,10.6,0.0,18.0,0.308,16.93,57
-29.0015,149.0618,2012-08-06,307.5,48,12.0,0.0,16.8,0.286,16.23,55
-29.0032,149.045,2012-08-06,311.8,64,12.1,0.0,16.8,0.296,16.23,54
-29.013,148.8386,2012-08-06,316.2,74,11.9,0.0,16.6,0.157,16.26,54
-28.4822,152.3804,2012-08-06,317.1,76,9.5,0.0,22.0,0.311,17.11,56
-28.8384,148.994,2012-08-06,307.9,59,12.0,0.0,16.8,0.158,16.23,56
-28.82,149.0594,2012-08-06,320.7,62,12.0,0.0,16.8,0.235,16.23,55
-28.8217,149.0427,2012-08-06,328.5,84,12.0,0.0,16.8,0.158,16.23,56
-28.827,148.9925,2012-08-06,308.4,60,11.9,0.0,16.8,0.158,16.23,56
-28.8087,149.0578,2012-08-06,320.9,77,12.0,0.0,16.8,0.235,16.23,55
-28.8104,149.0412,2012-08-06,314.7,46,12.0,0.0,16.8,0.158,16.23,56
-28.7973,149.0563,2012-08-06,325.7,66,12.0,0.0,16.8,0.235,16.23,55
-28.8449,148.5905,2012-08-06,307.8,53,12.0,0.0,17.8,0.095,16.28,56
-28.2358,152.5328,2012-08-06,304.9,46,10.7,0.0,17.8,0.332,17.07,54
-28.1877,152.7543,2012-08-06,320.8,73,12.1,0.0,15.6,0.315,17.1,56
-28.2951,151.769,2012-08-06,307.1,60,10.3,0.0,24.1,0.234,17.0,50
-34.4637,150.8849,2012-08-06,312.4,85,12.0,0.0,25.6,0.266,14.52,54
-29.0187,146.56,2012-08-06,301.4,41,12.4,0.0,15.0,0.163,16.31,50
-29.0097,146.5584,2012-08-06,304.6,61,12.4,0.0,15.0,0.163,16.31,50
-29.288,152.0803,2012-08-06,318.4,78,5.8,0.0,22.0,0.393,16.69,65
-28.31,153.4198,2012-08-06,324.7,83,15.1,0.0,8.5,0.317,16.83,66
-28.3114,153.43,2012-08-06,339.5,91,15.1,0.0,8.5,0.317,16.83,66
-29.2791,152.0774,2012-08-06,308.7,50,5.5,0.0,22.0,0.393,16.69,65
-29.2807,152.0878,2012-08-06,328.0,85,5.7,0.0,22.0,0.393,16.69,65
-29.2896,152.0907,2012-08-06,303.5,56,5.6,0.0,22.0,0.393,16.69,65
-28.8248,148.9967,2012-08-06,319.0,79,11.9,0.0,16.8,0.158,16.23,56
-28.8272,149.0104,2012-08-06,303.1,44,11.9,0.0,16.8,0.158,16.23,56
-28.835,148.9944,2012-08-06,308.1,49,11.9,0.0,16.8,0.158,16.23,56
-30.0086,153.0197,2012-08-06,301.1,44,12.4,0.0,10.3,0.299,16.17,56
-29.0182,146.5529,2012-08-06,307.7,66,12.3,0.0,15.0,0.163,16.31,50
-30.0273,147.837,2012-08-07,302.8,51,9.9,0.0,11.2,0.091,16.34,60
-30.5305,151.946,2012-08-07,309.5,69,4.6,0.0,11.4,0.318,16.98,62
-30.2829,149.5134,2012-08-07,303.4,56,8.3,0.0,9.1,0.214,16.42,64
-30.285,149.5258,2012-08-07,303.6,56,8.3,0.0,9.1,0.214,16.42,64
-30.0301,147.8523,2012-08-07,302.0,49,10.0,0.0,11.2,0.221,16.34,59
-30.7974,152.3148,2012-08-07,300.9,42,6.6,0.0,9.9,0.311,16.35,72
-30.799,152.3252,2012-08-07,311.6,71,7.1,0.0,9.9,0.298,16.35,71
-30.9348,150.5287,2012-08-07,305.8,62,8.1,0.0,6.9,0.23,16.27,63
-30.9441,150.5267,2012-08-07,303.7,57,7.8,0.0,6.9,0.23,16.27,63
-31.0925,150.0393,2012-08-07,304.3,58,7.0,0.0,10.2,0.319,16.15,65
-31.1605,150.0959,2012-08-07,315.1,75,7.5,0.0,9.8,0.356,16.12,66
-31.1699,150.0939,2012-08-07,313.8,73,7.3,0.0,9.8,0.356,16.12,66
-33.3046,149.8818,2012-08-07,300.7,41,3.0,0.0,15.5,0.317,15.26,77
-34.4588,150.8768,2012-08-07,302.2,29,11.4,0.0,24.9,0.26,14.56,59
-34.4605,150.8878,2012-08-07,306.6,0,11.4,0.0,24.9,0.26,14.56,59
-36.1328,143.6711,2012-08-07,304.6,59,8.7,0.0,19.0,0.384,12.24,72
-36.1343,143.6593,2012-08-07,302.2,44,8.7,0.0,19.0,0.384,12.24,72
-35.595,145.0619,2012-08-07,315.8,76,8.2,0.0,17.0,0.238,11.84,71
-35.5966,145.0508,2012-08-07,321.7,81,8.2,0.0,17.0,0.238,11.84,71
-34.4649,150.8794,2012-08-07,308.0,0,11.4,0.0,24.9,0.26,14.56,59
-35.3838,144.8055,2012-08-07,378.6,100,8.6,0.0,17.0,0.293,12.06,70
-35.3853,144.7944,2012-08-07,361.5,100,8.6,0.0,17.0,0.293,12.06,70
-35.147,146.1237,2012-08-07,378.5,100,7.6,0.0,13.6,0.253,11.78,71
-35.1486,146.1126,2012-08-07,365.3,100,7.6,0.0,13.6,0.253,11.78,71
-35.2699,145.2857,2012-08-07,305.4,41,8.1,0.0,15.8,0.234,12.38,70
-35.2715,145.2747,2012-08-07,314.9,75,8.1,0.0,15.8,0.234,12.38,70
-35.1379,146.1216,2012-08-07,310.4,70,7.6,0.0,13.6,0.253,11.78,71
-35.1396,146.1105,2012-08-07,311.8,72,7.6,0.0,13.6,0.253,11.78,71
-35.2625,145.2728,2012-08-07,312.7,71,8.1,0.0,15.8,0.234,12.38,70
-34.923,145.8895,2012-08-07,339.5,91,7.9,0.0,12.9,0.228,12.71,70
-34.9247,145.8784,2012-08-07,321.7,81,7.9,0.0,12.9,0.228,12.71,70
-34.915,145.8936,2012-08-07,307.9,66,7.9,0.0,12.9,0.228,12.71,70
-34.9166,145.8825,2012-08-07,327.2,85,7.8,0.0,12.9,0.228,12.71,70
-34.9035,145.8454,2012-08-07,318.9,79,7.8,0.0,13.5,0.23,12.97,70
-34.9051,145.8344,2012-08-07,309.9,69,7.8,0.0,13.5,0.23,12.97,70
-34.9068,145.8234,2012-08-07,350.2,96,7.8,0.0,13.5,0.23,12.97,70
-34.9084,145.8124,2012-08-07,327.3,85,7.8,0.0,13.5,0.23,12.97,70
-34.8994,145.8104,2012-08-07,305.7,51,7.8,0.0,13.5,0.23,12.97,70
-35.1499,143.9625,2012-08-07,302.9,51,9.6,0.0,16.8,0.34,13.45,67
-34.7954,143.2368,2012-08-07,305.7,59,10.4,0.0,18.0,0.313,13.92,65
-34.098,145.6236,2012-08-07,313.8,74,8.3,0.0,12.4,0.258,14.47,69
-33.2981,147.5896,2012-08-07,305.3,61,6.7,0.0,10.0,0.26,14.78,73
-33.1537,147.4662,2012-08-07,302.3,52,6.8,0.0,10.0,0.256,14.78,72
-33.2113,146.9955,2012-08-07,303.3,55,6.9,0.0,9.5,0.247,14.94,71
-32.6369,146.2686,2012-08-07,307.6,65,8.3,0.0,8.7,0.178,15.12,64
-32.6386,146.2573,2012-08-07,330.3,87,8.4,0.0,8.7,0.178,15.12,64
-31.5988,151.2551,2012-08-07,302.3,51,3.5,0.0,9.7,0.322,16.42,72
-31.5289,151.1455,2012-08-07,301.4,40,5.5,0.0,8.0,0.308,16.35,69
-31.8224,149.4544,2012-08-07,301.5,47,6.5,0.0,11.2,0.327,15.95,68
-31.8181,149.4634,2012-08-07,302.1,51,6.5,0.0,11.2,0.327,15.95,68
-31.6304,149.7327,2012-08-07,323.1,82,6.4,0.0,10.2,0.377,16.0,68
-31.6335,149.7161,2012-08-07,315.3,76,6.4,0.0,10.2,0.377,16.0,68
-31.6588,149.1968,2012-08-07,319.2,79,6.2,0.0,10.4,0.256,15.87,66
-31.9991,146.739,2012-08-07,315.7,75,8.3,0.0,9.5,0.245,15.43,67
-32.001,146.7273,2012-08-07,344.9,94,8.2,0.0,9.5,0.245,15.43,67
-30.7912,152.3208,2012-08-07,305.6,48,7.1,0.0,9.9,0.298,16.35,71
-30.7855,152.3149,2012-08-07,312.0,72,7.7,0.0,9.9,0.311,16.35,72
-31.0968,150.0304,2012-08-07,305.2,61,7.5,0.0,9.2,0.332,16.21,65
-30.0107,153.0535,2012-08-07,304.3,59,11.2,0.0,9.5,0.296,16.32,68
-30.003,153.0747,2012-08-07,302.8,23,10.5,0.0,9.2,0.354,16.23,69
-30.0091,153.0458,2012-08-07,302.0,39,11.1,0.0,9.5,0.295,16.32,67
-29.5098,152.1228,2012-08-07,301.9,50,5.0,0.0,11.0,0.384,17.24,64
-29.7065,150.8326,2012-08-07,305.4,61,6.9,0.0,9.4,0.392,16.86,65
-29.7056,150.8254,2012-08-07,309.4,68,7.2,0.0,9.4,0.392,16.86,65
-30.0365,147.8462,2012-08-07,318.5,77,9.9,0.0,11.2,0.091,16.34,60
-30.0389,147.8325,2012-08-07,313.7,54,9.9,0.0,11.2,0.091,16.34,60
-29.1056,152.5715,2012-08-07,303.1,55,9.8,0.0,8.3,0.299,16.77,70
-30.0263,147.8438,2012-08-07,313.0,54,9.9,0.0,11.2,0.091,16.34,60
-29.5042,149.7514,2012-08-07,311.1,70,9.0,0.0,11.8,0.309,16.73,64
-28.7217,152.5566,2012-08-07,305.6,59,10.0,0.0,6.7,0.309,16.92,67
-28.7074,152.5529,2012-08-07,304.8,49,10.1,0.0,6.7,0.309,16.92,67
-28.7216,152.5522,2012-08-07,311.8,72,10.0,0.0,6.7,0.309,16.92,67
-28.7682,152.1159,2012-08-07,303.7,57,6.9,0.0,10.1,0.32,17.39,55
-28.99,149.0385,2012-08-07,309.1,62,10.1,0.0,10.9,0.29,16.86,60
-28.7572,150.0684,2012-08-07,320.5,80,9.9,0.0,12.4,0.217,17.07,61
-28.761,150.049,2012-08-07,313.2,71,9.9,0.0,12.4,0.184,17.07,62
-28.7451,150.0653,2012-08-07,336.7,90,9.8,0.0,12.4,0.174,17.07,63
-28.7537,150.06,2012-08-07,338.0,90,9.9,0.0,12.4,0.217,17.07,61
-28.75,150.0795,2012-08-07,314.1,45,9.8,0.0,12.4,0.174,17.07,63
-28.8373,148.9885,2012-08-07,306.5,58,10.1,0.0,10.9,0.152,16.98,61
-28.7709,152.1216,2012-08-07,306.9,64,6.9,0.0,10.1,0.32,17.39,55
-29.0152,146.5519,2012-08-07,334.3,88,10.3,0.0,10.0,0.158,16.43,60
-29.0172,146.5399,2012-08-07,341.3,92,10.4,0.0,10.0,0.213,16.43,60
-29.0055,146.5498,2012-08-07,309.4,61,10.4,0.0,10.0,0.213,16.43,60
-29.0075,146.5378,2012-08-07,331.8,86,10.4,0.0,10.0,0.213,16.43,60
-29.2619,141.107,2012-08-07,326.1,80,12.0,0.0,15.8,0.035,16.16,52
-29.2634,141.0953,2012-08-07,321.0,75,12.0,0.0,15.8,0.035,16.16,52
-32.0028,146.7203,2012-08-07,313.3,87,8.2,0.0,9.5,0.245,15.43,67
-32.0055,146.7146,2012-08-07,306.4,68,8.3,0.0,9.5,0.245,15.43,67
-28.7496,150.064,2012-08-07,308.5,75,9.8,0.0,12.4,0.174,17.07,63
-29.2536,150.5653,2012-08-07,309.0,76,8.6,0.0,9.9,0.367,16.95,62
-29.0113,146.5373,2012-08-07,313.5,87,10.4,0.0,10.0,0.213,16.43,60
-31.9929,146.7306,2012-08-07,322.7,100,8.2,0.0,9.5,0.245,15.43,67
-32.0023,146.7285,2012-08-07,311.1,82,8.3,0.0,9.5,0.245,15.43,67
-28.7435,150.0536,2012-08-08,306.3,57,10.1,0.0,9.3,0.161,17.14,63
-28.7456,150.0784,2012-08-08,302.6,29,10.1,0.0,9.3,0.161,17.14,63
-29.113,152.5839,2012-08-08,312.6,73,10.2,0.0,9.1,0.296,16.97,63
-29.104,152.5796,2012-08-08,308.3,67,10.2,0.0,9.1,0.296,16.97,63
-29.2526,150.572,2012-08-08,310.2,70,9.0,0.0,9.9,0.361,17.04,60
-29.1196,148.6932,2012-08-08,300.6,39,10.2,0.0,10.3,0.227,16.92,62
-29.122,148.687,2012-08-08,300.5,38,10.2,0.0,10.3,0.227,16.92,62
-29.022,146.5203,2012-08-08,309.7,67,11.5,0.0,10.5,0.208,16.88,56
-29.0146,146.5509,2012-08-08,307.6,50,11.2,0.0,10.5,0.155,16.88,57
-29.0236,146.5348,2012-08-08,358.2,99,11.4,0.0,10.5,0.208,16.88,56
-32.0006,146.7236,2012-08-08,307.4,65,10.0,0.0,13.2,0.242,15.54,59
-29.1917,141.099,2012-08-08,306.2,47,14.6,0.0,21.5,0.062,16.08,35
-29.1933,141.1094,2012-08-08,307.8,58,14.6,0.0,21.5,0.062,16.08,35
-32.0016,146.7294,2012-08-08,310.2,70,10.1,0.0,13.2,0.242,15.54,59
-32.0023,146.7406,2012-08-08,301.8,34,10.1,0.0,13.2,0.242,15.54,59
-34.4307,146.1998,2012-08-08,307.9,66,10.8,0.0,20.4,0.238,14.17,59
-34.4327,146.148,2012-08-08,319.1,79,10.9,0.0,20.4,0.23,14.17,58
-34.3784,146.1449,2012-08-08,319.8,80,10.9,0.0,20.4,0.23,14.17,58
-34.4333,146.1968,2012-08-08,310.5,70,10.8,0.0,20.4,0.238,14.17,59
-34.4357,146.145,2012-08-08,318.0,78,10.9,0.0,20.4,0.23,14.17,58
-34.3813,146.1422,2012-08-08,319.9,80,10.9,0.0,20.4,0.23,14.17,58
-34.2647,145.9162,2012-08-08,304.7,60,11.2,0.0,20.3,0.236,14.28,58
-34.2687,145.9129,2012-08-08,305.2,61,11.2,0.0,20.3,0.236,14.28,58
-33.6713,149.6877,2012-08-08,303.6,56,3.3,0.0,14.8,0.309,15.33,79
-31.5733,152.5821,2012-08-08,300.0,24,8.3,0.0,10.2,0.317,16.16,72
-31.6536,151.6213,2012-08-08,325.5,84,8.0,0.0,12.1,0.293,16.05,58
-31.6554,151.6015,2012-08-08,314.3,75,8.0,0.0,12.1,0.293,16.05,58
-31.5957,151.2555,2012-08-08,301.8,49,4.4,0.0,13.5,0.319,16.48,64
-29.0347,152.21,2012-08-08,305.8,61,6.9,0.0,11.2,0.395,17.48,59
-30.9601,152.4724,2012-08-08,304.2,50,7.9,0.0,11.0,0.297,16.32,65
-30.8044,152.3326,2012-08-08,310.4,67,7.6,0.0,12.0,0.308,16.51,65
-30.8062,152.3156,2012-08-08,312.3,68,7.1,0.0,12.0,0.308,16.51,65
-30.9585,149.5138,2012-08-08,302.4,50,8.3,0.0,10.0,0.303,16.11,64
-30.9607,149.4862,2012-08-08,312.3,72,8.5,0.0,10.0,0.303,16.11,64
-30.9629,149.4584,2012-08-08,307.5,65,8.7,0.0,10.0,0.303,16.11,64
-30.8834,149.4986,2012-08-08,306.0,63,8.5,0.0,10.0,0.326,16.11,64
-30.0027,153.0389,2012-08-08,303.7,57,12.3,0.0,8.6,0.291,16.49,70
-30.0044,153.0234,2012-08-08,303.3,55,12.3,0.0,8.6,0.291,16.49,70
-30.0061,153.0081,2012-08-08,305.4,61,11.8,0.0,8.6,0.291,16.49,69
-29.855,151.6178,2012-08-08,300.6,36,5.3,0.0,12.8,0.35,17.32,56
-29.2773,152.6034,2012-08-08,327.6,85,9.8,0.0,9.1,0.294,16.86,63
-29.279,152.5871,2012-08-08,332.4,88,10.1,0.0,9.1,0.294,16.86,63
-29.2866,152.0884,2012-08-08,311.9,72,4.9,0.0,12.7,0.386,17.34,61
-29.2885,152.0708,2012-08-08,327.7,85,4.9,0.0,12.7,0.386,17.34,61
-29.4987,149.7355,2012-08-08,310.0,49,9.6,0.0,9.7,0.292,16.82,63
-29.2563,150.5682,2012-08-08,315.0,74,9.1,0.0,9.9,0.361,17.04,60
-29.2583,150.5464,2012-08-08,317.1,76,9.2,0.0,9.9,0.356,17.04,60
-28.7382,153.568,2012-08-08,314.1,74,15.1,0.0,13.3,0.334,17.15,68
-28.7398,153.5545,2012-08-08,306.3,63,15.1,0.0,13.3,0.334,17.15,68
-28.7705,152.1243,2012-08-08,302.5,48,7.2,0.0,10.8,0.317,17.5,53
-29.0429,146.5473,2012-08-08,337.1,90,11.5,0.0,10.5,0.208,16.88,56
-29.0454,146.5061,2012-08-08,323.4,81,11.5,0.0,10.5,0.208,16.88,56
-29.0261,146.5461,2012-08-08,362.7,100,11.4,0.0,10.5,0.208,16.88,56
-29.0285,146.5048,2012-08-08,336.1,89,11.5,0.0,10.5,0.208,16.88,56
-29.0393,146.5425,2012-08-08,352.2,97,11.5,0.0,10.5,0.208,16.88,56
-29.042,146.5013,2012-08-08,324.8,82,11.5,0.0,10.5,0.208,16.88,56
-28.7474,150.0642,2012-08-08,310.7,58,10.1,0.0,9.3,0.161,17.14,63
-29.0224,146.5413,2012-08-08,355.6,98,11.4,0.0,10.5,0.208,16.88,56
-29.0251,146.5,2012-08-08,322.6,80,11.5,0.0,10.5,0.208,16.88,56
-28.1953,149.4087,2012-08-08,344.2,93,10.5,0.0,9.3,0.205,17.36,60
-28.1996,149.4279,2012-08-08,316.3,62,10.5,0.0,9.3,0.205,17.36,60
-28.2018,149.4028,2012-08-08,324.8,81,10.5,0.0,9.3,0.205,17.36,60
-28.1859,149.4264,2012-08-08,314.7,35,10.4,0.0,9.3,0.205,17.36,60
-28.1881,149.4012,2012-08-08,322.0,75,10.5,0.0,9.3,0.205,17.36,60
-32.6387,146.6325,2012-08-08,309.5,69,10.0,0.0,15.9,0.198,15.17,58
-34.4632,150.8825,2012-08-08,301.5,42,12.9,0.0,15.3,0.255,14.71,54
-29.0222,146.5185,2012-08-08,302.7,51,11.5,0.0,10.5,0.208,16.88,56
-29.0236,146.5057,2012-08-08,305.4,64,11.5,0.0,10.5,0.208,16.88,56
-29.0232,146.5122,2012-08-08,313.4,68,11.5,0.0,10.5,0.208,16.88,56
-28.2973,151.7705,2012-08-08,306.1,63,9.0,0.0,12.3,0.221,17.69,52
-28.3032,151.7774,2012-08-08,302.3,42,9.0,0.0,12.3,0.221,17.69,52
-29.0236,146.5132,2012-08-08,327.2,85,11.5,0.0,10.5,0.208,16.88,56
-29.0449,146.5397,2012-08-08,313.3,61,11.5,0.0,10.5,0.208,16.88,56
-29.0217,146.5079,2012-08-08,322.3,82,11.5,0.0,10.5,0.208,16.88,56
-29.0286,146.5387,2012-08-08,315.4,69,11.4,0.0,10.5,0.208,16.88,56
-29.0432,146.5344,2012-08-08,314.5,50,11.5,0.0,10.5,0.208,16.88,56
-34.4628,150.8745,2012-08-09,309.4,60,12.9,0.9,31.6,0.253,12.62,52
-33.0377,151.1517,2012-08-09,301.8,49,11.4,0.8,18.9,0.234,10.68,53
-33.3673,146.19,2012-08-09,305.7,54,9.5,1.2,30.3,0.226,13.38,67
-31.7589,151.9813,2012-08-09,301.9,50,9.7,1.0,17.3,0.282,11.66,56
-31.7803,151.7427,2012-08-09,307.4,62,8.6,0.2,19.8,0.29,11.38,61
-32.5226,146.4904,2012-08-09,314.3,75,10.0,0.6,28.5,0.215,13.66,60
-32.5241,146.4795,2012-08-09,304.7,60,10.0,0.6,28.5,0.215,13.66,60
-28.7822,151.9131,2012-08-09,302.6,53,7.3,0.0,18.1,0.313,12.84,58
-28.4954,149.7652,2012-08-09,317.7,47,12.0,0.0,23.5,0.245,15.36,59
-28.5659,148.23,2012-08-09,319.8,56,12.5,0.0,26.2,0.198,15.23,55
-28.555,148.2388,2012-08-09,318.1,64,12.5,0.0,26.2,0.198,15.23,55
-28.5567,148.2281,2012-08-09,316.0,36,12.5,0.0,26.2,0.198,15.23,55
-29.1215,152.5841,2012-08-09,319.5,99,10.6,0.0,12.6,0.293,7.32,62
-29.3284,152.6141,2012-08-09,305.8,66,10.0,0.0,12.6,0.291,7.32,62
-31.1528,152.5141,2012-08-09,300.5,29,8.6,1.3,16.4,0.295,12.86,65
-28.5478,152.841,2012-08-10,300.3,35,10.8,0.0,16.2,0.352,17.73,48
-28.8438,148.5992,2012-08-10,301.5,46,10.4,0.0,29.2,0.074,17.47,50
-28.9897,149.0496,2012-08-10,300.5,33,10.3,0.0,27.2,0.276,17.3,51
-29.0505,146.5309,2012-08-10,304.2,47,11.1,0.0,25.8,0.138,16.71,50
-29.0519,146.5415,2012-08-10,307.9,64,11.1,0.0,25.8,0.138,16.71,50
-29.9965,153.0559,2012-08-10,307.6,66,11.5,0.0,24.1,0.288,16.37,46
-29.1752,141.2562,2012-08-10,301.2,45,11.0,0.0,23.1,0.03,16.39,54
-30.8487,148.6543,2012-08-10,304.1,58,9.4,0.0,24.8,0.2,16.54,55
-34.2423,145.8681,2012-08-10,304.0,58,10.0,0.0,29.4,0.264,9.59,69
-28.2098,152.6046,2012-08-10,301.8,28,10.1,0.0,19.9,0.32,18.02,48
-29.8684,152.8397,2012-08-10,306.7,64,12.0,0.0,19.0,0.278,16.88,43
-29.8706,152.8145,2012-08-10,300.9,26,11.7,0.0,17.9,0.286,16.87,44
-28.6601,153.0281,2012-08-10,308.2,63,11.1,0.0,16.1,0.356,17.66,48
-28.6636,153.0213,2012-08-10,308.4,65,11.2,0.0,16.1,0.356,17.66,48
-28.3636,152.4326,2012-08-10,303.8,57,9.3,0.0,17.1,0.293,17.92,49
-28.357,152.4252,2012-08-10,302.6,53,8.6,0.0,19.6,0.297,17.97,51
-28.1961,152.6042,2012-08-10,308.6,64,9.0,0.0,19.6,0.309,17.97,48
-29.9994,153.0227,2012-08-10,317.4,75,12.1,0.0,24.1,0.289,16.37,46
-30.0033,153.0438,2012-08-10,310.4,70,11.3,0.0,24.1,0.289,16.37,46
-30.0055,153.0188,2012-08-10,317.7,78,11.6,0.0,24.1,0.289,16.37,46
-32.5934,146.3446,2012-08-10,303.1,55,9.1,0.0,29.7,0.17,11.07,67
-32.5878,146.3822,2012-08-10,316.8,77,8.9,0.0,30.1,0.178,11.79,67
-32.5945,146.3526,2012-08-10,313.5,74,9.0,0.0,29.7,0.178,11.07,67
-32.5868,146.3744,2012-08-10,322.2,81,8.9,0.0,29.7,0.178,11.07,67
-34.2519,150.9147,2012-08-10,300.2,7,8.6,0.3,43.5,0.268,12.21,53
-34.2924,150.9136,2012-08-10,316.8,47,8.7,0.3,43.5,0.268,12.21,53
-29.9889,153.0175,2012-08-10,318.7,97,12.0,0.0,24.1,0.289,16.37,46
-29.0938,152.5871,2012-08-10,301.7,43,10.6,0.0,16.3,0.29,17.31,48
-28.1811,152.6094,2012-08-10,312.3,85,10.2,0.0,16.8,0.32,17.86,48
-34.2523,150.9277,2012-08-10,303.8,21,8.7,0.3,43.5,0.268,12.21,53
-28.1844,152.6122,2012-08-10,303.5,53,9.1,0.0,19.6,0.32,17.97,48
-29.8692,152.836,2012-08-10,303.4,54,12.0,0.0,19.0,0.278,16.88,43
-34.8848,145.9188,2012-08-11,325.3,84,9.8,0.0,19.9,0.229,14.31,74
-34.8831,145.9361,2012-08-11,333.0,88,9.8,0.0,19.9,0.229,14.31,74
-32.5878,146.366,2012-08-11,316.0,76,9.1,0.0,17.2,0.174,13.55,74
-30.8486,148.6648,2012-08-11,303.6,56,10.3,0.0,17.0,0.196,16.38,61
-32.2528,149.4749,2012-08-11,327.9,85,8.0,0.0,16.2,0.273,14.52,65
-29.9957,153.0359,2012-08-11,315.8,54,12.7,0.0,25.8,0.285,13.41,56
-30.85,148.6537,2012-08-11,318.8,79,10.3,0.0,17.0,0.196,16.38,61
-32.6,146.3528,2012-08-11,307.1,46,9.1,0.0,17.2,0.174,13.55,74
-29.2506,152.5195,2012-08-11,305.2,61,11.5,0.0,19.2,0.284,14.7,56
-29.1297,150.0724,2012-08-11,310.2,61,10.6,0.0,24.1,0.278,16.39,56
-29.1212,150.0757,2012-08-11,305.6,50,10.6,0.0,25.3,0.278,16.54,56
-29.1302,149.364,2012-08-11,346.6,94,11.0,0.0,18.5,0.261,17.01,55
-29.1317,149.3537,2012-08-11,313.6,72,11.0,0.0,18.5,0.261,17.01,55
-28.1975,152.6173,2012-08-11,319.4,39,10.9,0.0,14.5,0.318,16.8,51
-28.1879,152.6147,2012-08-11,321.6,64,9.5,0.0,14.9,0.31,16.59,51
-28.3449,150.0998,2012-08-11,309.4,65,11.4,0.0,24.0,0.209,17.21,52
-29.1448,152.3562,2012-08-11,307.7,60,10.5,0.0,14.8,0.287,15.74,55
-29.8745,152.8339,2012-08-11,315.2,66,12.6,0.0,22.0,0.281,14.48,54
-30.2994,148.7313,2012-08-11,308.2,44,10.9,0.0,17.8,0.229,16.57,60
-29.5736,152.8616,2012-08-11,303.4,56,12.4,0.0,19.2,0.298,14.7,54
-29.4909,152.799,2012-08-11,308.8,66,12.2,0.0,19.2,0.285,14.7,54
-29.4812,152.7968,2012-08-11,312.0,72,11.5,0.0,19.2,0.285,14.7,54
-30.1051,148.0475,2012-08-11,308.5,63,11.2,0.0,21.8,0.072,16.73,61
-29.3962,152.5757,2012-08-11,326.8,85,12.2,0.0,19.2,0.287,14.7,55
-28.3817,152.1981,2012-08-11,313.2,86,10.0,0.0,14.9,0.288,16.59,53
-28.3905,152.2072,2012-08-11,304.3,59,9.8,0.0,14.8,0.288,16.25,53
-28.3789,152.2113,2012-08-11,326.4,100,9.6,0.0,14.8,0.288,16.25,53
-28.3845,152.2069,2012-08-12,305.8,62,9.9,0.0,14.6,0.285,14.44,71
-31.7919,148.4899,2012-08-12,312.2,72,9.7,0.0,11.9,0.22,16.29,66
-28.9728,152.9339,2012-08-12,300.3,33,12.8,0.0,17.4,0.381,11.71,67
-29.9708,149.2612,2012-08-12,303.1,50,11.7,0.0,15.6,0.268,16.13,60
-29.9723,149.2718,2012-08-12,303.0,55,11.7,0.0,15.6,0.268,16.13,60
-30.3313,149.2817,2012-08-12,300.8,40,11.6,0.0,16.1,0.131,15.73,60
-35.2152,144.0595,2012-08-12,315.7,75,9.8,0.0,15.1,0.358,14.52,78
-34.2802,146.1648,2012-08-12,321.0,81,9.0,0.0,10.0,0.237,14.72,75
-35.7335,146.2324,2012-08-12,301.7,19,8.6,0.0,12.1,0.279,14.34,79
-35.7367,146.2157,2012-08-12,311.9,72,8.6,0.0,12.1,0.279,14.34,79
-35.7341,146.2269,2012-08-12,310.2,70,8.6,0.0,12.1,0.279,14.34,79
-35.7373,146.2102,2012-08-12,303.8,57,8.6,0.0,12.1,0.279,14.34,79
-35.2129,144.0727,2012-08-12,339.8,91,9.8,0.0,15.1,0.358,14.52,78
-30.861,149.0582,2012-08-12,303.0,53,10.9,0.0,13.5,0.258,15.86,60
-31.7988,149.4466,2012-08-12,302.5,53,8.7,0.0,12.7,0.321,14.84,66
-30.8588,149.0625,2012-08-12,304.1,57,10.9,0.0,13.5,0.258,15.86,60
-32.7699,146.6187,2012-08-12,304.2,58,8.7,0.0,11.9,0.2,15.61,72
-32.7736,146.6333,2012-08-12,301.8,47,8.8,0.0,12.3,0.2,15.67,72
-32.6829,146.4989,2012-08-12,306.0,62,8.9,0.0,11.9,0.172,15.61,72
-32.6867,146.4796,2012-08-12,304.5,59,8.9,0.0,11.9,0.172,15.61,72
-31.798,149.4546,2012-08-12,307.5,66,8.9,0.0,12.7,0.32,14.84,66
-31.7919,149.4779,2012-08-12,303.9,57,8.8,0.0,12.7,0.32,14.84,66
-29.7658,147.5129,2012-08-12,318.2,68,11.9,0.0,12.7,0.173,16.84,62
-29.7605,147.5384,2012-08-12,316.5,65,11.8,0.0,12.7,0.173,16.84,62
-29.9868,153.0463,2012-08-12,302.1,46,13.5,0.0,23.2,0.283,13.03,67
-29.9853,153.059,2012-08-12,319.4,98,13.1,0.0,23.2,0.285,13.03,69
-28.3847,148.6468,2012-08-13,303.9,49,12.2,0.0,12.6,0.096,17.56,60
-28.3877,148.6881,2012-08-13,307.8,62,12.4,0.0,12.6,0.084,17.56,60
-28.3745,148.6833,2012-08-13,305.4,56,12.4,0.0,9.7,0.084,17.64,60
-28.3914,148.682,2012-08-13,303.4,43,12.4,0.0,12.6,0.084,17.56,60
-29.0018,141.4766,2012-08-13,316.5,73,12.5,0.0,13.4,0.145,17.1,53
-28.9986,141.4491,2012-08-13,313.9,69,12.6,0.0,13.4,0.029,17.1,53
-29.0002,141.4629,2012-08-13,328.8,84,12.5,0.0,13.4,0.145,17.1,53
-30.3052,148.7556,2012-08-13,303.2,51,11.7,0.0,14.3,0.151,16.86,65
-35.4138,145.7136,2012-08-13,307.7,66,9.0,0.0,12.3,0.235,14.4,77
-35.4158,145.6849,2012-08-13,319.2,79,9.0,0.0,12.3,0.235,14.4,77
-34.9009,146.0215,2012-08-13,308.0,66,9.0,0.0,11.4,0.219,14.93,75
-34.8911,145.9661,2012-08-13,334.3,89,9.1,0.0,11.4,0.219,14.93,75
-34.8931,145.939,2012-08-13,329.1,86,9.2,0.0,11.4,0.217,14.93,74
-34.9075,146.0148,2012-08-13,307.2,62,9.0,0.0,11.4,0.219,14.93,75
-34.8843,145.9581,2012-08-13,342.4,93,9.0,0.0,11.4,0.219,14.93,75
-34.8864,145.931,2012-08-13,315.3,76,9.2,0.0,11.4,0.217,14.93,74
-34.42,150.3868,2012-08-13,303.2,55,7.4,0.0,10.9,0.29,15.45,74
-34.4179,146.0972,2012-08-13,307.1,62,9.1,0.0,11.6,0.222,15.17,72
-34.4199,146.0711,2012-08-13,305.6,47,9.1,0.0,11.6,0.222,15.17,72
-34.4108,146.0916,2012-08-13,309.6,69,9.1,0.0,11.6,0.222,15.17,72
-32.9876,147.5059,2012-08-13,310.8,70,8.9,0.0,10.5,0.238,15.89,70
-32.5797,147.5408,2012-08-13,307.8,65,10.0,0.0,11.2,0.204,16.1,65
-32.6319,146.2527,2012-08-13,306.0,61,9.1,0.0,12.1,0.158,16.06,65
-31.6066,151.2699,2012-08-13,300.7,35,8.0,0.0,7.3,0.327,13.21,77
-31.8121,148.4084,2012-08-13,306.3,59,10.1,0.0,13.4,0.214,16.4,66
-30.3437,149.7195,2012-08-13,309.6,66,11.4,0.0,15.5,0.201,16.96,66
-29.4625,152.4357,2012-08-13,312.1,72,11.4,0.0,10.8,0.341,11.86,77
-29.2585,150.5599,2012-08-13,310.5,65,11.7,0.0,15.3,0.334,17.22,60
-28.9921,149.0428,2012-08-13,312.2,48,12.1,0.0,10.2,0.263,17.26,65
-28.5889,150.9455,2012-08-13,314.0,15,11.9,0.0,11.2,0.161,16.85,62
-28.534,150.9519,2012-08-13,330.3,69,12.4,0.0,11.2,0.177,16.85,61
-28.2583,151.3654,2012-08-13,319.6,78,12.5,0.0,12.8,0.201,16.47,59
-28.3861,148.6593,2012-08-13,321.7,64,12.4,0.0,12.6,0.084,17.56,60
-28.3796,148.6669,2012-08-13,322.0,66,12.4,0.0,12.6,0.084,17.56,60
-28.391,151.7318,2012-08-14,339.6,92,9.9,0.0,16.9,0.238,17.83,65
-28.3924,151.742,2012-08-14,327.7,85,9.9,0.0,16.9,0.238,17.83,65
-29.2566,150.5613,2012-08-14,301.6,39,11.4,0.0,13.0,0.329,17.11,61
-29.8041,149.5252,2012-08-14,304.3,44,12.5,0.0,11.8,0.182,16.51,59
-30.0743,149.2451,2012-08-14,307.1,57,11.8,0.0,12.0,0.273,16.39,61
-30.0792,149.2381,2012-08-14,307.3,65,11.8,0.0,12.0,0.273,16.39,61
-30.6918,150.7361,2012-08-14,300.3,34,9.0,0.0,13.3,0.219,14.95,67
-31.3259,151.5518,2012-08-14,300.8,42,4.9,0.0,18.1,0.337,16.11,72
-31.8417,150.8562,2012-08-14,316.4,77,8.7,0.0,14.3,0.309,13.88,70
-35.6723,145.6643,2012-08-14,305.1,61,10.3,0.8,15.6,0.236,9.79,71
-35.3776,145.5993,2012-08-14,318.5,79,10.8,0.6,16.3,0.226,9.75,67
-34.9786,145.9053,2012-08-14,315.8,54,10.9,0.0,17.8,0.222,10.25,65
-34.9805,145.8934,2012-08-14,320.8,74,10.9,0.0,17.8,0.222,10.25,65
-34.5959,144.6958,2012-08-14,362.0,100,12.4,0.0,18.3,0.214,9.99,57
-34.5976,144.6846,2012-08-14,355.8,98,12.4,0.0,18.3,0.214,9.99,57
-32.3409,147.1555,2012-08-14,308.7,67,11.0,0.0,13.8,0.161,14.93,58
-31.5516,148.9048,2012-08-14,305.3,51,10.1,0.0,14.1,0.175,15.07,58
-31.4204,148.9798,2012-08-14,301.3,44,9.9,0.0,14.1,0.207,15.07,58
-30.8859,149.9238,2012-08-14,318.5,79,11.0,0.0,12.8,0.246,14.8,64
-29.9886,153.0532,2012-08-14,310.7,46,13.4,0.0,7.5,0.282,16.91,75
-29.997,153.0169,2012-08-14,311.7,50,13.4,0.0,7.5,0.279,16.91,74
-29.003,149.0533,2012-08-14,311.0,69,13.3,0.0,10.2,0.246,16.97,56
-29.6997,142.4509,2012-08-14,314.4,62,15.8,0.0,20.4,0.036,16.5,36
-34.9396,145.5062,2012-08-15,305.1,57,9.9,0.0,18.1,0.23,9.45,72
-35.3609,141.9475,2012-08-15,303.5,56,9.5,1.0,20.3,0.194,8.23,81
-31.5571,151.2891,2012-08-15,310.5,70,7.9,0.0,19.0,0.319,16.93,58
-31.5588,151.2727,2012-08-15,309.6,69,7.6,0.0,19.0,0.319,16.93,58
-31.33,152.5381,2012-08-15,301.4,46,11.9,0.0,12.1,0.295,16.9,59
-31.3317,152.5238,2012-08-15,320.1,80,12.6,0.0,11.4,0.28,16.92,61
-30.0111,153.0637,2012-08-15,343.1,93,12.4,0.0,11.0,0.336,17.25,62
-30.0126,153.0508,2012-08-15,351.4,96,13.0,0.0,10.4,0.277,17.4,62
-30.0116,153.0583,2012-08-15,348.3,95,12.5,0.0,11.0,0.336,17.25,62
-30.0132,153.0454,2012-08-15,325.0,83,13.0,0.0,10.4,0.274,17.4,60
-29.9889,153.0797,2012-08-15,315.3,76,13.1,0.0,10.4,0.277,17.4,62
-29.9904,153.0671,2012-08-15,350.7,96,13.5,0.0,10.4,0.277,17.4,62
-29.9805,153.0655,2012-08-15,310.3,61,13.6,0.0,10.4,0.277,17.4,62
-30.3323,149.2743,2012-08-15,308.1,62,12.8,0.0,16.1,0.118,16.73,51
-30.011,151.3022,2012-08-15,306.9,62,8.1,0.0,12.1,0.236,17.94,56
-30.018,151.2379,2012-08-15,303.9,43,8.6,0.0,11.5,0.253,17.71,57
-29.836,152.5728,2012-08-15,304.2,58,11.5,0.0,10.0,0.298,17.7,56
-29.8106,152.7019,2012-08-15,319.8,80,12.6,0.0,9.3,0.261,17.63,57
-29.6822,152.7534,2012-08-15,322.4,81,12.9,0.0,13.0,0.277,17.7,61
-29.6839,152.7482,2012-08-15,319.4,64,13.1,0.0,13.0,0.313,17.7,59
-29.6592,152.7836,2012-08-15,305.9,48,12.8,0.0,13.0,0.277,17.7,61
-29.8958,149.8305,2012-08-15,331.6,86,12.3,0.0,15.0,0.286,17.1,53
-29.61,152.5991,2012-08-15,304.5,38,12.2,0.0,9.3,0.315,17.63,59
-29.8897,149.8428,2012-08-15,311.5,62,12.3,0.0,15.0,0.286,17.1,53
-29.8916,149.8231,2012-08-15,330.1,85,12.4,0.0,15.0,0.286,17.1,53
-29.4806,152.6652,2012-08-15,318.8,78,12.9,0.0,13.0,0.277,17.7,59
-29.3847,152.5261,2012-08-15,312.9,69,12.3,0.0,9.3,0.335,17.63,57
-29.3863,152.512,2012-08-15,316.3,76,12.8,0.0,8.5,0.273,17.77,59
-29.2053,152.499,2012-08-15,307.0,62,12.4,0.0,8.5,0.274,17.77,58
-29.075,153.336,2012-08-15,318.0,68,14.4,0.0,13.1,0.308,17.96,55
-29.1334,152.3379,2012-08-15,304.4,37,10.1,0.0,12.7,0.379,18.27,55
-28.9539,152.8241,2012-08-15,305.6,57,12.2,0.0,9.4,0.325,18.08,55
-28.9554,152.8117,2012-08-15,310.6,68,12.0,0.0,9.4,0.325,18.08,55
-28.8804,151.7821,2012-08-15,322.7,80,12.2,0.0,14.6,0.286,18.21,43
-28.8819,151.7682,2012-08-15,357.8,99,11.0,0.0,14.6,0.153,18.21,45
-28.8834,151.7547,2012-08-15,313.6,60,10.7,0.0,15.3,0.153,18.13,45
-28.8773,151.7625,2012-08-15,338.7,91,11.1,0.0,14.6,0.153,18.21,45
-28.7898,152.1546,2012-08-15,306.9,51,9.9,0.0,13.9,0.297,18.36,52
-28.7723,152.1255,2012-08-15,305.0,48,9.6,0.0,15.1,0.309,18.26,50
-28.4171,153.4842,2012-08-15,305.3,59,13.4,0.0,10.0,0.304,18.22,67
-28.3842,152.4134,2012-08-15,307.7,35,11.2,0.0,10.7,0.285,18.41,53
-28.4998,152.4622,2012-08-15,310.4,67,11.1,0.0,10.7,0.281,18.41,55
-28.2222,149.4224,2012-08-15,324.7,79,13.7,0.0,12.6,0.177,18.2,48
-28.211,149.4457,2012-08-15,317.4,71,13.8,0.0,12.6,0.177,18.2,48
-28.2129,149.4262,2012-08-15,336.3,88,13.8,0.0,12.6,0.177,18.2,48
-28.2202,149.4418,2012-08-15,326.1,81,13.8,0.0,12.6,0.177,18.2,48
-29.4641,152.6674,2012-08-15,304.1,58,12.9,0.0,13.0,0.277,17.7,59
-28.3896,151.2193,2012-08-15,312.4,72,12.4,0.0,11.7,0.168,18.26,52
-28.3919,151.232,2012-08-15,310.8,67,12.3,0.0,11.7,0.168,18.26,52
-28.9523,152.8106,2012-08-15,303.2,55,11.8,0.0,9.4,0.325,18.08,55
-28.9541,152.8214,2012-08-15,314.7,75,12.2,0.0,9.4,0.325,18.08,55
-29.1236,152.337,2012-08-15,303.6,52,10.6,0.0,10.2,0.324,18.33,56
-29.133,152.3353,2012-08-15,301.8,40,9.9,0.0,12.9,0.379,18.12,55
-29.2858,152.0818,2012-08-15,330.1,87,8.6,0.0,15.6,0.373,18.05,53
-29.2877,152.0934,2012-08-15,315.4,76,8.3,0.0,15.6,0.373,18.05,53
-29.8035,152.7021,2012-08-15,306.9,64,11.6,0.0,10.4,0.298,17.88,56
-30.0169,153.0661,2012-08-15,312.7,73,11.9,0.0,9.7,0.336,17.5,62
-29.902,151.4641,2012-08-15,304.2,58,8.3,0.0,13.2,0.325,17.82,54
-29.797,149.5196,2012-08-15,313.2,68,13.1,0.0,14.7,0.173,17.3,54
-29.8062,149.432,2012-08-15,307.3,58,13.1,0.0,14.7,0.185,17.3,53
-30.8826,152.5248,2012-08-15,300.9,42,11.8,0.0,11.6,0.283,17.07,57
-30.943,150.5262,2012-08-15,303.2,55,11.6,0.0,19.6,0.191,16.58,53
-30.5004,146.9624,2012-08-15,302.8,54,15.3,0.0,23.5,0.207,16.24,34
-31.5136,151.5239,2012-08-15,301.4,47,7.3,0.0,18.8,0.334,17.17,55
-31.5916,151.3784,2012-08-15,300.7,41,8.0,0.0,19.0,0.319,16.93,58
-31.419,148.5121,2012-08-15,301.0,40,13.3,0.0,23.8,0.183,15.07,40
-31.8444,150.8598,2012-08-15,304.0,55,10.9,0.0,21.0,0.305,16.09,54
-33.0557,150.1322,2012-08-15,300.2,32,10.2,0.0,21.9,0.274,14.98,59
-33.9486,151.2147,2012-08-15,308.9,59,14.6,0.0,15.6,0.148,13.78,53
-34.7714,149.935,2012-08-15,309.5,69,8.2,0.0,21.4,0.302,12.49,67
-34.7735,149.9475,2012-08-15,304.8,60,8.6,0.0,20.3,0.302,12.69,67
-34.4663,150.8829,2012-08-16,312.2,0,13.4,0.0,15.3,0.26,15.24,57
-34.9557,145.8603,2012-08-16,368.3,100,9.4,6.2,19.6,0.236,9.99,79
-34.947,145.8634,2012-08-16,303.7,35,9.3,6.2,19.6,0.226,9.99,79
-34.9485,145.8523,2012-08-16,312.3,72,9.3,6.2,19.6,0.226,9.99,79
-33.9538,151.2133,2012-08-16,308.1,0,13.5,0.0,9.0,0.137,15.76,60
-33.8726,148.6962,2012-08-16,303.9,50,8.2,1.2,15.0,0.288,12.73,77
-32.3913,147.6193,2012-08-16,316.8,77,10.7,0.0,12.0,0.179,10.87,64
-32.3073,147.9726,2012-08-16,310.4,69,10.6,0.0,10.1,0.176,11.37,65
-31.6309,151.2844,2012-08-16,306.7,64,6.7,0.0,18.3,0.321,17.07,54
-31.6338,151.2686,2012-08-16,330.2,87,8.6,0.0,16.6,0.313,16.15,58
-31.3828,147.7411,2012-08-16,304.4,31,11.9,0.0,13.6,0.268,13.76,61
-32.0037,148.0154,2012-08-16,308.2,65,11.1,0.0,10.7,0.142,11.87,63
-32.0055,148.004,2012-08-16,313.0,72,11.1,0.0,10.7,0.142,11.87,63
-31.5438,149.9443,2012-08-16,320.4,80,11.1,0.0,15.1,0.323,14.93,58
-31.4668,148.969,2012-08-16,321.3,80,10.9,0.0,15.0,0.195,14.6,57
-31.4612,148.7567,2012-08-16,312.7,70,11.5,0.0,14.9,0.118,14.34,59
-30.3402,152.2032,2012-08-16,304.5,59,8.6,0.0,23.1,0.298,17.95,47
-29.8039,152.703,2012-08-16,307.0,65,12.5,0.0,16.1,0.294,17.9,50
-30.0149,151.3019,2012-08-16,330.7,87,8.9,0.0,19.7,0.232,17.94,54
-30.0134,151.2472,2012-08-16,301.6,45,9.5,0.0,16.0,0.25,17.83,54
-30.0168,151.2296,2012-08-16,305.5,61,9.4,0.0,16.0,0.25,17.83,53
-30.0039,151.3105,2012-08-16,310.6,69,8.7,0.0,19.7,0.232,17.94,53
-30.0072,151.2932,2012-08-16,316.9,76,9.0,0.0,19.7,0.232,17.94,54
-30.0169,151.2411,2012-08-16,311.4,70,9.6,0.0,16.0,0.25,17.83,54
-30.5333,148.1535,2012-08-16,313.8,69,12.6,0.0,12.8,0.285,17.2,56
-30.5219,148.1632,2012-08-16,308.2,34,12.6,0.0,12.8,0.285,17.2,56
-30.5238,148.1514,2012-08-16,310.5,54,12.6,0.0,12.8,0.285,17.2,56
-29.6008,152.5897,2012-08-16,308.1,66,13.1,0.0,18.4,0.311,17.63,52
-29.6051,152.5684,2012-08-16,307.8,66,13.1,0.0,18.4,0.311,17.63,52
-29.5715,152.5371,2012-08-16,307.4,65,13.6,0.0,17.4,0.269,17.74,51
-29.5759,152.5156,2012-08-16,307.6,66,13.6,0.0,17.4,0.269,17.74,51
-29.572,152.5297,2012-08-16,312.7,72,13.6,0.0,17.4,0.269,17.74,51
-30.6887,146.0141,2012-08-16,307.2,48,12.4,0.0,14.3,0.109,16.53,56
-29.4777,152.6669,2012-08-16,307.7,29,14.0,0.0,18.2,0.273,17.65,51
-29.9686,149.8523,2012-08-16,329.1,85,13.1,0.0,14.6,0.296,17.65,50
-29.8015,149.5047,2012-08-16,315.1,61,13.2,0.0,13.8,0.164,17.67,51
-28.9581,152.8067,2012-08-16,309.1,66,14.4,0.0,18.7,0.32,17.84,46
-29.1187,149.055,2012-08-16,314.1,62,14.0,0.0,15.1,0.213,17.65,45
-28.848,148.6013,2012-08-16,310.4,49,14.2,0.0,17.7,0.056,17.63,44
-28.6078,148.1348,2012-08-16,309.6,54,14.5,0.0,18.8,0.144,17.61,43
-29.7973,152.7056,2012-08-16,302.6,50,12.7,0.0,18.4,0.256,17.63,50
-30.0727,149.2314,2012-08-17,308.2,63,12.3,0.0,32.2,0.259,16.51,49
-28.4846,149.6744,2012-08-17,320.9,79,14.7,0.0,25.1,0.078,18.3,48
-30.5024,146.9689,2012-08-17,327.1,85,12.0,0.0,29.0,0.203,15.12,40
-31.424,152.3438,2012-08-17,309.5,55,12.6,0.0,15.5,0.288,17.18,56
-31.4133,152.3377,2012-08-17,320.9,80,12.8,0.0,15.5,0.288,17.18,56
-30.8811,152.5103,2012-08-17,306.5,62,11.6,0.0,18.2,0.253,17.71,53
-30.7852,152.4327,2012-08-17,306.3,58,11.7,0.0,12.5,0.283,17.69,55
-30.785,152.426,2012-08-17,305.2,58,11.2,0.0,16.9,0.283,17.84,55
-30.0299,153.0595,2012-08-17,312.2,72,14.1,0.0,16.9,0.324,17.54,51
-30.025,153.0516,2012-08-17,312.9,68,14.6,0.0,18.9,0.267,17.63,50
-29.8748,152.6482,2012-08-17,306.3,63,12.3,0.0,18.7,0.298,17.99,49
-29.8047,152.6926,2012-08-17,310.8,70,13.3,0.0,20.3,0.252,17.86,52
-29.7381,153.1369,2012-08-17,305.1,61,14.4,0.0,18.7,0.222,17.67,53
-29.7472,153.0412,2012-08-17,322.1,81,14.4,0.0,19.9,0.282,17.77,55
-29.749,153.022,2012-08-17,330.7,87,14.4,0.0,19.9,0.282,17.77,55
-29.7452,153.1328,2012-08-17,304.7,59,14.6,0.0,18.7,0.222,17.67,53
-29.7549,153.0374,2012-08-17,322.6,82,14.4,0.0,19.9,0.256,17.77,53
-29.7569,153.0181,2012-08-17,314.1,54,14.5,0.0,19.9,0.256,17.77,53
-29.7429,153.0357,2012-08-17,318.6,72,14.4,0.0,19.9,0.282,17.77,55
-29.7448,153.0166,2012-08-17,314.3,41,14.4,0.0,19.9,0.282,17.77,55
-29.761,152.6009,2012-08-17,312.9,73,12.8,0.0,20.3,0.29,17.86,52
-29.7629,152.5806,2012-08-17,311.4,71,12.6,0.0,18.4,0.29,18.08,52
-29.2399,150.3601,2012-08-17,322.5,81,12.8,0.0,26.2,0.293,18.1,48
-29.242,150.3313,2012-08-17,320.5,79,12.8,0.0,26.2,0.297,18.1,48
-29.2384,150.3549,2012-08-17,325.7,83,12.9,0.0,26.2,0.293,18.1,48
-29.2407,150.3263,2012-08-17,313.2,71,12.7,0.0,26.2,0.297,18.1,48
-28.9561,152.793,2012-08-17,309.3,65,13.9,0.0,19.5,0.316,18.09,49
-28.7583,152.5318,2012-08-17,317.3,76,13.7,0.0,19.5,0.263,18.09,55
-30.8843,152.5121,2012-08-17,304.1,58,10.8,0.0,18.2,0.284,17.71,56
-29.3968,152.5465,2012-08-17,303.2,36,11.3,0.0,21.3,0.362,18.13,54
-29.1262,152.3224,2012-08-17,300.8,33,10.9,0.0,22.7,0.353,18.25,51
-28.9587,152.8162,2012-08-17,310.0,77,14.2,0.0,19.5,0.316,18.09,49
-28.9511,152.8193,2012-08-17,300.8,33,13.9,0.0,19.5,0.316,18.09,49
-28.9527,152.8086,2012-08-17,305.6,65,13.7,0.0,19.5,0.316,18.09,49
-28.8625,148.5334,2012-08-17,301.0,37,13.7,0.0,30.9,0.085,18.35,44
-29.7638,152.2504,2012-08-17,304.0,58,12.4,0.0,18.4,0.354,18.08,52
-29.4888,152.4846,2012-08-17,301.8,44,12.2,0.0,18.4,0.301,18.08,54
-29.7972,152.7069,2012-08-17,305.9,66,12.8,0.0,20.3,0.252,17.86,51
-30.0203,153.057,2012-08-17,308.3,74,13.7,0.0,22.8,0.324,17.8,51
-29.4043,152.5591,2012-08-17,307.7,72,12.3,0.0,18.4,0.301,18.08,54
-29.801,149.5215,2012-08-17,305.5,59,12.7,0.0,31.7,0.157,17.22,50
-29.7963,149.5167,2012-08-17,304.0,39,12.7,0.0,31.7,0.157,17.22,50
-30.7676,152.4525,2012-08-17,313.2,73,11.8,0.0,12.5,0.275,17.69,54
-30.8526,152.4935,2012-08-17,301.3,39,12.2,0.0,14.4,0.253,17.5,54
-30.7782,152.4496,2012-08-17,305.2,31,12.1,0.0,14.4,0.283,17.5,55
-28.9545,152.8183,2012-08-17,307.4,65,13.9,0.0,19.5,0.316,18.09,49
-29.1247,152.355,2012-08-17,310.7,70,13.1,0.0,19.4,0.269,18.23,53
-29.1738,152.6199,2012-08-17,300.2,31,13.9,0.0,19.2,0.264,17.94,54
-29.4072,152.5621,2012-08-17,301.4,34,11.9,0.0,18.4,0.301,18.08,54
-29.6858,152.7643,2012-08-17,302.0,50,13.6,0.0,19.1,0.268,17.85,55
-29.7897,152.7031,2012-08-17,302.9,35,13.4,0.0,20.3,0.252,17.86,52
-29.7949,152.7111,2012-08-17,303.9,57,13.2,0.0,20.3,0.252,17.86,52
-29.7635,152.2385,2012-08-17,300.3,31,12.7,0.0,18.4,0.36,18.08,53
-29.7664,152.2543,2012-08-17,307.7,64,12.8,0.0,18.4,0.354,18.08,52
-29.9884,153.0811,2012-08-17,302.2,51,14.9,0.0,18.9,0.267,17.63,50
-30.0681,152.4418,2012-08-17,300.7,41,10.6,0.0,21.3,0.357,18.13,49
-30.8458,152.4817,2012-08-18,306.9,61,12.2,0.0,17.4,0.271,17.87,44
-30.7876,152.4608,2012-08-18,324.2,77,12.2,0.0,17.4,0.271,17.87,44
-30.7775,152.4584,2012-08-18,340.4,92,12.1,0.0,17.4,0.271,17.87,44
-30.7675,152.4557,2012-08-18,325.2,56,11.5,0.0,16.0,0.271,18.04,44
-30.7699,152.442,2012-08-18,315.6,25,11.4,0.0,17.4,0.278,17.87,47
-30.7252,152.4121,2012-08-18,304.0,58,10.6,0.0,22.7,0.262,18.16,47
-30.8559,152.484,2012-08-18,308.0,61,12.2,0.0,17.4,0.248,17.87,44
-30.8495,152.5807,2012-08-18,305.0,60,12.9,0.0,17.4,0.274,17.87,44
-30.894,152.5064,2012-08-18,302.7,23,11.6,0.0,17.4,0.248,17.87,44
-30.8917,152.5198,2012-08-18,305.0,53,11.3,0.0,21.7,0.248,18.05,44
-31.2379,152.8416,2012-08-18,304.8,59,13.5,0.0,16.6,0.282,17.73,45
-31.2355,152.8322,2012-08-18,304.1,53,13.5,0.0,16.6,0.282,17.73,45
-29.677,152.7714,2012-08-18,345.7,94,12.9,0.0,19.3,0.263,18.53,43
-29.6507,152.7348,2012-08-18,314.0,74,12.3,0.0,20.6,0.3,18.47,41
-30.5057,146.9744,2012-08-18,354.5,98,10.8,0.0,20.0,0.202,16.61,48
-30.5071,146.9634,2012-08-18,353.2,97,10.8,0.0,20.0,0.202,16.61,48
-29.5527,152.6475,2012-08-18,311.9,72,13.2,0.0,19.3,0.264,18.53,43
-29.6795,152.7571,2012-08-18,359.8,99,13.2,0.0,19.3,0.263,18.53,43
-30.025,153.0516,2012-08-18,305.6,53,13.4,0.0,16.9,0.262,18.2,42
-30.017,153.0349,2012-08-18,304.8,54,13.9,0.0,16.9,0.259,18.2,41
-29.9879,153.0739,2012-08-18,305.3,58,13.8,0.0,16.9,0.262,18.2,42
-29.9922,153.0835,2012-08-18,305.9,62,13.9,0.0,16.9,0.262,18.2,42
-30.0198,152.8023,2012-08-18,304.2,46,12.7,0.0,11.6,0.271,18.02,39
-30.0731,152.4347,2012-08-18,346.4,94,7.6,0.0,24.7,0.31,18.37,46
-30.0755,152.4211,2012-08-18,325.3,84,8.3,0.0,23.8,0.31,18.55,46
-30.0085,152.4008,2012-08-18,309.9,60,9.2,0.0,23.5,0.354,18.45,44
-29.9984,152.3982,2012-08-18,307.2,65,8.7,0.0,23.8,0.354,18.55,44
-29.9046,152.8741,2012-08-18,312.0,72,13.0,0.0,16.9,0.254,18.2,41
-29.8882,152.6611,2012-08-18,311.2,19,11.4,0.0,21.8,0.294,18.34,40
-30.1309,150.9264,2012-08-18,304.4,33,6.5,0.0,19.4,0.185,18.01,58
-29.8102,152.6957,2012-08-18,303.9,46,11.7,0.0,20.9,0.285,18.72,41
-29.8127,152.6818,2012-08-18,304.0,43,12.4,0.0,20.6,0.248,18.47,41
-29.7973,152.7074,2012-08-18,333.5,88,11.9,0.0,20.6,0.248,18.47,40
-29.7998,152.6935,2012-08-18,331.4,87,12.7,0.0,20.6,0.248,18.47,41
-29.6817,152.7794,2012-08-18,357.6,99,12.8,0.0,19.3,0.263,18.53,43
-29.6843,152.765,2012-08-18,421.5,100,12.9,0.0,19.3,0.263,18.53,43
-29.6869,152.7508,2012-08-18,327.7,85,13.1,0.0,19.3,0.263,18.53,43
-29.6738,152.7626,2012-08-18,336.7,90,13.1,0.0,19.3,0.263,18.53,43
-29.6764,152.7482,2012-08-18,321.9,81,13.0,0.0,19.3,0.3,18.53,42
-29.7652,152.2501,2012-08-18,306.0,51,10.8,0.0,22.0,0.35,18.57,43
-29.176,152.6223,2012-08-18,311.7,72,12.4,0.0,19.9,0.26,18.6,44
-29.5552,152.6331,2012-08-18,318.3,78,12.9,0.0,19.9,0.264,18.6,43
-29.5164,152.6081,2012-08-18,308.2,51,11.5,0.0,20.9,0.322,18.72,42
-29.5084,152.6144,2012-08-18,304.7,41,11.9,0.0,20.6,0.26,18.47,42
-29.5109,152.6001,2012-08-18,315.5,76,11.6,0.0,20.9,0.322,18.72,42
-29.4418,152.7463,2012-08-18,303.6,55,11.1,0.0,22.0,0.26,18.57,42
-29.4441,152.733,2012-08-18,307.7,66,12.5,0.0,19.9,0.267,18.6,43
-29.4891,152.4786,2012-08-18,305.6,52,11.8,0.0,20.9,0.297,18.72,43
-29.3946,152.7654,2012-08-18,306.0,63,12.2,0.0,19.9,0.264,18.6,42
-29.4021,152.7613,2012-08-18,308.6,67,11.3,0.0,22.0,0.26,18.57,42
-29.4057,152.5538,2012-08-18,311.1,69,10.5,0.0,22.0,0.297,18.57,42
-29.8076,149.5183,2012-08-18,309.6,49,10.3,0.0,21.2,0.152,18.06,48
-29.0158,153.1813,2012-08-18,316.9,77,14.3,0.0,18.1,0.342,18.76,39
-29.1299,152.3555,2012-08-18,301.8,40,11.5,0.0,19.8,0.265,18.99,42
-29.1325,152.3402,2012-08-18,302.1,43,9.3,0.0,23.4,0.366,18.88,44
-28.9565,152.8145,2012-08-18,306.2,63,12.4,0.0,19.2,0.312,18.9,40
-28.7682,152.5546,2012-08-18,312.9,73,12.5,0.0,19.2,0.273,18.9,41
-29.2781,148.0443,2012-08-18,306.2,54,10.6,0.0,20.3,0.19,18.34,45
-28.7244,148.7635,2012-08-18,314.8,72,11.2,0.0,20.8,0.102,18.58,41
-28.9475,146.0514,2012-08-18,312.9,67,10.7,0.0,18.2,0.169,18.28,43
-28.9489,146.0401,2012-08-18,310.1,62,10.6,0.0,18.2,0.045,18.28,43
-28.9441,146.0452,2012-08-18,306.2,44,10.6,0.0,18.2,0.045,18.28,43
-29.9199,152.9106,2012-08-18,307.7,72,12.7,0.0,16.9,0.254,18.2,40
-34.4606,150.8869,2012-08-18,310.6,80,12.0,0.1,32.4,0.254,13.6,59
-28.6051,149.7622,2012-08-19,314.4,51,10.7,0.0,11.6,0.241,18.4,54
-28.6077,149.7681,2012-08-19,307.6,45,10.7,0.0,11.6,0.241,18.4,54
-29.3176,149.6876,2012-08-19,311.0,62,10.3,0.0,12.6,0.254,16.48,59
-29.7858,152.712,2012-08-19,307.8,66,11.8,0.0,11.9,0.245,18.27,57
-30.3845,147.7142,2012-08-19,314.5,75,11.1,0.0,9.4,0.16,16.47,51
-30.386,147.7249,2012-08-19,314.0,74,11.1,0.0,9.4,0.16,16.47,51
-30.5018,146.9731,2012-08-19,309.0,68,10.8,0.0,9.0,0.201,16.63,49
-31.4769,149.2376,2012-08-19,306.5,60,8.6,0.0,13.5,0.251,15.99,65
-31.4852,149.2232,2012-08-19,307.5,64,8.5,0.0,13.5,0.251,15.99,65
-31.4867,149.2359,2012-08-19,330.8,87,8.6,0.0,13.5,0.251,15.99,65
-32.1474,152.2726,2012-08-19,301.3,46,12.5,0.0,20.2,0.284,16.82,62
-30.8735,152.4435,2012-08-19,307.6,66,12.0,0.0,13.4,0.267,17.21,61
-30.8776,152.4755,2012-08-19,301.3,35,11.8,0.0,13.4,0.244,17.21,62
-30.8801,152.4397,2012-08-19,304.4,53,11.9,0.0,13.4,0.267,17.21,60
-29.7982,152.6914,2012-08-19,303.6,56,11.4,0.0,11.9,0.245,18.27,57
-29.802,152.6875,2012-08-19,302.2,48,11.3,0.0,11.9,0.245,18.27,57
-31.8232,145.3345,2012-08-19,303.4,54,10.1,0.0,10.0,0.129,16.27,56
-36.3732,148.8246,2012-08-20,303.9,57,3.5,0.0,9.6,0.348,15.8,75
-34.4681,150.8781,2012-08-20,307.0,56,11.7,0.0,16.6,0.242,16.41,68
-33.6502,151.1135,2012-08-20,308.0,66,10.7,0.0,13.9,0.263,16.27,70
-32.2656,151.8432,2012-08-20,303.2,51,10.6,0.0,10.7,0.299,14.94,73
-32.4379,148.5277,2012-08-20,302.1,48,7.4,0.0,7.9,0.231,16.62,70
-32.2206,147.9333,2012-08-20,313.3,73,8.0,0.0,8.7,0.184,16.51,68
-31.8508,150.8573,2012-08-20,304.9,54,9.9,0.0,8.7,0.291,17.57,56
-32.1818,146.2108,2012-08-20,303.5,54,8.9,0.0,8.7,0.168,16.42,61
-31.4337,152.2583,2012-08-20,302.1,38,9.7,0.0,8.4,0.286,14.44,78
-31.547,149.9462,2012-08-20,314.6,74,9.5,0.0,9.2,0.314,17.58,62
-30.9644,152.5782,2012-08-20,309.4,44,11.4,0.0,17.0,0.242,13.62,77
-31.0833,151.6307,2012-08-20,308.0,66,5.8,0.0,8.4,0.264,15.21,57
-31.0848,151.6202,2012-08-20,313.4,74,6.4,0.0,10.2,0.264,15.26,57
-30.6334,152.9914,2012-08-20,302.1,48,12.9,0.0,16.9,0.261,13.16,79
-30.6351,152.9807,2012-08-20,303.8,57,13.0,0.0,16.9,0.261,13.16,79
-30.0475,152.9702,2012-08-20,306.0,62,13.4,0.0,14.0,0.253,14.72,72
-29.9263,152.9176,2012-08-20,314.2,74,13.0,0.0,14.0,0.248,14.72,71
-29.9172,152.9157,2012-08-20,314.9,72,12.6,0.0,14.0,0.248,14.72,71
-30.2601,150.2701,2012-08-20,308.9,66,5.2,0.0,9.9,0.328,15.06,61
-29.8809,152.6701,2012-08-20,302.7,53,11.2,0.0,12.0,0.289,15.04,69
-29.8154,152.6844,2012-08-20,306.0,47,11.9,0.0,12.0,0.242,15.68,70
-29.8063,152.6826,2012-08-20,305.0,36,12.1,0.0,12.0,0.242,15.68,70
-30.0947,150.4753,2012-08-20,304.2,52,8.6,0.0,9.0,0.225,15.52,62
-30.3044,147.8682,2012-08-20,316.8,74,11.1,0.0,11.6,0.129,18.18,49
-30.3081,147.8633,2012-08-20,311.0,56,11.1,0.0,11.6,0.129,18.18,49
-29.5291,152.6841,2012-08-20,312.4,72,13.0,0.0,13.6,0.259,15.89,70
-29.5199,152.6823,2012-08-20,310.3,65,12.9,0.0,13.6,0.259,15.89,70
-29.4675,152.6109,2012-08-20,310.7,60,11.4,0.0,10.1,0.291,16.68,69
-29.2632,152.5578,2012-08-20,307.9,54,12.9,0.0,12.0,0.255,16.24,68
-29.1903,152.6127,2012-08-20,307.1,64,13.0,0.0,12.0,0.254,16.24,67
-29.1919,152.6021,2012-08-20,308.2,66,13.0,0.0,12.0,0.254,16.24,67
-29.0912,152.23,2012-08-20,308.7,60,11.9,0.0,8.4,0.361,17.6,62
-29.0928,152.2196,2012-08-20,311.9,70,11.4,0.0,8.4,0.361,17.6,62
-29.0836,152.2219,2012-08-20,304.6,48,11.7,0.0,8.4,0.361,17.6,62
-28.8564,152.8676,2012-08-20,305.1,54,13.7,0.0,13.5,0.359,16.32,65
-28.7193,152.684,2012-08-20,306.3,40,12.6,0.0,11.5,0.274,16.95,63
-28.7658,152.1302,2012-08-20,323.4,81,9.7,0.0,9.2,0.292,18.02,56
-28.7674,152.1198,2012-08-20,343.2,93,9.5,0.0,9.2,0.292,18.02,56
-29.2816,148.0464,2012-08-20,309.0,58,12.0,0.0,10.9,0.185,18.5,50
-28.8644,150.6768,2012-08-20,313.1,44,11.6,0.0,8.2,0.244,18.41,53
-28.8658,150.6664,2012-08-20,380.8,100,11.7,0.0,8.2,0.244,18.41,53
-29.006,149.0571,2012-08-20,315.7,58,12.0,0.0,10.4,0.223,17.96,54
-28.4808,152.1838,2012-08-20,307.1,60,12.0,0.0,8.6,0.269,18.39,53
-28.4823,152.1734,2012-08-20,317.1,75,11.8,0.0,8.6,0.269,18.39,53
-28.8474,148.5977,2012-08-20,310.7,31,12.4,0.0,12.5,0.052,18.58,50
-28.1999,152.465,2012-08-20,320.7,77,9.7,0.0,8.6,0.28,18.39,56
-28.2015,152.4547,2012-08-20,305.8,32,10.1,0.0,8.6,0.28,18.39,57
-28.1868,152.4757,2012-08-21,308.7,59,10.2,0.0,10.3,0.279,14.46,72
-29.3074,149.9422,2012-08-21,300.7,0,14.8,0.0,21.3,0.247,13.62,56
-30.4633,147.6834,2012-08-21,302.4,47,14.3,0.0,14.9,0.211,17.08,44
-31.2254,151.8258,2012-08-21,301.2,43,8.2,0.0,16.4,0.297,15.87,61
-31.2269,151.8376,2012-08-21,317.2,59,8.4,0.0,16.4,0.297,15.87,61
-31.6434,149.5619,2012-08-21,314.2,74,11.3,0.0,13.4,0.286,16.92,60
-31.645,149.5725,2012-08-21,305.0,60,11.4,0.0,13.4,0.286,16.92,60
-31.9754,150.6272,2012-08-21,314.9,75,11.5,0.0,10.7,0.275,17.03,64
-32.5168,146.5022,2012-08-21,305.8,62,12.1,0.0,16.2,0.181,17.41,47
-32.5201,146.4956,2012-08-21,306.6,64,12.1,0.0,16.2,0.181,17.41,47
-34.4618,150.88,2012-08-21,310.2,53,13.8,0.0,19.1,0.237,16.07,70
-36.5297,148.5694,2012-08-21,301.0,43,3.1,0.0,14.3,0.378,15.98,74
-37.218,149.8691,2012-08-21,319.4,79,10.9,0.0,13.7,0.331,15.26,76
-37.2223,149.8486,2012-08-21,333.0,88,10.9,0.0,14.5,0.279,14.95,78
-37.2061,149.8653,2012-08-21,318.9,79,11.1,0.0,14.5,0.331,14.95,76
-37.2105,149.8446,2012-08-21,329.1,86,10.4,0.0,14.5,0.334,14.95,76
-37.2141,149.8609,2012-08-21,352.4,97,11.0,0.0,14.5,0.331,14.95,76
-37.2183,149.8402,2012-08-21,328.4,86,11.2,0.0,14.5,0.331,14.95,76
-35.4526,147.0701,2012-08-21,301.3,46,9.0,0.0,18.6,0.355,15.78,68
-35.6752,145.6638,2012-08-21,312.1,72,10.5,0.0,17.7,0.264,15.92,63
-35.6774,145.6507,2012-08-21,302.6,53,10.5,0.0,17.7,0.264,15.92,63
-35.4615,144.9241,2012-08-21,313.1,73,11.1,0.0,19.8,0.263,15.91,57
-35.4636,144.9118,2012-08-21,315.5,76,11.1,0.0,19.8,0.263,15.91,57
-34.8138,145.9375,2012-08-21,323.5,79,10.6,0.0,15.5,0.256,16.34,61
-34.8013,145.9486,2012-08-21,344.7,94,10.6,0.0,15.5,0.256,16.34,61
-34.8038,145.9348,2012-08-21,322.6,71,10.6,0.0,15.5,0.256,16.34,61
-34.801,145.9562,2012-08-21,317.2,32,10.6,0.0,15.5,0.263,16.34,61
-34.8034,145.9423,2012-08-21,336.0,90,10.6,0.0,15.5,0.256,16.34,61
-33.4716,151.0799,2012-08-21,325.8,64,12.8,0.0,11.4,0.179,16.74,63
-33.9096,148.8346,2012-08-21,336.2,90,7.1,0.0,14.4,0.327,16.85,71
-33.7088,147.7465,2012-08-21,305.6,62,10.3,0.0,15.2,0.279,16.87,63
-32.6919,147.4134,2012-08-21,326.7,84,11.5,0.0,14.4,0.162,17.3,54
-32.6953,147.3956,2012-08-21,320.8,79,11.5,0.0,14.4,0.162,17.3,54
-32.1755,149.6093,2012-08-21,320.4,76,10.9,0.0,11.2,0.259,17.19,63
-32.1809,149.5841,2012-08-21,384.4,100,10.7,0.0,11.2,0.259,17.19,63
-32.3476,146.9063,2012-08-21,315.6,73,12.0,0.0,14.0,0.174,17.47,51
-32.3508,146.8895,2012-08-21,320.5,78,12.0,0.0,14.0,0.166,17.47,50
-32.3001,146.2875,2012-08-21,314.3,69,12.1,0.0,16.3,0.157,17.49,46
-32.1791,146.2021,2012-08-21,320.7,77,12.3,0.0,16.3,0.164,17.49,45
-31.566,146.7505,2012-08-21,308.9,60,12.5,0.0,11.9,0.134,17.69,48
-31.5692,146.7336,2012-08-21,328.2,84,12.6,0.0,11.9,0.131,17.69,48
-32.984,146.3166,2012-08-22,307.4,63,16.6,0.4,28.5,0.169,15.19,41
-32.9861,146.3432,2012-08-22,320.9,80,16.6,0.4,28.5,0.169,15.19,41
-34.195,146.181,2012-08-22,326.2,84,15.3,0.4,26.4,0.262,12.88,48
-34.1971,146.1559,2012-08-22,351.9,97,15.3,0.4,26.4,0.262,12.88,48
-34.1972,146.1488,2012-08-22,345.9,94,15.3,0.4,26.4,0.264,12.88,48
-32.9111,150.6954,2012-08-22,302.7,48,14.2,0.3,15.7,0.242,15.8,69
-29.5189,152.1579,2012-08-22,318.2,50,10.9,0.0,15.6,0.366,13.96,71
-29.1128,151.0919,2012-08-22,308.7,61,14.2,1.2,13.7,0.157,14.87,67
-31.0588,152.2757,2012-08-22,318.2,78,11.1,1.0,14.6,0.289,14.18,66
-30.962,152.5824,2012-08-22,308.9,68,15.8,0.0,15.5,0.237,14.89,68
-30.8506,152.2414,2012-08-22,319.6,79,11.1,1.2,13.3,0.274,14.96,64
-30.2273,152.5294,2012-08-22,305.2,61,12.5,1.1,14.3,0.274,15.11,69
-30.132,152.8635,2012-08-22,312.7,73,14.2,0.3,13.6,0.322,15.32,67
-30.1334,152.8525,2012-08-22,300.3,28,14.0,0.3,13.6,0.297,15.32,67
-30.0898,153.1141,2012-08-22,314.1,74,16.8,0.0,15.1,0.253,15.67,68
-30.0912,153.1033,2012-08-22,305.2,25,16.1,0.0,15.1,0.306,15.67,67
-30.0806,153.1125,2012-08-22,313.0,73,16.4,0.0,15.1,0.253,15.67,68
-30.5429,148.1481,2012-08-22,311.8,65,18.7,0.0,26.4,0.254,16.91,52
-29.9076,152.3913,2012-08-22,317.1,60,14.6,0.2,15.0,0.337,15.33,68
-29.5227,152.2047,2012-08-22,312.4,70,12.5,0.0,11.8,0.348,13.4,70
-28.8468,148.5809,2012-08-22,319.8,73,20.0,0.0,25.6,0.051,18.01,51
-28.5982,149.7565,2012-08-22,312.5,36,17.9,2.9,21.5,0.256,15.6,60
-28.5743,149.873,2012-08-22,315.9,65,17.8,2.9,21.5,0.268,15.6,61
-28.6347,146.8169,2012-08-22,322.4,75,20.3,0.0,24.8,0.204,18.06,44
-28.6369,146.8362,2012-08-22,317.2,66,20.3,0.0,24.8,0.204,18.06,44
-28.6391,146.8128,2012-08-22,320.1,71,20.3,0.0,24.8,0.204,18.06,44
-29.4224,152.0245,2012-08-22,303.1,53,10.4,0.0,17.1,0.356,15.48,72
-29.4115,152.0216,2012-08-22,312.1,84,10.6,0.0,17.1,0.333,15.48,72
-29.0134,149.1167,2012-08-22,313.9,72,19.1,0.1,22.0,0.221,17.67,55
-29.5256,152.1691,2012-08-22,309.9,68,11.1,0.0,15.6,0.366,13.96,71
-30.0818,152.4977,2012-08-23,304.8,60,16.6,0.0,15.5,0.291,18.26,64
-30.0833,152.508,2012-08-23,301.7,49,16.5,0.0,15.5,0.291,18.26,64
-31.0226,152.5149,2012-08-23,306.4,24,17.1,0.5,13.4,0.257,17.25,62
-31.0518,152.2727,2012-08-23,303.3,56,15.1,2.2,21.1,0.28,17.53,59
-31.0533,152.2831,2012-08-23,310.0,69,15.8,0.9,17.4,0.266,17.28,60
-31.0812,152.1636,2012-08-23,311.7,72,16.3,0.9,17.4,0.28,17.28,61
-31.0949,152.1933,2012-08-23,300.7,21,14.5,2.7,22.3,0.29,16.77,60
-31.0964,152.2038,2012-08-23,301.6,39,14.1,2.7,22.3,0.29,16.77,60
-34.4629,150.8878,2012-08-23,313.8,0,17.8,0.1,27.7,0.226,11.48,69
-33.0558,146.2962,2012-08-23,309.0,68,16.3,1.7,27.6,0.209,10.04,51
-30.0915,152.5123,2012-08-23,317.3,77,15.5,0.0,14.8,0.273,18.29,64
-30.0774,152.5096,2012-08-23,309.4,51,15.7,0.0,13.0,0.273,18.44,64
-29.423,152.0182,2012-08-23,307.6,58,13.6,2.1,20.7,0.33,18.07,70
-31.5096,146.8784,2012-08-23,306.1,67,20.2,0.2,27.5,0.137,12.35,37
-31.4994,146.8685,2012-08-23,307.0,70,20.2,0.2,26.6,0.137,12.47,37
-31.4997,146.8787,2012-08-23,322.8,100,20.2,0.2,27.5,0.137,12.35,37
-31.5016,146.8902,2012-08-23,316.4,93,20.2,0.2,27.5,0.137,12.35,37
-31.1606,149.0221,2012-08-24,300.7,34,12.0,0.0,20.6,0.226,18.97,45
-31.1578,149.0155,2012-08-24,303.5,56,12.0,0.0,22.3,0.292,18.87,46
-30.0174,153.0828,2012-08-24,309.4,60,19.2,0.0,10.7,0.244,18.47,68
-30.0798,152.4988,2012-08-24,312.0,72,16.8,0.2,13.7,0.326,19.11,50
-29.4027,153.2142,2012-08-24,351.6,91,21.0,0.0,18.4,0.238,18.37,57
-29.4043,153.2,2012-08-24,328.3,80,20.5,0.0,18.4,0.238,18.37,57
-29.3968,153.2215,2012-08-24,320.1,78,21.0,0.0,18.4,0.238,18.37,57
-29.3984,153.207,2012-08-24,351.7,96,20.9,0.0,18.4,0.238,18.37,57
-28.9516,152.843,2012-08-24,312.2,67,19.7,0.0,15.9,0.296,18.62,54
-30.078,152.516,2012-08-24,307.2,65,15.5,0.2,14.0,0.271,19.37,51
-31.5128,146.8751,2012-08-24,332.6,88,13.2,0.0,24.2,0.134,18.16,39
-31.4959,146.8738,2012-08-24,305.7,62,13.2,0.0,24.2,0.134,17.95,39
-31.5092,146.8709,2012-08-24,327.7,85,13.2,0.0,24.2,0.134,17.95,39
-30.829,152.6001,2012-08-24,318.5,79,17.1,0.0,8.6,0.249,18.26,55
-30.8309,152.5955,2012-08-24,319.1,79,16.6,0.1,11.7,0.249,18.94,55
-30.8505,147.1964,2012-08-24,303.5,55,14.0,0.0,28.5,0.202,18.88,34
-30.0049,152.9353,2012-08-24,307.6,72,18.9,0.0,10.7,0.263,18.47,58
-29.3091,149.9399,2012-08-24,323.2,72,14.9,0.8,18.5,0.351,19.61,56
-30.0088,152.9427,2012-08-24,301.0,31,19.3,0.0,10.7,0.263,18.47,58
-30.0102,152.9359,2012-08-24,306.1,63,19.0,0.0,10.7,0.263,18.47,58
-30.3889,147.7242,2012-08-24,305.3,61,14.3,0.0,26.2,0.182,18.99,35
-31.7918,148.4814,2012-08-24,310.7,60,12.3,0.0,24.5,0.222,18.48,43
-31.7959,148.5017,2012-08-24,308.6,38,12.2,0.0,24.5,0.222,18.48,42
-31.7982,148.4941,2012-08-24,315.8,76,12.2,0.0,24.5,0.222,18.48,43
-34.458,150.8808,2012-08-24,311.5,54,13.7,1.4,30.9,0.241,17.42,55
-33.6315,150.6591,2012-08-25,311.8,71,12.0,0.0,13.0,0.251,17.79,58
-33.6335,150.6465,2012-08-25,314.4,75,11.7,0.0,13.0,0.233,17.79,60
-33.5009,150.9434,2012-08-25,303.5,56,12.6,0.0,10.8,0.228,17.15,55
-33.4761,150.9112,2012-08-25,303.0,52,12.2,0.0,10.8,0.228,17.15,55
-33.4809,150.7048,2012-08-25,302.5,52,11.5,0.0,13.1,0.233,17.56,60
-33.4829,150.6925,2012-08-25,308.9,68,12.0,0.0,10.8,0.233,17.15,60
-32.7868,151.9889,2012-08-25,303.0,12,14.2,0.0,18.7,0.178,17.07,52
-32.5547,151.8276,2012-08-25,307.2,65,13.4,0.0,16.9,0.289,16.67,48
-32.0372,151.9764,2012-08-25,303.9,51,13.0,0.0,13.1,0.292,16.37,53
-31.9531,152.0779,2012-08-25,306.2,63,11.6,0.0,13.3,0.28,16.02,52
-31.5606,150.9974,2012-08-25,303.4,25,7.7,0.0,19.6,0.365,17.92,56
-31.0142,152.5105,2012-08-25,306.5,42,12.1,0.0,10.5,0.251,18.32,51
-30.7683,152.402,2012-08-25,325.5,84,12.3,0.0,10.5,0.26,18.74,53
-30.7667,152.4126,2012-08-25,317.3,77,12.7,0.0,11.1,0.26,18.19,53
-30.7696,152.3967,2012-08-25,317.6,78,12.9,0.0,11.1,0.26,18.19,53
-30.8601,149.0695,2012-08-25,322.9,81,11.8,0.0,14.2,0.281,17.5,46
-30.0058,152.9324,2012-08-25,306.3,27,14.2,0.0,11.4,0.259,18.86,50
-30.0104,152.9262,2012-08-25,306.6,40,14.3,0.0,11.4,0.259,18.86,50
-30.0775,152.5023,2012-08-25,314.5,75,12.3,0.0,12.3,0.323,19.17,46
-30.3851,147.7166,2012-08-25,331.6,86,14.2,0.0,13.1,0.174,18.25,45
-29.0984,152.7826,2012-08-25,303.3,44,13.2,0.0,9.8,0.244,19.77,51
-29.3162,149.9363,2012-08-25,324.9,76,12.9,0.0,13.1,0.333,19.02,54
-28.8394,151.8678,2012-08-25,312.4,69,11.3,0.0,15.2,0.267,19.87,50
-28.6662,152.2385,2012-08-25,315.8,57,13.1,0.0,12.6,0.262,19.94,48
-28.669,152.2325,2012-08-25,319.9,25,13.3,0.0,12.6,0.262,19.94,48
-28.5252,152.6779,2012-08-25,306.3,56,13.5,0.0,8.0,0.243,20.05,44
-28.5286,152.6604,2012-08-25,310.6,67,14.8,0.0,8.6,0.286,19.92,42
-28.4083,152.4456,2012-08-25,320.9,78,12.8,0.0,12.0,0.26,20.08,47
-28.3062,152.5658,2012-08-25,309.5,61,13.3,0.0,10.1,0.287,20.16,46
-28.8657,148.5465,2012-08-25,312.9,55,13.4,0.0,11.1,0.122,19.1,53
-28.7297,148.7645,2012-08-25,321.2,75,14.0,0.0,11.1,0.127,19.2,50
-32.7943,151.956,2012-08-25,310.1,49,14.1,0.0,18.7,0.178,17.07,52
-32.7959,151.9667,2012-08-25,305.3,12,14.2,0.0,18.7,0.178,17.07,52
-29.0239,149.144,2012-08-26,307.4,42,13.0,0.0,14.7,0.263,15.19,58
-30.0133,152.9288,2012-08-26,301.3,46,13.3,0.0,13.0,0.256,18.82,61
-30.974,148.2195,2012-08-26,325.8,84,11.5,0.0,18.1,0.181,16.61,54
-30.9756,148.2326,2012-08-26,312.2,72,11.4,0.0,18.1,0.181,16.61,54
-30.9841,148.2179,2012-08-26,304.3,28,11.5,0.0,18.1,0.181,16.61,54
-31.478,149.2267,2012-08-26,304.4,59,8.3,0.0,16.9,0.26,15.75,65
-31.4797,149.2422,2012-08-26,309.9,69,8.5,0.0,16.9,0.26,15.75,65
-31.4822,149.235,2012-08-26,338.5,91,8.3,0.0,16.9,0.26,15.75,65
-32.3845,148.3941,2012-08-26,321.3,81,8.1,0.0,16.8,0.251,11.66,65
-32.3801,148.3889,2012-08-26,306.3,47,8.0,0.0,16.8,0.251,11.66,65
-34.4486,150.8698,2012-08-26,304.9,44,13.1,0.0,22.1,0.184,17.48,56
-28.2977,152.5715,2012-08-26,305.7,36,13.0,0.0,11.6,0.269,20.11,54
-28.291,152.5656,2012-08-26,312.6,70,13.5,0.0,9.4,0.284,20.09,53
-28.2929,152.5435,2012-08-26,304.3,45,11.2,0.0,11.6,0.268,20.1,51
-28.2214,152.3268,2012-08-26,304.3,24,10.7,0.0,13.7,0.268,20.06,51
-29.0919,152.7863,2012-08-26,304.6,28,12.0,0.0,9.8,0.241,19.98,60
-29.0974,152.7799,2012-08-26,308.2,66,12.5,0.0,9.8,0.241,19.98,60
-30.0232,152.9223,2012-08-26,304.9,60,13.6,0.0,12.1,0.256,18.97,62
-30.0154,152.9148,2012-08-26,309.8,69,12.7,0.0,11.6,0.334,19.09,63
-34.4597,150.8847,2012-08-26,303.7,56,12.7,0.0,22.1,0.223,17.48,57
-31.2542,151.0998,2012-08-26,304.0,58,8.6,0.0,11.3,0.315,17.64,59
-34.4572,150.8772,2012-08-26,306.3,48,12.8,0.0,22.1,0.223,17.48,57
-34.6409,150.0104,2012-08-27,301.8,49,6.9,0.0,11.3,0.296,17.89,70
-34.4656,150.8829,2012-08-27,311.0,53,13.1,0.0,18.3,0.217,17.4,67
-34.8505,146.0036,2012-08-27,318.0,78,8.1,0.0,10.1,0.256,17.72,73
-34.8394,146.002,2012-08-27,378.3,100,8.2,0.0,10.1,0.255,17.72,73
-34.8411,145.985,2012-08-27,315.1,72,8.2,0.0,10.1,0.255,17.72,73
-35.4854,150.3431,2012-08-27,313.9,74,11.6,0.0,15.1,0.199,17.12,71
-36.5121,148.9675,2012-08-27,337.0,90,5.2,0.0,11.0,0.371,17.82,66
-36.5137,148.9546,2012-08-27,343.3,93,5.1,0.0,11.0,0.371,17.82,66
-36.5025,148.9656,2012-08-27,311.9,72,5.3,0.0,8.6,0.371,17.71,66
-36.504,148.9527,2012-08-27,321.0,81,5.2,0.0,8.6,0.363,17.71,66
-35.753,150.1806,2012-08-27,306.6,49,10.9,0.0,11.8,0.175,16.94,72
-35.7438,150.1788,2012-08-27,305.7,43,11.2,0.0,11.8,0.145,16.94,72
-35.7385,150.1719,2012-08-27,302.1,38,10.8,0.0,11.8,0.145,16.94,72
-35.6358,150.1802,2012-08-27,304.7,60,11.2,0.0,11.8,0.182,16.94,71
-35.4839,150.3544,2012-08-27,308.1,67,11.4,0.0,15.1,0.199,17.12,71
-33.8161,149.3148,2012-08-27,306.1,63,5.7,0.0,8.2,0.372,18.41,71
-33.1233,150.1009,2012-08-27,311.3,71,8.8,0.0,7.7,0.308,18.29,67
-32.2707,151.5471,2012-08-27,305.0,56,11.3,0.0,10.9,0.295,16.16,70
-32.6902,147.4122,2012-08-27,320.7,79,9.4,0.0,9.9,0.143,18.51,62
-32.7719,146.6181,2012-08-27,305.5,50,9.3,0.0,9.5,0.187,18.47,62
-31.7051,152.0473,2012-08-27,311.1,50,10.7,0.0,9.0,0.271,12.79,72
-32.0475,149.7085,2012-08-27,312.1,70,8.9,0.0,9.1,0.269,18.84,65
-32.3157,147.4052,2012-08-27,308.0,52,9.9,0.0,9.8,0.151,18.72,58
-32.3173,147.3922,2012-08-27,306.2,31,9.9,0.0,9.8,0.151,18.72,58
-32.3258,147.2345,2012-08-27,331.5,86,10.0,0.0,9.5,0.125,18.71,59
-32.3274,147.2214,2012-08-27,354.7,98,10.0,0.0,9.5,0.125,18.71,59
-31.7966,149.4711,2012-08-27,324.3,81,9.3,0.0,8.9,0.309,18.94,64
-31.2989,152.7642,2012-08-27,309.4,58,11.6,0.0,10.2,0.258,13.57,73
-31.2519,151.0952,2012-08-27,321.3,80,7.7,0.0,9.7,0.302,18.55,67
-31.2503,151.1058,2012-08-27,316.6,76,8.2,0.0,9.7,0.302,18.55,67
-31.742,149.4609,2012-08-27,331.8,87,9.1,0.0,8.9,0.244,18.94,64
-31.7329,149.4592,2012-08-27,305.5,45,8.9,0.0,8.9,0.244,18.94,64
-28.8624,150.4524,2012-08-27,320.3,74,12.4,0.0,9.3,0.271,17.72,59
-29.1327,150.2363,2012-08-27,324.9,81,12.0,0.0,10.0,0.341,17.05,59
-29.1342,150.226,2012-08-27,317.6,72,12.1,0.0,10.0,0.341,17.05,59
-29.372,148.3313,2012-08-27,319.8,75,11.9,0.0,12.8,0.231,19.86,53
-28.7688,152.1209,2012-08-27,304.8,41,8.8,0.0,13.7,0.279,12.78,73
-28.8534,150.4507,2012-08-27,327.8,83,12.4,0.0,9.3,0.271,17.72,59
-29.0226,149.1427,2012-08-27,322.4,68,12.5,0.0,14.4,0.255,19.66,55
-29.0135,149.141,2012-08-27,318.8,56,12.5,0.0,14.4,0.255,19.66,55
-29.3312,145.026,2012-08-27,316.5,69,12.7,0.0,11.6,0.104,19.67,48
-29.3328,145.0104,2012-08-27,311.4,55,12.7,0.0,11.6,0.104,19.67,48
-29.3294,145.019,2012-08-27,312.1,29,12.7,0.0,11.6,0.104,19.67,48
-28.8465,148.5473,2012-08-27,314.2,62,12.2,0.0,12.6,0.098,20.02,53
-28.8359,148.5562,2012-08-27,329.6,83,12.2,0.0,12.6,0.064,20.02,54
-28.8374,148.5457,2012-08-27,318.2,72,12.2,0.0,12.6,0.098,20.02,53
-28.4904,149.6553,2012-08-27,318.0,70,12.8,0.0,10.7,0.084,20.09,55
-28.5302,148.24,2012-08-27,325.1,79,12.4,0.0,12.3,0.141,20.13,50
-28.7365,147.1255,2012-08-28,311.9,54,13.2,0.0,10.4,0.111,20.25,47
-29.3703,148.3334,2012-08-28,308.0,60,13.0,0.0,10.1,0.223,20.0,52
-29.7761,150.1331,2012-08-28,307.8,66,12.1,0.0,12.5,0.252,18.0,66
-29.8148,148.8003,2012-08-28,304.8,38,13.3,0.0,11.2,0.135,19.54,57
-29.0201,149.1598,2012-08-28,308.7,36,13.7,0.0,14.7,0.239,19.3,61
-28.7257,147.1168,2012-08-28,321.2,78,13.2,0.0,10.3,0.111,20.25,47
-30.7509,148.6025,2012-08-28,306.0,61,12.4,0.0,12.9,0.102,19.19,57
-31.3392,151.175,2012-08-28,302.5,47,9.6,0.0,8.8,0.278,18.05,71
-34.4572,150.879,2012-08-28,309.3,52,14.2,0.0,18.7,0.213,17.36,69
-31.8382,150.8516,2012-08-28,323.0,82,9.7,0.0,10.7,0.314,17.39,70
-31.8393,150.8589,2012-08-28,318.1,78,9.9,0.0,10.7,0.314,17.39,70
-32.5213,151.8658,2012-08-28,306.7,64,12.0,0.0,11.5,0.277,18.3,72
-32.8546,146.6977,2012-08-28,313.1,73,10.9,0.0,13.2,0.206,18.09,60
-33.5289,150.5672,2012-08-28,300.8,42,10.2,0.0,10.6,0.245,16.36,59
-36.1468,143.6275,2012-08-28,301.6,28,11.5,0.2,20.5,0.302,16.85,60
-37.0115,144.7067,2012-08-28,305.1,61,8.5,0.0,19.1,0.325,16.61,75
-36.3929,145.2896,2012-08-28,306.3,63,10.2,0.0,18.2,0.318,16.6,69
-36.159,144.0952,2012-08-28,309.9,69,11.3,0.0,19.9,0.388,16.89,62
-36.1612,144.0822,2012-08-28,311.8,72,11.3,0.0,19.9,0.388,16.89,62
-35.6594,145.6758,2012-08-28,307.3,65,10.2,0.0,16.6,0.252,17.15,69
-35.636,145.484,2012-08-28,309.5,69,10.5,0.0,16.0,0.248,17.15,67
-35.6388,145.4687,2012-08-28,355.8,98,10.5,0.0,16.0,0.248,17.15,67
-35.6175,145.2875,2012-08-28,360.0,99,10.7,0.0,16.3,0.247,17.33,66
-35.6202,145.2726,2012-08-28,351.5,97,10.7,0.0,16.3,0.247,17.33,66
-35.5916,145.2735,2012-08-28,333.0,88,10.7,0.0,16.3,0.247,17.33,66
-35.5943,145.2585,2012-08-28,372.0,100,10.7,0.0,16.3,0.247,17.33,66
-35.6051,145.1988,2012-08-28,325.8,84,10.8,0.0,16.3,0.245,17.33,65
-35.6548,144.9212,2012-08-28,306.4,56,11.1,0.0,17.1,0.227,17.07,63
-35.6081,145.122,2012-08-28,330.7,87,10.9,0.0,16.9,0.243,17.29,65
-35.6108,145.1073,2012-08-28,309.3,68,10.9,0.0,16.9,0.243,17.29,65
-35.4861,145.5487,2012-08-28,311.3,71,10.5,0.0,16.3,0.245,17.34,67
-35.4455,145.6304,2012-08-28,324.4,83,10.5,0.0,16.3,0.247,17.33,67
-35.4484,145.6147,2012-08-28,314.5,75,10.5,0.0,16.3,0.247,17.34,67
-35.4359,145.5618,2012-08-28,316.3,77,10.5,0.0,16.3,0.247,17.34,67
-35.4388,145.5462,2012-08-28,312.4,72,10.6,0.0,16.3,0.246,17.34,67
-35.4672,144.9331,2012-08-28,321.4,80,11.2,0.0,16.9,0.241,17.29,63
-35.4697,144.9186,2012-08-28,328.9,86,11.2,0.0,16.9,0.241,17.29,63
-35.457,144.9303,2012-08-28,315.4,75,11.2,0.0,16.9,0.241,17.29,63
-35.4596,144.9159,2012-08-28,328.2,85,11.2,0.0,16.9,0.241,17.29,63
-35.3112,145.6685,2012-08-28,307.4,65,10.4,0.0,15.8,0.256,17.47,67
-35.4269,144.8017,2012-08-28,305.6,51,11.3,0.0,18.0,0.3,17.27,62
-35.4753,143.6401,2012-08-28,306.2,42,12.1,0.0,20.9,0.348,17.15,56
-34.9835,145.9332,2012-08-28,327.1,85,10.3,0.0,15.8,0.251,17.55,67
-34.9867,145.9166,2012-08-28,309.6,68,10.4,0.0,15.8,0.251,17.55,67
-34.9292,145.9177,2012-08-28,308.7,30,10.4,0.0,15.8,0.243,17.55,67
-34.9253,145.9271,2012-08-28,309.2,67,10.4,0.0,15.8,0.243,17.55,67
-34.9144,145.924,2012-08-28,308.7,62,10.4,0.0,15.8,0.243,17.55,67
-35.2139,143.9088,2012-08-28,305.8,50,12.1,0.0,19.2,0.353,17.28,55
-33.5692,150.5639,2012-08-28,314.1,51,11.7,0.0,8.9,0.245,16.96,60
-33.5725,150.5565,2012-08-28,313.0,53,12.5,0.0,9.0,0.239,17.02,61
-34.4089,146.1438,2012-08-28,315.6,76,10.4,0.0,15.0,0.242,17.69,67
-33.8024,146.5226,2012-08-28,328.5,86,9.9,0.0,15.8,0.265,17.85,66
-31.6869,148.7685,2012-08-28,325.7,83,11.8,0.0,10.3,0.155,18.35,56
-31.494,148.9495,2012-08-28,302.8,35,11.1,0.0,10.6,0.125,18.15,58
-33.796,146.5264,2012-08-28,321.9,81,9.9,0.0,15.8,0.265,17.85,66
-28.7295,147.1023,2012-08-28,311.5,59,13.2,0.0,10.3,0.111,20.25,47
-29.1118,152.209,2012-08-28,301.1,38,10.7,0.0,7.3,0.365,17.86,70
-35.5347,144.4239,2012-08-29,313.5,74,14.2,0.2,23.7,0.348,16.88,48
-35.5401,144.4164,2012-08-29,318.4,78,14.2,0.2,23.7,0.348,16.88,48
-35.5326,144.3961,2012-08-29,307.0,65,14.2,0.2,23.7,0.348,16.88,48
-35.3319,144.6849,2012-08-29,316.4,76,14.2,0.3,24.5,0.32,16.75,48
-35.7717,150.1894,2012-08-29,303.4,56,12.6,0.1,16.8,0.168,12.12,66
-35.6832,145.6553,2012-08-29,306.2,63,13.0,0.1,23.0,0.242,14.68,53
-35.6953,145.4783,2012-08-29,316.8,77,13.2,0.2,23.0,0.238,15.15,52
-35.6797,145.6497,2012-08-29,307.9,66,13.1,0.1,23.0,0.237,14.68,53
-35.6928,145.4729,2012-08-29,319.1,79,13.2,0.2,23.0,0.238,15.15,52
-35.644,145.3466,2012-08-29,323.4,82,13.6,0.4,22.6,0.237,15.6,50
-35.5236,145.1417,2012-08-29,334.6,89,13.8,0.2,25.0,0.238,15.81,49
-36.9682,148.3489,2012-08-29,301.1,45,8.0,1.3,24.2,0.357,13.53,70
-35.5257,145.1104,2012-08-29,370.5,100,13.8,0.8,24.8,0.238,16.25,49
-35.4972,145.3251,2012-08-29,320.4,80,13.6,0.2,25.0,0.235,15.81,50
-35.4992,145.2947,2012-08-29,308.8,68,13.7,0.2,25.0,0.235,15.81,50
-35.5278,144.5849,2012-08-29,307.9,66,14.1,0.2,23.7,0.299,16.88,49
-35.523,145.1367,2012-08-29,349.1,96,13.8,0.2,25.0,0.238,15.81,49
-35.5252,145.1054,2012-08-29,363.9,100,13.8,0.8,24.8,0.238,16.25,49
-35.4954,145.3201,2012-08-29,322.1,81,13.6,0.2,25.0,0.235,15.81,50
-35.5304,144.5805,2012-08-29,309.2,68,14.1,0.2,23.7,0.299,16.88,49
-35.4167,144.2129,2012-08-29,322.1,81,14.3,0.1,22.2,0.354,17.03,47
-35.4188,144.177,2012-08-29,307.3,65,14.3,0.1,22.2,0.354,17.03,47
-35.406,144.2075,2012-08-29,319.1,72,14.3,0.1,22.2,0.354,17.03,47
-35.0655,143.8293,2012-08-29,306.3,63,14.7,0.3,24.3,0.327,17.41,45
-34.5364,145.166,2012-08-29,361.4,100,14.6,0.0,26.5,0.225,16.77,44
-34.522,145.1645,2012-08-29,407.8,100,14.6,0.0,26.5,0.225,16.77,44
-34.5314,145.1883,2012-08-29,372.9,100,14.6,0.0,26.5,0.225,16.77,43
-34.5336,145.1584,2012-08-29,399.4,100,14.6,0.0,26.5,0.225,16.77,44
-34.517,145.1869,2012-08-29,318.7,44,14.6,0.0,26.5,0.225,16.77,44
-34.5192,145.1569,2012-08-29,340.5,92,14.6,0.0,26.5,0.225,16.77,44
-31.3616,152.6065,2012-08-29,307.2,65,13.6,0.0,14.3,0.234,18.15,73
-32.8088,151.9252,2012-08-29,307.8,0,15.8,0.1,19.0,0.168,15.75,67
-32.1284,150.4313,2012-08-29,329.1,86,13.1,0.2,17.8,0.325,13.92,64
-32.1275,150.4388,2012-08-29,317.4,78,13.1,0.2,17.8,0.325,13.92,64
-32.1291,150.4261,2012-08-29,318.3,78,12.9,0.2,17.8,0.325,13.92,64
-31.5229,152.4955,2012-08-29,309.6,69,12.2,0.0,10.5,0.275,17.48,72
-31.412,152.3739,2012-08-29,319.7,75,14.6,0.0,14.8,0.254,17.77,69
-31.4134,152.3631,2012-08-29,313.5,70,14.6,0.0,14.8,0.254,17.77,69
-31.653,150.16,2012-08-29,306.8,61,14.2,0.0,21.3,0.309,14.71,56
-31.4313,151.8748,2012-08-29,305.8,43,12.2,0.0,12.6,0.277,16.41,67
-31.4327,151.864,2012-08-29,318.4,78,11.5,0.0,14.3,0.283,17.09,65
-31.5068,150.2879,2012-08-29,317.3,77,14.2,0.0,21.4,0.329,15.08,57
-31.505,150.294,2012-08-29,312.5,56,14.2,0.0,21.4,0.329,15.08,57
-31.1494,152.8804,2012-08-29,341.8,93,15.1,0.0,22.9,0.255,18.38,73
-31.1509,152.8699,2012-08-29,319.7,80,15.3,0.0,18.8,0.232,18.1,73
-31.1404,152.8787,2012-08-29,338.9,91,15.1,0.0,22.9,0.255,18.38,73
-31.1418,152.8681,2012-08-29,328.3,86,15.1,0.0,18.8,0.255,18.1,73
-31.0996,152.3757,2012-08-29,307.2,61,12.2,0.0,12.5,0.242,17.65,69
-31.3369,150.3517,2012-08-29,311.2,60,13.5,0.0,21.2,0.336,15.62,62
-30.632,151.1921,2012-08-29,307.8,38,10.8,0.1,22.1,0.305,17.25,67
-30.254,152.447,2012-08-29,307.5,46,10.2,0.0,14.2,0.266,18.22,69
-30.3912,149.4236,2012-08-29,319.8,77,15.5,0.0,18.1,0.194,17.94,59
-29.7733,153.1203,2012-08-29,311.4,70,15.1,0.0,14.5,0.128,18.4,71
-29.7831,151.0159,2012-08-29,354.2,97,10.5,0.0,19.6,0.342,16.94,69
-29.5319,152.2224,2012-08-29,310.6,57,11.6,0.0,11.2,0.335,17.69,67
-29.539,152.1704,2012-08-29,315.3,66,10.6,0.0,15.5,0.352,17.95,68
-29.5376,152.1808,2012-08-29,311.3,44,10.7,0.0,15.5,0.352,17.95,68
-29.3929,151.1294,2012-08-29,327.6,79,12.8,0.0,16.0,0.204,17.95,65
-29.0923,152.8047,2012-08-29,305.6,45,14.5,0.0,12.8,0.244,17.26,68
-29.0833,152.803,2012-08-29,306.6,52,14.7,0.0,12.8,0.244,17.26,68
-29.0801,152.7604,2012-08-29,311.0,69,13.0,0.0,12.2,0.244,17.1,67
-28.7751,152.1265,2012-08-29,325.9,83,10.8,0.0,14.3,0.276,17.26,68
-28.6635,152.8519,2012-08-29,307.0,55,13.7,0.0,12.7,0.28,16.83,69
-28.5999,152.8438,2012-08-29,309.7,65,14.4,0.0,14.6,0.28,17.26,69
-28.8453,150.4655,2012-08-29,312.3,43,16.7,0.0,19.9,0.151,18.33,57
-28.9524,149.0672,2012-08-29,319.8,69,17.9,0.0,19.9,0.241,19.47,52
-28.4058,152.7218,2012-08-29,306.5,53,14.5,0.0,14.6,0.273,17.26,71
-28.2926,152.4864,2012-08-29,311.2,61,13.2,0.0,12.0,0.273,16.34,72
-28.647,149.67,2012-08-29,326.4,80,17.9,0.0,23.0,0.265,18.76,52
-28.734,148.7663,2012-08-29,313.0,48,18.8,0.0,23.0,0.103,19.54,48
-28.2106,152.3548,2012-08-29,324.0,81,12.9,0.0,15.3,0.264,17.63,71
-28.212,152.3446,2012-08-29,305.9,14,12.7,0.0,15.3,0.218,17.63,71
-28.8467,150.454,2012-08-29,315.7,62,16.7,0.0,19.9,0.151,18.33,57
-29.2507,152.5349,2012-08-29,310.7,60,14.7,0.0,10.9,0.238,18.0,67
-28.3217,148.3105,2012-08-29,304.6,61,18.9,0.0,20.3,0.071,19.27,48
-28.6791,152.2893,2012-08-30,305.7,40,15.1,1.8,21.3,0.267,18.18,71
-29.5299,152.2033,2012-08-30,313.4,61,13.4,1.1,21.1,0.346,17.94,65
-29.1091,152.2131,2012-08-30,320.2,47,14.1,1.7,20.6,0.366,17.91,70
-29.1107,152.2238,2012-08-30,327.2,83,15.2,1.8,21.3,0.347,18.18,68
-29.1197,152.2222,2012-08-30,320.5,47,15.2,0.3,19.2,0.347,17.8,68
-29.1359,152.2133,2012-08-30,306.2,59,14.6,1.7,20.6,0.347,17.91,68
-28.8407,148.5401,2012-08-30,315.2,71,18.6,0.0,21.0,0.083,19.26,43
-29.5314,152.2139,2012-08-30,339.0,91,13.4,1.1,21.1,0.339,17.94,65
-29.5404,152.2122,2012-08-30,311.0,62,13.4,1.1,21.1,0.346,17.94,65
-29.5436,152.1684,2012-08-30,323.3,82,12.2,0.8,25.8,0.352,17.81,65
-29.5451,152.179,2012-08-30,308.2,62,13.2,0.8,23.9,0.352,17.67,66
-31.4274,151.5231,2012-08-30,303.0,28,10.7,0.0,27.9,0.339,17.36,57
-31.6421,151.7464,2012-08-30,305.3,56,14.6,0.0,18.9,0.266,17.14,53
-31.8368,150.8484,2012-08-30,305.7,62,13.7,0.1,21.5,0.295,17.72,52
-31.8383,150.859,2012-08-30,309.0,68,14.0,0.1,21.5,0.303,17.72,52
-31.7548,149.4479,2012-08-30,332.4,88,12.5,0.0,20.7,0.3,18.59,52
-31.761,149.4401,2012-08-30,327.1,85,12.4,0.0,20.7,0.3,18.59,52
-31.7628,149.4509,2012-08-30,318.7,77,12.3,0.0,20.7,0.298,18.59,52
-32.798,151.9431,2012-08-30,313.4,60,16.7,0.0,23.9,0.163,18.34,52
-33.5647,150.5849,2012-08-30,314.0,28,11.7,0.0,22.7,0.225,18.21,54
-33.5844,150.5921,2012-08-30,317.2,43,11.9,0.0,22.7,0.225,18.21,54
-33.6036,150.6041,2012-08-30,306.8,48,10.7,0.0,22.7,0.231,18.21,56
-33.8673,148.6938,2012-08-30,301.3,46,8.2,0.0,24.8,0.309,13.2,70
-34.5605,146.5218,2012-08-30,301.0,44,9.8,0.0,26.2,0.254,16.44,63
-33.1243,150.1087,2012-08-30,307.8,66,10.1,0.0,24.7,0.292,18.84,62
-32.9922,148.1579,2012-08-30,309.4,69,9.5,0.0,23.2,0.242,14.92,61
-35.7795,150.1818,2012-08-30,304.9,45,11.9,0.0,23.8,0.165,17.09,55
-35.5003,145.5969,2012-08-30,347.9,83,10.0,0.1,30.0,0.226,14.41,63
-35.0301,145.8918,2012-08-30,322.1,81,10.1,0.0,27.8,0.235,15.23,63
-35.0208,145.8896,2012-08-30,402.0,100,10.1,0.0,27.8,0.235,15.23,63
-35.0227,145.8777,2012-08-30,343.0,93,10.1,0.0,27.8,0.235,15.23,63
-34.5673,146.516,2012-08-30,304.5,59,9.8,0.0,26.2,0.254,16.44,63
-33.5877,150.575,2012-08-30,310.3,34,11.8,0.0,21.9,0.237,18.79,54
-33.562,150.56,2012-08-30,303.9,20,11.6,0.0,22.7,0.237,18.21,54
-34.5176,145.2298,2012-08-30,312.6,73,10.6,0.0,26.6,0.217,15.62,59
-34.5194,145.2183,2012-08-30,306.6,44,10.6,0.0,26.6,0.217,15.62,59
-34.5084,145.2276,2012-08-30,369.9,100,10.6,0.0,26.6,0.217,15.62,59
-34.5102,145.2162,2012-08-30,377.7,100,10.6,0.0,26.6,0.217,15.62,59
-34.5831,144.6841,2012-08-30,312.3,72,10.7,0.0,28.0,0.23,15.5,59
-34.3473,146.107,2012-08-30,334.4,89,10.4,0.1,24.7,0.234,16.42,61
-34.3358,146.1168,2012-08-30,323.6,82,10.3,0.1,24.7,0.234,16.42,61
-34.3379,146.1046,2012-08-30,303.6,56,10.3,0.1,24.7,0.234,16.42,61
-29.1084,152.1843,2012-08-30,309.7,45,13.5,0.8,23.9,0.339,17.67,69
-29.8724,147.4748,2012-08-30,328.6,84,16.4,0.0,18.9,0.179,17.33,41
-31.9552,147.102,2012-08-30,310.4,69,12.3,0.0,18.9,0.109,17.84,48
-31.9578,147.0877,2012-08-30,332.3,88,12.3,0.0,18.9,0.109,17.84,48
-29.2641,152.2475,2012-08-30,312.8,55,15.5,0.0,17.0,0.347,16.79,68
-29.1033,152.1931,2012-08-30,312.7,62,14.0,1.7,20.6,0.366,17.91,70
-29.8694,147.4909,2012-08-30,327.9,83,16.4,0.0,18.9,0.179,17.33,41
-30.8703,152.0987,2012-08-30,312.2,84,14.0,0.0,24.1,0.248,17.91,56
-30.8722,152.0766,2012-08-30,301.4,41,14.4,0.0,19.5,0.248,17.24,56
-30.8714,152.0889,2012-08-30,301.4,35,14.7,0.0,19.5,0.248,17.24,56
-30.8731,152.1045,2012-08-30,305.3,61,15.0,0.0,19.5,0.248,17.24,56
-33.6667,151.2182,2012-08-31,304.1,27,12.0,0.3,20.8,0.2,17.91,50
-33.6685,151.2001,2012-08-31,306.6,64,11.1,0.2,18.8,0.2,18.24,49
-32.9258,150.6297,2012-08-31,304.3,59,9.5,0.0,17.9,0.254,19.09,52
-32.9746,147.471,2012-08-31,305.4,61,8.1,0.4,26.3,0.206,15.47,66
-32.3964,151.8836,2012-08-31,303.0,54,12.4,0.0,17.0,0.273,18.11,45
-32.1469,151.8799,2012-08-31,304.8,47,11.3,0.0,14.6,0.28,18.36,47
-31.7343,152.2298,2012-08-31,301.6,46,12.2,0.1,15.3,0.238,18.36,49
-31.7911,151.5953,2012-08-31,300.9,43,8.8,0.0,15.6,0.265,18.65,53
-31.6508,151.7445,2012-08-31,306.1,55,9.9,0.0,14.2,0.255,18.44,51
-31.6497,151.7392,2012-08-31,307.8,53,10.2,0.0,14.2,0.261,18.44,51
-31.7637,149.451,2012-08-31,306.5,63,7.9,0.0,21.5,0.296,19.1,56
-31.7656,149.4282,2012-08-31,304.5,51,8.5,0.0,21.5,0.297,19.1,56
-31.764,149.4437,2012-08-31,311.9,72,8.0,0.0,21.5,0.297,19.1,56
-31.4507,152.3192,2012-08-31,310.0,67,9.7,0.0,13.5,0.265,18.0,46
-31.4524,152.3041,2012-08-31,302.4,21,11.3,0.0,10.9,0.257,17.84,47
-31.4587,152.2469,2012-08-31,302.0,50,10.0,0.0,13.5,0.264,18.0,48
-31.3973,152.2747,2012-08-31,302.7,39,12.7,0.1,15.3,0.248,18.36,49
-31.3937,152.1133,2012-08-31,301.5,48,8.7,0.0,16.9,0.279,18.49,49
-31.3654,152.272,2012-08-31,301.7,38,9.6,0.0,13.6,0.264,17.58,47
-31.3398,152.3105,2012-08-31,307.8,61,11.8,0.1,14.3,0.256,18.05,48
-31.1952,149.7596,2012-08-31,304.5,50,9.8,0.0,19.9,0.262,19.8,49
-31.1929,149.7523,2012-08-31,307.0,65,9.8,0.0,19.9,0.262,19.8,49
-30.8564,152.1287,2012-08-31,312.3,29,9.7,0.0,9.4,0.247,17.36,54
-30.8628,152.0712,2012-08-31,323.9,70,8.7,0.0,15.1,0.245,16.53,54
-30.3076,152.5719,2012-08-31,320.8,80,9.2,0.0,13.8,0.271,16.52,49
-30.3092,152.5587,2012-08-31,336.8,90,9.2,0.0,15.5,0.265,16.45,49
-30.079,153.138,2012-08-31,318.7,79,14.1,0.0,12.1,0.231,15.43,62
-29.9549,150.004,2012-08-31,307.7,63,11.0,0.0,15.8,0.242,19.65,46
-29.263,150.5635,2012-08-31,309.3,64,11.4,0.0,17.7,0.328,19.2,46
-28.8085,152.5666,2012-08-31,310.1,54,15.5,0.1,8.5,0.246,13.97,58
-28.919,150.8184,2012-08-31,331.7,87,12.8,0.0,17.0,0.25,18.87,42
-28.9172,150.8279,2012-08-31,311.7,44,12.6,0.0,17.0,0.25,18.87,42
-28.919,150.8115,2012-08-31,329.8,86,12.8,0.0,17.0,0.25,18.87,42
-28.9078,150.81,2012-08-31,317.9,72,12.9,0.0,17.0,0.25,18.87,42
-29.4456,148.7412,2012-08-31,303.1,40,12.7,0.0,19.9,0.17,20.03,41
-30.8686,152.0706,2012-08-31,300.7,9,9.7,0.0,15.1,0.247,16.53,53
-28.6718,152.2705,2012-08-31,303.9,32,13.8,0.7,14.8,0.255,14.13,54
-28.8112,152.2596,2012-08-31,307.6,60,12.3,0.0,15.6,0.257,14.99,54
-28.8206,152.2575,2012-08-31,331.8,88,12.6,0.0,15.6,0.257,14.99,54
-28.8225,152.2689,2012-08-31,313.4,74,12.0,0.0,15.6,0.315,14.99,54
-29.1002,152.2145,2012-08-31,317.4,78,12.3,0.0,15.0,0.35,15.3,54
-29.102,152.2253,2012-08-31,308.1,46,13.1,0.3,14.0,0.35,14.35,55
-28.6684,152.278,2012-08-31,314.3,71,12.8,0.0,15.6,0.269,14.99,52
-29.0831,151.9068,2012-08-31,304.6,56,9.7,0.0,16.9,0.255,16.49,52
-28.907,150.826,2012-08-31,309.3,51,12.8,0.0,17.0,0.25,18.87,42
-28.9171,150.8237,2012-08-31,313.1,63,12.8,0.0,17.0,0.25,18.87,42
-28.8334,148.5376,2012-08-31,310.7,67,13.1,0.0,18.7,0.08,20.0,39
-28.8397,148.5302,2012-08-31,307.5,61,13.1,0.0,18.7,0.08,20.0,39
-28.8432,148.548,2012-08-31,307.7,51,13.1,0.0,18.7,0.08,20.0,39
-29.506,152.2267,2012-08-31,308.0,57,9.3,0.0,16.9,0.353,16.92,52
-29.5172,152.2359,2012-08-31,308.4,53,9.9,0.0,15.6,0.353,17.25,52
-29.5342,152.1628,2012-08-31,302.9,48,9.7,0.0,15.6,0.353,17.25,52
-29.5923,150.682,2012-08-31,315.5,76,10.3,0.0,16.4,0.324,18.95,50
-29.6001,150.6739,2012-08-31,306.7,46,10.3,0.0,16.4,0.324,18.95,50
-30.8539,152.1498,2012-08-31,311.0,57,11.1,0.0,9.4,0.247,17.36,54
-30.8829,152.1143,2012-08-31,305.8,37,10.6,0.0,15.1,0.247,16.53,54
-34.4606,150.8835,2012-08-31,308.6,51,11.0,2.9,26.2,0.203,16.84,56
-35.7547,145.5593,2012-09-01,305.5,61,8.2,0.0,10.8,0.225,18.18,69
-35.7562,145.5478,2012-09-01,306.9,64,8.3,0.0,10.8,0.223,18.18,69
-35.6473,145.5311,2012-09-01,318.7,79,8.3,0.0,10.8,0.223,18.18,69
-35.6382,145.5292,2012-09-01,328.5,86,8.2,0.0,10.8,0.223,18.18,69
-35.4996,145.0374,2012-09-01,316.4,75,8.8,0.0,10.8,0.221,18.27,68
-35.5011,145.0256,2012-09-01,312.4,68,8.8,0.0,10.8,0.221,18.27,68
-35.4952,145.0312,2012-09-01,322.4,81,8.8,0.0,10.8,0.221,18.27,68
-35.4417,145.2955,2012-09-01,353.3,97,8.4,0.0,11.2,0.225,18.28,69
-33.114,148.1611,2012-09-01,315.6,76,5.8,0.0,13.1,0.259,17.94,79
-35.4432,145.2839,2012-09-01,329.3,86,8.4,0.0,11.2,0.225,18.28,69
-34.929,145.8359,2012-09-01,313.8,72,8.3,0.0,11.2,0.223,18.5,69
-34.7562,145.818,2012-09-01,312.0,70,8.3,0.0,11.5,0.227,18.62,70
-34.9336,144.0931,2012-09-01,326.9,83,9.8,0.0,9.9,0.34,18.26,70
-34.5803,146.2337,2012-09-01,351.1,96,8.1,0.0,10.1,0.233,18.75,70
-34.5818,146.2228,2012-09-01,325.0,83,8.1,0.0,10.1,0.233,18.75,70
-34.4726,146.407,2012-09-01,304.5,57,7.8,0.0,9.8,0.254,18.78,72
-34.4082,146.3374,2012-09-01,303.8,50,7.8,0.0,10.1,0.243,18.75,72
-34.4097,146.3265,2012-09-01,306.6,62,7.8,0.0,10.1,0.243,18.75,72
-34.4579,142.3248,2012-09-01,310.9,51,11.0,0.0,13.6,0.272,17.52,72
-33.1249,148.3732,2012-09-01,327.5,85,5.5,0.0,13.1,0.266,17.94,80
-33.1268,148.3616,2012-09-01,322.0,81,5.6,0.0,10.8,0.266,17.01,80
-33.1211,148.1576,2012-09-01,310.8,57,5.9,0.0,13.1,0.259,17.94,79
-32.3918,151.9221,2012-09-01,300.1,26,10.5,0.2,16.1,0.269,18.66,55
-32.3952,151.9045,2012-09-01,304.9,60,10.8,0.2,16.1,0.269,18.66,55
-31.8918,152.2969,2012-09-01,303.7,57,10.6,0.0,15.5,0.231,19.62,53
-32.6857,146.4949,2012-09-01,311.9,67,8.8,0.0,11.5,0.129,19.45,65
-31.6783,151.5826,2012-09-01,322.0,59,6.0,0.0,12.5,0.279,20.46,58
-31.6935,151.5803,2012-09-01,325.5,68,5.5,0.0,12.5,0.279,20.46,58
-31.6821,151.5779,2012-09-01,330.1,87,6.0,0.0,12.5,0.279,20.46,58
-31.5065,152.4316,2012-09-01,318.1,78,10.9,0.0,20.9,0.218,20.05,48
-32.3188,147.3959,2012-09-01,306.2,45,9.1,0.0,12.7,0.142,19.71,62
-32.3106,147.3989,2012-09-01,304.4,40,9.1,0.0,12.7,0.142,19.71,62
-31.5896,151.2602,2012-09-01,306.0,63,4.5,0.0,13.1,0.31,20.66,60
-30.8643,152.0661,2012-09-01,315.9,44,8.4,0.0,9.7,0.244,20.83,51
-30.8678,152.0485,2012-09-01,309.1,31,10.3,0.0,9.7,0.244,20.83,51
-31.1358,149.0978,2012-09-01,309.3,65,9.4,0.0,12.0,0.233,20.32,58
-30.8529,152.1236,2012-09-01,312.0,46,9.4,0.0,9.7,0.244,20.83,51
-29.9763,153.1698,2012-09-01,310.1,70,12.3,0.0,22.6,0.23,20.39,54
-29.9751,153.1872,2012-09-01,300.9,42,12.4,0.0,22.6,0.23,20.39,54
-29.98,153.1633,2012-09-01,306.9,64,12.3,0.0,22.6,0.23,20.39,54
-30.757,148.6014,2012-09-01,309.3,64,10.6,0.0,15.9,0.082,20.32,54
-30.4387,148.9668,2012-09-01,311.3,68,10.8,0.0,11.6,0.087,20.47,51
-29.5062,152.2205,2012-09-01,348.1,95,7.0,0.0,12.2,0.349,21.39,48
-29.5229,152.1377,2012-09-01,307.3,54,7.8,0.0,11.0,0.35,21.41,47
-29.5024,152.2359,2012-09-01,319.3,58,8.5,0.0,10.6,0.335,21.24,48
-29.5064,152.2156,2012-09-01,342.7,93,8.6,0.0,10.6,0.332,21.24,49
-29.5226,152.1324,2012-09-01,303.9,40,7.6,0.0,12.9,0.35,21.32,47
-29.494,152.2122,2012-09-01,324.5,83,8.0,0.0,10.6,0.336,21.24,48
-29.0103,152.3775,2012-09-01,302.7,45,11.0,0.0,12.0,0.239,21.29,49
-29.8827,147.4717,2012-09-01,322.6,77,12.2,0.0,15.9,0.178,20.26,47
-29.8845,147.4605,2012-09-01,315.6,53,12.3,0.0,15.9,0.178,20.26,47
-29.0861,151.9205,2012-09-01,309.5,59,7.1,0.0,11.0,0.251,21.41,45
-29.0899,151.9011,2012-09-01,338.2,90,7.3,0.0,11.0,0.251,21.41,45
-29.8733,147.4697,2012-09-01,354.5,97,12.2,0.0,15.9,0.178,20.34,47
-29.8751,147.4585,2012-09-01,328.5,72,12.2,0.0,15.9,0.178,20.26,47
-29.0739,151.9173,2012-09-01,328.8,85,7.2,0.0,11.0,0.251,21.41,45
-29.0776,151.8983,2012-09-01,341.2,92,7.4,0.0,11.2,0.209,21.49,50
-29.864,147.4677,2012-09-01,332.6,86,12.2,0.0,15.9,0.178,20.34,47
-29.8658,147.4565,2012-09-01,321.8,65,12.3,0.0,15.9,0.178,20.34,47
-28.8142,152.5635,2012-09-01,304.0,41,11.1,0.0,12.0,0.244,21.41,48
-28.8209,152.2588,2012-09-01,303.2,49,9.8,0.0,11.6,0.253,21.52,45
-28.7876,151.7668,2012-09-01,304.0,27,9.7,0.0,15.5,0.18,21.52,44
-28.6749,152.2643,2012-09-01,308.4,55,11.5,0.0,12.0,0.251,21.41,45
-28.7952,151.6639,2012-09-01,301.8,22,8.5,0.0,15.5,0.238,21.52,46
-28.788,151.6763,2012-09-01,307.3,62,9.0,0.0,15.5,0.238,21.52,46
-28.7533,151.7904,2012-09-01,308.2,38,7.8,0.0,11.2,0.209,21.49,43
-29.8337,145.3561,2012-09-01,326.0,78,12.8,0.0,12.0,0.187,19.3,52
-28.7447,151.7682,2012-09-01,311.9,70,9.2,0.0,15.5,0.244,21.52,45
-28.7486,151.7484,2012-09-01,304.3,32,8.3,0.0,15.5,0.209,21.52,43
-28.9237,150.8272,2012-09-01,323.5,78,10.8,0.0,13.3,0.245,21.21,44
-28.9269,150.8103,2012-09-01,313.2,39,11.0,0.0,13.3,0.245,21.21,44
-28.9123,150.8243,2012-09-01,327.2,80,10.8,0.0,13.3,0.245,21.21,44
-28.9155,150.8074,2012-09-01,322.9,74,10.9,0.0,13.3,0.245,21.21,44
-28.6316,152.0113,2012-09-01,302.0,31,8.8,0.0,14.0,0.255,21.55,44
-28.7375,148.7573,2012-09-01,319.1,74,11.9,0.0,18.1,0.097,21.04,44
-28.4879,149.6637,2012-09-01,312.6,61,11.5,0.0,17.1,0.071,21.26,46
-28.2843,149.1776,2012-09-01,309.1,54,11.4,0.0,16.8,0.119,21.28,45
-29.4885,152.2262,2012-09-01,307.3,58,8.3,0.0,10.6,0.332,21.24,49
-29.8702,147.4698,2012-09-01,303.5,42,12.2,0.0,15.9,0.178,20.34,47
-35.935,149.1078,2012-09-01,303.2,54,3.5,0.1,20.9,0.295,11.28,76
-28.4916,149.7492,2012-09-02,312.8,65,12.2,0.0,11.3,0.07,21.56,46
-28.7779,151.7882,2012-09-02,305.4,56,10.4,0.0,8.2,0.175,21.53,48
-28.7837,151.7809,2012-09-02,305.2,48,10.3,0.0,8.2,0.175,21.53,48
-28.7304,147.1211,2012-09-02,310.4,60,12.7,0.0,10.8,0.107,21.28,44
-29.515,152.1482,2012-09-02,301.5,31,6.9,0.0,6.8,0.353,21.31,55
-29.8767,147.4603,2012-09-02,320.8,77,12.7,0.0,8.9,0.178,20.79,43
-29.8783,147.4743,2012-09-02,315.8,72,12.6,0.0,8.9,0.178,20.79,43
-31.4747,149.2347,2012-09-02,305.5,46,9.5,0.0,10.1,0.216,20.38,56
-31.4766,149.2542,2012-09-02,307.6,57,9.8,0.0,10.1,0.212,20.38,57
-31.2543,145.6754,2012-09-02,309.8,62,11.8,0.0,10.1,0.115,20.25,46
-32.7595,147.6797,2012-09-02,309.6,69,9.3,0.0,10.1,0.186,19.67,61
-30.8453,152.1409,2012-09-02,305.7,58,10.2,0.0,9.8,0.242,18.92,62
-30.8471,152.1202,2012-09-02,302.3,38,8.8,0.0,7.3,0.242,19.79,62
-30.8478,152.1373,2012-09-02,305.0,55,8.9,0.0,7.3,0.242,19.79,62
-29.7758,152.6777,2012-09-02,304.6,49,11.6,0.0,11.1,0.215,20.51,59
-29.5524,152.1775,2012-09-02,306.7,34,7.9,0.0,5.9,0.339,21.33,54
-29.5181,152.1299,2012-09-02,306.2,43,7.7,0.0,7.9,0.346,21.2,54
-29.0872,151.8923,2012-09-02,323.1,81,8.2,0.0,5.9,0.246,21.33,47
-28.9666,150.7014,2012-09-02,316.0,74,11.4,0.0,10.6,0.189,21.37,40
-28.9767,150.6974,2012-09-02,316.2,74,11.7,0.0,10.6,0.189,21.37,40
-28.7748,151.784,2012-09-02,305.4,33,10.0,0.0,8.2,0.175,21.53,48
-28.7852,151.6718,2012-09-02,312.6,69,9.8,0.0,8.2,0.233,21.53,48
-28.7872,151.6499,2012-09-02,307.9,60,8.9,0.0,8.2,0.193,21.53,48
-35.9455,149.1236,2012-09-02,303.9,56,6.1,0.0,9.2,0.292,18.78,71
-35.4693,145.3682,2012-09-02,305.0,59,8.8,0.0,9.7,0.214,18.43,71
-35.9464,149.1179,2012-09-02,305.5,62,5.3,0.0,9.2,0.292,18.78,71
-35.4556,145.3635,2012-09-02,304.6,55,8.8,0.0,9.7,0.214,18.43,71
-35.4516,145.3543,2012-09-02,306.7,46,8.8,0.0,9.7,0.214,18.43,71
-34.4678,146.0509,2012-09-02,320.9,79,8.9,0.0,7.9,0.22,18.91,69
-34.4601,146.0838,2012-09-02,308.1,62,8.9,0.0,7.9,0.22,18.91,69
-34.4593,150.8757,2012-09-02,303.8,57,12.3,0.0,20.8,0.217,18.99,70
-29.2863,150.9435,2012-09-02,304.0,58,10.8,0.0,10.7,0.213,21.31,43
-29.2968,150.9349,2012-09-02,309.7,78,10.7,0.0,10.7,0.213,21.31,43
-29.2953,150.9452,2012-09-02,312.7,86,10.4,0.0,10.7,0.213,21.31,43
-28.8296,148.5415,2012-09-02,309.1,65,12.5,0.0,10.4,0.077,21.42,43
-28.2815,149.1834,2012-09-02,317.0,76,12.1,0.0,11.2,0.118,21.7,44
-28.2852,149.1765,2012-09-02,313.4,72,12.0,0.0,11.2,0.118,21.7,44
-28.8369,151.6468,2012-09-02,302.5,49,10.4,0.0,10.0,0.17,21.42,44
-29.2873,150.9416,2012-09-02,308.8,67,10.8,0.0,10.7,0.213,21.31,43
-28.8438,148.5375,2012-09-02,307.4,52,12.5,0.0,10.4,0.077,21.42,43
-28.3499,150.1089,2012-09-02,310.0,61,12.2,0.0,10.8,0.171,21.72,42
-28.3455,150.1033,2012-09-02,309.4,53,12.2,0.0,10.8,0.171,21.72,42
-28.7993,152.251,2012-09-02,302.6,44,9.3,0.0,7.4,0.249,21.46,60
-33.4303,151.1446,2012-09-02,300.1,25,12.5,0.0,18.3,0.194,19.03,59
-30.8747,152.0677,2012-09-02,300.3,19,8.7,0.0,7.3,0.239,19.79,63
-30.8429,152.1394,2012-09-02,304.2,58,10.6,0.0,9.8,0.242,18.92,62
-34.4631,150.887,2012-09-02,317.5,57,12.4,0.0,20.8,0.217,18.99,70
-34.4593,150.8777,2012-09-02,315.1,57,12.4,0.0,20.8,0.217,18.99,70
-36.3794,150.0339,2012-09-03,305.3,46,11.9,0.0,14.4,0.195,17.86,71
-36.9562,149.9194,2012-09-03,308.1,0,11.9,0.0,12.8,0.233,17.48,75
-36.9904,149.0635,2012-09-03,300.9,43,7.7,0.0,13.4,0.339,17.27,72
-36.1525,149.0828,2012-09-03,315.6,76,6.3,0.0,16.1,0.283,18.78,68
-35.9573,149.1001,2012-09-03,317.0,77,6.4,0.0,16.1,0.27,18.78,69
-35.7542,146.1931,2012-09-03,317.1,77,10.4,0.0,9.9,0.276,18.22,73
-35.7472,146.1863,2012-09-03,310.2,57,10.5,0.0,9.9,0.271,18.22,73
-35.7146,145.7215,2012-09-03,335.3,89,11.3,0.0,11.2,0.213,18.12,67
-35.707,145.7291,2012-09-03,311.3,70,11.3,0.0,11.2,0.213,18.12,67
-35.7087,145.7141,2012-09-03,316.6,76,11.4,0.0,11.2,0.213,18.12,67
-35.679,145.6941,2012-09-03,305.4,59,11.4,0.0,11.2,0.213,18.12,67
-35.3239,148.1529,2012-09-03,310.4,70,7.4,0.0,9.8,0.361,18.87,77
-35.5868,145.6124,2012-09-03,315.5,74,11.7,0.0,12.6,0.207,18.23,65
-35.5747,145.6257,2012-09-03,322.9,81,11.7,0.0,12.3,0.207,18.28,65
-35.5763,145.6107,2012-09-03,347.1,95,11.7,0.0,12.6,0.207,18.23,65
-35.4686,145.6629,2012-09-03,329.3,85,11.7,0.0,12.3,0.21,18.28,65
-35.4702,145.648,2012-09-03,313.1,71,11.9,0.0,12.3,0.204,18.28,64
-35.431,145.7173,2012-09-03,324.7,82,11.7,0.0,12.3,0.214,18.28,65
-35.4326,145.7025,2012-09-03,333.4,88,11.7,0.0,12.3,0.214,18.28,65
-35.4362,145.7126,2012-09-03,326.8,83,11.7,0.0,12.3,0.214,18.28,65
-35.4379,145.6978,2012-09-03,314.9,33,11.7,0.0,12.3,0.214,18.28,65
-35.4404,145.2804,2012-09-03,312.5,45,12.2,0.0,13.0,0.21,18.17,62
-35.442,145.2648,2012-09-03,374.2,100,12.2,0.0,13.0,0.21,18.17,62
-35.4314,145.2631,2012-09-03,316.5,75,12.2,0.0,13.0,0.21,18.17,62
-35.4291,144.8544,2012-09-03,341.5,92,12.7,0.0,13.8,0.203,18.01,59
-34.7588,150.2393,2012-09-03,304.5,59,9.9,0.0,13.0,0.255,19.18,60
-35.4256,144.8639,2012-09-03,325.9,83,12.7,0.0,13.8,0.203,18.01,59
-35.4273,144.8474,2012-09-03,329.5,85,12.9,0.0,13.8,0.261,18.01,58
-35.3558,145.4176,2012-09-03,314.4,72,12.1,0.0,12.6,0.208,18.36,63
-35.3574,145.4023,2012-09-03,324.7,82,12.1,0.0,12.6,0.208,18.36,63
-35.3452,145.4159,2012-09-03,316.0,55,12.2,0.0,12.6,0.201,18.36,62
-35.3469,145.4006,2012-09-03,327.3,84,12.2,0.0,12.6,0.201,18.36,62
-35.3785,144.8901,2012-09-03,368.2,100,12.7,0.0,13.0,0.203,18.1,59
-35.3802,144.8737,2012-09-03,372.1,100,12.8,0.0,13.8,0.203,18.01,59
-35.3053,144.7226,2012-09-03,316.2,74,13.1,0.0,14.5,0.288,18.18,56
-35.3069,144.7059,2012-09-03,341.4,92,13.1,0.0,14.5,0.288,18.18,56
-34.6283,149.872,2012-09-03,304.4,59,7.7,0.0,15.7,0.28,19.47,68
-34.46,150.8791,2012-09-03,322.5,71,13.8,0.0,13.0,0.21,19.17,65
-34.0252,150.9403,2012-09-03,328.0,53,12.1,0.0,11.3,0.198,19.33,64
-34.2601,146.1621,2012-09-03,311.4,64,11.1,0.0,9.0,0.222,18.99,67
-33.4454,151.1677,2012-09-03,305.7,0,14.1,0.0,12.0,0.264,19.47,68
-33.5011,149.9036,2012-09-03,317.3,77,6.3,0.0,11.1,0.299,20.14,70
-33.5459,147.5165,2012-09-03,310.9,64,10.6,0.0,9.1,0.224,19.4,69
-32.4779,151.8635,2012-09-03,306.4,53,12.6,0.0,10.9,0.257,20.03,60
-33.0092,148.1794,2012-09-03,306.5,47,9.9,0.0,10.8,0.233,19.75,65
-32.3401,151.6632,2012-09-03,306.4,51,11.7,0.0,9.7,0.263,20.2,57
-35.0167,146.0156,2012-09-03,310.2,50,11.5,0.0,11.5,0.217,18.57,64
-34.7962,145.8954,2012-09-03,342.0,92,11.5,0.0,10.1,0.196,18.7,64
-34.786,145.8937,2012-09-03,317.5,75,11.5,0.0,10.1,0.196,18.7,64
-34.0161,150.9383,2012-09-03,357.3,99,12.2,0.0,11.3,0.198,19.33,64
-34.0089,150.9428,2012-09-03,335.2,89,12.3,0.0,11.3,0.198,19.33,64
-34.0106,150.9316,2012-09-03,323.8,82,12.4,0.0,11.3,0.198,19.33,64
-34.0158,150.8981,2012-09-03,312.2,38,12.4,0.0,11.3,0.198,19.33,64
-34.4854,147.4016,2012-09-03,306.7,58,9.6,0.0,9.5,0.268,18.94,72
-33.7703,151.1086,2012-09-03,310.3,59,12.7,0.0,11.9,0.177,19.49,65
-34.765,142.7601,2012-09-03,307.3,60,14.7,0.0,14.5,0.203,17.79,46
-32.2503,151.8222,2012-09-03,304.3,27,11.6,0.0,9.7,0.263,20.2,59
-32.2155,151.8523,2012-09-03,305.6,50,12.3,0.0,9.8,0.27,20.1,61
-32.189,151.5782,2012-09-03,304.9,50,10.5,0.0,8.8,0.272,20.27,58
-32.191,151.2328,2012-09-03,311.3,68,10.9,0.0,9.4,0.289,20.31,52
-32.1929,151.2213,2012-09-03,316.1,74,10.9,0.0,9.4,0.289,20.31,52
-32.5268,148.3576,2012-09-03,311.4,61,10.2,0.0,9.4,0.189,19.99,61
-32.6644,147.1774,2012-09-03,310.6,53,11.6,0.0,10.2,0.154,19.84,54
-31.9829,151.7673,2012-09-03,307.4,40,12.1,0.0,10.9,0.256,20.24,60
-31.8308,151.9403,2012-09-03,310.4,67,11.5,0.0,9.9,0.233,20.4,58
-31.4366,152.3214,2012-09-03,306.1,34,12.6,0.0,10.0,0.244,20.11,65
-31.3791,152.3022,2012-09-03,306.4,53,11.4,0.0,9.3,0.244,20.42,65
-31.466,151.721,2012-09-03,305.0,52,8.6,0.0,8.4,0.27,20.8,55
-31.4242,151.8518,2012-09-03,302.5,42,9.9,0.0,9.9,0.285,20.8,57
-31.4264,151.8387,2012-09-03,315.8,75,8.4,0.0,8.9,0.283,20.88,57
-31.1495,152.6682,2012-09-03,307.7,66,12.0,0.0,12.4,0.221,20.4,68
-31.1019,152.357,2012-09-03,302.3,27,9.1,0.0,7.6,0.232,21.14,66
-31.1248,152.0994,2012-09-03,319.8,73,8.4,0.0,7.6,0.293,21.15,58
-31.127,152.0867,2012-09-03,321.9,80,8.3,0.0,7.6,0.293,21.15,58
-30.8831,152.0722,2012-09-03,321.1,61,8.6,0.0,7.3,0.254,20.98,62
-30.8287,152.0938,2012-09-03,307.0,44,9.1,0.0,7.6,0.256,21.14,58
-31.2357,149.2267,2012-09-03,312.3,62,11.0,0.0,9.4,0.27,20.68,47
-31.2278,149.2184,2012-09-03,310.6,57,11.2,0.0,9.4,0.27,20.68,47
-28.805,152.252,2012-09-03,310.0,31,11.2,0.0,8.0,0.245,21.66,56
-30.3516,152.1756,2012-09-03,310.3,67,6.5,0.0,9.1,0.251,21.39,61
-30.2033,152.7797,2012-09-03,312.5,71,10.1,0.0,9.2,0.29,20.93,70
-30.2059,152.7654,2012-09-03,380.0,100,10.2,0.0,9.2,0.29,20.93,70
-30.1991,152.7731,2012-09-03,337.8,90,10.1,0.0,9.2,0.29,20.93,70
-30.2015,152.7591,2012-09-03,343.1,93,10.5,0.0,11.0,0.29,20.71,70
-30.7556,148.604,2012-09-03,313.9,64,12.7,0.0,10.5,0.076,20.67,44
-30.049,152.9731,2012-09-03,308.7,64,14.1,0.0,11.2,0.221,20.54,70
-30.0177,153.026,2012-09-03,304.5,47,13.7,0.0,11.2,0.221,20.54,70
-30.0353,152.4052,2012-09-03,308.5,63,10.2,0.0,8.7,0.32,21.28,59
-29.7802,152.6819,2012-09-03,308.2,45,13.2,0.0,12.2,0.212,20.83,65
-29.7673,152.6936,2012-09-03,309.7,50,13.1,0.0,12.2,0.212,20.83,65
-29.5955,152.5159,2012-09-03,319.8,46,12.7,0.0,12.2,0.265,20.83,63
-29.5826,152.5282,2012-09-03,317.3,38,13.1,0.0,12.3,0.225,20.92,64
-29.7787,151.0035,2012-09-03,353.9,97,8.4,0.0,9.0,0.309,21.27,63
-29.7806,150.9919,2012-09-03,324.3,80,8.6,0.0,9.0,0.309,21.27,63
-29.3447,153.2936,2012-09-03,304.8,46,15.1,0.0,15.5,0.188,20.71,72
-29.3475,153.278,2012-09-03,304.5,36,15.1,0.0,15.5,0.188,20.71,72
-29.4964,152.1296,2012-09-03,308.3,38,8.9,0.0,6.6,0.349,21.53,57
-29.4864,152.1269,2012-09-03,310.7,55,7.8,0.0,6.6,0.33,21.53,58
-29.2336,152.6928,2012-09-03,310.0,62,13.1,0.0,11.4,0.231,21.03,64
-29.2088,152.4885,2012-09-03,313.8,69,13.2,0.0,11.4,0.228,21.03,63
-29.1535,152.7414,2012-09-03,306.7,53,12.0,0.0,10.5,0.238,21.18,65
-29.3028,150.9487,2012-09-03,326.4,79,11.5,0.0,8.9,0.206,21.4,49
-29.2933,150.9467,2012-09-03,324.4,79,11.7,0.0,8.9,0.206,21.4,49
-29.2951,150.935,2012-09-03,316.2,57,11.7,0.0,8.9,0.206,21.4,49
-29.0841,151.8953,2012-09-03,313.2,59,9.5,0.0,7.2,0.243,21.57,50
-29.2629,150.5653,2012-09-03,317.5,71,12.2,0.0,9.7,0.305,21.3,49
-29.0811,151.4956,2012-09-03,312.1,57,12.1,0.0,10.3,0.146,21.63,50
-29.8509,145.3665,2012-09-03,324.1,67,15.2,0.0,10.5,0.116,20.92,35
-29.8396,145.3773,2012-09-03,325.8,76,15.0,0.0,11.0,0.187,20.92,36
-28.7977,152.259,2012-09-03,309.8,35,11.1,0.0,8.0,0.303,21.66,56
-28.7781,152.1254,2012-09-03,308.8,57,10.3,0.0,8.3,0.271,21.65,51
-28.9851,150.7187,2012-09-03,319.4,72,12.7,0.0,8.4,0.183,21.43,45
-28.987,150.7072,2012-09-03,314.7,45,12.9,0.0,8.4,0.183,21.43,45
-28.925,150.819,2012-09-03,320.4,75,12.8,0.0,8.4,0.236,21.43,47
-28.7565,151.7708,2012-09-03,326.9,51,11.5,0.0,9.1,0.171,21.69,45
-28.6524,152.189,2012-09-03,306.0,37,10.8,0.0,8.3,0.271,21.65,49
-28.2582,152.7216,2012-09-03,315.1,55,13.6,0.0,7.1,0.251,21.32,61
-28.2635,152.7317,2012-09-03,316.2,60,13.2,0.0,7.4,0.278,21.48,61
-28.836,148.5308,2012-09-03,316.7,52,13.8,0.0,10.6,0.076,21.49,42
-28.1667,152.3235,2012-09-03,309.0,27,12.1,0.0,9.5,0.225,21.76,52
-28.269,152.7238,2012-09-03,313.4,38,13.2,0.0,7.4,0.278,21.48,61
-28.318,150.1833,2012-09-03,315.4,41,13.7,0.0,9.7,0.055,21.72,42
-28.7396,147.1221,2012-09-03,314.2,31,14.0,0.0,11.1,0.106,21.41,42
-28.7305,147.1205,2012-09-03,319.8,66,14.0,0.0,11.1,0.106,21.41,42
-28.3048,149.3724,2012-09-03,321.4,72,13.3,0.0,11.3,0.184,21.74,41
-28.2868,149.1895,2012-09-03,354.5,97,13.3,0.0,11.3,0.117,21.74,41
-28.2884,149.1791,2012-09-03,344.1,92,13.3,0.0,11.3,0.117,21.74,41
-28.2777,149.1878,2012-09-03,372.4,100,13.4,0.0,11.3,0.117,21.74,41
-28.2793,149.1773,2012-09-03,348.6,94,13.3,0.0,11.3,0.117,21.74,41
-31.9912,146.7812,2012-09-03,305.0,62,12.1,0.0,8.9,0.162,20.16,50
-31.993,146.7697,2012-09-03,309.7,39,12.1,0.0,8.9,0.162,20.16,50
-31.9943,146.7645,2012-09-03,302.0,45,12.1,0.0,8.9,0.162,20.16,50
-34.4603,150.8894,2012-09-03,302.5,49,13.8,0.0,13.0,0.21,19.17,65
-28.3001,149.3719,2012-09-04,311.8,47,15.2,0.0,11.2,0.184,21.78,40
-28.8302,148.5316,2012-09-04,322.9,76,15.6,0.0,11.1,0.075,21.64,38
-28.8317,148.5425,2012-09-04,317.7,51,15.6,0.0,11.1,0.075,21.64,38
-28.8395,148.53,2012-09-04,333.8,86,15.6,0.0,11.1,0.075,21.64,38
-28.841,148.5409,2012-09-04,322.2,54,15.6,0.0,11.1,0.075,21.64,38
-29.2732,152.0818,2012-09-04,318.3,67,11.0,0.0,9.5,0.329,21.36,57
-28.7341,147.1224,2012-09-04,317.3,69,16.0,0.0,13.0,0.106,21.6,36
-29.4938,152.1379,2012-09-04,307.2,49,10.0,0.0,9.5,0.346,21.36,59
-30.2041,152.7689,2012-09-04,361.5,100,11.4,0.0,8.9,0.286,20.87,70
-30.2061,152.7888,2012-09-04,301.2,39,11.9,0.0,9.0,0.286,20.61,70
-30.2163,152.7675,2012-09-04,354.6,98,11.8,0.0,9.0,0.286,20.61,70
-29.8442,145.3799,2012-09-04,313.2,57,17.1,0.0,14.8,0.187,21.14,29
-31.2037,151.5472,2012-09-04,308.3,65,7.2,0.0,9.4,0.258,21.1,56
-31.2056,151.5643,2012-09-04,303.3,50,7.8,0.0,9.4,0.278,21.1,56
-32.0484,149.7089,2012-09-04,311.8,68,12.8,0.0,7.6,0.231,20.6,49
-31.9846,146.7769,2012-09-04,314.0,53,14.7,0.0,11.8,0.16,20.31,43
-31.9937,146.7751,2012-09-04,317.0,72,14.7,0.0,11.8,0.16,20.31,43
-32.4448,148.5305,2012-09-04,307.2,55,12.2,0.0,9.4,0.192,20.21,56
-32.5046,147.2857,2012-09-04,317.7,74,13.7,0.0,11.6,0.132,20.1,50
-32.6522,146.3013,2012-09-04,310.5,61,15.0,0.0,16.5,0.136,20.01,40
-33.3268,149.0252,2012-09-04,302.7,43,7.7,0.0,8.7,0.315,20.03,60
-33.2601,146.703,2012-09-04,313.2,69,13.4,0.0,14.8,0.195,19.77,52
-33.2617,146.714,2012-09-04,323.4,80,13.4,0.0,14.8,0.195,19.77,52
-34.1755,145.9593,2012-09-04,303.6,43,14.5,0.0,17.4,0.216,19.28,50
-34.177,145.9702,2012-09-04,304.2,48,14.5,0.0,17.4,0.216,19.28,50
-34.2435,146.12,2012-09-04,306.1,57,14.5,0.0,17.4,0.218,19.28,49
-34.5232,146.2839,2012-09-04,307.0,60,14.1,0.0,16.9,0.223,19.22,50
-34.5247,146.2951,2012-09-04,308.6,64,14.1,0.0,16.9,0.223,19.22,50
-34.3169,142.2187,2012-09-04,312.7,64,17.9,0.0,27.3,0.228,19.14,27
-34.4864,142.3608,2012-09-04,312.9,56,18.2,0.0,27.3,0.208,19.04,26
-34.496,142.3585,2012-09-04,316.9,72,18.2,0.0,27.3,0.208,19.04,26
-34.777,142.9844,2012-09-04,314.1,68,16.8,0.0,23.6,0.183,18.96,31
-34.779,142.9962,2012-09-04,320.4,76,16.8,0.0,23.6,0.183,18.96,31
-35.3769,145.7521,2012-09-04,307.0,61,14.4,0.0,19.8,0.214,18.8,50
-35.377,144.734,2012-09-04,409.6,100,15.6,0.0,21.6,0.311,18.81,42
-35.3786,144.745,2012-09-04,455.4,100,15.6,0.0,21.6,0.311,18.81,42
-35.3836,144.778,2012-09-04,310.6,66,15.5,0.0,21.6,0.253,18.81,42
-35.3877,144.743,2012-09-04,309.6,25,15.6,0.0,21.6,0.311,18.81,42
-30.2105,152.7725,2012-09-04,320.2,80,11.6,0.0,8.9,0.286,20.87,70
-30.8396,152.1887,2012-09-04,306.9,55,8.5,0.0,8.7,0.254,21.14,58
-30.2127,152.7391,2012-09-04,311.9,72,11.6,0.0,8.9,0.246,20.87,70
-30.2133,152.7652,2012-09-04,325.8,84,11.5,0.0,8.9,0.286,20.87,70
-30.8978,152.0516,2012-09-04,302.5,29,8.8,0.0,11.9,0.251,21.36,59
-30.8908,152.0459,2012-09-04,303.4,33,9.5,0.0,8.1,0.243,21.05,53
-30.8484,152.1982,2012-09-04,304.3,49,8.7,0.0,8.7,0.254,21.14,58
-28.7684,152.1288,2012-09-04,305.2,43,11.5,0.0,8.8,0.267,21.48,57
-28.7779,152.1338,2012-09-04,306.5,51,11.6,0.0,8.8,0.267,21.48,57
-35.4449,144.9661,2012-09-04,360.1,100,15.3,0.0,20.5,0.196,18.82,44
-35.3987,143.9122,2012-09-04,346.5,94,16.1,0.0,22.6,0.315,18.73,37
-35.4015,143.8968,2012-09-04,366.3,100,16.1,0.0,22.6,0.315,18.73,37
-35.3882,143.9093,2012-09-04,324.6,79,16.1,0.0,22.6,0.315,18.73,37
-35.391,143.8939,2012-09-04,322.8,78,16.1,0.0,22.6,0.315,18.73,37
-34.9774,145.8406,2012-09-04,313.9,69,14.5,0.0,18.9,0.206,18.99,48
-35.3318,143.9748,2012-09-04,371.7,100,16.1,0.0,23.1,0.304,18.84,37
-35.3347,143.9593,2012-09-04,383.0,100,16.1,0.0,23.1,0.304,18.84,37
-34.907,146.0581,2012-09-04,326.5,83,14.0,0.0,18.8,0.193,18.98,51
-35.3242,143.9563,2012-09-04,314.8,67,16.1,0.0,23.1,0.304,18.84,37
-35.3295,143.9686,2012-09-04,379.1,100,16.1,0.0,23.1,0.304,18.84,37
-37.1064,143.9916,2012-09-04,308.9,68,13.1,0.0,24.7,0.298,17.97,55
-35.9406,148.9943,2012-09-04,301.9,44,6.8,0.0,15.5,0.351,18.78,68
-36.0008,148.7289,2012-09-04,300.7,41,6.7,0.0,17.5,0.363,18.92,69
-36.1128,144.878,2012-09-04,311.8,55,15.5,0.0,20.1,0.21,18.56,43
-36.116,144.861,2012-09-04,308.6,24,15.5,0.0,21.4,0.21,18.6,43
-36.1019,144.8747,2012-09-04,313.6,72,15.5,0.0,21.4,0.21,18.6,43
-36.1051,144.8578,2012-09-04,312.4,70,15.5,0.0,21.4,0.21,18.6,43
-34.6648,150.6634,2012-09-04,307.2,65,11.8,0.0,12.3,0.24,18.87,56
-35.7541,145.6299,2012-09-04,326.7,79,14.5,0.0,20.0,0.204,18.68,48
-35.6565,145.7165,2012-09-04,327.9,84,14.3,0.0,20.0,0.204,18.68,50
-35.6441,145.3083,2012-09-04,372.4,100,15.1,0.0,19.6,0.198,18.69,46
-35.6328,145.3049,2012-09-04,323.0,80,15.1,0.0,19.6,0.198,18.69,46
-35.6365,145.2867,2012-09-04,344.8,93,15.1,0.0,19.6,0.198,18.69,46
-35.573,145.5424,2012-09-04,337.2,90,14.8,0.0,20.2,0.2,18.81,47
-35.755,144.6238,2012-09-04,361.0,100,15.6,0.0,21.3,0.207,18.68,42
-35.6372,145.3009,2012-09-04,343.8,93,15.1,0.0,19.6,0.198,18.69,46
-35.6407,145.2827,2012-09-04,335.7,89,15.1,0.0,19.6,0.198,18.69,46
-35.7522,144.6352,2012-09-04,323.0,80,15.6,0.0,20.6,0.207,18.72,42
-35.5674,145.5354,2012-09-04,345.5,94,14.8,0.0,20.2,0.2,18.81,47
-35.7413,144.6321,2012-09-04,312.1,42,15.6,0.0,20.6,0.198,18.72,42
-35.7444,144.6154,2012-09-04,331.9,86,15.6,0.0,21.3,0.198,18.68,42
-35.6104,145.2543,2012-09-04,312.3,68,15.1,0.0,20.4,0.198,18.83,46
-35.4946,145.7781,2012-09-04,327.6,84,14.3,0.0,19.8,0.207,18.8,50
-35.4986,145.7585,2012-09-04,313.5,70,14.3,0.0,19.8,0.207,18.8,50
-35.5872,145.19,2012-09-04,315.3,72,15.2,0.0,20.4,0.199,18.83,45
-35.5907,145.1721,2012-09-04,376.3,100,15.2,0.0,20.4,0.199,18.83,45
-35.6082,145.0829,2012-09-04,313.2,69,15.3,0.0,20.5,0.197,18.82,44
-35.5795,145.1687,2012-09-04,340.8,91,15.2,0.0,20.4,0.199,18.83,45
-35.5097,145.399,2012-09-04,324.1,81,14.9,0.0,20.2,0.197,18.81,46
-35.5134,145.3929,2012-09-04,332.9,87,14.9,0.0,20.2,0.197,18.81,46
-35.3801,145.7566,2012-09-04,320.0,74,14.4,0.0,19.8,0.214,18.8,50
-35.3684,145.753,2012-09-04,315.4,62,14.4,0.0,19.4,0.214,18.9,50
-35.3723,145.7335,2012-09-04,315.8,67,14.6,0.0,19.4,0.205,18.9,48
-35.441,145.332,2012-09-04,328.7,84,15.0,0.0,20.4,0.202,18.83,45
-35.431,145.3433,2012-09-04,315.6,72,15.0,0.0,20.4,0.202,18.83,45
-35.4346,145.3248,2012-09-04,323.2,80,15.0,0.0,20.4,0.202,18.83,45
-35.3788,145.4859,2012-09-04,323.2,80,14.9,0.0,20.2,0.198,18.81,47
-35.3825,145.4671,2012-09-04,364.3,100,14.9,0.0,20.2,0.198,18.81,47
-35.3292,145.6738,2012-09-04,311.9,67,14.6,0.0,19.4,0.212,18.9,48
-35.3711,145.4636,2012-09-04,337.2,90,14.9,0.0,20.0,0.198,18.91,47
-35.3556,145.4191,2012-09-04,345.1,93,14.9,0.0,20.0,0.199,18.91,46
-35.3593,145.4005,2012-09-04,361.2,100,14.9,0.0,20.0,0.199,18.91,46
-35.4483,144.9486,2012-09-04,349.4,95,15.4,0.0,20.5,0.194,18.82,43
-35.5809,144.1968,2012-09-04,310.6,61,15.9,0.0,21.9,0.321,18.76,39
-35.5839,144.181,2012-09-04,311.9,64,15.9,0.0,21.9,0.321,18.76,39
-35.4295,144.9246,2012-09-04,311.1,63,15.4,0.0,20.5,0.194,18.82,43
-35.3776,144.8289,2012-09-04,317.9,74,15.5,0.0,21.6,0.253,18.81,42
-35.4704,143.9719,2012-09-04,344.2,93,16.0,0.0,22.6,0.313,18.73,38
-35.3323,143.9531,2012-09-04,344.0,92,16.1,0.0,23.1,0.304,18.84,37
-34.9505,145.8914,2012-09-04,310.6,63,14.4,0.0,18.8,0.209,18.98,49
-35.231,143.9343,2012-09-04,316.8,69,16.2,0.0,23.1,0.303,18.84,36
-35.1662,144.1648,2012-09-04,313.7,64,16.0,0.0,22.1,0.306,18.86,39
-35.1692,144.1488,2012-09-04,313.6,64,16.1,0.0,22.1,0.303,18.86,38
-34.9055,146.0522,2012-09-04,327.0,83,14.0,0.0,18.8,0.193,18.98,51
-34.9013,146.073,2012-09-04,311.6,66,14.0,0.0,18.8,0.193,18.98,51
-32.4359,146.3506,2012-09-04,337.0,62,14.4,0.0,16.2,0.132,20.15,41
-32.069,146.299,2012-09-04,328.3,82,15.1,0.0,13.9,0.154,20.31,39
-32.0507,146.3193,2012-09-04,315.3,53,15.0,0.0,13.9,0.154,20.31,39
-32.0559,146.2952,2012-09-04,314.7,48,15.1,0.0,13.9,0.154,20.31,39
-32.0567,146.3166,2012-09-04,343.5,92,15.0,0.0,13.9,0.154,20.31,39
-32.0618,146.2923,2012-09-04,324.1,78,15.1,0.0,13.9,0.154,20.31,39
-33.8706,147.6557,2012-09-04,309.7,64,11.7,0.0,11.8,0.241,19.51,65
-34.2342,145.8257,2012-09-04,309.8,60,14.4,0.0,17.1,0.242,19.27,50
-31.7617,149.4291,2012-09-04,308.8,53,12.9,0.0,8.7,0.287,20.64,52
-32.4434,146.3578,2012-09-04,326.8,41,14.4,0.0,16.2,0.132,20.15,41
-32.0638,146.3233,2012-09-04,334.3,86,15.0,0.0,13.9,0.154,20.31,39
-34.5909,144.6923,2012-09-04,315.6,69,15.8,0.0,19.7,0.197,19.23,40
-34.5942,144.6749,2012-09-04,309.9,37,15.8,0.0,19.7,0.197,19.23,40
-29.8417,145.3957,2012-09-04,317.6,35,17.1,0.0,14.8,0.187,21.14,29
-29.8464,145.3723,2012-09-04,322.8,72,17.1,0.0,15.3,0.187,21.17,29
-29.1579,147.1723,2012-09-04,316.3,58,16.1,0.0,12.7,0.148,21.38,37
-29.1599,147.1652,2012-09-04,317.0,63,16.1,0.0,12.7,0.148,21.38,37
-29.8544,145.3794,2012-09-04,325.2,76,17.0,0.0,14.8,0.116,21.14,29
-31.7576,149.4577,2012-09-04,304.0,58,12.0,0.0,8.7,0.285,20.64,52
-32.432,146.3569,2012-09-04,312.3,63,14.4,0.0,16.2,0.132,20.15,41
-32.4155,146.385,2012-09-04,301.8,9,14.2,0.0,15.6,0.132,20.15,41
-32.4176,146.3557,2012-09-04,305.9,38,14.3,0.0,16.2,0.132,20.15,41
-31.7608,149.4523,2012-09-04,310.3,80,12.0,0.0,8.7,0.285,20.64,52
-30.8903,152.066,2012-09-04,301.3,39,9.7,0.0,8.1,0.251,21.05,59
-30.8917,152.0545,2012-09-04,312.3,85,9.2,0.0,8.1,0.251,21.05,59
-29.0261,148.6824,2012-09-04,301.7,43,15.1,0.0,10.5,0.127,21.5,42
-28.6412,152.1929,2012-09-04,309.0,76,11.6,0.0,8.8,0.268,21.48,56
-29.7555,153.2228,2012-09-04,307.3,71,15.4,0.0,19.8,0.1,20.51,71
-29.754,153.2335,2012-09-04,303.6,56,15.6,0.0,19.8,0.1,20.51,71
-30.8259,152.1148,2012-09-04,302.2,51,9.9,0.0,9.7,0.254,21.19,58
-31.4287,152.3248,2012-09-04,303.3,55,13.8,0.0,9.4,0.24,20.42,66
-34.6558,150.6997,2012-09-04,306.4,64,11.7,0.0,12.3,0.24,18.87,56
-34.6499,150.6949,2012-09-04,306.2,61,11.8,0.0,12.3,0.235,18.87,54
-33.9697,149.5003,2012-09-05,351.1,96,10.9,0.0,29.4,0.329,20.2,49
-33.9713,149.4872,2012-09-05,358.3,99,11.4,0.3,29.5,0.329,19.99,49
-37.3008,147.7515,2012-09-05,308.1,67,15.4,2.7,30.6,0.319,16.25,51
-36.4489,149.9778,2012-09-05,317.5,78,16.3,0.0,28.0,0.186,18.35,47
-36.4504,149.9645,2012-09-05,328.2,85,16.5,0.0,28.0,0.101,18.35,44
-36.452,149.951,2012-09-05,308.1,31,16.5,0.0,28.0,0.101,18.35,44
-36.5892,148.5137,2012-09-05,301.4,46,7.2,6.9,36.4,0.403,18.1,64
-36.3819,150.0341,2012-09-05,311.3,54,16.7,0.0,28.0,0.186,18.35,47
-36.372,150.0325,2012-09-05,341.2,80,16.8,0.1,27.4,0.186,18.75,47
-36.3709,150.0404,2012-09-05,329.2,0,16.9,0.1,27.4,0.186,18.75,47
-36.3725,150.0272,2012-09-05,326.5,73,16.7,0.1,27.4,0.186,18.75,47
-36.3845,148.8337,2012-09-05,339.4,91,10.0,4.9,47.1,0.319,18.45,54
-36.3861,148.8186,2012-09-05,316.1,76,9.5,5.6,41.0,0.319,18.2,54
-35.9698,149.1062,2012-09-05,324.5,82,11.3,5.8,46.3,0.261,18.82,54
-35.9595,149.1044,2012-09-05,321.7,51,11.1,5.8,46.3,0.261,18.82,54
-35.7018,150.1194,2012-09-05,312.2,55,17.4,0.2,27.0,0.227,19.06,42
-35.0573,150.6669,2012-09-05,307.3,48,17.0,0.0,24.0,0.19,19.52,48
-34.7571,150.2144,2012-09-05,309.0,66,14.3,0.0,28.0,0.242,19.84,44
-34.6499,150.6913,2012-09-05,316.3,76,13.6,0.0,22.4,0.231,19.91,43
-34.4619,150.8832,2012-09-05,318.2,0,17.6,0.0,31.9,0.195,19.72,49
-34.5811,149.5687,2012-09-05,306.8,59,12.1,0.6,35.1,0.261,19.92,45
-34.5232,148.0801,2012-09-05,305.0,60,13.1,1.7,34.7,0.285,18.44,48
-34.5249,148.0642,2012-09-05,306.5,63,13.4,1.7,34.7,0.285,18.44,48
-33.9721,149.4941,2012-09-05,390.0,100,11.4,0.3,29.5,0.329,19.99,49
-33.9737,149.481,2012-09-05,326.9,84,11.6,0.3,29.5,0.329,19.99,49
-32.6898,151.4062,2012-09-05,313.2,70,16.4,0.0,22.9,0.216,20.2,45
-33.3842,148.2294,2012-09-05,317.3,76,16.1,0.7,34.6,0.237,19.44,38
-33.3768,148.2365,2012-09-05,332.2,87,15.9,0.7,34.6,0.237,19.44,38
-33.3785,148.2218,2012-09-05,324.8,82,16.0,0.7,34.6,0.237,19.44,38
-32.8542,150.789,2012-09-05,311.7,68,16.6,0.0,26.2,0.222,20.41,39
-32.8556,150.7778,2012-09-05,311.7,68,16.4,0.0,25.3,0.222,20.44,38
-32.6912,151.3954,2012-09-05,312.1,68,16.3,0.0,22.9,0.216,20.2,45
-32.8195,150.2781,2012-09-05,313.3,71,11.9,0.0,25.9,0.273,20.49,43
-32.2445,151.8346,2012-09-05,318.4,75,14.4,0.0,15.6,0.27,20.52,50
-31.8393,151.9696,2012-09-05,308.7,32,14.2,0.0,19.2,0.221,20.78,45
-31.8588,151.8323,2012-09-05,315.6,72,14.4,0.0,14.8,0.223,20.62,50
-32.4497,146.3663,2012-09-05,328.4,83,18.3,0.3,39.1,0.13,18.05,28
-32.4515,146.348,2012-09-05,322.1,74,18.7,0.3,39.1,0.114,18.05,27
-31.7981,151.6725,2012-09-05,309.5,54,13.5,0.0,18.9,0.232,20.73,45
-31.789,151.6708,2012-09-05,311.6,64,13.1,0.0,22.7,0.245,20.89,46
-31.6226,151.8104,2012-09-05,305.4,52,12.9,0.0,23.4,0.249,20.95,43
-31.6241,151.7999,2012-09-05,308.0,60,12.6,0.0,25.1,0.247,21.06,43
-31.419,152.5224,2012-09-05,306.4,42,14.4,0.0,14.8,0.223,20.72,54
-31.4363,152.3414,2012-09-05,313.5,30,15.8,0.0,14.5,0.228,20.56,52
-31.4378,152.3308,2012-09-05,319.8,73,15.8,0.0,14.5,0.228,20.56,52
-31.4273,152.3396,2012-09-05,319.9,73,15.9,0.0,14.5,0.228,20.56,52
-31.4288,152.329,2012-09-05,345.4,94,15.5,0.0,13.8,0.236,20.66,49
-31.462,151.7775,2012-09-05,317.0,63,13.4,0.0,22.7,0.247,20.89,44
-31.447,151.7529,2012-09-05,316.4,57,13.0,0.0,23.4,0.247,20.95,44
-31.4485,151.7425,2012-09-05,304.8,28,11.7,0.0,25.1,0.26,21.06,44
-31.426,151.8353,2012-09-05,307.9,59,10.9,0.0,25.3,0.29,21.24,45
-31.4275,151.8248,2012-09-05,308.2,62,11.7,0.0,25.1,0.274,21.06,45
-31.7088,147.8258,2012-09-05,379.7,100,18.2,0.1,35.9,0.199,20.33,32
-31.7103,147.8114,2012-09-05,350.5,96,18.2,0.1,35.9,0.199,20.33,32
-31.6983,147.8242,2012-09-05,374.7,100,18.2,0.1,35.9,0.199,20.33,32
-31.6999,147.8097,2012-09-05,345.1,93,18.2,0.1,35.9,0.199,20.33,32
-31.7023,147.8341,2012-09-05,332.9,86,18.2,0.1,35.9,0.199,20.33,32
-31.704,147.8197,2012-09-05,394.0,100,18.2,0.1,35.9,0.199,20.33,32
-31.1014,152.3681,2012-09-05,313.3,60,13.5,0.0,11.7,0.217,20.97,54
-31.6935,147.8181,2012-09-05,311.6,58,18.2,0.1,35.9,0.199,20.33,32
-31.0924,152.3663,2012-09-05,309.6,47,13.1,0.0,12.9,0.228,21.24,52
-31.0939,152.3557,2012-09-05,312.0,59,13.0,0.0,14.3,0.228,21.12,52
-30.8981,152.0562,2012-09-05,325.9,72,10.2,0.0,25.2,0.247,21.43,49
-30.8891,152.0544,2012-09-05,322.6,74,11.0,0.0,19.2,0.247,21.24,49
-30.8645,152.0324,2012-09-05,319.9,77,13.6,0.0,12.9,0.233,21.24,51
-30.8326,152.187,2012-09-05,306.0,34,9.8,0.0,18.9,0.251,21.33,49
-30.8297,152.1438,2012-09-05,314.2,70,15.1,0.0,11.7,0.233,20.97,51
-30.8312,152.1333,2012-09-05,328.6,84,14.1,0.0,11.7,0.233,20.97,51
-30.8238,152.1209,2012-09-05,326.2,77,11.7,0.0,17.8,0.251,21.32,50
-30.8253,152.1105,2012-09-05,316.0,34,11.4,0.0,17.8,0.251,21.32,50
-30.8163,152.1087,2012-09-05,315.6,57,12.0,0.0,17.8,0.233,21.32,51
-30.8178,152.0982,2012-09-05,313.9,48,10.7,0.0,19.2,0.251,21.24,50
-30.8073,152.1069,2012-09-05,354.4,97,12.7,0.0,12.9,0.233,21.24,51
-30.8088,152.0965,2012-09-05,349.6,95,12.8,0.0,12.9,0.233,21.24,51
-30.6215,152.9883,2012-09-05,317.6,75,16.7,0.0,24.3,0.218,20.63,66
-29.4651,153.0078,2012-09-05,348.0,95,16.5,0.0,20.1,0.228,20.95,62
-29.4559,153.0059,2012-09-05,321.1,78,16.5,0.0,20.1,0.228,20.95,62
-30.1949,152.3881,2012-09-05,307.5,60,10.5,0.0,17.9,0.25,21.36,51
-29.8099,153.0525,2012-09-05,311.2,66,16.7,0.0,19.7,0.111,20.88,63
-29.5935,152.5394,2012-09-05,316.1,72,14.4,0.0,14.4,0.316,21.28,55
-29.4634,153.0186,2012-09-05,321.6,78,16.7,0.0,20.1,0.228,20.95,62
-29.4977,152.1254,2012-09-05,320.7,51,11.4,0.0,17.8,0.342,21.55,48
-29.3375,153.2895,2012-09-05,311.7,65,17.5,0.0,25.3,0.182,20.92,64
-29.3392,153.2785,2012-09-05,306.1,28,17.5,0.0,25.3,0.182,20.92,64
-29.4258,152.6623,2012-09-05,312.6,62,16.0,0.0,16.2,0.227,21.07,59
-29.5051,152.1376,2012-09-05,320.7,31,11.5,0.0,17.8,0.342,21.55,48
-29.4908,152.1184,2012-09-05,326.1,82,10.8,0.0,21.8,0.342,21.6,48
-29.4923,152.1081,2012-09-05,323.8,80,10.6,0.0,21.8,0.342,21.6,48
-29.4818,152.1167,2012-09-05,342.4,92,11.6,0.0,17.8,0.342,21.55,48
-29.4833,152.1063,2012-09-05,332.1,86,11.6,0.0,17.8,0.342,21.55,48
-29.1872,152.7267,2012-09-05,318.2,75,14.3,0.0,14.4,0.23,21.28,58
-29.0992,151.9004,2012-09-05,314.4,41,12.0,0.0,15.6,0.235,21.55,49
-29.0917,151.8883,2012-09-05,316.1,55,11.8,0.0,15.6,0.235,21.55,49
-28.9652,152.4886,2012-09-05,309.5,31,13.0,0.0,15.6,0.321,21.68,52
-28.9667,152.4783,2012-09-05,317.2,72,14.5,0.0,14.8,0.225,21.48,55
-28.7778,152.1376,2012-09-05,314.0,67,12.3,0.0,15.4,0.264,21.62,56
-28.7793,152.1272,2012-09-05,306.5,29,11.8,0.0,15.4,0.264,21.62,56
-28.9225,151.0162,2012-09-05,333.8,87,14.5,0.0,17.3,0.188,21.35,51
-28.9239,151.0059,2012-09-05,320.1,75,14.4,0.0,17.3,0.188,21.35,51
-28.9154,151.0091,2012-09-05,313.0,62,14.5,0.0,17.3,0.188,21.35,51
-28.7658,151.7903,2012-09-05,319.4,75,12.8,0.0,19.2,0.197,21.63,53
-28.7673,151.7801,2012-09-05,313.8,66,14.0,0.0,19.2,0.164,21.63,52
-28.599,152.6479,2012-09-05,312.0,65,14.9,0.0,16.6,0.22,21.51,63
-28.5719,152.3424,2012-09-05,306.1,33,14.2,0.0,15.1,0.241,21.65,61
-28.8332,148.9992,2012-09-05,319.2,70,17.5,0.0,28.8,0.096,21.41,39
-28.8346,148.9878,2012-09-05,320.1,71,17.6,0.0,28.8,0.096,21.41,39
-28.8395,148.5315,2012-09-05,318.8,69,18.3,0.0,31.3,0.074,21.39,36
-28.1798,151.1332,2012-09-05,312.8,47,15.8,0.0,18.8,0.176,21.65,50
-28.3026,149.3745,2012-09-05,323.2,75,17.5,0.0,26.7,0.183,21.66,40
-30.8115,152.1111,2012-09-05,300.5,28,13.6,0.0,12.9,0.233,21.24,51
-30.9056,152.0392,2012-09-05,303.2,54,11.4,0.0,17.8,0.249,21.32,50
-31.422,152.3427,2012-09-05,302.1,47,16.1,0.0,14.5,0.228,20.56,52
-29.4948,152.1277,2012-09-05,300.7,32,11.0,0.0,17.8,0.342,21.55,48
-30.8148,152.1225,2012-09-05,300.1,18,12.9,0.0,12.9,0.233,21.24,51
-31.414,151.8414,2012-09-05,301.2,38,13.4,0.0,22.7,0.23,20.89,45
-30.8179,152.1304,2012-09-05,300.3,15,13.7,0.0,11.7,0.233,20.97,51
-30.8934,152.0506,2012-09-05,309.9,79,10.2,0.0,25.2,0.247,21.43,49
-30.8952,152.0442,2012-09-05,302.5,21,10.5,0.0,19.2,0.268,21.24,48
-29.4611,153.0159,2012-09-05,302.2,48,16.7,0.0,20.1,0.228,20.95,62
-29.4918,152.1116,2012-09-05,326.3,100,10.7,0.0,21.8,0.342,21.6,48
-31.0924,152.3676,2012-09-05,300.9,36,13.6,0.0,11.7,0.218,20.97,54
-30.1923,152.3834,2012-09-06,309.9,68,14.3,0.0,23.7,0.247,20.95,55
-30.6213,152.988,2012-09-06,310.6,69,19.7,0.0,20.2,0.214,20.33,57
-30.8063,152.0939,2012-09-06,325.0,82,17.6,0.0,22.4,0.229,20.81,49
-30.8078,152.1062,2012-09-06,329.0,85,17.2,0.0,22.4,0.229,20.81,49
-30.8222,152.1423,2012-09-06,314.2,30,19.5,0.0,18.9,0.229,20.54,50
-30.8415,152.1387,2012-09-06,320.1,79,19.3,0.0,18.9,0.229,20.54,50
-30.8431,152.1511,2012-09-06,311.2,35,19.3,0.0,18.9,0.242,20.54,51
-30.8583,152.0372,2012-09-06,312.2,65,19.7,0.0,22.4,0.229,20.81,50
-30.892,152.0479,2012-09-06,327.1,84,14.9,0.0,25.6,0.264,20.8,52
-30.9017,152.0463,2012-09-06,321.1,79,14.3,0.0,30.3,0.246,20.93,53
-31.0922,152.362,2012-09-06,306.4,36,17.6,0.0,22.4,0.214,20.81,47
-31.0941,152.3687,2012-09-06,305.8,56,17.6,0.0,18.9,0.213,20.54,48
-31.4051,152.5085,2012-09-06,305.7,53,18.8,0.0,15.6,0.222,20.26,46
-31.4146,151.8387,2012-09-06,305.3,56,17.5,0.0,25.4,0.222,20.54,45
-31.4241,151.8361,2012-09-06,301.8,19,15.2,0.0,28.2,0.269,20.67,50
-31.9088,151.664,2012-09-06,311.7,54,18.5,0.0,22.3,0.225,20.39,42
-31.9184,151.6622,2012-09-06,311.4,54,17.7,0.0,24.2,0.236,20.39,44
-31.7022,147.8288,2012-09-06,327.9,82,18.8,0.0,23.0,0.198,20.94,26
-31.7005,147.8179,2012-09-06,323.6,79,18.8,0.0,23.0,0.198,20.94,26
-28.2891,149.3621,2012-09-06,316.8,66,20.6,0.0,23.8,0.183,21.1,46
-28.9599,152.4511,2012-09-06,315.0,72,16.9,0.0,18.1,0.267,21.21,56
-28.9659,152.4986,2012-09-06,306.5,49,17.3,0.0,17.1,0.222,21.12,55
-28.7363,147.1345,2012-09-06,334.0,86,21.4,0.0,25.3,0.105,21.23,30
-29.6166,153.1569,2012-09-06,304.1,47,19.7,0.0,23.2,0.156,20.58,54
-29.4931,152.0991,2012-09-06,309.9,65,14.3,0.0,23.2,0.339,21.07,58
-29.4946,152.1106,2012-09-06,324.6,82,14.1,0.0,23.2,0.339,21.07,58
-29.1146,147.1861,2012-09-06,361.1,100,21.0,0.0,27.2,0.176,21.22,29
-29.1241,147.1841,2012-09-06,324.9,77,21.0,0.0,27.2,0.176,21.22,29
-32.3455,147.6927,2012-09-06,332.1,86,17.5,0.0,20.2,0.111,20.69,31
-32.3473,147.7036,2012-09-06,313.5,68,17.6,0.0,20.2,0.111,20.69,31
-32.7627,146.6274,2012-09-06,307.7,57,15.9,0.0,20.1,0.141,20.34,32
-33.8471,150.8917,2012-09-06,307.9,38,19.7,0.0,29.8,0.12,20.24,31
-34.463,150.8808,2012-09-06,313.9,65,19.2,0.0,31.1,0.184,19.92,41
-34.4646,150.893,2012-09-06,310.3,0,19.2,0.0,31.1,0.184,19.92,41
-35.7099,150.1238,2012-09-06,306.0,52,16.9,0.0,29.5,0.223,18.94,48
-35.7193,150.122,2012-09-06,303.6,30,16.7,0.0,29.5,0.223,18.94,48
-36.3694,150.0417,2012-09-06,328.3,0,17.2,0.0,28.5,0.182,18.75,44
-35.7709,145.5717,2012-09-06,320.6,76,14.4,0.0,29.5,0.195,10.16,52
-36.7886,149.8921,2012-09-06,309.2,68,16.4,0.0,27.5,0.237,18.55,42
-36.9548,149.9106,2012-09-06,305.4,0,17.7,0.0,26.8,0.205,18.06,45
-36.7999,149.8895,2012-09-06,302.9,54,16.6,0.0,27.5,0.237,18.55,42
-35.4323,143.7063,2012-09-06,317.9,76,14.7,1.3,31.4,0.309,10.4,55
-34.9729,145.9669,2012-09-06,310.4,52,14.1,0.0,24.3,0.196,10.74,51
-36.3709,150.0254,2012-09-06,305.4,46,17.0,0.0,28.5,0.182,18.75,44
-35.4191,145.534,2012-09-06,324.0,82,14.6,0.0,30.4,0.187,10.54,51
-34.4557,146.1524,2012-09-06,323.4,81,14.0,0.0,23.7,0.2,13.31,50
-34.1924,146.1837,2012-09-06,322.5,80,14.3,0.0,21.7,0.209,15.14,48
-34.195,146.1693,2012-09-06,334.5,88,14.3,0.0,21.7,0.209,15.14,48
-30.9059,152.047,2012-09-06,306.5,34,15.0,0.0,25.6,0.264,20.8,52
-32.2716,145.8593,2012-09-06,317.5,68,16.0,0.0,23.1,0.124,20.48,29
-32.2743,145.8447,2012-09-06,311.8,33,16.0,0.0,23.1,0.116,20.48,29
-32.2669,145.8514,2012-09-06,313.7,40,16.0,0.0,23.1,0.124,20.48,29
-30.8027,152.0941,2012-09-06,309.5,60,18.1,0.0,22.4,0.229,20.81,49
-30.9005,152.0414,2012-09-06,311.4,64,15.9,0.0,25.6,0.233,20.8,52
-31.7055,147.8115,2012-09-06,320.3,75,18.8,0.0,23.0,0.198,20.94,26
-31.7017,147.8311,2012-09-06,317.4,71,18.8,0.0,23.0,0.198,20.94,26
-30.8121,152.0892,2012-09-06,310.8,63,16.0,0.0,25.8,0.247,20.88,49
-31.6979,147.8164,2012-09-06,321.1,76,18.8,0.0,23.0,0.198,20.94,26
-31.7098,147.8196,2012-09-06,315.5,68,18.8,0.0,23.0,0.198,20.94,26
-28.7386,147.13,2012-09-06,318.7,66,21.4,0.0,25.3,0.105,21.23,30
-31.0877,152.3689,2012-09-06,304.2,59,17.5,0.0,22.4,0.214,20.81,47
-30.8916,152.0412,2012-09-06,309.7,78,16.5,0.0,22.1,0.245,20.69,50
-28.9555,152.4506,2012-09-06,300.6,30,17.3,0.0,17.1,0.222,21.12,55
-30.7906,152.1156,2012-09-06,318.4,97,17.3,0.0,22.4,0.229,20.81,49
-30.7971,152.1077,2012-09-06,308.3,74,17.3,0.0,22.4,0.229,20.81,49
-30.8849,152.0408,2012-09-06,303.7,26,16.7,0.0,22.1,0.245,20.69,50
-30.8867,152.0575,2012-09-06,314.0,88,16.0,0.0,25.6,0.247,20.8,49
-30.883,152.0537,2012-09-06,314.1,89,17.3,0.0,22.4,0.226,20.81,49
-30.8944,152.0496,2012-09-06,303.7,50,14.5,0.0,30.3,0.246,20.93,53
-31.0749,152.3604,2012-09-06,301.4,41,17.3,0.0,22.4,0.214,20.81,47
-31.0769,152.3808,2012-09-06,304.0,58,17.9,0.0,18.9,0.217,20.54,48
-35.5636,150.0957,2012-09-06,302.0,46,15.9,0.1,34.8,0.227,19.21,49
-35.5653,150.1126,2012-09-06,301.6,43,16.0,0.1,34.8,0.227,19.21,49
-30.8895,152.0508,2012-09-06,311.2,46,14.8,0.0,30.3,0.244,20.93,49
-31.6972,147.8315,2012-09-07,306.9,64,14.4,0.0,28.6,0.197,17.47,32
-36.3683,150.0257,2012-09-07,309.4,52,14.2,0.0,28.1,0.178,18.11,44
-32.1685,151.8927,2012-09-07,310.6,33,15.3,0.0,27.7,0.253,19.86,46
-32.1585,151.891,2012-09-07,322.7,81,15.2,0.0,27.7,0.253,19.86,46
-31.8652,152.2324,2012-09-07,317.9,59,17.0,0.0,25.6,0.226,20.29,44
-31.8631,152.2393,2012-09-07,311.5,69,16.8,0.0,25.6,0.226,20.29,44
-31.8646,152.2267,2012-09-07,323.0,81,17.0,0.0,25.6,0.226,20.29,44
-31.8549,152.2251,2012-09-07,326.2,84,17.1,0.0,22.0,0.226,20.49,44
-31.9255,151.6366,2012-09-07,307.4,48,13.7,0.6,29.4,0.235,19.33,42
-31.7847,152.4757,2012-09-07,323.0,81,18.4,0.0,22.0,0.207,20.49,45
-31.4035,152.5224,2012-09-07,314.7,39,16.8,0.0,21.1,0.217,20.71,45
-31.4049,152.5105,2012-09-07,319.8,79,17.0,0.0,21.1,0.214,20.71,45
-31.4064,152.4987,2012-09-07,317.8,67,16.8,0.0,21.1,0.227,20.71,47
-31.3808,152.6268,2012-09-07,326.6,84,18.0,0.0,24.1,0.203,20.53,45
-31.3823,152.6151,2012-09-07,311.6,60,17.0,0.0,21.1,0.219,20.71,46
-31.3728,152.6134,2012-09-07,314.9,74,17.8,0.0,21.0,0.203,20.75,45
-31.36,152.288,2012-09-07,308.3,65,16.5,0.0,21.9,0.226,21.0,47
-31.4152,151.8301,2012-09-07,307.7,63,13.3,0.5,32.2,0.264,19.34,42
-31.4167,151.8176,2012-09-07,315.2,74,13.1,0.5,32.2,0.264,19.34,42
-31.3587,151.7123,2012-09-07,302.4,43,12.0,0.0,31.7,0.281,19.76,43
-31.0857,152.372,2012-09-07,320.0,78,16.5,0.0,21.9,0.209,21.0,45
-30.9883,152.4935,2012-09-07,356.9,98,17.5,0.0,21.9,0.213,21.0,45
-30.9897,152.4819,2012-09-07,329.9,48,16.8,0.0,21.9,0.225,21.0,45
-30.9788,152.4917,2012-09-07,344.9,86,17.2,0.0,21.9,0.213,21.0,45
-31.1291,150.6813,2012-09-07,310.0,27,13.5,0.0,34.6,0.157,19.04,48
-30.9048,152.0341,2012-09-07,323.6,72,16.8,0.0,23.8,0.226,20.97,43
-30.895,152.0327,2012-09-07,333.7,86,15.3,0.0,22.7,0.242,20.92,44
-30.8824,152.0557,2012-09-07,343.5,89,15.9,0.0,23.8,0.223,20.97,43
-30.8838,152.0436,2012-09-07,341.5,89,15.0,0.0,26.8,0.242,20.28,44
-30.8791,152.0604,2012-09-07,321.9,65,17.3,0.0,23.8,0.226,20.97,43
-30.8806,152.0484,2012-09-07,333.6,88,16.6,0.0,23.8,0.226,20.97,43
-30.8821,152.0358,2012-09-07,316.6,34,17.2,0.0,23.8,0.226,20.97,43
-30.853,152.0307,2012-09-07,321.6,79,17.2,0.0,23.8,0.226,20.97,43
-30.8544,152.0195,2012-09-07,313.2,65,15.9,0.0,23.8,0.242,20.97,44
-30.83,152.1382,2012-09-07,313.3,66,18.1,0.0,21.9,0.226,21.0,43
-30.8314,152.1266,2012-09-07,311.9,62,17.0,0.0,21.9,0.226,21.0,43
-30.7925,152.1211,2012-09-07,386.6,100,15.7,0.0,26.8,0.226,20.28,43
-30.7941,152.1086,2012-09-07,376.2,100,16.4,0.0,23.8,0.226,20.97,43
-30.7955,152.0963,2012-09-07,347.3,95,17.1,0.0,23.8,0.226,20.97,43
-30.783,152.1186,2012-09-07,313.6,71,17.5,0.0,23.8,0.226,20.97,43
-30.7844,152.1066,2012-09-07,346.0,94,17.8,0.0,23.8,0.226,20.97,43
-30.7859,152.0947,2012-09-07,357.4,99,17.0,0.0,23.8,0.226,20.97,43
-30.7831,152.1014,2012-09-07,326.8,79,16.0,0.0,23.8,0.226,20.97,43
-30.7846,152.0894,2012-09-07,326.1,78,16.1,0.0,23.8,0.226,20.97,43
-30.6227,152.986,2012-09-07,317.9,76,19.2,0.0,15.5,0.21,20.27,51
-30.6241,152.9748,2012-09-07,337.5,90,19.2,0.0,15.5,0.21,20.27,52
-30.497,152.3008,2012-09-07,355.1,98,13.2,0.0,29.8,0.244,20.04,44
-30.4985,152.2892,2012-09-07,345.0,94,13.0,0.0,29.8,0.252,20.04,45
-30.4875,152.2993,2012-09-07,346.6,94,13.4,0.0,29.8,0.233,20.04,45
-30.4889,152.2875,2012-09-07,357.6,99,13.0,0.0,29.8,0.244,20.04,44
-30.4827,152.3038,2012-09-07,304.0,40,13.3,0.0,29.8,0.252,20.04,45
-30.4842,152.292,2012-09-07,347.0,95,13.4,0.0,29.8,0.233,20.04,45
-30.4857,152.28,2012-09-07,303.9,47,13.4,0.0,29.8,0.244,20.04,44
-30.036,152.4045,2012-09-07,316.9,75,15.9,0.0,22.7,0.311,20.59,44
-29.8268,153.0511,2012-09-07,323.1,46,20.5,0.0,22.4,0.105,20.52,42
-29.8176,153.0495,2012-09-07,331.7,84,19.7,0.0,22.4,0.189,20.52,45
-29.6013,152.5318,2012-09-07,321.1,57,18.3,0.0,21.6,0.254,20.75,47
-29.6027,152.5209,2012-09-07,329.0,84,17.5,0.0,19.7,0.31,20.96,48
-29.458,152.9957,2012-09-07,314.3,69,20.6,0.0,20.9,0.221,20.47,43
-29.4567,152.7162,2012-09-07,316.9,57,19.4,0.0,20.3,0.217,20.71,45
-29.4531,152.6703,2012-09-07,317.4,63,19.6,0.0,20.9,0.217,20.47,45
-29.4545,152.6593,2012-09-07,319.6,75,19.5,0.0,20.3,0.217,20.71,45
-29.4423,152.6799,2012-09-07,336.9,89,19.5,0.0,20.3,0.22,20.71,45
-29.4438,152.6688,2012-09-07,361.7,100,19.6,0.0,20.3,0.22,20.71,45
-29.4452,152.6578,2012-09-07,319.1,51,19.0,0.0,20.3,0.22,20.71,44
-29.1913,152.7213,2012-09-07,315.8,71,18.7,0.0,19.7,0.222,20.96,42
-28.9635,152.4275,2012-09-07,325.3,80,17.7,0.0,20.9,0.264,20.83,44
-28.9621,152.4386,2012-09-07,344.1,93,17.6,0.0,20.9,0.264,20.83,44
-28.9579,152.4712,2012-09-07,322.7,65,19.4,0.0,20.9,0.218,20.5,44
-28.9565,152.4823,2012-09-07,321.2,43,19.3,0.0,20.9,0.218,20.5,44
-28.9715,152.4402,2012-09-07,322.8,55,17.5,0.0,20.9,0.264,20.83,44
-28.9938,152.4891,2012-09-07,316.8,71,17.4,0.0,20.9,0.315,20.83,44
-28.9924,152.5,2012-09-07,313.3,65,18.0,0.0,20.9,0.264,20.83,44
-29.2163,152.7477,2012-09-07,309.5,57,19.3,0.0,19.9,0.216,20.66,43
-28.3006,149.3724,2012-09-07,333.7,85,20.4,0.0,25.3,0.183,18.75,34
-28.3023,149.3569,2012-09-07,316.9,61,20.3,0.0,25.3,0.183,18.75,34
-34.4581,150.8843,2012-09-07,303.1,53,15.4,0.3,36.2,0.179,18.66,45
-34.7511,150.2198,2012-09-07,305.0,62,10.8,1.2,35.5,0.242,16.34,50
-32.4563,151.9451,2012-09-07,305.4,64,15.5,0.0,29.9,0.235,19.63,44
-31.8888,146.5344,2012-09-07,303.3,54,13.3,0.0,28.5,0.169,17.25,37
-30.8907,152.0378,2012-09-07,310.0,44,15.6,0.0,23.8,0.242,20.97,44
-30.8768,152.0525,2012-09-07,305.4,39,17.3,0.0,23.8,0.226,20.97,43
-30.8796,152.0371,2012-09-07,311.3,80,17.4,0.0,23.8,0.226,20.97,43
-30.875,152.0459,2012-09-07,307.3,48,17.6,0.0,23.8,0.226,20.97,43
-30.7799,152.1355,2012-09-07,314.2,54,17.8,0.0,21.9,0.226,21.0,43
-28.9536,152.4761,2012-09-07,301.4,10,19.5,0.0,19.9,0.199,20.66,46
-30.9952,152.4744,2012-09-07,301.5,18,16.7,0.0,21.9,0.209,21.0,45
-31.3745,152.6159,2012-09-07,300.3,24,17.8,0.0,21.0,0.203,20.75,45
-31.8518,152.2187,2012-09-07,304.5,60,16.8,0.0,25.6,0.226,20.29,44
-31.8491,152.2337,2012-09-07,311.8,83,16.9,0.0,23.5,0.208,20.47,43
-31.8542,152.225,2012-09-07,318.0,96,17.1,0.0,22.0,0.226,20.49,44
-31.8514,152.2399,2012-09-07,304.6,61,15.8,0.0,23.5,0.222,20.47,42
-32.0052,152.334,2012-09-07,304.3,59,16.7,0.0,25.6,0.241,20.29,44
-30.9698,152.4867,2012-09-07,314.4,48,18.2,0.0,21.3,0.195,20.71,47
-30.9809,152.489,2012-09-07,309.0,57,17.3,0.0,21.9,0.213,21.0,45
-30.9673,152.497,2012-09-07,327.4,100,18.2,0.0,21.0,0.196,20.75,45
-30.9666,152.5033,2012-09-07,325.1,100,18.3,0.0,21.3,0.195,20.71,47
-30.7841,152.1397,2012-09-07,310.1,48,17.2,0.0,21.9,0.226,21.0,43
-30.9654,152.5022,2012-09-07,301.7,43,18.3,0.0,21.3,0.195,20.71,47
-30.7791,152.1161,2012-09-07,319.3,98,18.0,0.0,23.8,0.226,20.97,43
-30.7746,152.0948,2012-09-07,305.7,55,15.6,0.0,26.8,0.226,20.28,43
-29.324,153.2976,2012-09-07,305.5,59,21.6,0.0,21.5,0.174,20.17,46
-29.1587,152.7325,2012-09-07,303.9,52,18.1,0.0,19.7,0.222,20.96,42
-28.9957,152.5018,2012-09-07,303.7,32,18.3,0.0,19.9,0.218,20.91,44
-28.9942,152.4916,2012-09-07,303.4,22,17.6,0.0,20.9,0.264,20.83,44
-28.2133,152.3851,2012-09-07,315.6,59,17.1,0.0,24.1,0.244,20.53,52
-28.2196,152.4262,2012-09-07,304.3,35,16.2,0.0,24.1,0.254,20.53,52
-28.2224,152.3836,2012-09-07,312.3,37,15.4,0.0,24.1,0.254,20.53,51
-28.9684,152.4437,2012-09-07,319.1,56,17.6,0.0,20.9,0.264,20.83,44
-29.5881,152.5247,2012-09-07,314.8,57,18.6,0.0,19.9,0.212,20.66,47
-28.97,152.454,2012-09-07,316.6,43,18.0,0.0,20.9,0.264,20.83,44
-29.5898,152.5986,2012-09-07,309.5,66,17.7,0.0,19.7,0.254,20.96,47
-29.6277,153.1696,2012-09-07,303.9,43,20.9,0.0,23.2,0.153,20.33,44
-29.4143,152.7184,2012-09-07,305.2,58,18.8,0.0,20.3,0.22,20.71,44
-31.4744,151.7805,2012-09-08,303.4,56,10.5,0.0,22.0,0.234,21.29,49
-31.6471,151.7608,2012-09-08,345.1,94,12.6,0.0,20.0,0.215,21.08,44
-31.7817,152.4875,2012-09-08,309.2,68,16.0,0.0,16.6,0.201,20.89,38
-31.7705,152.2834,2012-09-08,303.2,50,14.5,0.0,18.4,0.226,20.97,40
-31.8469,152.2402,2012-09-08,319.0,79,14.3,0.0,18.4,0.205,20.97,40
-32.0081,152.3329,2012-09-08,307.7,66,14.2,0.0,19.5,0.237,20.79,40
-32.0097,152.3434,2012-09-08,343.1,93,13.6,0.0,18.4,0.238,20.97,40
-31.9272,151.6678,2012-09-08,307.0,60,12.6,0.0,20.0,0.217,21.08,45
-32.156,151.9033,2012-09-08,310.3,67,13.9,0.0,22.0,0.249,20.7,44
-32.165,151.9015,2012-09-08,330.2,87,13.7,0.0,22.0,0.249,20.7,44
-32.2213,151.6,2012-09-08,311.6,71,13.1,0.0,23.4,0.23,20.77,46
-32.2229,151.6106,2012-09-08,326.2,84,12.9,0.0,23.4,0.23,20.77,45
-32.2319,151.6087,2012-09-08,312.1,72,13.4,0.0,26.6,0.232,20.65,47
-33.1121,151.1528,2012-09-08,300.8,40,13.1,0.0,22.2,0.18,20.39,45
-33.1228,151.1617,2012-09-08,301.4,47,13.1,0.0,22.2,0.18,20.39,45
-29.8139,152.6812,2012-09-08,310.0,68,16.7,0.0,12.8,0.198,21.84,36
-29.8728,153.0845,2012-09-08,307.0,64,16.4,0.0,13.9,0.168,21.74,45
-29.8743,153.0949,2012-09-08,305.2,59,16.3,0.0,13.9,0.168,21.74,45
-29.9088,153.1418,2012-09-08,313.0,73,16.2,0.0,13.9,0.168,21.74,45
-30.0294,152.3979,2012-09-08,318.3,78,13.1,0.0,19.7,0.308,22.05,34
-30.4919,152.2879,2012-09-08,303.5,26,8.9,0.0,23.6,0.248,22.14,44
-30.5025,152.2965,2012-09-08,308.8,67,8.9,0.0,23.6,0.248,22.14,44
-30.504,152.3069,2012-09-08,302.5,43,9.1,0.0,23.6,0.241,22.14,44
-30.7763,152.0949,2012-09-08,337.9,91,11.2,0.0,20.5,0.24,21.84,43
-30.7779,152.1052,2012-09-08,324.0,46,12.0,0.0,18.4,0.223,21.77,43
-30.7826,152.1365,2012-09-08,323.3,81,12.7,0.0,13.8,0.223,21.46,44
-30.7929,152.0855,2012-09-08,328.1,85,12.2,0.0,18.4,0.223,21.77,44
-30.7944,152.0959,2012-09-08,321.6,73,12.9,0.0,18.4,0.223,21.77,44
-30.8497,152.0311,2012-09-08,310.4,25,13.7,0.0,18.4,0.223,21.77,44
-30.8571,152.0191,2012-09-08,315.9,70,10.4,0.0,20.5,0.239,21.84,46
-30.9734,152.4949,2012-09-08,327.0,54,15.1,0.0,12.4,0.209,21.29,41
-30.9809,152.4827,2012-09-08,323.5,21,15.2,0.0,12.4,0.209,21.29,41
-30.9248,152.0422,2012-09-08,311.2,47,11.9,0.0,18.4,0.223,21.77,43
-30.9899,152.481,2012-09-08,322.1,38,14.1,0.0,13.8,0.209,21.46,40
-31.0768,152.3828,2012-09-08,308.9,68,14.2,0.0,13.8,0.206,21.46,41
-31.0858,152.381,2012-09-08,302.9,44,14.5,0.0,13.8,0.209,21.46,40
-31.3837,152.5306,2012-09-08,307.2,28,15.8,0.0,11.4,0.194,21.14,39
-31.3912,152.5183,2012-09-08,306.4,46,14.8,0.0,15.8,0.194,21.1,39
-31.3927,152.5288,2012-09-08,304.5,40,14.3,0.0,15.8,0.223,21.1,41
-31.5053,152.5486,2012-09-08,304.9,52,14.6,0.0,15.8,0.215,21.1,40
-31.4087,151.8324,2012-09-08,303.5,46,10.6,0.0,22.0,0.234,21.29,49
-31.4161,151.8203,2012-09-08,302.9,53,8.8,0.0,21.6,0.26,21.61,50
-31.4729,151.7701,2012-09-08,302.4,47,9.0,0.0,23.0,0.261,21.41,51
-34.9654,150.4991,2012-09-08,322.4,82,12.2,0.0,28.9,0.213,16.64,55
-33.6728,150.9666,2012-09-08,304.2,58,13.4,0.0,22.6,0.188,20.23,47
-34.4624,150.8805,2012-09-08,309.8,60,14.0,0.0,30.0,0.176,19.2,52
-34.464,150.8914,2012-09-08,306.1,0,14.0,0.0,30.0,0.176,19.2,52
-34.4701,150.8829,2012-09-08,308.4,0,14.0,0.0,30.0,0.176,19.2,52
-35.3545,144.3161,2012-09-08,340.7,92,12.2,0.0,26.7,0.311,11.7,62
-33.7029,151.2476,2012-09-08,336.6,83,14.2,0.0,24.1,0.173,20.1,47
-33.7067,151.2283,2012-09-08,311.6,49,13.7,0.0,21.8,0.173,20.37,47
-33.6913,151.2439,2012-09-08,312.4,54,13.8,0.0,21.8,0.173,20.37,47
-33.5973,150.9354,2012-09-08,313.0,56,13.6,0.0,21.8,0.192,20.37,49
-33.6025,150.9316,2012-09-08,311.5,71,13.5,0.0,21.8,0.192,20.37,49
-33.1243,151.1638,2012-09-08,317.8,78,13.1,0.0,22.2,0.18,20.39,45
-33.1281,151.1447,2012-09-08,338.2,91,13.0,0.0,21.3,0.161,20.28,46
-33.1125,151.1607,2012-09-08,312.0,58,13.6,0.0,22.2,0.18,20.39,45
-33.1164,151.1412,2012-09-08,345.4,94,12.9,0.0,22.2,0.161,20.39,46
-32.7428,151.9912,2012-09-08,308.6,51,15.8,0.0,32.1,0.044,20.29,47
-32.495,151.9047,2012-09-08,303.3,56,13.9,0.0,24.9,0.231,20.51,43
-32.2373,151.5993,2012-09-08,303.8,51,13.4,0.0,26.6,0.23,20.65,46
-32.0167,152.3437,2012-09-08,304.0,49,13.5,0.0,18.4,0.238,20.97,40
-32.0089,152.3362,2012-09-08,313.9,74,14.5,0.0,19.5,0.237,20.79,40
-32.7705,146.6185,2012-09-08,326.7,80,11.4,0.0,22.9,0.139,16.51,53
-31.6468,151.7644,2012-09-08,307.3,55,11.7,0.0,22.3,0.225,20.98,47
-31.6474,151.7581,2012-09-08,306.5,59,12.9,0.0,20.0,0.215,21.08,44
-31.473,151.7684,2012-09-08,302.0,49,8.9,0.0,23.0,0.246,21.41,51
-31.4744,151.7601,2012-09-08,303.0,55,8.3,0.0,21.5,0.277,21.44,54
-30.994,152.4714,2012-09-08,311.1,51,15.0,0.0,12.4,0.209,21.29,41
-30.9257,152.0426,2012-09-08,308.7,53,12.2,0.0,18.4,0.223,21.77,44
-30.9303,152.0204,2012-09-08,312.2,68,11.1,0.0,18.4,0.239,21.77,46
-30.8994,152.036,2012-09-08,344.3,93,11.1,0.0,18.4,0.239,21.77,46
-30.9037,152.0157,2012-09-08,346.8,95,13.5,0.0,18.4,0.223,21.77,44
-30.886,152.0338,2012-09-08,332.6,88,12.2,0.0,18.4,0.223,21.77,44
-30.8907,152.0117,2012-09-08,315.8,65,13.4,0.0,18.4,0.223,21.77,44
-30.7916,152.1015,2012-09-08,307.4,10,13.0,0.0,18.4,0.223,21.77,44
-30.7972,152.0748,2012-09-08,315.7,67,11.4,0.0,20.5,0.24,21.84,43
-30.7786,152.0968,2012-09-08,311.2,34,11.1,0.0,20.5,0.24,21.84,43
-30.0348,152.4,2012-09-08,303.1,42,13.1,0.0,19.7,0.308,22.05,34
-30.021,152.3963,2012-09-08,307.3,63,13.0,0.0,19.7,0.308,22.05,34
-30.0296,152.39,2012-09-08,314.9,74,12.8,0.0,19.7,0.308,22.05,34
-29.8289,153.0492,2012-09-08,308.2,65,16.3,0.0,13.9,0.185,21.74,43
-30.8843,146.1171,2012-09-08,313.8,61,13.2,0.0,18.3,0.134,21.0,46
-29.3271,153.2902,2012-09-08,316.8,71,17.6,0.0,16.7,0.17,21.92,42
-29.3453,151.9002,2012-09-08,334.4,88,10.4,0.0,19.8,0.293,22.36,42
-29.3503,151.8763,2012-09-08,306.7,53,10.6,0.0,19.3,0.187,22.4,44
-28.9664,151.9336,2012-09-08,333.3,87,11.2,0.0,19.0,0.151,22.52,40
-28.9716,151.9088,2012-09-08,310.8,64,11.4,0.0,19.0,0.113,22.52,40
-28.2247,152.3691,2012-09-08,307.4,46,12.8,0.0,22.9,0.25,22.76,33
-28.9691,152.4559,2012-09-08,300.5,29,15.3,0.0,15.7,0.26,22.6,32
-28.2024,152.4141,2012-09-08,305.0,62,14.4,0.0,19.3,0.25,22.78,33
-28.2171,152.3771,2012-09-08,304.1,58,14.8,0.0,19.3,0.239,22.78,32
-29.0056,152.5108,2012-09-08,303.8,54,16.2,0.0,15.4,0.215,22.44,32
-28.9663,151.9446,2012-09-08,303.0,53,11.0,0.0,19.0,0.151,22.52,40
-30.0222,152.4184,2012-09-08,301.9,45,13.0,0.0,19.7,0.308,22.05,34
-30.7912,152.0845,2012-09-08,305.1,63,13.0,0.0,18.4,0.223,21.77,44
-30.7935,152.078,2012-09-08,310.7,81,11.7,0.0,18.4,0.223,21.77,43
-30.8885,152.0313,2012-09-08,301.0,30,10.9,0.0,17.4,0.239,21.59,46
-30.9936,152.4803,2012-09-08,304.6,61,13.9,0.0,13.8,0.206,21.46,41
-31.5556,152.3354,2012-09-08,303.8,57,15.2,0.0,16.6,0.226,20.89,40
-31.6368,151.771,2012-09-08,302.0,46,11.2,0.0,21.8,0.225,21.19,46
-33.1287,149.7426,2012-09-08,307.7,72,6.2,0.0,29.5,0.289,11.35,70
-33.9929,150.9399,2012-09-08,301.9,45,13.6,0.0,23.4,0.177,19.82,49
-28.7374,147.1263,2012-09-09,316.6,70,14.6,0.0,14.3,0.105,22.09,48
-28.7391,147.1421,2012-09-09,324.3,79,14.6,0.0,14.3,0.105,22.09,48
-32.2695,148.6266,2012-09-09,307.2,62,12.7,0.0,17.4,0.167,21.1,59
-32.7442,151.9801,2012-09-09,315.9,0,14.0,0.0,19.9,0.043,20.37,67
-32.2409,151.8377,2012-09-09,308.7,65,13.4,0.0,14.1,0.235,20.84,61
-32.6144,147.0229,2012-09-09,307.5,61,12.4,0.0,16.4,0.101,19.62,56
-32.2779,151.8891,2012-09-09,306.1,59,14.0,0.0,14.1,0.242,20.84,61
-32.7463,151.977,2012-09-09,310.4,0,14.0,0.0,19.9,0.043,20.37,67
-33.1443,149.7255,2012-09-09,308.7,67,8.3,0.0,22.1,0.257,20.21,71
-33.1422,149.7523,2012-09-09,308.3,67,9.5,0.0,19.4,0.274,20.06,70
-33.148,149.7328,2012-09-09,312.0,72,8.4,0.0,22.1,0.257,20.21,71
-33.146,151.1304,2012-09-09,312.5,45,13.2,0.0,13.7,0.159,20.51,60
-33.1308,151.1338,2012-09-09,309.0,45,13.1,0.0,13.7,0.159,20.51,60
-33.1438,151.1351,2012-09-09,311.2,69,13.2,0.0,13.7,0.159,20.51,60
-33.2632,151.4075,2012-09-09,305.9,28,14.6,0.0,19.8,0.186,20.47,60
-33.2759,151.4092,2012-09-09,319.5,75,14.6,0.0,19.8,0.186,20.47,60
-33.2752,151.4138,2012-09-09,318.6,73,14.6,0.0,19.8,0.186,20.47,60
-33.7168,150.4629,2012-09-09,300.1,28,11.5,0.0,19.9,0.213,20.17,59
-33.7232,150.4682,2012-09-09,301.7,48,11.5,0.0,19.9,0.213,20.17,59
-33.7587,151.1944,2012-09-09,307.3,57,14.7,0.0,18.8,0.202,20.44,57
-33.7566,151.2185,2012-09-09,304.1,47,14.3,0.0,15.7,0.202,20.51,57
-33.757,151.2015,2012-09-09,310.7,70,14.4,0.0,15.7,0.202,20.51,57
-33.9993,150.9233,2012-09-09,330.5,87,14.3,0.0,21.7,0.173,20.33,57
-34.4662,150.8775,2012-09-09,309.4,0,14.3,0.0,27.1,0.172,20.24,60
-34.4139,146.1087,2012-09-09,309.7,69,12.1,0.0,17.7,0.18,19.32,63
-34.416,146.1008,2012-09-09,307.4,65,12.1,0.0,17.7,0.18,19.32,63
-34.0646,151.0601,2012-09-09,315.6,66,14.2,0.0,21.7,0.251,20.33,59
-34.0514,151.0588,2012-09-09,327.2,74,13.7,0.0,21.7,0.251,20.33,59
-34.0552,151.0546,2012-09-09,316.9,25,13.7,0.0,21.7,0.251,20.33,59
-33.9973,150.9482,2012-09-09,323.6,83,14.1,0.0,21.7,0.173,20.33,57
-34.042,151.0528,2012-09-09,319.1,75,14.2,0.0,21.7,0.099,20.33,56
-29.4661,152.7924,2012-09-09,318.3,75,14.4,0.0,15.3,0.209,21.88,56
-31.008,152.4761,2012-09-09,309.3,28,11.5,0.0,11.5,0.214,22.02,63
-30.998,152.4866,2012-09-09,308.4,48,11.1,0.0,12.0,0.21,21.79,63
-30.8875,152.0243,2012-09-09,309.6,20,12.5,0.0,11.5,0.221,22.02,62
-30.852,152.0211,2012-09-09,307.8,52,12.0,0.0,11.5,0.221,22.02,62
-30.8536,152.0047,2012-09-09,305.2,40,10.1,0.0,12.1,0.237,22.16,63
-30.7993,152.072,2012-09-09,315.9,74,9.9,0.0,12.1,0.237,22.16,62
-30.4937,152.2894,2012-09-09,304.2,21,8.3,0.0,15.0,0.246,22.44,64
-30.4955,152.2708,2012-09-09,309.9,56,9.0,0.0,15.0,0.239,22.44,63
-30.4972,152.2845,2012-09-09,307.7,33,8.6,0.0,15.0,0.225,22.44,64
-30.0309,152.386,2012-09-09,321.7,77,10.8,0.0,13.0,0.306,22.16,55
-30.0325,152.3705,2012-09-09,308.4,56,9.4,0.0,11.6,0.257,22.23,59
-29.824,153.0542,2012-09-09,304.8,53,14.8,0.0,14.8,0.1,21.69,62
-29.608,153.1642,2012-09-09,311.1,66,14.9,0.0,14.8,0.147,21.69,61
-29.3197,153.2965,2012-09-09,317.2,52,16.1,0.0,20.5,0.167,21.65,63
-29.3213,153.2821,2012-09-09,333.0,87,16.1,0.0,20.5,0.167,21.65,63
-29.3401,151.9145,2012-09-09,314.1,22,10.2,0.0,14.1,0.29,22.49,57
-29.3436,151.9081,2012-09-09,318.7,74,9.9,0.0,14.1,0.29,22.49,57
-28.9949,152.5156,2012-09-09,307.6,30,14.6,0.0,16.6,0.212,22.12,54
-28.7362,147.1404,2012-09-09,311.5,57,14.6,0.0,14.3,0.105,22.09,49
-28.745,147.1372,2012-09-09,313.3,62,14.6,0.0,14.3,0.105,22.09,48
-28.2111,152.4116,2012-09-09,311.4,53,13.3,0.0,15.5,0.246,22.59,52
-28.2161,152.3641,2012-09-09,317.6,56,13.8,0.0,17.0,0.246,22.71,52
-34.4587,150.8863,2012-09-09,304.3,60,14.4,0.0,27.1,0.172,20.24,60
-34.4603,150.8754,2012-09-09,300.2,20,14.3,0.0,27.1,0.172,20.24,60
-34.0577,151.0581,2012-09-09,372.2,100,13.7,0.0,21.7,0.251,20.33,59
-34.0592,151.0473,2012-09-09,331.6,100,13.7,0.0,21.7,0.217,20.33,60
-34.0488,151.0616,2012-09-09,319.2,98,14.2,0.0,21.7,0.099,20.33,56
-34.0504,151.0508,2012-09-09,332.5,100,13.7,0.0,21.7,0.251,20.33,59
-32.965,149.7279,2012-09-09,300.1,16,9.3,0.0,17.6,0.275,20.55,69
-29.4554,152.7929,2012-09-09,302.7,51,13.8,0.0,15.3,0.212,21.88,56
-31.0043,152.4809,2012-09-09,305.7,25,11.7,0.0,12.3,0.203,21.62,63
-31.0062,152.4691,2012-09-09,305.7,31,11.5,0.0,11.5,0.214,22.02,63
-30.0311,152.4601,2012-09-09,303.5,55,11.2,0.0,14.1,0.279,22.19,56
-30.0349,152.3762,2012-09-09,301.1,38,9.6,0.0,11.6,0.257,22.23,59
-30.016,152.4326,2012-09-09,314.0,58,11.2,0.0,13.0,0.306,22.16,55
-29.3046,153.2862,2012-09-09,303.3,31,16.1,0.0,20.5,0.167,21.65,63
-29.6324,153.154,2012-09-09,308.2,67,14.3,0.0,13.9,0.154,21.59,61
-29.6343,153.1657,2012-09-09,304.1,58,15.0,0.0,14.8,0.147,21.69,61
-30.0208,152.4207,2012-09-09,312.6,73,11.6,0.0,13.0,0.306,21.94,56
-30.0272,152.4581,2012-09-09,308.0,45,11.7,0.0,13.0,0.279,21.94,56
-30.0293,152.4702,2012-09-09,309.5,69,12.3,0.0,13.0,0.3,21.94,54
-30.0334,152.3734,2012-09-09,300.0,6,9.3,0.0,11.6,0.257,22.23,59
-30.0355,152.3854,2012-09-09,316.5,77,10.2,0.0,12.1,0.257,21.97,59
-30.3613,152.189,2012-09-09,300.8,26,8.0,0.0,15.0,0.246,22.44,64
-30.3601,152.1827,2012-09-09,304.1,58,8.0,0.0,15.0,0.225,22.44,64
-32.613,147.0066,2012-09-09,307.5,38,12.4,0.0,16.4,0.101,19.62,56
-30.9089,152.0266,2012-09-09,309.3,68,12.3,0.0,11.5,0.221,22.02,62
-30.9952,152.4642,2012-09-09,310.6,16,12.0,0.0,12.3,0.206,21.62,63
-31.0014,152.5,2012-09-09,305.4,25,13.1,0.0,13.2,0.206,21.39,63
-31.1511,152.8952,2012-09-09,308.7,67,14.8,0.0,15.6,0.196,21.21,65
-32.6051,147.0347,2012-09-09,312.6,71,12.3,0.0,16.4,0.101,19.62,56
-32.6138,147.0261,2012-09-09,313.5,58,12.4,0.0,16.4,0.101,19.62,56
-34.4667,150.8879,2012-09-09,313.7,0,14.3,0.0,27.1,0.172,20.24,60
-34.0555,151.0671,2012-09-09,313.5,58,14.0,0.0,21.7,0.251,20.33,59
-34.054,151.061,2012-09-09,313.7,59,13.9,0.0,21.7,0.251,20.33,59
-34.9385,149.5245,2012-09-10,306.5,61,8.9,0.0,16.3,0.303,20.53,75
-34.9402,149.5133,2012-09-10,315.5,75,9.0,0.0,16.3,0.303,20.53,75
-35.4155,145.6228,2012-09-10,330.9,85,11.2,0.0,9.4,0.186,19.82,71
-34.7599,150.24,2012-09-10,312.4,71,11.3,0.0,11.9,0.26,20.69,66
-34.4605,150.877,2012-09-10,314.2,39,15.8,0.0,19.1,0.169,20.67,66
-35.3725,150.396,2012-09-10,320.8,80,14.6,0.0,18.0,0.208,20.31,68
-35.3744,150.3842,2012-09-10,347.6,95,14.2,0.0,18.0,0.208,20.31,68
-35.3763,150.3725,2012-09-10,307.6,32,14.3,0.0,13.8,0.209,20.11,66
-36.1706,143.6341,2012-09-10,304.6,50,11.6,0.0,9.7,0.246,19.38,72
-35.9748,144.4708,2012-09-10,312.3,62,11.2,0.0,8.9,0.205,19.67,72
-35.9764,144.4562,2012-09-10,310.8,50,11.2,0.0,8.9,0.205,19.67,72
-35.788,145.7277,2012-09-10,324.8,83,10.6,0.0,8.4,0.202,19.11,74
-35.7896,145.715,2012-09-10,334.1,88,10.6,0.0,8.4,0.202,19.11,74
-35.5686,150.0995,2012-09-10,313.7,74,13.3,0.0,13.8,0.213,20.11,72
-34.0411,149.7173,2012-09-10,313.7,36,9.1,0.0,11.2,0.335,21.24,70
-34.5071,146.3893,2012-09-10,315.2,68,11.1,0.0,9.8,0.193,20.46,72
-34.5086,146.3777,2012-09-10,336.7,89,11.1,0.0,9.8,0.193,20.46,72
-34.7183,142.3818,2012-09-10,314.5,64,13.8,0.0,10.9,0.223,20.32,56
-33.7447,149.3116,2012-09-10,310.1,65,9.4,0.0,11.1,0.334,21.29,69
-33.9534,147.707,2012-09-10,316.7,73,10.5,0.0,9.7,0.208,20.55,75
-33.1413,151.1323,2012-09-10,322.6,41,15.0,0.0,11.6,0.158,20.94,57
-32.4532,151.8851,2012-09-10,306.5,30,14.9,0.0,12.9,0.225,21.19,67
-32.4072,151.8085,2012-09-10,312.7,65,14.6,0.0,10.8,0.248,21.22,67
-32.3969,151.806,2012-09-10,312.9,68,15.1,0.0,10.8,0.248,21.22,67
-31.8178,152.5021,2012-09-10,306.5,52,15.1,0.0,14.3,0.194,21.29,72
-31.8206,152.4865,2012-09-10,309.8,62,15.1,0.0,14.3,0.194,21.29,72
-32.4434,148.5284,2012-09-10,310.7,46,13.9,0.0,12.3,0.167,21.16,56
-32.618,147.0088,2012-09-10,323.4,76,13.2,0.0,11.4,0.1,21.24,58
-32.606,147.0286,2012-09-10,314.7,20,13.1,0.0,11.4,0.1,21.24,58
-32.6075,147.0178,2012-09-10,319.0,53,13.0,0.0,11.4,0.1,21.24,58
-31.8438,150.8451,2012-09-10,309.3,45,13.1,0.0,13.1,0.247,21.37,60
-30.9127,152.0132,2012-09-10,320.8,62,14.1,0.0,6.8,0.218,21.88,64
-30.9086,152.0223,2012-09-10,319.5,51,14.1,0.0,6.8,0.218,21.88,64
-30.8557,152.0063,2012-09-10,309.4,45,12.0,0.0,5.8,0.253,21.89,63
-30.7963,152.0648,2012-09-10,312.1,68,11.3,0.0,6.9,0.235,22.0,68
-31.2292,147.6601,2012-09-10,315.0,40,15.0,0.0,11.5,0.21,21.54,51
-34.3462,150.1833,2012-09-10,334.0,88,11.2,0.0,7.3,0.268,20.92,62
-34.8533,146.0501,2012-09-10,383.2,100,10.9,0.0,9.6,0.166,20.38,73
-34.8548,146.0381,2012-09-10,406.3,100,10.9,0.0,9.6,0.176,20.38,73
-34.8439,146.0483,2012-09-10,319.6,74,10.9,0.0,9.6,0.18,20.38,73
-34.8454,146.0363,2012-09-10,327.7,82,10.9,0.0,9.6,0.18,20.38,73
-34.8306,145.9226,2012-09-10,335.1,87,11.0,0.0,9.6,0.161,20.38,72
-34.8321,145.9105,2012-09-10,328.8,83,11.0,0.0,9.6,0.161,20.38,72
-34.0588,151.0632,2012-09-10,321.5,79,14.8,0.0,15.5,0.248,20.81,67
-34.0609,151.0505,2012-09-10,307.3,38,14.6,0.0,15.5,0.248,20.81,67
-33.9981,150.9386,2012-09-10,322.7,80,14.9,0.0,15.5,0.17,20.81,64
-34.0001,150.9261,2012-09-10,341.8,92,14.9,0.0,15.5,0.17,20.81,64
-34.0468,149.7418,2012-09-10,321.0,79,8.1,0.0,11.2,0.335,21.24,70
-34.0486,149.7305,2012-09-10,318.9,77,8.6,0.0,11.2,0.335,21.24,70
-30.0232,152.4306,2012-09-10,319.8,37,12.2,0.0,13.5,0.305,20.53,69
-29.4567,152.8982,2012-09-10,355.3,85,15.4,0.0,14.8,0.207,19.74,69
-29.4634,152.8944,2012-09-10,333.0,67,15.4,0.0,14.8,0.207,19.74,69
-29.4518,152.8913,2012-09-10,306.8,55,15.4,0.0,14.8,0.207,19.74,69
-29.1552,146.6093,2012-09-10,317.3,54,15.9,0.0,10.3,0.11,22.17,46
-28.7372,147.1479,2012-09-10,321.4,67,16.5,0.0,10.7,0.105,22.07,45
-28.7387,147.1376,2012-09-10,335.2,85,16.5,0.0,10.7,0.105,22.07,45
-30.7951,152.0622,2012-09-10,302.2,47,11.1,0.0,5.8,0.235,21.89,68
-30.9921,152.4625,2012-09-10,305.9,25,13.5,0.0,13.0,0.204,21.58,74
-31.0011,152.4607,2012-09-10,305.5,26,12.1,0.0,10.6,0.212,21.56,73
-34.4577,150.8839,2012-09-10,306.5,68,15.8,0.0,19.1,0.169,20.67,66
-28.2933,149.3701,2012-09-11,317.7,68,19.2,0.0,15.4,0.183,19.86,52
-28.7389,147.1398,2012-09-11,317.9,65,18.5,0.0,9.7,0.105,22.14,44
-28.8378,148.5721,2012-09-11,315.0,47,19.0,0.0,12.1,0.044,21.59,51
-28.8775,148.3989,2012-09-11,312.8,52,18.5,0.0,10.2,0.165,21.52,52
-28.7295,147.1413,2012-09-11,315.0,43,18.5,0.0,9.7,0.105,22.14,44
-32.0646,146.0719,2012-09-11,313.7,30,15.7,0.0,9.5,0.141,21.49,47
-32.0554,146.0736,2012-09-11,324.5,78,15.7,0.0,9.5,0.141,21.49,47
-32.3455,147.7014,2012-09-11,337.4,89,15.0,0.0,10.5,0.105,21.38,53
-32.1607,146.7673,2012-09-11,313.5,63,15.0,0.0,9.7,0.158,21.35,52
-32.156,146.7618,2012-09-11,309.9,33,15.0,0.0,9.7,0.158,21.35,52
-32.0569,146.0848,2012-09-11,312.7,59,15.7,0.0,9.5,0.141,21.49,47
-33.8031,145.5714,2012-09-11,310.4,35,13.5,0.0,9.9,0.182,20.84,61
-32.0711,144.9973,2012-09-11,317.0,66,15.5,0.0,10.2,0.11,21.43,49
-32.3471,147.7145,2012-09-11,310.1,56,14.9,0.0,10.5,0.105,21.38,53
-36.17,143.6376,2012-09-11,303.1,53,12.8,0.0,11.1,0.235,19.62,68
-35.6222,143.8603,2012-09-11,310.4,50,13.8,0.0,12.0,0.297,20.01,63
-35.1526,143.4121,2012-09-11,312.0,55,14.6,0.0,12.9,0.291,20.15,57
-34.1444,147.2216,2012-09-11,307.4,49,12.2,0.0,10.1,0.184,20.82,67
-35.6641,145.3912,2012-09-11,315.2,65,12.3,0.0,9.7,0.188,20.02,68
-35.2697,143.93,2012-09-11,318.6,72,14.4,0.0,12.1,0.289,20.12,59
-34.7794,145.9618,2012-09-11,312.9,66,12.5,0.0,10.4,0.175,20.5,67
-34.7851,145.9363,2012-09-11,338.5,90,12.5,0.0,10.4,0.156,20.5,67
-34.7848,145.956,2012-09-11,326.5,82,12.5,0.0,10.4,0.175,20.5,67
-34.7903,145.9305,2012-09-11,330.6,85,12.5,0.0,10.4,0.156,20.5,67
-36.088,149.1841,2012-09-11,318.0,78,9.1,1.9,11.4,0.274,12.21,79
-35.7599,145.5077,2012-09-11,309.3,58,12.3,0.0,9.7,0.19,20.02,69
-35.7475,145.5036,2012-09-11,309.7,61,12.2,0.0,9.7,0.187,20.02,69
-35.6564,145.372,2012-09-11,312.3,63,12.3,0.0,10.1,0.188,19.95,68
-35.5782,145.6098,2012-09-11,345.0,94,12.2,0.0,9.5,0.184,20.15,69
-35.0338,145.9758,2012-09-11,354.1,97,12.5,0.0,9.8,0.181,20.43,67
-35.0392,145.9506,2012-09-11,337.3,89,12.5,0.0,9.8,0.181,20.43,67
-35.0207,145.9715,2012-09-11,318.7,75,12.5,0.0,9.8,0.181,20.43,67
-35.0262,145.9463,2012-09-11,316.5,73,12.6,0.0,9.8,0.181,20.43,67
-34.9794,145.9041,2012-09-11,312.4,66,12.6,0.0,9.8,0.181,20.43,67
-34.9849,145.8791,2012-09-11,311.9,65,12.6,0.0,9.8,0.181,20.43,67
-34.984,145.898,2012-09-11,310.8,59,12.6,0.0,9.8,0.181,20.43,67
-32.6217,147.0102,2012-09-11,313.7,61,14.4,0.0,9.4,0.099,21.25,54
-31.0112,152.4719,2012-09-11,300.7,15,13.3,0.0,9.3,0.21,17.78,71
-29.4596,152.807,2012-09-11,303.8,57,16.0,0.0,12.5,0.208,17.22,69
-29.6562,150.7284,2012-09-11,302.5,49,15.0,0.0,8.7,0.189,17.17,62
-28.2904,149.3694,2012-09-11,310.6,80,19.1,0.0,15.4,0.183,19.86,52
-29.6556,150.7231,2012-09-11,314.5,72,15.2,0.0,8.7,0.189,17.17,62
-28.397,151.7853,2012-09-11,308.0,56,14.8,0.0,9.2,0.146,16.72,63
-29.6668,150.7399,2012-09-11,306.8,58,14.8,0.0,8.7,0.189,17.17,62
-29.6613,150.7142,2012-09-11,309.4,64,15.2,0.0,8.7,0.189,17.17,62
-28.9244,148.0387,2012-09-11,307.5,43,18.7,0.0,10.4,0.104,21.86,49
-34.4652,150.8839,2012-09-11,307.5,50,14.9,0.0,21.9,0.167,17.37,81
-35.3133,144.4067,2012-09-12,307.4,33,16.9,0.0,20.6,0.261,20.29,47
-35.3172,144.3994,2012-09-12,312.3,65,16.9,0.0,20.6,0.261,20.29,47
-35.2629,143.7808,2012-09-12,325.7,81,16.9,0.3,22.4,0.244,20.17,48
-35.311,144.3631,2012-09-12,309.2,49,16.9,0.0,21.4,0.261,20.21,47
-35.2467,143.782,2012-09-12,310.5,60,17.1,0.3,22.4,0.282,20.17,47
-35.7664,145.5531,2012-09-12,314.6,72,14.9,0.0,17.9,0.185,20.23,56
-35.7459,145.6454,2012-09-12,316.3,74,14.9,0.0,17.5,0.179,20.28,56
-35.7477,145.6267,2012-09-12,339.6,91,14.9,0.0,17.5,0.179,20.28,56
-35.7039,145.4991,2012-09-12,309.5,62,15.1,0.0,17.9,0.179,20.23,55
-35.6905,145.5164,2012-09-12,336.6,89,15.1,0.0,17.9,0.179,20.23,55
-35.6923,145.4974,2012-09-12,346.9,94,15.1,0.0,17.9,0.179,20.23,55
-35.4135,147.8697,2012-09-12,305.7,59,10.1,0.0,12.6,0.334,20.23,76
-35.6009,145.1247,2012-09-12,335.6,88,16.0,0.0,20.1,0.175,20.29,52
-35.4789,145.83,2012-09-12,313.3,67,14.5,0.0,17.2,0.177,20.37,58
-35.4343,145.4827,2012-09-12,325.9,81,15.3,0.0,19.4,0.171,20.36,54
-35.4226,145.4811,2012-09-12,334.5,87,15.3,0.0,19.4,0.171,20.36,54
-35.496,144.3979,2012-09-12,322.6,78,16.6,0.0,20.7,0.293,20.14,49
-35.4173,144.4035,2012-09-12,393.9,100,16.7,0.0,20.7,0.293,20.14,48
-35.4192,144.3815,2012-09-12,342.4,92,16.7,0.0,20.7,0.293,20.14,48
-34.7556,150.2398,2012-09-12,313.9,72,12.7,0.0,17.4,0.227,20.34,65
-34.7571,150.2286,2012-09-12,305.2,56,12.9,0.0,17.4,0.227,20.34,65
-34.4653,150.8825,2012-09-12,316.5,57,15.7,0.0,21.9,0.166,20.13,77
-34.3945,146.246,2012-09-12,316.0,68,15.0,0.0,17.1,0.172,20.72,54
-34.5479,144.6266,2012-09-12,314.3,62,17.5,0.0,23.0,0.263,20.73,40
-33.9702,149.8028,2012-09-12,307.2,58,9.2,0.0,15.9,0.313,20.78,68
-33.699,151.165,2012-09-12,310.6,66,15.7,0.0,11.0,0.163,20.1,77
-33.8555,148.6938,2012-09-12,314.2,70,12.7,0.0,14.8,0.238,21.18,67
-33.5301,150.6133,2012-09-12,316.8,75,14.4,0.0,15.6,0.195,20.76,62
-33.521,150.6115,2012-09-12,306.8,32,14.5,0.0,11.2,0.195,20.66,62
-35.3698,150.3824,2012-09-12,304.7,36,14.8,0.0,17.3,0.211,20.18,66
-35.3607,150.3806,2012-09-12,307.2,63,14.7,0.0,17.3,0.211,20.18,66
-35.2338,150.5156,2012-09-12,315.6,0,14.9,0.0,17.3,0.207,20.18,71
-35.5434,147.9837,2012-09-12,304.3,56,9.4,0.0,12.5,0.354,20.25,77
-32.2497,152.4086,2012-09-12,318.2,64,16.3,0.0,19.1,0.174,18.55,81
-32.4151,150.5684,2012-09-12,312.4,20,16.7,0.0,14.3,0.216,18.78,67
-32.4046,150.5773,2012-09-12,314.1,66,16.9,0.0,14.3,0.216,18.78,67
-32.4061,150.5666,2012-09-12,315.4,65,16.9,0.0,14.3,0.216,18.78,67
-32.145,152.0177,2012-09-12,317.2,73,15.5,0.0,10.0,0.228,19.58,74
-32.7712,146.6212,2012-09-12,316.9,62,16.5,0.0,18.4,0.133,21.47,42
-32.0349,151.9548,2012-09-12,312.3,66,16.9,0.0,10.8,0.217,19.51,72
-31.8481,152.4927,2012-09-12,313.5,69,16.6,0.0,15.5,0.189,18.65,78
-32.3403,147.7073,2012-09-12,330.3,82,17.1,0.0,16.1,0.104,21.65,47
-30.9208,152.0034,2012-09-12,333.2,0,16.7,0.0,7.8,0.214,18.07,64
-30.9116,152.0013,2012-09-12,320.9,57,16.9,0.0,7.8,0.214,18.07,64
-31.3861,148.4615,2012-09-12,330.6,82,18.0,0.0,15.9,0.132,21.92,38
-31.3876,148.4502,2012-09-12,326.6,78,18.0,0.0,15.9,0.132,21.92,38
-31.3811,148.4542,2012-09-12,325.4,77,18.0,0.0,15.9,0.132,21.92,38
-31.2189,147.1607,2012-09-12,321.1,67,18.4,0.0,15.2,0.199,21.95,39
-31.2204,147.1479,2012-09-12,318.6,60,18.5,0.0,15.2,0.2,21.95,38
-29.603,152.6122,2012-09-12,319.2,68,16.9,0.0,11.6,0.244,17.63,66
-29.5823,152.6017,2012-09-12,309.9,48,16.2,0.0,12.1,0.244,16.82,66
-29.5842,152.59,2012-09-12,322.5,79,16.2,0.0,12.1,0.244,16.82,66
-29.4684,152.8109,2012-09-12,320.8,57,17.3,0.0,11.6,0.204,17.63,64
-29.6614,150.7197,2012-09-12,330.3,62,15.4,0.0,12.3,0.186,19.09,58
-30.0517,144.5329,2012-09-12,327.4,47,20.4,0.0,17.7,0.11,22.14,29
-30.0534,144.5156,2012-09-12,328.1,45,20.4,0.0,17.7,0.11,22.14,29
-30.0402,144.5313,2012-09-12,339.2,87,20.4,0.0,17.7,0.11,22.14,29
-30.0287,144.5298,2012-09-12,353.7,96,20.4,0.0,17.7,0.11,22.14,29
-30.0304,144.5125,2012-09-12,328.4,38,20.4,0.0,17.7,0.11,22.14,29
-29.1869,148.9574,2012-09-12,325.4,75,19.5,0.0,13.8,0.206,21.77,50
-29.1883,148.9469,2012-09-12,326.3,76,19.5,0.0,13.8,0.204,21.77,50
-28.6866,152.2503,2012-09-12,331.0,74,16.3,0.0,11.2,0.212,16.31,62
-28.6801,151.9879,2012-09-12,320.6,61,14.6,0.0,9.0,0.232,17.47,59
-28.934,148.0377,2012-09-12,320.0,37,20.2,0.0,18.9,0.104,22.05,44
-28.9233,148.047,2012-09-12,320.0,39,20.2,0.0,18.9,0.104,22.05,44
-28.9247,148.0361,2012-09-12,332.6,81,20.2,0.0,18.9,0.104,22.05,44
-28.7354,147.1315,2012-09-12,321.0,59,20.8,0.0,15.0,0.105,22.23,38
-28.2927,149.3733,2012-09-12,329.6,66,19.9,0.0,15.1,0.182,20.75,47
-28.2942,149.3631,2012-09-12,326.8,34,19.9,0.0,15.1,0.182,20.75,47
-28.2018,148.3618,2012-09-12,353.7,96,19.8,0.0,16.4,0.165,22.27,46
-32.1163,146.6199,2012-09-12,300.1,14,17.4,0.0,16.3,0.129,21.74,41
-31.7559,149.4498,2012-09-12,333.7,100,15.9,0.0,14.8,0.265,21.13,55
-31.7645,149.447,2012-09-12,301.4,41,15.7,0.0,14.8,0.265,21.13,55
-31.7487,149.463,2012-09-12,303.7,57,15.9,0.0,14.8,0.187,21.13,54
-31.7525,149.4436,2012-09-12,320.2,100,16.1,0.0,14.8,0.265,21.13,55
-28.9561,149.8934,2012-09-12,303.8,57,19.7,0.0,16.9,0.063,19.29,46
-29.4541,150.2257,2012-09-12,300.9,34,17.8,0.0,14.3,0.146,19.44,53
-28.9513,149.9173,2012-09-12,300.3,23,19.7,0.0,16.9,0.063,19.29,46
-28.9475,149.9064,2012-09-12,312.6,85,19.9,0.0,16.9,0.06,19.29,45
-29.4495,150.2323,2012-09-12,301.9,45,17.9,0.0,14.3,0.142,19.44,52
-31.7513,149.4594,2012-09-12,328.8,100,15.7,0.0,14.8,0.264,21.13,56
-34.4617,150.8858,2012-09-12,300.6,31,15.6,0.0,21.9,0.166,20.13,77
-28.1902,152.3812,2012-09-13,308.3,50,14.4,0.0,21.1,0.238,20.79,62
-30.9041,152.0141,2012-09-13,314.6,69,16.7,0.3,23.7,0.214,20.51,57
-28.2873,149.364,2012-09-13,353.9,97,20.0,0.0,34.7,0.182,20.65,41
-28.2888,149.3744,2012-09-13,344.2,92,20.1,0.0,34.7,0.182,20.65,41
-28.2979,149.3728,2012-09-13,320.1,72,20.1,0.0,34.7,0.182,20.65,41
-29.0326,152.2046,2012-09-13,313.2,51,15.8,0.0,21.3,0.312,20.16,56
-28.9577,149.9081,2012-09-13,316.8,66,19.4,0.0,37.3,0.063,20.21,44
-29.1843,148.9552,2012-09-13,312.2,39,19.5,0.0,34.7,0.206,21.58,41
-29.5047,147.8062,2012-09-13,352.8,96,19.0,0.0,35.7,0.16,21.23,39
-30.7869,152.0657,2012-09-13,317.0,75,15.5,0.3,23.7,0.214,20.51,57
-30.7886,152.0806,2012-09-13,312.6,64,15.5,0.3,23.7,0.214,20.51,57
-30.9024,151.9991,2012-09-13,312.9,61,16.2,0.3,23.7,0.214,20.51,57
-30.913,151.9979,2012-09-13,313.9,62,16.6,0.3,23.7,0.214,20.51,57
-30.9974,152.4528,2012-09-13,306.7,32,17.3,0.0,21.4,0.198,20.58,53
-31.3851,152.5425,2012-09-13,314.7,73,18.3,2.2,20.6,0.186,19.31,54
-31.3868,152.5587,2012-09-13,309.8,66,18.5,1.5,29.6,0.191,19.84,55
-31.8933,151.6194,2012-09-13,325.9,83,12.8,2.3,28.9,0.24,18.3,58
-31.895,151.634,2012-09-13,333.3,87,13.1,2.4,26.7,0.24,18.78,58
-31.9006,151.6261,2012-09-13,323.0,81,12.0,2.4,26.7,0.24,18.78,58
-31.9353,151.6521,2012-09-13,319.5,77,14.9,2.2,24.2,0.216,18.91,57
-31.7582,149.4561,2012-09-13,312.7,68,13.8,1.0,26.3,0.264,16.12,57
-30.0621,144.547,2012-09-13,320.9,75,15.3,0.0,35.0,0.11,18.06,38
-28.7661,152.1381,2012-09-13,305.5,65,15.0,0.1,24.3,0.23,20.38,58
-34.4674,150.8808,2012-09-14,311.2,54,12.6,0.0,16.9,0.257,21.34,58
-33.5055,150.7887,2012-09-14,304.9,60,12.6,0.0,11.7,0.184,21.68,52
-35.4454,149.0752,2012-09-14,302.3,44,5.0,0.0,18.7,0.337,20.53,78
-33.2969,151.005,2012-09-14,305.8,62,11.8,0.0,9.5,0.163,21.81,52
-35.292,145.5823,2012-09-14,312.6,51,10.2,0.0,17.7,0.194,13.36,64
-29.5151,147.7984,2012-09-14,316.7,68,13.4,0.0,19.1,0.16,22.96,38
-28.2991,153.5582,2012-09-14,314.5,64,16.1,0.0,23.1,0.223,20.08,61
-29.13,151.9254,2012-09-14,305.4,27,9.4,0.0,16.3,0.214,23.4,49
-28.2976,153.5685,2012-09-14,311.3,0,16.2,0.0,23.1,0.223,20.08,61
-32.4784,146.5902,2012-09-14,311.4,65,10.7,0.0,14.0,0.126,21.98,51
-32.4774,146.6078,2012-09-14,308.3,56,10.7,0.0,14.0,0.126,21.98,51
-32.4794,146.5853,2012-09-14,308.4,56,10.7,0.0,14.0,0.126,21.98,51
-31.8447,150.8425,2012-09-14,311.9,68,9.9,0.0,10.2,0.246,21.98,57
-31.027,152.4794,2012-09-14,304.5,21,13.5,0.0,18.3,0.185,22.04,53
-31.0179,152.4779,2012-09-14,304.0,34,12.4,0.0,15.2,0.198,22.29,54
-30.7807,152.0694,2012-09-14,308.1,42,9.6,0.0,14.0,0.23,22.6,56
-29.4834,152.8168,2012-09-14,313.3,71,14.6,0.0,15.8,0.201,22.14,49
-29.4848,152.8065,2012-09-14,306.1,42,14.7,0.0,15.8,0.201,22.14,49
-29.2068,152.6311,2012-09-14,310.6,65,14.1,0.0,15.8,0.196,22.1,50
-28.197,152.3571,2012-09-14,311.7,42,12.5,0.0,19.1,0.236,23.67,49
-31.242,146.9345,2012-09-14,314.6,90,12.3,0.0,15.5,0.122,22.38,41
-28.2014,152.3502,2012-09-15,310.3,27,12.9,0.0,12.4,0.22,21.2,63
-30.3416,151.7013,2012-09-15,310.6,68,8.3,0.0,13.1,0.296,22.97,53
-29.439,152.7988,2012-09-15,309.0,62,14.0,0.0,14.6,0.202,22.13,61
-29.4674,152.8208,2012-09-15,306.9,62,14.1,0.0,14.6,0.199,22.13,61
-29.3391,145.2226,2012-09-15,309.3,51,15.7,0.0,11.3,0.11,22.94,37
-30.7785,152.0645,2012-09-15,301.0,25,11.1,0.0,10.9,0.216,22.84,60
-31.4341,152.6316,2012-09-15,309.0,65,12.4,0.0,14.8,0.191,21.92,66
-31.4531,148.2847,2012-09-15,308.3,56,13.0,0.0,12.6,0.264,22.1,53
-31.7938,148.4894,2012-09-15,338.3,90,12.6,0.0,13.2,0.14,22.11,54
-31.7957,148.5008,2012-09-15,309.1,54,12.5,0.0,13.2,0.14,22.11,54
-31.8032,148.4873,2012-09-15,316.1,74,12.6,0.0,13.2,0.14,22.11,54
-34.4617,150.8826,2012-09-15,317.0,58,13.1,0.0,20.9,0.242,19.76,68
-36.9185,149.2014,2012-09-15,331.5,87,8.7,0.0,14.2,0.297,18.8,74
-36.2475,148.6931,2012-09-15,304.7,60,6.3,0.0,7.4,0.39,20.66,72
-36.2409,148.7021,2012-09-15,301.7,38,6.3,0.0,7.4,0.39,20.66,72
-35.6844,149.3936,2012-09-15,302.0,50,6.7,0.0,9.3,0.341,21.13,72
-35.4243,144.9206,2012-09-15,323.9,79,12.6,0.0,9.4,0.177,16.28,67
-35.4521,149.5122,2012-09-15,314.0,74,7.5,0.0,7.5,0.342,21.31,73
-35.552,147.7578,2012-09-15,307.6,66,9.8,0.0,8.2,0.352,20.83,77
-35.4226,144.9319,2012-09-15,327.2,82,12.6,0.0,9.4,0.177,16.28,67
-34.2056,146.4915,2012-09-15,307.4,33,11.8,0.0,10.0,0.197,19.75,68
-33.1426,146.6945,2012-09-15,318.4,72,12.2,0.0,14.2,0.181,21.31,64
-32.6207,147.0396,2012-09-15,316.4,69,12.1,0.0,13.2,0.109,21.66,60
-32.6231,147.0258,2012-09-15,335.2,87,12.0,0.0,13.2,0.109,21.66,60
-32.6106,147.037,2012-09-15,327.0,81,12.0,0.0,13.2,0.109,21.66,60
-32.613,147.0232,2012-09-15,348.9,95,12.0,0.0,13.2,0.109,21.66,60
-31.8012,148.4919,2012-09-15,310.9,55,12.6,0.0,13.2,0.14,22.11,54
-32.1142,146.6361,2012-09-15,327.5,80,12.9,0.0,10.8,0.134,21.81,58
-32.1166,146.6227,2012-09-15,324.3,77,12.9,0.0,10.1,0.134,21.79,58
-31.4566,148.2876,2012-09-15,312.5,56,13.0,0.0,12.6,0.264,22.1,53
-31.2537,149.2807,2012-09-15,307.1,45,12.5,0.0,11.6,0.167,22.46,51
-30.6855,145.9723,2012-09-15,323.7,75,14.9,0.0,10.3,0.102,22.21,47
-30.6876,145.9595,2012-09-15,315.3,58,14.9,0.0,10.3,0.102,22.21,47
-29.3442,145.225,2012-09-15,322.0,65,15.7,0.0,11.3,0.11,22.94,37
-29.3462,145.2129,2012-09-15,318.4,37,15.8,0.0,11.3,0.11,22.94,37
-29.343,145.2179,2012-09-15,322.1,69,15.7,0.0,11.3,0.11,22.94,37
-29.734,142.4426,2012-09-15,321.4,65,15.6,0.0,11.2,0.032,22.35,45
-28.2993,149.3819,2012-09-15,313.4,46,14.9,0.0,11.6,0.182,23.59,38
-28.3039,149.3593,2012-09-15,355.4,98,14.8,0.0,10.8,0.182,23.59,38
-28.291,149.3559,2012-09-15,347.5,94,14.8,0.0,10.8,0.182,23.59,38
-28.3032,149.3778,2012-09-15,321.5,73,14.9,0.0,11.6,0.182,23.59,38
-28.3077,149.3552,2012-09-15,334.4,86,14.7,0.0,10.8,0.182,23.59,38
-28.2903,149.3745,2012-09-15,326.4,79,14.9,0.0,10.8,0.182,23.59,38
-28.2948,149.3519,2012-09-15,352.1,96,14.8,0.0,10.8,0.182,23.59,38
-28.2642,147.9353,2012-09-15,325.2,76,15.0,0.0,12.2,0.106,23.52,39
-28.2676,147.9173,2012-09-15,340.6,89,15.0,0.0,12.2,0.106,23.52,39
-28.9553,149.9195,2012-09-15,313.1,86,14.8,0.0,11.8,0.063,23.23,41
-28.281,147.9341,2012-09-16,315.7,61,17.6,0.0,12.6,0.106,22.56,41
-28.2933,149.3619,2012-09-16,308.1,37,17.1,0.0,18.4,0.182,21.42,51
-28.2571,147.9433,2012-09-16,317.8,72,17.5,0.0,12.6,0.106,22.56,41
-28.2701,147.9419,2012-09-16,389.7,100,17.5,0.0,12.6,0.106,22.56,41
-28.2722,147.9643,2012-09-16,367.4,100,17.5,0.0,12.6,0.108,22.56,42
-28.283,147.9566,2012-09-16,330.0,84,17.5,0.0,12.6,0.108,22.56,42
-31.7926,148.4817,2012-09-16,320.2,79,15.2,0.0,14.8,0.138,21.52,54
-31.7947,148.5096,2012-09-16,309.8,54,15.1,0.0,14.8,0.138,21.52,54
-32.4828,147.924,2012-09-16,312.8,73,14.1,0.0,13.8,0.119,20.12,61
-34.0148,141.1575,2012-09-16,309.8,51,15.3,0.2,23.2,0.04,17.53,62
-33.3219,150.9718,2012-09-16,309.1,63,15.2,0.1,21.1,0.174,20.33,67
-33.3101,150.9702,2012-09-16,347.7,95,15.1,0.0,10.4,0.159,21.01,67
-33.3119,150.9512,2012-09-16,305.9,32,15.1,0.0,10.4,0.159,21.01,67
-32.3185,151.9197,2012-09-16,317.1,75,14.6,0.0,18.1,0.267,18.9,75
-31.4577,152.552,2012-09-16,310.1,44,14.3,0.0,19.6,0.199,17.46,78
-31.4602,152.5605,2012-09-16,313.1,71,13.7,0.0,14.2,0.208,17.63,79
-31.2956,152.8394,2012-09-16,302.7,49,14.3,0.2,19.0,0.203,17.31,77
-31.2971,152.8258,2012-09-16,316.2,76,14.5,0.2,19.0,0.203,17.31,77
-31.0516,151.332,2012-09-16,304.9,32,11.2,0.0,12.8,0.17,21.32,60
-29.7805,152.7039,2012-09-16,325.0,82,14.2,0.0,12.5,0.186,18.61,68
-29.5815,152.5819,2012-09-16,308.6,63,13.9,0.0,12.5,0.238,18.61,66
-29.3925,153.2385,2012-09-16,319.5,79,15.8,0.0,19.7,0.193,18.69,72
-29.394,153.2264,2012-09-16,354.5,98,15.8,0.0,19.7,0.193,18.69,72
-29.2206,152.6339,2012-09-16,314.1,32,15.0,0.0,11.5,0.192,17.85,62
-29.2021,152.6179,2012-09-16,313.9,53,14.9,0.0,12.5,0.192,18.24,62
-29.1494,152.3802,2012-09-16,311.8,52,13.7,0.0,11.4,0.25,17.91,61
-29.047,151.8687,2012-09-16,328.9,64,12.3,0.0,9.8,0.095,19.02,56
-29.0486,151.8544,2012-09-16,332.1,75,12.3,0.0,9.8,0.095,19.02,56
-28.289,147.9364,2012-09-16,330.5,83,17.6,0.0,12.6,0.106,22.56,41
-28.2732,147.9599,2012-09-16,335.3,86,17.5,0.0,12.6,0.108,22.56,42
-28.2753,147.9349,2012-09-16,356.1,98,17.5,0.0,12.6,0.106,22.56,41
-28.2794,147.9536,2012-09-16,339.7,89,17.5,0.0,12.6,0.108,22.56,42
-28.2816,147.9287,2012-09-16,335.6,87,17.5,0.0,12.6,0.106,22.56,41
-28.2657,147.9522,2012-09-16,336.5,87,17.5,0.0,12.6,0.108,22.56,42
-28.268,147.9272,2012-09-16,346.4,93,17.5,0.0,12.6,0.106,22.56,41
-30.7621,152.067,2012-09-16,300.3,24,11.3,0.0,11.5,0.225,19.5,68
-29.5304,148.9794,2012-09-16,302.0,46,16.5,0.0,16.6,0.196,21.98,52
-28.2645,147.9447,2012-09-16,306.3,67,17.5,0.0,12.6,0.106,22.56,41
-28.2659,147.9345,2012-09-16,307.3,71,17.5,0.0,12.6,0.106,22.56,41
-28.2674,147.9244,2012-09-16,314.7,90,17.5,0.0,12.6,0.106,22.56,41
-28.2863,149.3606,2012-09-16,320.3,47,17.1,0.0,18.4,0.182,21.42,51
-28.4659,149.9563,2012-09-16,324.2,34,17.4,0.0,15.7,0.172,21.0,53
-29.9047,152.4644,2012-09-16,306.2,54,11.9,0.0,11.8,0.291,19.49,68
-29.9157,152.4734,2012-09-16,306.8,53,11.4,0.0,11.7,0.291,18.8,68
-31.4972,146.8928,2012-09-16,321.1,77,15.2,0.0,10.1,0.12,20.69,54
-32.1216,146.6311,2012-09-16,313.7,68,14.6,0.0,10.4,0.133,19.48,55
-33.6688,149.6908,2012-09-17,325.5,84,9.6,1.5,13.1,0.305,18.63,79
-33.3166,150.9724,2012-09-17,306.3,37,14.6,4.0,18.7,0.192,13.51,80
-32.5578,147.5465,2012-09-17,317.8,54,15.0,0.0,10.2,0.133,21.18,56
-32.115,146.6332,2012-09-17,333.8,74,15.5,0.0,8.2,0.132,20.53,52
-32.1166,146.6226,2012-09-17,332.0,49,15.5,0.0,8.2,0.132,19.97,52
-31.7964,148.483,2012-09-17,334.3,87,16.0,0.0,14.8,0.136,21.01,52
-31.5055,146.8875,2012-09-17,336.5,87,16.5,0.0,10.5,0.119,21.37,48
-28.39,148.6538,2012-09-18,353.7,97,19.0,0.2,16.8,0.084,18.57,58
-28.3917,148.6693,2012-09-18,326.9,81,19.0,0.2,16.8,0.084,18.57,58
-28.379,148.6553,2012-09-18,326.1,80,19.0,0.2,16.8,0.084,18.57,58
-28.3807,148.6709,2012-09-18,318.9,72,19.0,0.2,16.8,0.084,18.57,58
-32.1097,146.6457,2012-09-18,320.6,39,15.6,1.4,17.5,0.135,17.75,54
-32.1169,146.6387,2012-09-18,324.1,79,15.5,1.4,17.5,0.135,17.75,54
-32.1081,146.632,2012-09-18,337.3,89,15.5,1.4,17.5,0.135,17.75,54
-32.1067,146.6403,2012-09-18,328.1,76,15.6,1.4,17.5,0.135,17.75,54
-35.3228,149.1909,2012-09-18,311.1,71,9.8,14.1,12.6,0.314,15.04,89
-35.7835,142.9077,2012-09-18,303.6,57,11.7,0.4,13.8,0.205,12.27,78
-35.3209,149.1686,2012-09-18,309.1,64,9.8,14.1,12.6,0.314,15.04,89
-37.2317,141.0071,2012-09-18,312.5,55,10.2,0.3,15.0,0.182,15.85,82
-32.1188,146.6202,2012-09-18,306.8,35,15.5,1.2,17.9,0.135,17.77,54
-30.3825,145.2299,2012-09-18,332.0,81,18.6,0.0,27.4,0.038,21.12,40
-30.3901,145.2372,2012-09-18,324.8,72,18.5,0.0,27.4,0.038,21.12,40
-32.8965,148.35,2012-09-18,324.5,100,12.9,4.0,24.9,0.181,18.9,75
-32.9044,148.3432,2012-09-18,309.6,78,13.0,4.0,24.9,0.161,18.9,73
-28.7296,147.1402,2012-09-18,311.1,64,18.5,2.0,14.4,0.141,20.04,59
-34.4614,150.8821,2012-09-18,312.5,55,14.1,3.3,15.0,0.243,18.01,85
-36.6747,149.7936,2012-09-19,318.5,79,11.7,3.5,10.2,0.316,14.97,89
-32.9068,148.3526,2012-09-19,311.1,43,11.7,0.0,7.7,0.213,19.49,76
-31.3924,152.3445,2012-09-19,314.4,71,15.9,0.0,11.8,0.286,20.72,73
-28.7205,148.7758,2012-09-19,312.0,67,19.8,0.0,17.1,0.098,22.63,46
-29.9133,148.546,2012-09-19,320.0,71,18.2,0.0,13.9,0.056,22.23,53
-29.9148,148.5357,2012-09-19,327.5,80,18.2,0.0,13.9,0.056,22.23,53
-30.2799,145.4097,2012-09-19,317.4,59,18.8,0.0,11.8,0.145,21.47,35
-28.3101,152.7225,2012-09-19,310.3,28,16.9,0.0,12.6,0.313,19.77,68
-28.295,149.3587,2012-09-20,319.7,59,20.6,0.0,16.0,0.255,23.6,39
-28.2807,149.1748,2012-09-20,315.0,43,21.0,0.0,16.0,0.148,23.6,38
-28.2822,149.1861,2012-09-20,319.5,64,21.0,0.0,16.0,0.148,23.6,38
-28.4296,149.6171,2012-09-20,317.1,60,20.9,0.0,14.8,0.249,23.6,39
-28.4311,149.6289,2012-09-20,328.4,79,20.9,0.0,14.3,0.249,23.65,39
-28.4979,149.7468,2012-09-20,333.8,85,20.3,0.0,14.3,0.099,23.65,43
-28.7114,148.7811,2012-09-20,317.4,27,22.2,0.0,20.3,0.094,23.24,34
-28.7208,148.7796,2012-09-20,317.6,47,22.2,0.0,20.3,0.094,23.24,34
-29.5547,149.9177,2012-09-20,314.4,59,19.3,0.0,13.8,0.098,23.42,42
-29.8942,151.4598,2012-09-20,319.2,75,13.9,0.0,13.3,0.299,23.2,52
-31.7868,151.1984,2012-09-20,313.7,70,13.7,0.0,10.8,0.279,22.44,53
-31.7884,151.2136,2012-09-20,307.8,57,11.8,0.0,12.0,0.279,22.44,53
-34.0971,149.3216,2012-09-20,305.3,61,11.7,0.6,10.0,0.349,20.95,68
-34.2372,142.256,2012-09-20,310.7,48,19.4,0.0,35.4,0.204,21.77,48
-36.4645,141.6222,2012-09-20,309.3,51,14.1,3.4,28.5,0.255,20.29,75
-36.4667,141.6351,2012-09-20,325.6,84,14.1,3.8,28.5,0.255,20.34,75
-36.4678,141.6289,2012-09-20,322.5,82,14.1,3.8,28.5,0.255,20.34,75
-28.9125,153.2909,2012-09-20,314.7,62,18.9,0.0,11.6,0.285,23.07,74
-29.2925,152.63,2012-09-20,309.0,49,17.0,0.0,10.4,0.304,22.75,67
-29.4647,150.2479,2012-09-20,310.4,61,18.5,0.0,12.6,0.152,23.47,43
-29.4673,150.1982,2012-09-20,311.1,62,18.8,0.0,12.6,0.152,23.47,43
-29.4668,150.245,2012-09-20,311.3,61,18.5,0.0,12.6,0.152,23.47,43
-28.9118,153.2861,2012-09-20,314.9,62,18.9,0.0,11.6,0.285,23.07,74
-35.3825,145.3347,2012-09-20,316.2,72,17.4,1.1,25.9,0.2,20.44,60
-35.3861,145.3164,2012-09-20,309.8,61,17.4,1.1,25.9,0.2,20.44,60
-34.535,145.2641,2012-09-20,323.5,77,18.3,0.2,22.4,0.186,19.98,52
-34.5235,145.2607,2012-09-20,338.0,89,18.3,0.2,22.4,0.186,19.98,52
-29.3725,148.3306,2012-09-20,308.6,75,21.7,0.0,20.5,0.19,22.63,35
-29.1963,148.9439,2012-09-20,312.6,85,21.3,0.0,16.8,0.21,23.37,36
-29.1848,148.9424,2012-09-20,308.5,75,21.3,0.0,16.8,0.21,23.37,36
-28.2758,145.4607,2012-09-21,317.7,45,25.6,0.0,27.4,0.056,21.46,25
-28.5041,145.3006,2012-09-21,316.8,58,25.3,0.0,23.1,0.109,20.97,26
-30.4941,146.9729,2012-09-21,314.5,47,22.9,0.4,21.6,0.199,17.71,34
-30.4966,146.9672,2012-09-21,313.1,28,22.9,0.4,21.6,0.199,17.71,34
-28.2782,145.467,2012-09-21,322.3,71,25.7,0.0,27.4,0.056,21.46,25
-32.4646,146.2202,2012-09-21,311.2,54,18.6,0.0,21.1,0.118,22.69,42
-32.4694,146.2127,2012-09-21,312.2,59,18.6,0.0,21.1,0.118,22.69,42
-34.4659,150.8837,2012-09-21,317.0,58,17.3,0.5,13.9,0.247,17.44,75
-32.1171,146.65,2012-09-21,321.1,59,19.6,0.5,20.1,0.146,21.99,41
-32.4771,146.2119,2012-09-21,323.3,75,18.6,0.0,21.1,0.118,22.69,42
-32.4654,146.2103,2012-09-21,319.7,67,18.6,0.0,21.1,0.118,22.69,42
-32.1259,146.6566,2012-09-21,315.9,44,19.6,1.3,20.6,0.146,22.31,41
-31.989,146.7816,2012-09-21,315.2,57,19.8,0.5,20.1,0.16,21.99,40
-31.8228,145.3388,2012-09-21,316.8,57,20.2,0.1,20.2,0.116,22.13,38
-31.8247,145.3179,2012-09-21,320.6,68,20.2,0.1,20.2,0.116,22.13,38
-30.5034,146.9671,2012-09-21,326.1,63,22.8,0.4,21.6,0.199,17.71,34
-30.0362,150.0203,2012-09-21,325.0,78,19.4,0.4,13.9,0.174,18.32,46
-30.0377,150.0093,2012-09-21,314.6,54,20.0,0.3,16.2,0.174,18.24,46
-29.3849,148.3279,2012-09-21,358.1,99,22.7,0.2,14.5,0.19,19.34,43
-29.3864,148.3154,2012-09-21,322.0,36,22.7,0.2,14.5,0.19,19.34,43
-29.375,148.3264,2012-09-21,323.2,54,22.7,0.0,17.6,0.19,19.49,43
-28.4973,145.3079,2012-09-21,325.9,70,25.3,0.0,23.1,0.109,20.97,26
-28.2872,145.4693,2012-09-21,325.6,69,25.7,0.0,27.4,0.056,21.46,25
-28.289,145.4516,2012-09-21,336.5,84,25.6,0.0,27.4,0.056,21.46,25
-28.2909,145.4338,2012-09-21,342.8,89,25.6,0.0,27.4,0.105,21.46,25
-29.0359,148.6789,2012-09-22,320.6,71,19.9,0.0,13.3,0.124,24.56,38
-29.0375,148.6894,2012-09-22,321.6,72,19.9,0.0,13.3,0.124,24.56,38
-30.7426,152.4271,2012-09-22,311.8,25,15.8,0.0,10.9,0.259,23.53,68
-34.4643,150.8895,2012-09-22,316.5,58,14.9,0.0,19.9,0.241,21.68,75
-32.1156,146.6536,2012-09-22,315.7,46,16.8,0.0,11.2,0.143,23.61,47
-32.4432,148.117,2012-09-22,320.9,76,15.2,0.0,10.3,0.177,23.46,55
-33.4566,150.8796,2012-09-22,312.9,69,15.9,0.0,18.8,0.239,22.19,68
-33.1835,147.8315,2012-09-22,308.8,50,13.9,0.0,8.6,0.192,23.26,61
-33.844,150.8951,2012-09-22,312.1,37,15.2,0.0,18.8,0.166,22.19,67
-34.1586,150.9806,2012-09-22,313.0,73,13.8,0.0,15.1,0.282,21.68,76
-33.6982,147.1745,2012-09-22,313.2,66,14.3,0.0,11.5,0.194,23.14,60
-33.6385,146.6252,2012-09-22,315.5,68,14.6,0.0,9.5,0.164,23.15,56
-33.6404,146.6367,2012-09-22,331.1,85,14.6,0.0,9.5,0.164,23.15,56
-34.4598,150.8838,2012-09-22,322.1,62,14.9,0.0,19.9,0.241,21.68,75
-37.3398,143.3083,2012-09-22,343.4,93,11.6,0.0,15.0,0.334,21.54,75
-37.3424,143.3227,2012-09-22,347.0,95,11.8,0.0,15.0,0.334,21.54,75
-37.349,143.3149,2012-09-22,309.1,68,11.5,0.0,15.0,0.334,21.54,75
-36.4075,148.8069,2012-09-22,306.7,64,8.8,0.0,10.6,0.341,18.53,71
-35.5871,145.9859,2012-09-22,349.7,95,13.2,0.0,13.2,0.245,22.55,72
-35.6707,144.6481,2012-09-22,323.7,79,13.7,0.0,11.3,0.229,21.91,65
-34.9982,145.935,2012-09-22,313.7,49,13.9,0.0,11.8,0.2,22.69,65
-34.4772,146.249,2012-09-22,323.6,77,14.3,0.0,9.7,0.175,22.87,63
-33.4244,150.7998,2012-09-22,306.1,58,16.0,0.0,18.8,0.256,22.19,67
-33.9092,146.9347,2012-09-22,318.8,69,13.4,0.0,10.0,0.194,23.09,62
-33.8984,146.9318,2012-09-22,324.0,78,13.4,0.0,10.0,0.194,23.09,62
-32.8718,147.012,2012-09-22,317.4,57,15.0,0.0,9.7,0.168,23.42,53
-32.4538,148.1166,2012-09-22,316.3,67,15.2,0.0,10.3,0.172,23.46,55
-32.4758,146.3315,2012-09-22,324.1,74,15.8,0.0,10.1,0.115,23.55,47
-32.3372,145.9524,2012-09-22,324.3,72,16.5,0.0,10.0,0.135,23.61,45
-32.3268,145.9498,2012-09-22,322.3,63,16.5,0.0,10.0,0.131,23.61,45
-31.7983,148.4842,2012-09-22,322.3,75,15.6,0.0,12.3,0.166,23.7,52
-31.799,148.4794,2012-09-22,320.8,73,15.6,0.0,12.3,0.166,23.7,52
-31.8237,145.3196,2012-09-22,318.7,42,17.8,0.0,11.5,0.113,23.69,40
-29.5506,147.5069,2012-09-22,323.6,67,19.4,0.0,15.4,0.081,24.42,37
-29.5546,147.4866,2012-09-22,323.8,72,19.4,0.0,15.4,0.081,24.42,37
-29.0054,149.129,2012-09-22,318.9,65,19.7,0.0,13.7,0.207,24.56,41
-29.2792,149.2936,2012-09-22,305.0,62,19.3,0.0,12.6,0.211,24.58,42
-29.2807,149.2897,2012-09-22,312.7,86,19.3,0.0,12.6,0.211,24.58,42
-29.2822,149.3015,2012-09-22,315.8,92,19.3,0.0,12.6,0.211,24.58,42
-29.2893,149.307,2012-09-23,318.0,61,20.1,0.0,13.4,0.21,24.16,39
-29.2968,149.2994,2012-09-23,322.3,72,20.1,0.0,13.4,0.21,24.16,39
-29.3779,148.3203,2012-09-23,328.9,79,20.8,0.0,12.6,0.187,24.06,37
-29.3757,148.3134,2012-09-23,324.9,75,20.8,0.0,12.6,0.187,24.06,37
-29.378,148.3453,2012-09-23,318.3,62,20.8,0.0,12.6,0.187,24.06,37
-31.57,145.9433,2012-09-23,317.6,67,19.3,0.0,18.4,0.102,23.56,32
-31.572,145.9672,2012-09-23,331.4,84,19.5,0.0,18.4,0.11,23.56,32
-35.6765,144.3651,2012-09-23,324.3,83,14.4,0.0,25.5,0.325,20.4,49
-31.736,152.2781,2012-09-23,313.1,66,17.0,0.0,11.2,0.259,23.8,63
-31.7712,152.2533,2012-09-23,311.8,62,16.5,0.0,11.2,0.259,23.8,63
-33.8008,147.4978,2012-09-23,309.8,60,15.1,0.0,22.7,0.19,22.88,56
-35.6799,144.6399,2012-09-23,304.0,51,14.3,0.0,26.5,0.214,21.06,49
-35.0391,146.017,2012-09-23,322.7,81,14.1,0.0,25.0,0.184,22.04,52
-35.0413,146.0101,2012-09-23,328.5,85,14.1,0.0,25.0,0.184,22.04,52
-34.4603,150.8792,2012-09-23,314.8,44,17.3,0.0,27.0,0.229,22.81,66
-34.2766,150.5495,2012-09-23,325.6,83,16.0,0.0,13.9,0.267,23.1,60
-33.8124,147.5253,2012-09-23,348.0,95,15.1,0.0,22.7,0.19,22.88,56
-29.3836,148.3101,2012-09-23,326.8,74,20.8,0.0,12.6,0.187,24.06,37
-31.5793,145.9529,2012-09-23,323.8,74,19.4,0.0,18.4,0.11,23.56,32
-31.5646,145.9515,2012-09-23,319.4,58,19.5,0.0,18.4,0.11,23.56,32
-31.5792,145.9477,2012-09-23,325.1,75,19.2,0.0,18.4,0.102,23.56,32
-30.7422,152.4456,2012-09-23,313.2,33,16.6,0.0,9.2,0.247,24.31,57
-30.7342,152.4318,2012-09-23,316.1,49,17.6,0.0,13.7,0.247,23.88,57
-30.8173,147.7614,2012-09-23,339.6,89,20.5,0.0,18.3,0.203,23.69,38
-30.8193,147.7391,2012-09-23,336.6,86,20.7,0.0,18.3,0.201,23.69,37
-30.262,151.3743,2012-09-23,320.3,75,13.4,0.0,16.0,0.189,24.65,43
-30.2635,151.3614,2012-09-23,316.7,70,13.3,0.0,16.0,0.189,24.65,43
-29.9908,152.829,2012-09-23,320.9,43,18.7,0.0,13.2,0.253,23.01,73
-29.9922,152.8178,2012-09-23,343.9,93,18.7,0.0,13.2,0.253,23.01,73
-29.9814,152.8274,2012-09-23,328.6,84,18.7,0.0,13.2,0.253,23.01,73
-29.9829,152.8163,2012-09-23,323.4,57,18.5,0.0,13.2,0.256,23.23,71
-29.9279,152.4565,2012-09-23,310.6,59,17.4,0.0,8.9,0.362,23.79,63
-29.9293,152.4454,2012-09-23,311.0,60,16.8,0.0,6.8,0.368,23.97,60
-29.5889,152.8821,2012-09-23,317.5,54,19.3,0.0,13.6,0.281,22.72,74
-29.5903,152.8712,2012-09-23,325.8,80,19.2,0.0,13.6,0.281,22.72,74
-29.5204,152.7072,2012-09-23,316.7,61,19.1,0.0,11.6,0.278,23.01,71
-29.5218,152.696,2012-09-23,324.5,79,19.4,0.0,11.6,0.278,23.01,71
-29.4483,152.6995,2012-09-23,315.0,66,19.3,0.0,11.6,0.276,23.01,70
-29.2916,150.9953,2012-09-23,318.8,68,16.7,0.0,9.2,0.14,24.53,44
-29.5767,147.4863,2012-09-23,322.7,39,22.0,0.0,14.0,0.08,23.99,34
-29.2957,149.3071,2012-09-23,319.9,45,20.1,0.0,13.4,0.21,24.16,39
-29.2975,149.2906,2012-09-23,361.2,100,20.1,0.0,13.4,0.21,24.16,39
-29.2862,149.2891,2012-09-23,370.2,100,20.1,0.0,13.4,0.21,24.16,39
-29.3817,148.3293,2012-09-23,324.4,58,20.8,0.0,12.6,0.187,24.06,37
-28.9402,152.2245,2012-09-23,314.4,60,17.7,0.0,11.1,0.265,24.17,53
-29.3696,148.3277,2012-09-23,322.7,32,20.8,0.0,13.2,0.187,24.13,37
-29.3715,148.3085,2012-09-23,325.2,63,20.8,0.0,13.2,0.187,24.13,37
-29.3778,148.3233,2012-09-23,330.1,78,20.8,0.0,12.6,0.187,24.06,37
-29.3797,148.3041,2012-09-23,324.3,31,20.8,0.0,12.6,0.187,24.06,37
-28.6805,152.1874,2012-09-23,311.0,36,16.8,0.0,14.6,0.25,24.44,52
-28.2749,152.5682,2012-09-23,314.1,35,19.3,0.0,8.0,0.287,23.55,60
-34.4615,150.8785,2012-09-23,301.7,43,17.3,0.0,27.0,0.229,22.81,66
-32.2559,151.4384,2012-09-23,306.5,68,15.3,0.0,14.1,0.273,23.93,52
-31.9028,151.7035,2012-09-23,301.3,40,15.3,0.0,11.3,0.252,23.92,56
-30.82,147.7577,2012-09-23,301.6,41,20.5,0.0,18.3,0.203,23.69,38
-30.811,147.7559,2012-09-23,302.7,51,20.5,0.0,18.3,0.203,23.69,38
-30.492,146.9755,2012-09-23,310.2,79,22.4,0.0,18.2,0.195,23.74,30
-30.4935,146.9651,2012-09-23,315.9,92,22.4,0.0,18.2,0.195,23.74,30
-29.2815,152.5169,2012-09-23,333.3,86,19.3,0.0,11.6,0.272,23.01,69
-29.283,152.5272,2012-09-23,325.3,80,19.7,0.0,11.6,0.272,23.01,69
-29.1468,152.7241,2012-09-23,311.1,56,18.7,0.6,6.5,0.244,23.55,68
-28.7621,152.1297,2012-09-23,310.3,26,16.1,0.0,13.8,0.281,24.44,50
-28.7605,152.1194,2012-09-23,324.3,77,15.7,0.0,13.8,0.281,24.44,50
-29.1558,152.7224,2012-09-23,309.3,47,18.0,0.0,6.0,0.244,23.61,68
-29.2725,152.5186,2012-09-23,335.7,88,19.5,0.0,11.6,0.272,23.01,69
-30.1818,152.5047,2012-09-24,317.8,25,16.1,3.4,12.0,0.305,16.24,64
-30.1998,152.5013,2012-09-24,320.0,66,14.8,5.3,17.1,0.303,17.27,66
-31.6567,152.0235,2012-09-24,313.0,69,16.3,0.0,12.2,0.241,22.63,53
-31.6583,152.034,2012-09-24,306.3,30,16.8,0.0,13.8,0.24,22.84,55
-32.2513,151.4441,2012-09-24,310.9,66,15.5,0.0,14.3,0.268,23.7,48
-32.0553,146.072,2012-09-24,308.3,53,13.7,0.0,17.7,0.141,24.0,41
-34.4609,150.8847,2012-09-24,317.2,59,15.7,0.7,24.6,0.214,23.07,55
-34.1407,147.3809,2012-09-24,304.1,58,10.5,0.0,21.8,0.203,20.44,57
-35.3555,149.3517,2012-09-24,306.1,63,7.9,0.0,19.0,0.3,21.97,66
-35.3574,149.3633,2012-09-24,317.5,78,7.1,0.0,19.0,0.304,21.97,66
-35.5678,145.4895,2012-09-24,312.2,71,10.6,0.0,20.6,0.192,21.72,56
-35.5167,145.0793,2012-09-24,348.2,95,10.6,0.0,20.9,0.175,21.5,56
-35.5077,145.0774,2012-09-24,338.7,91,10.6,0.0,20.9,0.175,21.5,56
-35.4421,145.4724,2012-09-24,321.3,79,10.8,0.0,20.6,0.187,21.72,56
-35.4437,145.4614,2012-09-24,314.1,71,10.8,0.0,20.6,0.187,21.72,56
-35.2055,146.4422,2012-09-24,324.5,71,10.4,0.0,23.7,0.201,18.93,58
-34.8367,145.9607,2012-09-24,343.3,92,11.2,0.0,21.9,0.17,21.45,53
-34.8383,145.9497,2012-09-24,352.3,96,11.2,0.0,21.9,0.156,21.45,53
-34.0024,150.5695,2012-09-24,308.4,64,13.4,0.0,15.6,0.245,23.37,48
-33.0082,151.7,2012-09-24,308.9,0,16.9,0.0,15.1,0.199,23.33,57
-33.0015,151.7126,2012-09-24,324.6,0,17.1,0.0,12.4,0.212,23.46,51
-33.687,145.4478,2012-09-24,313.4,61,12.1,0.0,22.0,0.153,22.74,48
-32.2473,151.4409,2012-09-24,312.3,68,15.5,0.0,14.3,0.268,23.7,48
-32.1718,151.6155,2012-09-24,307.2,49,16.2,0.0,14.5,0.267,23.71,54
-31.7753,152.2462,2012-09-24,307.1,55,16.0,0.0,12.9,0.241,22.17,58
-32.1209,149.0256,2012-09-24,312.7,64,13.7,0.0,17.8,0.24,24.06,49
-32.1504,148.8646,2012-09-24,312.1,63,13.3,0.0,18.4,0.238,23.94,48
-32.1543,148.8752,2012-09-24,312.2,63,13.5,0.0,18.7,0.238,24.02,49
-32.1568,148.8607,2012-09-24,306.9,29,13.4,0.0,18.4,0.238,23.94,49
-32.1152,149.0341,2012-09-24,309.9,57,13.7,0.0,17.8,0.24,24.06,49
-32.1191,146.648,2012-09-24,316.1,58,14.0,0.0,17.1,0.132,23.98,41
-32.0636,146.074,2012-09-24,315.5,43,13.7,0.0,17.7,0.141,24.0,41
-31.6995,146.3219,2012-09-24,321.5,60,14.5,0.0,16.4,0.112,24.08,38
-31.7013,146.3106,2012-09-24,331.6,83,14.5,0.0,16.4,0.112,24.08,38
-31.692,146.3085,2012-09-24,333.3,84,14.6,0.0,16.4,0.112,24.08,38
-31.6938,146.2973,2012-09-24,322.4,71,14.6,0.0,16.4,0.112,24.08,38
-33.8064,147.3953,2012-09-24,344.4,93,11.3,0.0,21.2,0.176,22.19,53
-30.1445,150.2294,2012-09-24,311.8,59,16.4,0.0,13.8,0.175,22.64,38
-30.1383,150.2346,2012-09-24,310.7,56,16.6,0.0,13.8,0.175,22.64,38
-30.4949,146.9724,2012-09-24,321.3,70,18.1,0.0,19.8,0.194,24.36,32
-29.519,151.1971,2012-09-24,311.3,36,16.6,2.4,17.3,0.107,20.33,47
-28.8172,150.4022,2012-09-24,313.8,45,20.4,0.0,18.7,0.037,20.26,32
-28.8152,150.3944,2012-09-24,321.3,74,20.4,0.0,18.7,0.037,20.26,32
-29.0036,149.1355,2012-09-24,318.3,67,19.5,0.0,23.5,0.205,23.22,35
-28.7252,147.119,2012-09-24,318.0,37,20.0,0.0,21.0,0.106,23.99,30
-30.9516,146.3195,2012-09-24,318.7,63,16.5,0.0,16.9,0.134,24.18,34
-29.3043,145.2523,2012-09-24,320.8,100,18.5,0.0,20.2,0.082,24.69,29
-29.3069,145.2669,2012-09-24,305.8,66,18.5,0.0,20.2,0.082,24.69,29
-29.3149,145.2498,2012-09-24,342.8,100,18.3,0.0,20.2,0.11,24.69,29
-29.3175,145.2644,2012-09-24,364.3,100,18.5,0.0,20.2,0.082,24.69,29
-29.3216,145.2582,2012-09-24,328.1,100,18.5,0.0,20.2,0.082,24.69,29
-29.3243,145.2727,2012-09-24,304.8,51,18.4,0.0,20.2,0.082,24.69,29
-28.7227,147.132,2012-09-25,316.4,63,17.7,0.0,12.8,0.106,25.47,32
-30.1412,150.2401,2012-09-25,308.6,46,15.3,0.0,9.2,0.163,24.96,48
-29.3149,145.2672,2012-09-25,329.6,79,17.6,0.0,14.5,0.082,25.0,30
-29.3134,145.2546,2012-09-25,331.5,83,17.6,0.0,14.5,0.082,25.0,30
-29.3118,145.2421,2012-09-25,320.3,58,17.6,0.0,14.5,0.11,25.0,30
-28.721,147.1163,2012-09-25,314.8,49,17.7,0.0,13.2,0.106,25.43,32
-30.5024,146.9789,2012-09-25,318.3,70,16.7,0.0,15.6,0.193,25.03,32
-32.2097,148.5677,2012-09-25,312.4,65,14.0,0.0,18.4,0.162,24.33,50
-32.2117,148.5904,2012-09-25,314.8,69,14.0,0.0,18.4,0.162,24.33,50
-32.0554,146.0943,2012-09-25,313.4,60,14.0,0.0,10.6,0.139,24.63,38
-36.5041,143.7136,2012-09-25,304.8,60,9.3,0.0,8.2,0.221,21.46,69
-34.7778,142.9554,2012-09-25,309.6,33,11.8,0.0,10.0,0.181,23.25,56
-35.6854,145.6144,2012-09-25,317.7,78,10.7,0.0,9.8,0.193,22.28,61
-35.6856,145.6086,2012-09-25,314.0,74,10.7,0.0,9.8,0.193,22.28,61
-36.1516,143.6454,2012-09-25,304.5,59,9.8,0.0,8.7,0.214,21.69,68
-35.9987,141.175,2012-09-25,318.3,77,11.1,0.0,16.5,0.197,22.38,59
-37.4342,143.2557,2012-09-25,304.3,59,8.4,0.0,10.8,0.315,21.01,72
-34.1559,147.1788,2012-09-25,306.8,57,10.0,0.0,10.2,0.195,23.58,60
-30.7586,152.1731,2012-09-25,315.0,70,13.4,0.0,14.4,0.201,21.11,72
-29.535,149.8635,2012-09-25,326.9,80,17.6,0.0,14.4,0.14,25.17,40
-29.5255,149.8826,2012-09-25,328.6,81,17.5,0.0,17.4,0.14,25.14,40
-29.1767,152.562,2012-09-25,318.2,39,15.7,0.1,15.2,0.249,14.18,73
-29.2272,152.6169,2012-09-25,310.4,45,16.5,0.0,14.2,0.249,14.92,73
-30.074,151.199,2012-09-25,321.2,76,13.9,0.0,13.0,0.143,25.19,53
-30.0008,151.3154,2012-09-25,312.4,53,12.5,0.0,19.8,0.215,25.08,54
-29.9974,151.3077,2012-09-25,314.4,67,12.7,0.0,19.8,0.215,25.08,54
-29.3234,152.2398,2012-09-25,311.0,30,14.2,0.2,14.2,0.374,18.46,76
-29.5329,149.8882,2012-09-25,349.2,95,17.5,0.0,17.4,0.14,25.14,40
-37.3434,141.2965,2012-09-25,329.5,86,9.1,0.0,17.6,0.366,19.88,69
-34.7971,146.057,2012-09-25,311.1,63,11.0,0.0,9.4,0.155,23.21,58
-34.9174,145.7747,2012-09-25,313.1,69,11.1,0.0,8.9,0.166,23.04,58
-34.9266,145.7734,2012-09-25,312.1,66,11.1,0.0,8.9,0.166,23.04,58
-34.8067,146.0173,2012-09-25,323.2,79,11.1,0.0,9.4,0.164,23.21,57
-37.3509,141.3185,2012-09-25,312.1,72,9.2,0.0,17.6,0.361,19.88,69
-37.3546,141.3,2012-09-25,323.8,83,9.2,0.0,17.6,0.361,19.88,69
-32.2919,145.756,2012-09-25,312.3,42,13.8,0.0,10.7,0.114,24.52,39
-34.2378,142.2519,2012-09-25,311.6,37,13.1,0.0,10.7,0.138,23.5,48
-32.2812,145.7989,2012-09-25,313.0,49,13.6,0.0,10.7,0.114,24.52,39
-28.8659,148.1051,2012-09-25,304.8,62,17.7,0.0,12.7,0.129,25.49,34
-28.8673,148.0942,2012-09-25,325.5,100,17.7,0.0,12.7,0.129,25.49,34
-29.5141,151.1895,2012-09-25,306.7,69,15.1,0.0,21.0,0.106,25.36,53
-29.5157,151.1789,2012-09-25,304.7,61,15.5,0.0,19.3,0.106,25.29,53
-30.0397,149.4559,2012-09-25,314.1,67,17.4,0.0,13.4,0.093,25.08,37
-33.8826,143.2181,2012-09-25,308.0,57,13.0,0.0,9.3,0.089,23.68,45
-33.888,143.2084,2012-09-25,310.5,64,13.0,0.0,9.3,0.089,23.68,45
-35.9163,148.7542,2012-09-26,301.9,50,8.7,0.2,15.1,0.359,23.34,69
-35.9179,148.7432,2012-09-26,302.8,54,8.2,0.2,15.1,0.368,23.34,69
-35.9553,148.2877,2012-09-26,322.6,82,9.3,0.0,9.7,0.335,23.61,72
-35.9569,148.2765,2012-09-26,327.2,85,10.1,0.0,9.4,0.335,23.58,72
-35.2051,149.9292,2012-09-26,317.9,77,13.1,0.1,13.6,0.303,20.54,71
-35.196,149.9271,2012-09-26,312.5,34,13.1,0.1,13.6,0.303,20.54,71
-35.5777,145.5972,2012-09-26,318.0,66,14.4,0.0,17.4,0.181,22.87,53
-35.5792,145.5844,2012-09-26,334.1,87,14.4,0.0,17.4,0.181,22.87,53
-35.5758,145.5904,2012-09-26,311.2,55,14.4,0.0,17.4,0.181,22.87,53
-35.4983,146.1382,2012-09-26,378.7,100,13.8,0.0,15.5,0.191,23.21,59
-35.4999,146.126,2012-09-26,335.4,88,13.8,0.0,15.5,0.191,23.21,59
-35.4889,146.1364,2012-09-26,320.8,76,13.8,0.0,15.5,0.191,23.21,59
-35.4837,145.7812,2012-09-26,314.2,67,14.1,0.0,16.4,0.18,23.0,55
-35.4852,145.7686,2012-09-26,325.9,81,14.1,0.0,16.4,0.18,23.0,55
-36.1541,149.0773,2012-09-26,307.0,65,11.5,0.0,13.7,0.269,23.54,64
-34.6839,150.3006,2012-09-26,365.9,94,13.3,0.0,13.8,0.282,21.14,70
-34.6746,150.298,2012-09-26,333.3,82,12.9,0.0,14.6,0.277,20.93,74
-34.8749,148.9446,2012-09-26,309.1,60,12.3,0.0,12.8,0.29,22.8,71
-36.8388,147.8131,2012-09-26,322.8,82,9.5,0.0,11.4,0.337,23.2,65
-34.8766,148.9337,2012-09-26,315.1,71,12.4,0.0,11.9,0.29,22.22,71
-34.4662,150.8896,2012-09-26,311.4,0,15.7,0.8,26.4,0.232,18.51,75
-34.4683,150.8773,2012-09-26,313.7,63,15.6,0.8,26.4,0.232,18.51,75
-34.8232,145.7965,2012-09-26,317.0,37,15.4,0.0,17.5,0.163,23.61,49
-34.7908,146.0198,2012-09-26,332.9,85,15.3,0.0,16.5,0.158,23.62,50
-34.8198,145.7892,2012-09-26,325.3,77,15.4,0.0,17.5,0.163,23.61,49
-34.7813,146.0181,2012-09-26,333.4,85,15.3,0.0,16.5,0.158,23.62,50
-34.5262,146.3576,2012-09-26,319.1,70,15.3,0.0,16.3,0.159,23.73,52
-36.2179,148.7016,2012-09-26,306.1,63,8.8,0.0,15.3,0.36,23.74,64
-36.2195,148.6905,2012-09-26,311.9,72,9.2,0.0,15.3,0.36,23.74,64
-35.3769,145.4769,2012-09-26,312.5,42,14.9,0.0,17.4,0.171,22.87,50
-36.0074,148.757,2012-09-26,301.2,33,9.3,0.0,11.7,0.345,22.15,67
-31.8209,145.3215,2012-09-26,381.2,100,18.3,0.0,14.0,0.11,24.82,27
-31.8223,145.31,2012-09-26,326.7,63,18.4,0.0,14.0,0.11,24.82,27
-31.3874,147.1831,2012-09-26,318.2,32,17.6,0.0,11.8,0.197,24.49,45
-31.0434,148.9935,2012-09-26,318.5,64,17.4,0.0,18.1,0.113,21.22,55
-32.2814,145.7913,2012-09-26,334.3,82,17.6,0.0,14.9,0.113,24.65,31
-33.7647,151.0159,2012-09-26,316.0,73,15.9,0.7,21.7,0.174,18.57,70
-33.7668,151.0034,2012-09-26,314.0,59,16.1,0.7,21.7,0.174,18.57,70
-34.4439,146.2889,2012-09-26,339.8,89,15.3,0.0,16.3,0.146,23.73,51
-34.4454,146.2773,2012-09-26,318.4,68,15.3,0.0,16.3,0.146,23.73,51
-34.0191,147.7407,2012-09-26,311.8,57,14.1,0.0,13.6,0.183,23.58,62
-33.8603,146.3318,2012-09-26,314.6,52,15.6,0.0,17.5,0.163,23.95,48
-33.3593,147.4684,2012-09-26,315.5,56,15.5,0.0,14.3,0.249,23.69,57
-32.2823,151.9711,2012-09-26,306.2,15,15.9,0.3,12.2,0.249,16.11,69
-32.8638,147.0009,2012-09-26,334.8,84,16.3,0.0,14.6,0.146,24.08,48
-32.0033,151.7913,2012-09-26,325.2,70,15.3,0.3,10.6,0.229,15.1,73
-32.4516,146.3942,2012-09-26,329.8,78,16.4,0.0,15.1,0.107,24.36,40
-32.441,146.4035,2012-09-26,334.6,60,16.5,0.0,15.1,0.123,24.36,39
-32.4425,146.3925,2012-09-26,331.3,50,16.6,0.0,15.1,0.123,24.36,39
-32.4333,146.3908,2012-09-26,352.3,96,16.4,0.0,15.1,0.123,24.36,39
-32.4212,146.411,2012-09-26,323.3,62,16.4,0.0,15.1,0.123,24.36,39
-32.4227,146.4001,2012-09-26,328.8,31,16.4,0.0,15.1,0.123,24.36,39
-32.4242,146.3891,2012-09-26,352.7,96,16.4,0.0,15.1,0.123,24.36,39
-32.4135,146.3983,2012-09-26,347.7,93,16.5,0.0,15.1,0.123,24.36,39
-32.415,146.3874,2012-09-26,341.4,85,16.4,0.0,15.1,0.123,24.36,39
-32.3093,145.7964,2012-09-26,319.8,43,17.7,0.0,14.9,0.113,24.65,31
-32.3108,145.785,2012-09-26,341.4,89,17.7,0.0,14.9,0.113,24.65,31
-31.6167,150.2902,2012-09-26,337.6,89,16.0,0.0,12.2,0.24,20.18,61
-31.6187,150.278,2012-09-26,328.5,83,16.0,0.0,12.2,0.24,20.18,61
-32.2707,145.801,2012-09-26,327.7,74,17.6,0.0,14.9,0.113,24.65,31
-32.2721,145.7896,2012-09-26,350.6,95,17.7,0.0,14.9,0.113,24.65,31
-32.1304,146.66,2012-09-26,329.8,78,17.0,0.0,11.6,0.132,24.35,42
-32.1213,146.6582,2012-09-26,331.5,80,17.0,0.0,10.0,0.132,24.43,42
-32.1122,146.6565,2012-09-26,386.0,100,17.0,0.0,10.0,0.132,24.43,42
-32.1137,146.6458,2012-09-26,340.5,88,16.9,0.0,10.0,0.128,24.43,41
-31.8288,145.3348,2012-09-26,326.7,67,18.3,0.0,14.0,0.11,24.82,27
-31.8194,145.3331,2012-09-26,357.1,98,18.3,0.0,14.0,0.11,24.82,27
-30.0482,149.452,2012-09-26,332.0,83,18.4,0.0,21.0,0.092,16.71,54
-28.9746,152.2529,2012-09-26,309.5,44,13.1,0.2,10.5,0.367,14.06,73
-29.3538,145.1301,2012-09-26,351.9,95,20.2,0.0,10.9,0.111,25.45,26
-29.3552,145.1192,2012-09-26,349.6,93,20.2,0.0,11.1,0.111,25.48,26
-30.0463,149.4636,2012-09-26,322.0,63,18.4,0.0,21.0,0.092,16.71,54
-28.8784,148.0987,2012-09-26,320.2,39,19.8,0.0,18.9,0.129,20.45,49
-28.8693,148.0968,2012-09-26,338.7,86,19.8,0.0,18.1,0.129,20.05,49
-31.8168,145.3232,2012-09-26,302.7,51,18.4,0.0,14.0,0.11,24.82,27
-33.1088,141.0231,2012-09-26,331.7,100,20.7,0.0,31.5,0.082,21.75,22
-29.0239,147.9607,2012-09-26,300.7,32,19.7,0.0,18.9,0.194,20.45,48
-29.3605,145.114,2012-09-26,301.6,43,20.1,0.0,11.1,0.111,25.48,26
-29.1137,150.2398,2012-09-26,315.5,91,18.5,0.0,20.4,0.27,16.64,55
-28.9609,152.6091,2012-09-26,304.5,35,16.3,0.0,10.1,0.246,12.32,67
-28.9625,152.6194,2012-09-26,309.8,78,16.2,0.0,10.5,0.246,13.24,67
-28.9715,152.6177,2012-09-26,304.8,14,16.3,0.0,10.1,0.246,12.32,67
-29.1118,150.228,2012-09-26,302.2,48,18.5,0.0,20.4,0.27,16.64,55
-29.1164,150.2337,2012-09-26,319.5,99,18.5,0.0,20.4,0.27,16.64,55
-29.0119,147.9743,2012-09-26,314.5,89,19.7,0.0,18.9,0.194,20.45,48
-28.271,152.5447,2012-09-27,333.9,86,15.4,0.0,10.5,0.266,19.51,64
-28.398,149.0991,2012-09-27,317.8,58,21.9,0.0,20.2,0.129,24.0,52
-28.3962,149.1064,2012-09-27,318.4,62,21.9,0.0,20.2,0.129,24.0,52
-29.3412,152.6805,2012-09-27,309.4,59,18.5,0.0,10.7,0.245,21.47,66
-29.3802,152.9704,2012-09-27,308.8,58,18.3,0.0,15.1,0.252,21.73,68
-29.0204,147.9729,2012-09-27,361.4,100,23.2,0.0,19.8,0.194,24.07,48
-29.0219,147.9849,2012-09-27,342.8,91,23.1,0.0,19.8,0.194,24.07,48
-29.7979,148.4352,2012-09-27,322.5,54,22.8,0.0,20.2,0.2,23.89,47
-29.8095,148.4466,2012-09-27,332.3,84,22.8,0.0,20.2,0.2,23.89,47
-29.3741,145.1163,2012-09-27,354.8,97,25.6,0.0,18.0,0.11,24.54,24
-29.3756,145.1266,2012-09-27,326.9,50,25.6,0.0,17.9,0.11,24.48,24
-29.3831,145.1146,2012-09-27,335.4,84,25.6,0.0,18.1,0.11,24.52,24
-31.0473,148.9883,2012-09-27,314.4,63,19.7,0.0,18.6,0.112,23.62,54
-31.0489,149.0026,2012-09-27,313.9,62,19.5,0.0,18.6,0.112,23.62,54
-33.0661,141.0669,2012-09-27,331.1,80,29.5,0.0,49.2,0.082,21.53,11
-33.0682,141.0794,2012-09-27,319.5,59,29.5,0.0,49.2,0.082,21.53,11
-33.1005,141.0325,2012-09-27,324.5,71,29.4,0.0,49.2,0.082,21.53,11
-33.1081,141.0175,2012-09-27,321.0,29,29.5,0.0,49.2,0.082,21.53,11
-33.1102,141.0301,2012-09-27,368.7,100,29.5,0.0,49.2,0.082,21.53,11
-33.1124,141.0427,2012-09-27,342.4,90,29.5,0.0,49.2,0.082,21.53,11
-33.1107,141.0234,2012-09-27,344.5,91,29.5,0.0,49.2,0.082,21.53,11
-33.1129,141.0359,2012-09-27,361.1,100,29.5,0.0,49.2,0.082,21.53,11
-33.1226,141.0336,2012-09-27,361.3,100,29.5,0.0,49.2,0.082,21.53,11
-33.1248,141.0462,2012-09-27,327.6,76,29.5,0.0,49.2,0.082,21.53,11
-33.1323,141.0312,2012-09-27,338.6,87,29.5,0.0,48.3,0.082,21.29,11
-33.1345,141.0438,2012-09-27,331.9,81,29.5,0.0,48.3,0.082,21.29,11
-35.9997,141.1582,2012-09-27,318.4,70,19.9,0.0,20.2,0.18,21.96,42
-36.0039,141.1512,2012-09-27,315.7,66,19.8,0.0,20.2,0.18,21.96,42
-37.3379,143.3172,2012-09-27,335.1,89,16.2,0.0,18.4,0.302,21.17,48
-37.3395,143.3285,2012-09-27,310.7,69,16.3,0.0,18.4,0.302,21.17,48
-37.3453,143.3038,2012-09-27,315.3,76,15.8,0.0,18.4,0.302,21.17,48
-37.3469,143.3152,2012-09-27,359.2,99,16.0,0.0,18.4,0.302,21.17,48
-37.439,143.2589,2012-09-27,300.6,40,16.6,0.0,26.7,0.295,21.35,48
-31.9512,151.7924,2012-09-27,311.1,62,17.0,0.0,9.9,0.261,23.71,70
-31.9534,151.7599,2012-09-27,308.9,50,16.3,0.0,9.0,0.261,23.89,70
-29.1698,152.537,2012-09-27,315.5,70,17.9,0.0,10.9,0.24,21.37,64
-29.1647,152.5321,2012-09-27,314.9,67,17.8,0.0,10.9,0.247,21.44,64
-36.1602,143.6924,2012-09-27,317.6,65,19.4,0.2,19.6,0.274,18.54,35
-36.1567,143.7101,2012-09-27,312.7,33,19.4,0.2,19.6,0.274,18.54,35
-33.1218,144.5533,2012-09-27,341.8,89,26.8,0.0,34.5,0.076,22.45,12
-33.1264,144.531,2012-09-27,323.5,70,26.8,0.0,34.9,0.076,21.49,12
-33.1092,144.5495,2012-09-27,326.4,62,26.8,0.0,34.5,0.076,22.45,12
-33.1139,144.5272,2012-09-27,341.3,89,26.8,0.0,34.5,0.076,22.45,12
-33.1185,144.505,2012-09-27,328.4,77,26.8,0.0,34.5,0.076,22.45,12
-33.0967,144.5458,2012-09-27,336.7,86,26.8,0.0,34.5,0.076,22.45,12
-33.1013,144.5235,2012-09-27,351.6,95,26.8,0.0,34.5,0.076,22.45,12
-33.106,144.5013,2012-09-27,332.9,82,26.8,0.0,34.5,0.076,22.45,12
-33.0888,144.5198,2012-09-27,319.1,59,26.8,0.0,34.5,0.076,22.45,12
-33.0935,144.4976,2012-09-27,339.9,88,26.8,0.0,34.5,0.076,22.45,12
-33.0763,144.5161,2012-09-27,325.7,74,26.8,0.0,34.5,0.076,22.45,12
-33.081,144.4939,2012-09-27,351.7,95,26.8,0.0,34.5,0.076,22.45,12
-33.0907,144.5152,2012-09-27,325.7,74,26.8,0.0,34.5,0.076,22.45,12
-33.0952,144.4929,2012-09-27,327.9,77,26.8,0.0,34.5,0.076,22.45,12
-33.0781,144.5115,2012-09-27,338.9,87,26.8,0.0,34.5,0.076,22.45,12
-33.0827,144.4892,2012-09-27,344.9,91,26.8,0.0,34.5,0.076,22.45,12
-33.1533,141.0526,2012-09-27,420.0,100,29.5,0.0,48.3,0.082,21.29,11
-33.1558,141.0387,2012-09-27,368.6,100,29.5,0.0,48.3,0.083,21.29,12
-33.1432,141.05,2012-09-27,374.0,100,29.5,0.0,48.3,0.082,21.29,11
-33.1456,141.0361,2012-09-27,362.5,100,29.6,0.0,48.3,0.082,21.29,11
-33.1331,141.0474,2012-09-27,355.4,97,29.5,0.0,48.3,0.082,21.29,11
-33.1355,141.0335,2012-09-27,345.0,79,29.5,0.0,48.3,0.082,21.29,11
-33.1229,141.0448,2012-09-27,368.6,100,29.5,0.0,49.2,0.082,21.53,11
-33.1254,141.0309,2012-09-27,346.4,88,29.5,0.0,48.3,0.082,21.29,11
-33.1103,141.0561,2012-09-27,335.9,82,29.4,0.0,49.2,0.082,21.53,11
-33.1128,141.0422,2012-09-27,400.8,100,29.5,0.0,49.2,0.082,21.53,11
-33.1152,141.0284,2012-09-27,352.8,96,29.5,0.0,49.2,0.082,21.53,11
-33.1026,141.0396,2012-09-27,345.8,87,29.4,0.0,49.2,0.082,21.53,11
-33.1051,141.0257,2012-09-27,367.6,100,29.4,0.0,49.2,0.082,21.53,11
-33.1076,141.0119,2012-09-27,316.0,17,29.5,0.0,49.2,0.082,21.53,11
-29.3878,145.1226,2012-09-27,330.7,79,25.6,0.0,18.1,0.11,24.52,24
-29.3878,145.1174,2012-09-27,329.6,78,25.6,0.0,18.1,0.11,24.52,24
-30.5954,152.2811,2012-09-27,300.8,33,14.5,0.0,9.2,0.268,23.91,72
-29.3729,152.9578,2012-09-27,305.4,64,18.1,0.0,12.9,0.252,21.94,68
-29.8008,149.0724,2012-09-27,301.9,45,21.3,0.0,20.6,0.126,23.85,52
-29.1577,152.5294,2012-09-27,305.6,65,17.0,0.0,10.9,0.247,21.44,64
-29.2957,151.01,2012-09-27,301.7,44,16.9,0.0,11.6,0.126,20.56,59
-28.9706,152.6154,2012-09-27,302.9,23,17.8,0.0,12.0,0.24,20.92,64
-28.9629,152.6076,2012-09-27,304.6,61,17.8,0.0,12.0,0.24,20.92,64
-29.3984,152.9685,2012-09-27,303.8,57,18.4,0.0,15.1,0.252,21.73,68
-30.9183,152.6077,2012-09-27,313.1,66,17.4,0.0,21.1,0.215,23.68,74
-29.3769,152.9666,2012-09-27,309.6,54,18.3,0.0,15.1,0.252,21.73,68
-29.3713,152.9624,2012-09-27,306.8,42,18.3,0.0,12.9,0.252,21.94,68
-29.3829,152.9593,2012-09-27,306.4,40,18.4,0.0,15.1,0.252,21.73,68
-30.7404,152.1763,2012-09-27,306.6,29,16.7,0.0,13.0,0.248,23.72,70
-33.7488,150.0334,2012-09-28,305.6,54,16.1,18.2,27.9,0.297,18.52,68
-32.4892,151.4642,2012-09-28,313.9,55,22.2,0.0,15.9,0.225,23.62,44
-32.3949,151.4832,2012-09-28,318.2,72,22.8,0.0,15.9,0.236,23.62,47
-32.2941,151.9639,2012-09-28,316.7,51,22.1,0.0,12.5,0.236,23.51,57
-32.2759,151.9599,2012-09-28,316.1,37,22.0,0.0,12.5,0.236,23.51,57
-32.2556,151.6688,2012-09-28,322.9,77,20.9,0.0,15.9,0.266,23.62,55
-32.2573,151.6581,2012-09-28,317.1,66,21.6,0.0,15.9,0.248,23.62,54
-32.4709,151.8905,2012-09-28,323.6,78,22.1,0.0,13.3,0.239,23.22,56
-32.4602,151.8994,2012-09-28,317.6,37,21.9,0.0,13.3,0.239,23.22,56
-32.4618,151.8886,2012-09-28,346.4,94,22.2,0.0,13.3,0.239,23.22,56
-32.4528,151.8866,2012-09-28,326.0,77,22.4,0.0,13.3,0.239,23.22,56
-32.4876,151.4749,2012-09-28,321.0,76,21.4,0.0,23.0,0.225,23.69,44
-32.5768,151.6729,2012-09-28,323.6,79,22.6,0.0,16.1,0.239,23.33,52
-32.3933,151.494,2012-09-28,315.6,67,23.4,0.0,21.1,0.234,23.37,47
-30.8147,152.3862,2012-09-28,326.2,79,21.0,0.0,15.5,0.219,23.93,62
-32.2208,151.5281,2012-09-28,314.6,66,22.1,0.0,15.9,0.25,23.62,51
-32.1792,151.5689,2012-09-28,316.5,50,20.2,0.0,19.2,0.268,23.67,55
-31.965,151.7671,2012-09-28,312.2,51,20.4,0.0,15.3,0.263,23.92,55
-31.6786,152.1212,2012-09-28,320.8,76,19.3,0.2,17.7,0.236,24.09,53
-31.6803,152.1106,2012-09-28,311.8,8,20.6,0.0,15.5,0.226,23.96,51
-31.6658,152.0333,2012-09-28,319.8,75,21.8,0.0,14.3,0.221,23.78,51
-30.8129,152.3976,2012-09-28,325.1,68,21.2,0.0,15.5,0.219,23.93,62
-30.8036,152.3952,2012-09-28,385.4,100,20.1,0.0,9.8,0.218,24.26,59
-30.8054,152.3841,2012-09-28,376.8,100,21.0,0.0,15.5,0.219,23.93,62
-30.7943,152.3932,2012-09-28,338.4,89,21.1,0.0,15.5,0.218,23.93,59
-30.7961,152.3822,2012-09-28,347.2,94,21.0,0.0,15.5,0.219,23.93,62
-30.7979,152.3709,2012-09-28,323.2,51,21.0,0.0,10.5,0.219,24.08,62
-30.7906,152.3871,2012-09-28,331.0,84,20.8,0.0,15.5,0.219,23.93,62
-30.7924,152.3759,2012-09-28,329.0,82,21.2,0.0,15.5,0.219,23.93,62
-30.7466,152.1794,2012-09-28,314.5,51,20.7,0.0,10.5,0.24,24.08,55
-30.603,152.2848,2012-09-28,315.8,67,18.1,0.0,16.5,0.262,24.62,54
-30.2144,152.5293,2012-09-28,310.8,43,18.0,0.0,13.1,0.293,24.4,62
-30.2049,152.5272,2012-09-28,311.1,45,18.1,0.0,12.5,0.28,24.66,62
-30.1352,152.4759,2012-09-28,314.3,57,17.3,0.0,15.2,0.265,24.47,61
-30.1371,152.4642,2012-09-28,329.5,83,16.8,0.0,15.2,0.265,24.47,61
-30.1312,152.4683,2012-09-28,320.8,75,17.2,0.0,15.2,0.265,24.47,61
-30.101,152.4743,2012-09-28,318.6,68,17.8,0.0,11.2,0.355,24.7,60
