latitude,longitude,date,temperature,precipitation,wind_speed_max,soil_moisture,shortwave_radiation,humidity_max
-35.4589,145.9996,2011-05-28,10.0,0.2,7.6,0.288,8.19,81
-28.9557,150.0128,2011-05-29,12.4,5.1,10.7,0.14,9.44,76
-34.9874,147.3593,2011-05-30,9.6,0.1,12.8,0.277,9.93,80
-32.1552,142.1496,2011-05-31,10.0,0.0,15.1,0.125,12.7,75
-28.5963,148.5075,2011-06-01,13.8,0.0,29.1,0.131,12.51,72
-29.6542,149.2016,2011-06-02,15.6,0.0,15.5,0.329,13.52,70
-29.1166,148.0751,2011-06-03,14.5,0.0,9.9,0.202,13.89,69
-31.6492,149.4478,2011-06-04,12.0,0.0,16.6,0.268,11.4,74
-29.3842,148.4065,2011-06-05,16.2,0.0,13.4,0.175,12.88,63
-34.4661,150.8879,2011-06-06,12.2,0.0,22.0,0.358,9.53,63
-33.648,141.6088,2011-06-07,11.7,0.0,27.6,0.208,9.12,64
-31.9252,141.7486,2011-06-08,8.3,0.0,26.7,0.043,11.35,67
-30.5315,152.1292,2011-06-09,2.7,0.0,16.6,0.35,11.55,67
-28.2213,148.6231,2011-06-10,8.1,0.0,12.0,0.076,14.16,63
-36.7966,144.4942,2011-06-11,9.2,0.0,16.9,0.262,10.09,78
-32.0276,141.9193,2011-06-12,8.5,0.0,20.4,0.049,12.03,77
-35.5356,145.916,2011-06-13,8.2,0.0,11.4,0.271,10.38,79
-36.3494,145.4221,2011-06-14,9.1,0.0,12.8,0.29,9.71,82
-34.5338,146.3667,2011-06-15,9.9,0.0,17.1,0.22,10.35,72
-28.9242,145.0305,2011-06-16,13.4,0.0,11.3,0.194,12.6,69
-31.7448,148.087,2011-06-17,11.0,0.0,25.5,0.367,11.42,67
-34.4596,150.8802,2011-06-18,12.3,0.0,31.8,0.373,11.19,64
-31.9449,141.7431,2011-06-19,12.7,0.0,23.5,0.032,11.16,61
-35.7727,145.5701,2011-06-20,12.9,0.0,26.8,0.257,9.4,63
-31.1215,148.7709,2011-06-21,9.7,2.1,31.2,0.281,10.85,77
-36.2449,150.0463,2011-06-22,10.8,0.0,16.5,0.232,10.1,51
-28.3409,150.0783,2011-06-23,9.5,0.0,17.5,0.276,13.78,71
-29.3242,145.1285,2011-06-24,10.7,0.0,13.9,0.148,12.42,69
-28.2015,148.8041,2011-06-25,12.3,0.0,11.2,0.088,13.6,69
-28.5797,150.3034,2011-06-26,13.5,0.0,12.6,0.265,13.42,72
-34.9012,147.0147,2011-06-27,7.3,0.0,9.8,0.258,10.38,80
-28.6418,150.3065,2011-06-28,14.6,0.0,17.0,0.253,12.38,63
-35.613,150.1869,2011-06-29,11.5,0.4,13.6,0.251,7.41,85
-30.0458,149.3887,2011-06-30,12.9,0.0,15.7,0.276,12.99,65
-36.9873,149.3754,2011-07-01,3.8,0.0,6.7,0.322,10.57,82
-28.5975,150.2837,2011-07-02,13.1,0.0,10.1,0.232,13.5,68
-34.371,147.3741,2011-07-03,11.6,4.9,22.7,0.235,10.34,72
-32.3819,151.34,2011-07-04,13.2,0.0,23.7,0.345,10.41,64
-32.446,148.2904,2011-07-05,9.6,0.0,27.9,0.232,8.63,57
-31.8113,149.8472,2011-07-06,6.3,0.0,25.0,0.361,8.92,60
-29.4665,148.7575,2011-07-07,11.9,0.0,25.3,0.242,12.04,56
-34.4677,150.8887,2011-07-08,10.2,0.0,30.4,0.293,11.76,58
-28.2207,148.8018,2011-07-09,7.6,0.0,18.6,0.066,14.32,59
-34.4595,150.8818,2011-07-10,10.2,0.0,38.3,0.284,11.67,59
-28.1967,149.9989,2011-07-11,9.7,0.0,19.0,0.131,14.0,59
-28.6791,148.1955,2011-07-12,8.1,0.0,10.1,0.143,14.33,64
-36.1604,149.9311,2011-07-13,9.7,0.0,11.7,0.223,7.51,67
-35.4962,150.2963,2011-07-14,9.3,0.0,17.9,0.222,9.54,69
-34.8841,146.0064,2011-07-15,6.3,0.0,13.8,0.209,11.74,69
-37.111,143.9946,2011-07-16,6.6,0.3,16.4,0.304,7.96,80
-34.4612,150.8801,2011-07-18,12.4,0.5,22.0,0.315,10.5,75
-28.5792,147.343,2011-07-19,9.5,0.0,20.9,0.237,11.94,68
-31.1622,149.4646,2011-07-20,10.1,0.0,21.3,0.378,9.59,73
-31.4786,149.2475,2011-07-21,9.3,0.0,16.5,0.27,11.93,72
-35.4354,145.5409,2011-07-22,9.4,0.8,9.7,0.266,11.13,79
-32.3331,146.9988,2011-07-23,9.1,0.0,14.0,0.21,13.46,66
-30.0899,152.1031,2011-07-24,6.9,0.0,8.0,0.309,14.36,71
-28.2899,148.8797,2011-07-25,11.6,0.0,9.2,0.108,15.14,61
-33.3431,147.6888,2011-07-26,9.2,0.0,15.4,0.222,8.0,79
-28.2408,152.674,2011-07-27,10.0,0.0,7.6,0.313,15.6,64
-28.946,150.6052,2011-07-28,10.2,0.0,10.2,0.243,15.54,56
-36.256,150.0429,2011-07-29,8.5,0.0,8.0,0.311,12.88,75
-28.3046,148.0529,2011-07-30,12.8,0.0,15.2,0.152,15.14,60
-35.5348,145.236,2011-07-31,12.1,0.0,11.7,0.266,12.17,79
-28.9245,153.2542,2011-08-01,13.0,0.0,10.3,0.334,15.4,77
-33.8432,142.7207,2011-08-02,17.1,0.0,17.4,0.124,12.38,46
-28.2196,152.3532,2011-08-03,9.4,0.0,11.3,0.29,16.28,66
-28.3393,146.9636,2011-08-04,16.2,0.0,20.5,0.109,16.32,45
-29.2258,148.5904,2011-08-05,16.0,0.0,19.7,0.122,15.85,53
-28.5783,148.9142,2011-08-06,17.0,0.1,22.1,0.111,11.08,58
-31.755,147.1655,2011-08-07,13.1,0.0,19.2,0.202,14.6,57
-28.5849,148.5531,2011-08-08,13.0,0.0,26.3,0.107,15.22,42
-36.1714,150.0345,2011-08-09,9.0,0.0,10.4,0.229,8.96,77
-28.8317,153.2843,2011-08-10,11.8,0.0,11.2,0.293,17.19,54
-32.0692,151.7751,2011-08-11,7.2,0.0,9.4,0.357,11.1,71
-28.251,149.135,2011-08-12,11.7,0.0,12.2,0.139,14.31,68
-28.3714,148.2338,2011-08-13,13.3,0.0,10.6,0.155,17.56,61
-35.9432,148.9906,2011-08-14,5.4,0.0,9.5,0.361,11.04,79
-29.0385,149.8917,2011-08-15,14.4,0.0,10.4,0.072,16.56,65
-35.3034,144.1005,2011-08-16,14.4,0.0,22.9,0.394,6.05,64
-28.3357,146.9488,2011-08-17,18.3,2.7,33.2,0.175,13.34,46
-34.4597,150.876,2011-08-18,13.3,3.3,27.4,0.401,15.5,68
-28.4653,153.526,2011-08-19,14.1,0.5,16.4,0.235,17.49,62
-34.465,150.878,2011-08-20,14.2,4.9,28.7,0.414,12.29,68
-31.6046,147.2854,2011-08-21,12.7,0.0,20.1,0.264,15.59,66
-28.4822,150.429,2011-08-22,13.6,0.0,20.9,0.07,14.45,61
-35.6702,147.4509,2011-08-23,8.1,0.0,11.1,0.357,16.23,81
-28.302,148.8818,2011-08-24,15.3,0.0,12.8,0.066,19.21,60
-35.2072,149.7004,2011-08-25,9.5,0.0,23.5,0.347,17.36,76
-28.3796,148.2246,2011-08-26,18.4,0.0,13.9,0.152,17.81,51
-31.5538,143.3827,2011-08-27,16.5,0.0,17.7,0.041,18.0,54
-30.4056,149.0678,2011-08-28,14.1,0.0,9.7,0.136,15.78,74
-28.4657,151.3021,2011-08-29,14.9,0.0,11.1,0.319,18.98,67
-35.5131,145.2437,2011-08-30,9.6,0.0,14.3,0.269,17.72,65
-28.2984,146.9705,2011-08-31,16.2,0.0,12.2,0.108,20.65,41
-36.743,148.862,2011-09-01,6.5,0.0,10.3,0.31,17.13,76
-28.2395,151.7448,2011-09-02,13.4,0.2,17.6,0.279,15.24,75
-28.7838,146.0719,2011-09-03,19.6,0.0,26.8,0.183,20.34,39
-28.7431,148.3659,2011-09-04,16.8,0.0,21.0,0.138,20.54,48
-36.1804,141.1158,2011-09-05,11.8,0.0,17.2,0.232,18.01,68
-30.7594,151.2406,2011-09-06,10.4,0.0,13.0,0.276,19.5,70
-28.301,149.1384,2011-09-07,18.7,0.2,15.4,0.051,20.81,47
-36.1799,148.5407,2011-09-08,3.6,0.0,8.4,0.39,16.75,74
-34.4619,150.8784,2011-09-09,12.1,6.5,26.5,0.381,8.28,73
-34.8266,145.9841,2011-09-10,10.1,0.0,31.7,0.204,15.11,60
-28.5542,152.9728,2011-09-11,13.5,0.0,15.5,0.352,22.76,51
-35.5146,145.441,2011-09-12,8.9,0.0,16.1,0.207,20.44,64
-29.2422,152.9939,2011-09-13,14.5,0.0,11.9,0.332,18.92,68
-28.2757,146.9097,2011-09-14,16.4,0.0,8.3,0.231,23.08,46
-35.0061,146.0194,2011-09-15,12.6,0.0,11.2,0.177,20.96,60
-28.8699,149.4062,2011-09-16,18.8,0.0,13.2,0.159,22.97,46
-33.6659,150.9977,2011-09-17,16.8,0.0,11.9,0.266,21.18,58
-28.2838,149.1586,2011-09-18,22.3,0.0,16.3,0.139,23.35,34
-33.8353,142.1416,2011-09-19,21.7,0.0,48.0,0.218,18.67,33
-29.9763,152.8538,2011-09-20,20.0,0.0,22.7,0.358,23.35,51
-30.899,146.1061,2011-09-21,16.8,0.0,9.4,0.137,23.34,32
-34.462,150.8815,2011-09-22,15.9,0.0,20.6,0.252,22.5,70
-28.1704,148.7158,2011-09-23,23.2,0.0,22.3,0.113,19.43,44
-36.0255,147.9054,2011-09-24,10.6,1.7,9.4,0.354,14.02,77
-28.4851,147.3421,2011-09-25,19.1,0.0,19.0,0.11,25.11,28
-36.6665,143.9673,2011-09-26,12.5,0.0,16.8,0.169,20.49,59
-28.3893,148.2246,2011-09-27,20.9,0.0,24.3,0.135,24.48,42
-28.1889,141.7083,2011-09-28,24.3,9.5,39.2,0.104,17.72,57
-28.7074,141.7173,2011-09-29,15.8,0.0,37.4,0.21,25.23,54
-28.1816,141.1281,2011-09-30,17.3,0.0,32.8,0.078,23.41,41
-36.0816,146.9193,2011-10-02,10.9,0.7,13.6,0.393,21.98,68
-36.2489,141.0956,2011-10-03,11.8,0.0,13.7,0.243,23.62,63
-29.7625,142.4969,2011-10-04,19.1,0.0,24.7,0.036,22.8,41
-29.784,150.144,2011-10-07,16.4,0.6,7.1,0.363,11.44,79
-29.2099,149.5497,2011-10-09,17.8,0.0,18.6,0.398,19.86,65
-33.9234,147.3876,2011-10-10,13.1,0.0,22.1,0.25,21.12,58
-30.2406,152.062,2011-10-11,10.7,0.3,16.6,0.367,26.39,61
-35.7581,143.2709,2011-10-12,12.4,0.0,12.3,0.215,25.49,65
-36.1454,143.4839,2011-10-13,13.9,0.0,10.5,0.201,23.52,64
-28.692,141.0551,2011-10-14,25.3,0.7,33.2,0.064,20.05,35
-28.5752,141.1068,2011-10-15,21.9,0.0,40.6,0.058,27.18,46
-29.0372,141.4238,2011-10-16,19.3,0.0,27.4,0.034,27.57,37
-29.0149,141.4468,2011-10-17,20.2,0.0,36.9,0.028,28.63,24
-30.5467,147.9494,2011-10-18,19.3,0.0,18.7,0.224,20.53,55
-37.4892,149.6381,2011-10-19,17.2,0.0,17.1,0.275,26.49,71
-28.3118,149.1575,2011-10-20,19.2,0.0,16.8,0.172,28.0,55
-33.5067,150.6281,2011-10-21,18.3,0.0,11.9,0.289,27.12,53
-28.5039,147.3362,2011-10-22,23.4,0.0,17.3,0.121,27.72,42
-31.0551,152.7681,2011-10-23,18.3,0.0,23.3,0.363,24.02,78
-30.8204,152.424,2011-10-24,19.8,0.0,17.8,0.308,26.45,72
-28.6631,146.6957,2011-10-25,27.6,1.4,21.4,0.119,23.06,41
-30.9,146.0913,2011-10-26,22.1,0.0,21.3,0.143,20.13,50
-34.2628,142.1084,2011-10-27,21.2,0.0,15.8,0.211,23.75,57
-35.1198,146.8081,2011-10-28,21.5,0.0,22.6,0.169,25.34,54
-33.9149,151.195,2011-10-30,19.5,1.1,18.9,0.124,20.29,78
-29.9984,150.8784,2011-10-31,16.5,0.0,12.4,0.348,30.2,57
-35.7107,141.9865,2011-11-01,15.3,0.0,20.8,0.167,29.02,63
-31.8342,150.1247,2011-11-02,16.3,0.0,20.0,0.315,29.36,56
-28.9604,145.4364,2011-11-03,24.0,0.0,17.6,0.175,29.57,29
-31.2833,143.664,2011-11-04,23.7,0.0,17.2,0.026,28.68,32
-28.3123,150.8963,2011-11-05,21.1,0.0,21.7,0.218,20.66,63
-29.9533,152.7808,2011-11-06,20.3,0.1,10.7,0.379,27.24,75
-28.1761,152.4608,2011-11-07,20.0,0.0,12.6,0.301,27.9,67
-29.9516,152.7969,2011-11-08,23.1,0.0,16.2,0.368,27.14,69
-36.1499,143.6518,2011-11-09,22.3,23.7,34.8,0.414,14.59,75
-34.6386,142.8355,2011-11-10,18.1,4.5,20.0,0.432,30.16,56
-28.9257,141.1324,2011-11-11,23.3,0.0,24.5,0.11,30.24,43
-30.1991,144.0174,2011-11-12,26.8,0.0,20.5,0.214,29.43,29
-28.1734,152.8675,2011-11-13,22.1,0.2,13.4,0.269,22.68,74
-28.8839,149.4073,2011-11-14,29.1,0.0,24.9,0.107,28.59,41
-36.8726,144.9485,2011-11-15,19.1,0.3,23.1,0.208,30.15,63
-28.5055,147.5701,2011-11-16,31.3,0.0,24.3,0.103,24.15,32
-36.1085,143.5872,2011-11-17,20.5,0.0,13.7,0.244,24.84,51
-34.4595,150.8849,2011-11-18,19.5,0.0,18.0,0.314,28.85,85
-28.4881,147.5141,2011-11-19,29.0,0.0,18.3,0.116,27.82,38
-29.6977,152.2771,2011-11-20,22.5,0.0,11.3,0.438,29.51,59
-36.8643,149.9171,2011-11-21,15.6,0.8,19.6,0.312,21.73,82
-28.8942,152.4214,2011-11-22,22.1,0.0,16.3,0.316,28.52,63
-36.9011,145.0361,2011-11-23,14.4,0.0,28.1,0.212,23.49,61
-36.7063,144.3072,2011-11-24,17.4,0.0,20.8,0.238,27.66,54
-36.1525,143.6056,2011-11-25,18.9,5.5,22.9,0.255,18.93,69
-28.3245,151.802,2011-11-28,22.1,0.0,18.0,0.299,29.89,59
-29.9467,146.8946,2011-11-29,28.3,0.0,24.5,0.269,21.83,50
-28.3802,149.6393,2011-11-30,25.4,0.0,20.0,0.324,28.91,62
-28.6947,150.6856,2011-12-02,19.8,0.0,15.8,0.339,27.0,60
-34.4649,150.8862,2011-12-03,17.3,0.0,20.7,0.342,32.05,63
-36.0648,146.7789,2011-12-04,16.3,0.0,20.2,0.312,33.18,53
-28.4087,151.7556,2011-12-05,15.7,0.7,24.4,0.264,21.33,74
-37.4494,143.8759,2011-12-06,14.6,0.0,13.1,0.301,30.33,60
-37.4437,143.8817,2011-12-07,17.3,0.0,11.4,0.291,26.34,58
-36.9404,144.9617,2011-12-08,21.7,0.0,14.8,0.173,29.99,46
-28.2021,153.5446,2011-12-10,20.8,10.4,16.3,0.398,14.69,87
-33.7732,150.9539,2011-12-11,20.6,4.2,10.1,0.337,20.77,82
-36.3827,145.4169,2011-12-12,16.7,0.0,22.9,0.288,34.23,51
-36.4237,145.2992,2011-12-13,15.8,0.0,25.3,0.285,30.77,55
-34.2786,145.8957,2011-12-14,20.7,0.0,13.7,0.15,33.07,39
-34.4606,150.8809,2011-12-15,17.4,0.0,16.3,0.357,25.33,67
-31.7646,145.7624,2011-12-16,24.9,0.0,19.4,0.123,28.5,53
-34.0159,147.9748,2011-12-17,21.4,0.0,15.3,0.212,26.52,53
-31.8676,146.6582,2011-12-19,23.2,4.9,18.7,0.282,20.43,67
-29.3094,149.1721,2011-12-21,23.9,9.5,18.6,0.4,26.26,71
-28.7143,147.1078,2011-12-22,24.8,9.2,18.1,0.315,26.3,67
-28.6987,147.1076,2011-12-23,25.0,0.0,17.9,0.266,28.63,62
-33.8451,150.901,2011-12-24,21.0,0.0,14.9,0.326,25.79,84
-33.8154,150.8438,2011-12-25,21.7,0.3,16.1,0.325,29.2,78
-34.9321,141.6178,2011-12-26,22.8,0.0,24.6,0.046,30.41,49
-29.5586,148.6492,2011-12-28,23.5,0.0,19.7,0.278,32.6,54
-36.2121,145.0593,2011-12-29,21.6,0.0,20.9,0.136,33.94,43
-33.6466,149.238,2011-12-30,15.8,0.0,16.6,0.32,32.32,61
-29.4627,150.2284,2011-12-31,22.2,0.0,16.9,0.227,25.82,55
-30.5142,151.6619,2012-01-01,16.5,0.0,12.8,0.238,34.25,64
-28.6106,147.3748,2012-01-02,27.2,0.0,15.8,0.11,32.39,40
-28.6715,147.3713,2012-01-03,28.0,0.0,17.1,0.11,32.03,39
-28.6982,147.3536,2012-01-04,29.3,0.0,11.7,0.109,30.24,39
-37.3424,142.3421,2012-01-05,15.6,0.0,18.1,0.218,32.03,57
-29.6273,148.5838,2012-01-06,28.0,0.0,17.5,0.197,27.95,57
-34.2239,150.9621,2012-01-07,19.2,0.0,22.2,0.25,31.72,70
-30.6854,152.3951,2012-01-08,24.6,0.4,16.6,0.354,26.2,77
-29.2926,152.6515,2012-01-09,26.7,6.1,13.8,0.327,23.37,72
-30.515,151.6639,2012-01-10,19.3,0.0,19.8,0.231,31.45,50
-33.8457,150.886,2012-01-11,20.4,0.0,30.4,0.183,32.31,44
-29.1938,150.2458,2012-01-12,21.5,0.0,19.4,0.289,33.36,33
-37.4915,149.9549,2012-01-13,16.5,0.0,34.2,0.3,23.97,71
-37.3044,142.7536,2012-01-14,14.9,0.0,22.5,0.19,30.86,64
-28.2778,147.0124,2012-01-15,23.1,2.8,20.8,0.126,24.31,68
-34.4662,150.8797,2012-01-16,19.8,3.2,20.1,0.405,21.39,86
-32.7396,145.9562,2012-01-17,26.7,0.0,15.9,0.114,24.17,39
-31.8114,148.4935,2012-01-18,25.6,0.0,16.0,0.154,31.74,50
-30.2384,152.0714,2012-01-19,17.7,0.0,14.6,0.379,29.87,76
-28.3671,147.567,2012-01-20,27.9,0.7,18.5,0.041,27.85,56
-36.0388,144.9261,2012-01-21,25.8,0.0,18.7,0.134,29.31,49
-29.1905,144.0329,2012-01-22,26.8,0.8,26.3,0.106,22.92,55
-29.7871,142.5463,2012-01-23,26.5,1.1,30.4,0.037,22.41,55
-29.7718,142.5276,2012-01-24,25.1,0.0,37.6,0.039,25.87,59
-37.3103,143.694,2012-01-28,25.1,0.0,15.3,0.125,23.67,52
-37.161,141.1762,2012-02-01,17.0,0.0,22.9,0.166,27.32,52
-28.201,153.5475,2012-02-04,23.0,0.4,13.3,0.373,23.91,80
-28.6818,151.4627,2012-02-05,23.3,0.0,12.4,0.263,24.99,70
-35.4751,146.217,2012-02-06,18.9,0.0,20.2,0.192,30.93,43
-32.982,146.0145,2012-02-07,20.3,0.0,16.6,0.168,30.72,41
-34.0656,145.5947,2012-02-08,19.8,0.0,15.5,0.163,30.72,41
-28.3383,148.5064,2012-02-09,22.8,0.0,8.7,0.265,24.73,69
-32.7446,145.945,2012-02-10,22.4,0.8,16.8,0.135,26.01,38
-28.5241,148.6231,2012-02-11,24.3,0.0,15.1,0.227,27.82,61
-32.7537,145.9494,2012-02-12,22.2,0.0,15.3,0.11,23.71,42
-33.883,144.8621,2012-02-13,23.0,0.0,13.3,0.244,28.48,43
-33.6778,149.1406,2012-02-14,17.5,0.0,16.6,0.352,25.37,67
-33.6833,149.4039,2012-02-15,16.5,0.5,12.2,0.356,23.06,70
-29.7327,145.5406,2012-02-16,27.6,0.0,13.7,0.113,27.48,47
-34.5209,143.4138,2012-02-17,26.7,0.0,13.6,0.127,25.69,47
-29.4028,149.2484,2012-02-18,25.6,0.0,14.3,0.236,28.13,57
-28.6767,141.807,2012-02-19,34.8,0.0,25.4,0.026,26.21,23
-28.4013,151.7442,2012-02-20,23.4,1.7,15.8,0.232,25.15,70
-31.0189,151.6517,2012-02-21,16.6,11.1,13.5,0.418,16.52,89
-35.0409,147.2432,2012-02-22,22.4,0.0,18.1,0.239,23.97,56
-28.6764,151.4903,2012-02-23,22.2,0.0,13.7,0.169,21.33,65
-37.2004,149.049,2012-02-24,19.5,0.0,11.9,0.358,26.49,76
-37.2331,145.9074,2012-02-25,23.9,0.0,15.7,0.262,27.06,55
-30.1167,153.1364,2012-02-28,23.3,0.0,14.9,0.347,21.99,78
-30.137,153.1076,2012-02-29,25.1,0.0,10.0,0.335,25.31,77
-29.4016,150.094,2012-03-01,25.5,0.0,21.1,0.224,24.29,56
-29.3365,148.2275,2012-03-03,26.9,0.0,30.2,0.277,24.3,59
-28.7974,149.7071,2012-03-04,27.0,0.0,25.1,0.222,25.85,56
-33.8426,150.8922,2012-03-05,21.4,1.8,19.7,0.396,23.63,75
-35.0721,142.5107,2012-03-06,18.8,0.0,22.1,0.277,22.29,57
-29.5508,148.9803,2012-03-07,21.0,0.0,19.9,0.116,23.68,62
-31.014,150.3106,2012-03-08,17.9,0.0,14.9,0.341,23.06,66
-35.998,144.8684,2012-03-09,19.1,0.0,18.0,0.28,24.39,63
-28.3831,148.212,2012-03-10,22.4,0.0,13.0,0.145,26.55,48
-37.2354,144.2146,2012-03-11,14.1,0.0,15.5,0.291,23.36,68
-28.7756,148.584,2012-03-12,24.5,0.0,16.3,0.054,22.4,54
-36.3746,146.0446,2012-03-13,20.2,0.0,12.5,0.286,21.89,72
-28.3765,148.2169,2012-03-14,25.0,0.1,20.5,0.139,21.02,52
-28.6004,147.062,2012-03-15,26.0,0.0,18.9,0.109,19.02,59
-30.7976,149.0628,2012-03-16,23.1,0.9,13.6,0.293,17.45,73
-32.886,143.9325,2012-03-17,18.1,0.0,19.7,0.294,22.96,72
-37.4258,145.6838,2012-03-18,15.3,0.0,10.2,0.371,22.02,76
-28.7632,148.5961,2012-03-19,23.9,0.0,21.3,0.069,24.02,49
-35.2267,142.4627,2012-03-20,22.4,0.0,22.3,0.148,22.63,56
-34.6987,148.3451,2012-03-21,18.2,0.0,19.4,0.298,19.91,74
-32.6158,143.0411,2012-03-22,15.9,0.0,16.8,0.171,23.56,54
-29.8103,149.573,2012-03-23,22.1,0.0,24.2,0.147,22.65,57
-32.54,148.3605,2012-03-24,13.8,0.0,19.5,0.234,23.03,60
-34.2431,148.2726,2012-03-25,13.0,0.0,8.4,0.273,22.07,70
-28.7784,148.602,2012-03-26,22.3,0.0,19.1,0.056,17.41,59
-37.4096,145.1232,2012-03-27,11.3,0.0,15.0,0.342,15.95,78
-30.2989,149.5591,2012-03-28,21.8,0.0,12.7,0.134,16.87,55
-34.3888,143.7127,2012-03-29,19.8,0.0,9.2,0.188,18.94,61
-28.8122,150.3288,2012-03-30,22.4,0.0,12.0,0.079,20.77,59
-32.7938,143.4419,2012-03-31,24.3,0.0,20.1,0.107,20.73,45
-32.1732,152.2811,2012-04-01,19.4,0.0,7.9,0.349,21.14,79
-33.8798,143.1587,2012-04-02,21.7,0.0,15.8,0.101,19.84,57
-35.5856,146.8085,2012-04-03,20.7,0.0,15.8,0.252,16.34,65
-29.0486,150.4652,2012-04-04,23.0,0.0,13.6,0.14,21.27,49
-36.0731,143.4174,2012-04-05,21.3,0.0,8.7,0.165,18.87,59
-28.8693,149.363,2012-04-06,24.1,0.0,18.3,0.104,20.3,55
-32.4238,145.9858,2012-04-07,17.5,0.0,25.6,0.131,20.86,45
-28.5255,151.3346,2012-04-08,23.1,0.0,14.1,0.163,19.26,51
-28.3085,151.3524,2012-04-09,21.7,0.4,16.4,0.149,19.24,62
-35.522,147.5102,2012-04-10,8.7,0.0,18.1,0.252,18.79,59
-28.8995,150.4189,2012-04-11,18.0,0.0,17.7,0.116,19.39,40
-36.6399,142.428,2012-04-12,14.4,0.0,10.8,0.269,17.68,58
-28.5614,151.3455,2012-04-13,18.0,0.0,15.9,0.122,20.34,61
-37.4495,143.3799,2012-04-14,15.4,0.0,18.2,0.219,15.44,51
-28.5175,151.3126,2012-04-15,20.6,0.0,12.7,0.155,14.98,68
-33.6044,146.3821,2012-04-16,18.9,0.0,15.7,0.155,18.1,56
-33.6731,141.6233,2012-04-17,20.7,0.0,13.4,0.144,17.65,42
-35.7637,145.9004,2012-04-18,18.3,1.8,17.4,0.155,12.08,68
-33.6503,141.6106,2012-04-19,20.3,0.0,12.4,0.143,17.02,56
-33.6614,141.6205,2012-04-20,20.9,0.0,12.8,0.142,16.1,62
-36.5448,144.7468,2012-04-21,17.7,0.0,9.5,0.188,15.31,73
-28.9379,149.7541,2012-04-22,22.1,0.0,14.6,0.159,16.33,56
-34.3316,142.1659,2012-04-23,15.7,0.0,25.0,0.192,14.09,56
-29.2905,145.2688,2012-04-24,16.8,0.0,21.1,0.081,18.21,46
-29.3016,145.252,2012-04-25,13.7,0.0,19.5,0.081,17.55,55
-36.3713,146.0221,2012-04-26,12.2,0.0,17.0,0.281,8.5,78
-31.5773,145.969,2012-04-27,14.4,0.0,9.4,0.109,15.17,66
-37.3242,143.6705,2012-04-28,11.1,0.0,21.5,0.258,12.79,77
-32.3071,145.857,2012-04-29,14.5,0.0,13.6,0.122,16.41,64
-36.7114,146.6307,2012-04-30,9.3,0.0,10.8,0.348,11.34,76
-30.8877,146.1099,2012-05-01,18.9,0.2,16.6,0.133,12.55,63
-37.3033,141.0741,2012-05-02,10.3,0.0,21.8,0.202,9.0,69
-33.1798,151.2123,2012-05-03,14.3,2.4,9.7,0.339,12.26,86
-31.7602,145.3979,2012-05-04,11.3,0.0,17.2,0.247,12.5,67
-36.2411,145.799,2012-05-05,11.3,0.0,15.4,0.208,12.55,73
-28.3783,151.2215,2012-05-06,12.8,0.0,8.4,0.296,17.29,68
-37.3133,143.0501,2012-05-07,11.6,0.5,24.2,0.241,6.4,68
-28.9715,149.8876,2012-05-08,14.9,0.0,12.2,0.2,16.59,65
-30.2362,149.096,2012-05-09,15.9,0.0,8.5,0.294,16.08,61
-30.3294,149.2786,2012-05-10,16.3,0.0,8.0,0.144,15.95,58
-31.8504,149.5518,2012-05-11,14.2,0.0,16.4,0.332,14.82,53
-34.9475,147.1213,2012-05-12,10.3,0.0,19.5,0.254,11.56,57
-28.356,148.3233,2012-05-13,13.2,0.0,16.8,0.134,16.58,48
-34.3774,147.2462,2012-05-14,8.1,0.0,15.0,0.256,13.41,71
-29.1222,151.2826,2012-05-15,10.3,0.0,9.6,0.211,16.26,58
-36.8312,141.4724,2012-05-16,11.1,0.0,10.1,0.191,10.58,75
-30.3643,150.0446,2012-05-17,11.3,0.0,7.8,0.113,15.14,59
-34.5042,142.7104,2012-05-18,13.8,0.0,13.6,0.139,12.51,54
-31.3433,151.3904,2012-05-19,7.2,0.0,8.6,0.266,14.14,55
-29.0686,150.0349,2012-05-20,13.8,0.0,9.9,0.155,15.42,43
-37.2398,149.7346,2012-05-21,9.5,0.0,8.7,0.308,11.53,82
-29.6726,149.4443,2012-05-22,14.0,0.0,8.2,0.232,14.65,55
-36.798,141.2197,2012-05-23,14.5,0.0,38.5,0.199,10.84,67
-36.1716,150.0946,2012-05-24,13.6,6.3,12.6,0.173,8.38,75
-36.1916,141.0068,2012-05-25,10.0,0.5,32.6,0.339,8.59,76
-34.457,150.8819,2012-05-26,12.4,0.0,33.5,0.336,11.78,60
-34.4588,150.8796,2012-05-27,13.3,0.1,22.3,0.32,10.45,70
-34.4781,145.7757,2012-05-28,9.8,0.0,14.8,0.228,11.76,76
-31.88,147.5758,2012-05-29,11.7,0.0,13.2,0.24,12.4,74
-34.1658,148.0476,2012-05-30,9.7,0.0,12.5,0.294,11.69,79
-29.8998,151.4653,2012-05-31,9.8,0.0,21.4,0.324,11.71,79
-37.084,149.8191,2012-06-01,11.1,0.0,9.8,0.306,8.3,85
-36.595,142.4171,2012-06-02,9.8,0.0,16.6,0.359,9.46,79
-36.1137,145.0185,2012-06-03,9.9,0.0,13.6,0.195,9.42,80
-35.2499,144.0795,2012-06-04,8.6,3.9,21.2,0.308,9.2,73
-35.7377,146.931,2012-06-06,8.9,0.0,13.8,0.348,9.89,71
-34.3229,146.2509,2012-06-07,8.5,0.0,10.4,0.271,10.43,72
-34.3731,148.0034,2012-06-08,5.3,0.0,9.8,0.33,11.55,79
-34.4654,150.8836,2012-06-09,11.9,0.0,11.0,0.367,11.12,70
-35.6525,145.6822,2012-06-10,8.1,0.0,9.2,0.216,8.87,84
-35.0391,145.8052,2012-06-11,8.1,0.0,12.6,0.213,10.68,77
-37.4477,143.264,2012-06-12,7.9,0.0,19.5,0.313,8.97,76
-35.927,146.5813,2012-06-13,8.4,0.0,14.1,0.302,9.12,81
-30.3299,149.2808,2012-06-14,12.3,0.0,11.5,0.209,12.66,79
-36.2438,143.4028,2012-06-15,10.4,0.0,17.0,0.24,9.5,70
-28.7735,152.1778,2012-06-16,11.3,0.0,14.3,0.358,13.47,76
-28.5538,151.2017,2012-06-17,11.9,0.1,13.3,0.295,12.62,74
-30.3695,151.471,2012-06-18,5.7,0.0,13.6,0.291,12.3,81
-28.3354,150.0663,2012-06-19,10.0,0.0,15.9,0.306,13.36,74
-34.4631,150.8887,2012-06-20,11.5,0.0,12.5,0.362,10.94,66
-28.8421,148.589,2012-06-21,11.9,0.0,16.3,0.17,13.7,67
-34.4596,150.8804,2012-06-22,13.0,0.1,30.0,0.353,7.2,63
-28.6963,149.6731,2012-06-23,9.4,0.0,14.0,0.357,13.68,70
-34.467,150.8815,2012-06-24,11.8,0.0,26.3,0.339,11.18,63
-28.6862,150.351,2012-06-25,9.4,0.0,9.4,0.298,13.18,59
-29.4514,146.4988,2012-06-26,10.8,0.0,15.3,0.145,13.0,71
-34.4386,146.2492,2012-06-27,10.5,0.0,10.4,0.246,7.68,79
-35.4035,150.311,2012-06-28,10.5,0.0,10.5,0.317,9.52,86
-34.8862,145.8365,2012-06-29,12.0,0.5,27.2,0.205,9.98,72
-31.1652,150.0905,2012-06-30,10.9,0.0,17.7,0.39,10.67,69
-34.5299,150.8976,2012-07-01,11.2,0.0,23.4,0.335,10.95,61
-28.5431,148.8033,2012-07-02,9.0,0.0,18.2,0.141,13.84,63
-36.071,149.9734,2012-07-03,8.8,0.0,16.0,0.311,10.02,66
-28.2545,149.9204,2012-07-04,8.1,0.0,15.2,0.23,14.13,70
-35.6918,146.0279,2012-07-05,6.0,0.0,10.1,0.27,10.79,77
-34.1508,145.4722,2012-07-06,6.8,0.0,8.6,0.216,11.31,74
-28.8591,148.5539,2012-07-07,11.2,0.0,14.0,0.101,13.69,67
-33.7455,146.7246,2012-07-08,7.9,0.0,13.3,0.252,11.52,77
-28.5518,149.9039,2012-07-09,14.2,0.0,20.4,0.332,12.24,66
-28.5714,150.2991,2012-07-11,16.0,0.9,17.9,0.296,4.69,80
-34.4581,150.882,2012-07-13,15.3,0.1,16.6,0.36,10.8,83
-34.4603,150.8808,2012-07-15,11.2,0.0,30.7,0.339,11.82,64
-34.3229,142.351,2012-07-16,11.3,0.0,14.9,0.321,10.26,78
-37.0694,149.8281,2012-07-17,9.6,0.0,10.1,0.31,10.59,83
-34.125,145.4984,2012-07-18,8.8,0.0,14.3,0.306,11.76,77
-29.7715,150.3461,2012-07-19,8.6,0.0,16.8,0.373,12.83,76
-29.7734,150.3395,2012-07-20,8.6,0.0,14.4,0.351,14.32,67
-30.0543,152.8817,2012-07-21,12.8,0.3,28.0,0.467,9.66,74
-35.4597,145.4084,2012-07-22,8.8,0.0,9.9,0.262,11.85,80
-28.4489,151.5287,2012-07-23,10.4,0.0,9.7,0.321,13.1,71
-37.0744,149.8267,2012-07-24,9.0,0.0,10.3,0.297,10.79,87
-28.4577,149.21,2012-07-25,11.8,0.0,13.8,0.347,14.64,70
-29.9613,145.7854,2012-07-26,12.0,0.0,17.2,0.25,13.88,59
-28.5818,150.4136,2012-07-27,10.9,0.0,20.1,0.295,14.95,67
-34.4613,150.875,2012-07-28,12.1,0.0,23.4,0.307,12.63,63
-34.4629,150.8784,2012-07-29,11.7,0.0,24.6,0.3,10.86,65
-29.9609,145.8031,2012-07-30,10.5,0.0,18.4,0.223,15.25,59
-36.6288,141.3282,2012-07-31,7.9,0.0,11.9,0.351,8.33,80
-28.4201,150.263,2012-08-01,8.8,0.0,14.4,0.251,16.34,68
-35.6103,150.1962,2012-08-02,8.6,0.0,15.7,0.238,12.48,74
-29.7794,151.3737,2012-08-03,5.7,0.0,10.9,0.32,16.05,61
-34.9105,146.0255,2012-08-04,9.3,0.0,14.2,0.241,9.05,74
-28.384,152.2205,2012-08-05,8.9,0.0,13.0,0.31,16.99,56
-34.9499,145.8762,2012-08-06,8.6,0.0,20.2,0.233,9.96,66
-30.0273,147.837,2012-08-07,9.9,0.0,11.2,0.091,16.34,60
-28.7435,150.0536,2012-08-08,10.1,0.0,9.3,0.161,17.14,63
-34.4628,150.8745,2012-08-09,12.9,0.9,31.6,0.253,12.62,52
-28.5478,152.841,2012-08-10,10.8,0.0,16.2,0.352,17.73,48
-34.8848,145.9188,2012-08-11,9.8,0.0,19.9,0.229,14.31,74
-28.3845,152.2069,2012-08-12,9.9,0.0,14.6,0.285,14.44,71
-28.3847,148.6468,2012-08-13,12.2,0.0,12.6,0.096,17.56,60
-28.391,151.7318,2012-08-14,9.9,0.0,16.9,0.238,17.83,65
-34.9396,145.5062,2012-08-15,9.9,0.0,18.1,0.23,9.45,72
-34.4663,150.8829,2012-08-16,13.4,0.0,15.3,0.26,15.24,57
-30.0727,149.2314,2012-08-17,12.3,0.0,32.2,0.259,16.51,49
-30.8458,152.4817,2012-08-18,12.2,0.0,17.4,0.271,17.87,44
-28.6051,149.7622,2012-08-19,10.7,0.0,11.6,0.241,18.4,54
-36.3732,148.8246,2012-08-20,3.5,0.0,9.6,0.348,15.8,75
-28.1868,152.4757,2012-08-21,10.2,0.0,10.3,0.279,14.46,72
-32.984,146.3166,2012-08-22,16.6,0.4,28.5,0.169,15.19,41
-30.0818,152.4977,2012-08-23,16.6,0.0,15.5,0.291,18.26,64
-31.1606,149.0221,2012-08-24,12.0,0.0,20.6,0.226,18.97,45
-33.6315,150.6591,2012-08-25,12.0,0.0,13.0,0.251,17.79,58
-29.0239,149.144,2012-08-26,13.0,0.0,14.7,0.263,15.19,58
-34.6409,150.0104,2012-08-27,6.9,0.0,11.3,0.296,17.89,70
-28.7365,147.1255,2012-08-28,13.2,0.0,10.4,0.111,20.25,47
-35.5347,144.4239,2012-08-29,14.2,0.2,23.7,0.348,16.88,48
-28.6791,152.2893,2012-08-30,15.1,1.8,21.3,0.267,18.18,71
-33.6667,151.2182,2012-08-31,12.0,0.3,20.8,0.2,17.91,50
-35.7547,145.5593,2012-09-01,8.2,0.0,10.8,0.225,18.18,69
-28.4916,149.7492,2012-09-02,12.2,0.0,11.3,0.07,21.56,46
-36.3794,150.0339,2012-09-03,11.9,0.0,14.4,0.195,17.86,71
-28.3001,149.3719,2012-09-04,15.2,0.0,11.2,0.184,21.78,40
-33.9697,149.5003,2012-09-05,10.9,0.0,29.4,0.329,20.2,49
-30.1923,152.3834,2012-09-06,14.3,0.0,23.7,0.247,20.95,55
-31.6972,147.8315,2012-09-07,14.4,0.0,28.6,0.197,17.47,32
-31.4744,151.7805,2012-09-08,10.5,0.0,22.0,0.234,21.29,49
-28.7374,147.1263,2012-09-09,14.6,0.0,14.3,0.105,22.09,48
-34.9385,149.5245,2012-09-10,8.9,0.0,16.3,0.303,20.53,75
-28.2933,149.3701,2012-09-11,19.2,0.0,15.4,0.183,19.86,52
-35.3133,144.4067,2012-09-12,16.9,0.0,20.6,0.261,20.29,47
-28.1902,152.3812,2012-09-13,14.4,0.0,21.1,0.238,20.79,62
-34.4674,150.8808,2012-09-14,12.6,0.0,16.9,0.257,21.34,58
-28.2014,152.3502,2012-09-15,12.9,0.0,12.4,0.22,21.2,63
-28.281,147.9341,2012-09-16,17.6,0.0,12.6,0.106,22.56,41
-33.6688,149.6908,2012-09-17,9.6,1.5,13.1,0.305,18.63,79
-28.39,148.6538,2012-09-18,19.0,0.2,16.8,0.084,18.57,58
-36.6747,149.7936,2012-09-19,11.7,3.5,10.2,0.316,14.97,89
-28.295,149.3587,2012-09-20,20.6,0.0,16.0,0.255,23.6,39
-28.2758,145.4607,2012-09-21,25.6,0.0,27.4,0.056,21.46,25
-29.0359,148.6789,2012-09-22,19.9,0.0,13.3,0.124,24.56,38
-29.2893,149.307,2012-09-23,20.1,0.0,13.4,0.21,24.16,39
-30.1818,152.5047,2012-09-24,16.1,3.4,12.0,0.305,16.24,64
-28.7227,147.132,2012-09-25,17.7,0.0,12.8,0.106,25.47,32
-35.9163,148.7542,2012-09-26,8.7,0.2,15.1,0.359,23.34,69
-28.271,152.5447,2012-09-27,15.4,0.0,10.5,0.266,19.51,64
-33.7488,150.0334,2012-09-28,16.1,18.2,27.9,0.297,18.52,68
-34.8496,150.5854,2012-09-29,15.0,2.6,33.2,0.332,21.98,57
-32.0619,152.0433,2012-09-30,14.2,0.0,15.4,0.226,25.64,40
-28.7312,147.1388,2012-10-01,15.0,0.0,15.5,0.132,26.02,44
-29.3149,147.7862,2012-10-02,17.9,0.0,13.5,0.114,24.27,50
-35.1109,149.9504,2012-10-03,14.8,0.0,23.0,0.307,24.88,56
-29.9997,152.7938,2012-10-04,19.6,0.0,12.8,0.193,25.95,59
-34.3626,150.1848,2012-10-05,19.5,0.0,22.4,0.305,25.16,46
-28.6614,152.4188,2012-10-06,21.4,0.0,10.5,0.215,24.18,45
-34.4663,150.8775,2012-10-07,14.3,0.0,32.4,0.248,25.96,59
-28.161,151.1123,2012-10-08,19.1,0.0,15.0,0.142,26.06,45
-32.5081,146.2153,2012-10-09,15.6,0.0,16.6,0.115,25.3,39
-31.2916,152.3134,2012-10-10,17.6,0.0,10.3,0.191,24.07,70
-29.1104,146.6192,2012-10-11,15.1,0.0,29.2,0.112,25.02,46
-32.0542,146.0877,2012-10-12,11.9,0.0,25.8,0.215,20.1,54
-30.7778,152.2074,2012-10-13,11.5,0.0,15.5,0.243,26.14,60
-37.4339,145.406,2012-10-14,11.5,0.0,12.4,0.361,25.42,76
-28.4798,149.7835,2012-10-15,18.2,0.0,13.0,0.253,27.75,51
-29.0916,152.6551,2012-10-16,19.4,0.0,12.4,0.257,27.69,60
-29.0835,152.2882,2012-10-17,16.5,0.0,16.6,0.334,27.41,56
-28.1657,147.7102,2012-10-18,26.6,0.0,9.9,0.079,28.09,26
-36.643,143.7898,2012-10-19,18.6,0.0,16.5,0.179,25.6,53
-28.5977,145.4136,2012-10-20,30.7,0.0,13.9,0.109,27.83,18
-35.6586,147.9184,2012-10-21,11.4,0.0,15.5,0.33,26.5,63
-30.033,142.185,2012-10-22,22.3,0.0,26.5,0.03,29.31,23
-29.9151,141.0779,2012-10-23,22.8,0.0,31.6,0.025,29.6,15
-29.4179,152.7073,2012-10-24,16.9,0.0,11.8,0.222,26.15,57
-37.0754,148.7118,2012-10-25,15.2,0.4,24.8,0.349,27.79,62
-30.7999,152.279,2012-10-26,21.2,0.0,10.2,0.204,27.61,46
-35.8158,148.7193,2012-10-27,6.9,0.0,11.8,0.342,29.81,60
-37.0875,143.727,2012-10-28,13.2,0.0,11.2,0.162,28.54,66
-37.3871,143.3631,2012-10-29,15.5,0.0,13.3,0.274,26.78,64
-36.7986,144.244,2012-10-30,20.8,0.0,12.6,0.162,29.05,41
-28.4894,147.3414,2012-10-31,24.9,0.0,9.7,0.11,29.12,41
-31.4575,152.3517,2012-11-01,22.4,0.0,14.7,0.216,27.38,54
-29.062,152.3362,2012-11-02,18.9,0.0,16.6,0.268,25.41,54
-35.1024,145.8947,2012-11-03,18.5,0.0,16.5,0.126,25.68,46
-37.021,143.6978,2012-11-04,20.1,0.0,19.5,0.183,25.16,45
-29.348,145.1412,2012-11-05,30.1,0.0,21.6,0.11,28.67,30
-34.4641,150.8826,2012-11-06,21.1,0.0,25.5,0.195,25.95,79
-29.1895,152.7116,2012-11-07,21.4,0.0,14.7,0.2,27.86,61
-35.3314,149.1758,2012-11-08,17.2,0.4,16.8,0.355,24.37,74
-35.9607,145.6604,2012-11-09,16.2,0.0,25.1,0.215,30.74,47
-36.7521,144.3298,2012-11-10,14.0,0.0,14.3,0.187,30.87,56
-33.948,151.2181,2012-11-11,16.9,0.0,14.7,0.126,28.22,59
-36.818,144.29,2012-11-12,19.1,0.0,23.7,0.179,27.19,40
-37.3434,144.2496,2012-11-13,10.1,0.0,18.7,0.216,28.91,62
-28.2151,149.1289,2012-11-14,25.9,0.0,17.1,0.154,27.15,36
-34.4652,150.8839,2012-11-15,19.5,0.3,19.4,0.235,22.38,76
-28.6415,152.2826,2012-11-16,25.7,2.0,17.5,0.286,25.05,50
-28.5782,143.0937,2012-11-17,25.3,0.0,24.6,0.084,30.13,36
-28.4165,149.5767,2012-11-18,26.4,2.1,19.3,0.236,29.29,45
-28.4767,142.2562,2012-11-19,24.7,0.0,19.3,0.12,31.86,17
-32.34,145.9057,2012-11-20,21.5,0.0,18.3,0.131,31.86,38
-28.6954,149.9388,2012-11-21,25.2,0.0,20.6,0.207,31.32,38
-31.1969,151.2194,2012-11-22,21.2,0.0,18.7,0.198,28.42,46
-30.5764,149.962,2012-11-23,25.5,0.0,17.3,0.103,27.36,48
-28.4269,142.3938,2012-11-24,30.0,0.0,14.4,0.144,27.61,15
-28.5123,153.034,2012-11-25,22.9,0.0,13.3,0.3,27.11,69
-28.4635,142.3952,2012-11-26,33.8,0.0,22.4,0.097,30.16,18
-28.555,142.4744,2012-11-27,33.8,0.2,27.8,0.119,25.17,31
-29.9879,142.4521,2012-11-28,31.8,0.0,20.2,0.052,28.93,42
-29.7348,142.3758,2012-11-29,35.9,0.0,25.5,0.031,30.25,26
-29.1532,148.9362,2012-11-30,32.8,0.0,16.2,0.202,30.95,31
-31.3382,151.817,2012-12-01,24.7,0.0,12.1,0.343,26.31,63
-28.2565,152.8034,2012-12-02,24.6,0.0,12.1,0.271,29.5,68
-28.3628,144.1114,2012-12-03,30.1,0.0,31.7,0.023,30.59,19
-28.8023,148.5064,2012-12-04,26.4,0.0,24.5,0.101,32.21,24
-28.1973,152.7745,2012-12-05,25.3,0.0,14.6,0.27,32.75,28
-36.9208,144.9784,2012-12-06,16.9,0.0,14.2,0.152,24.89,55
-28.8061,148.5029,2012-12-07,27.3,0.0,12.2,0.072,32.54,23
-34.4647,150.8807,2012-12-08,20.7,0.0,23.2,0.197,27.59,81
-36.3831,145.4222,2012-12-09,18.7,0.0,28.6,0.128,33.97,42
-28.8112,148.4846,2012-12-10,29.6,0.1,27.4,0.072,28.22,41
-29.0418,148.6826,2012-12-11,26.7,0.0,23.7,0.142,29.38,45
-28.6147,144.0208,2012-12-12,29.5,0.2,28.9,0.029,29.83,32
-30.873,145.0125,2012-12-13,29.1,0.0,20.0,0.113,32.38,28
-28.5994,149.1312,2012-12-14,27.2,0.0,18.5,0.19,32.43,33
-29.4691,149.7868,2012-12-15,28.5,0.0,22.5,0.211,28.09,34
-31.5931,151.4112,2012-12-16,22.3,0.7,18.5,0.257,27.36,55
-31.8334,151.4757,2012-12-17,17.2,0.1,12.1,0.312,25.86,76
-28.3955,149.8237,2012-12-18,32.2,0.0,17.0,0.111,30.38,29
-36.6406,145.2609,2012-12-19,26.1,0.0,25.1,0.198,25.43,38
-31.7008,146.3079,2012-12-20,29.0,0.0,16.3,0.108,30.05,29
-28.5505,149.6662,2012-12-21,26.8,8.3,16.7,0.416,25.96,73
-34.6203,149.6456,2012-12-22,20.6,0.0,17.8,0.151,26.17,63
-31.9146,146.3649,2012-12-23,29.9,2.2,27.3,0.134,27.17,44
-32.7206,149.38,2012-12-24,25.4,0.1,16.1,0.166,30.4,54
-28.8538,141.4374,2012-12-25,31.6,0.0,31.8,0.02,30.36,22
-28.8543,141.4609,2012-12-26,28.5,0.0,29.3,0.067,33.62,13
-36.48,144.7542,2012-12-27,23.6,0.0,24.9,0.133,29.25,40
-29.0606,141.4286,2012-12-28,30.4,0.0,29.6,0.021,32.5,14
-28.7545,147.0817,2012-12-29,29.2,0.0,17.0,0.14,32.44,29
-29.16,149.0956,2012-12-30,27.9,0.0,23.1,0.255,26.98,48
-36.6622,145.7129,2012-12-31,21.6,0.0,14.2,0.147,33.82,41
-28.7249,147.0898,2013-01-01,31.3,0.0,16.6,0.104,32.04,27
-33.0577,149.2599,2013-01-02,23.5,0.0,19.8,0.208,34.1,35
-28.4724,149.7438,2013-01-03,30.1,0.0,25.6,0.065,29.39,43
-32.9421,148.5983,2013-01-04,27.0,0.0,20.8,0.132,32.33,41
-31.6702,151.8515,2013-01-05,21.1,0.0,12.2,0.279,32.37,67
-31.1484,146.0692,2013-01-06,35.8,0.0,19.5,0.123,29.83,22
-30.3574,141.2225,2013-01-07,37.7,0.0,18.4,0.086,31.32,18
-28.6699,149.1103,2013-01-08,29.0,0.0,17.7,0.149,32.34,35
-34.8681,148.789,2013-01-09,20.5,0.0,26.7,0.13,33.68,37
-30.4044,141.6601,2013-01-10,27.3,0.0,20.3,0.024,33.14,18
-35.2381,145.5771,2013-01-11,29.7,0.0,18.7,0.121,32.58,20
-28.1839,152.4243,2013-01-12,26.2,0.9,12.1,0.284,26.96,75
-31.2793,148.992,2013-01-13,33.3,0.0,32.5,0.232,27.72,32
-31.2735,148.9405,2013-01-14,24.9,0.0,28.3,0.199,32.39,47
-31.3205,148.9892,2013-01-15,21.9,0.0,25.0,0.249,23.28,48
-34.4598,150.8806,2013-01-16,21.3,0.0,17.8,0.206,30.54,77
-28.6564,148.8497,2013-01-17,32.7,0.0,17.7,0.09,28.92,29
-36.8844,149.8324,2013-01-18,25.1,0.0,37.6,0.223,27.63,59
-29.7445,152.1523,2013-01-19,23.1,11.5,10.9,0.382,22.16,74
-28.3142,143.9977,2013-01-20,31.6,1.0,23.5,0.032,24.44,49
-28.6457,147.3133,2013-01-21,31.6,0.0,18.3,0.131,27.39,48
-37.4562,144.7654,2013-01-22,17.0,0.0,18.1,0.267,27.42,68
-36.879,147.0777,2013-01-23,19.0,0.0,16.0,0.189,28.04,59
-33.9573,149.0468,2013-01-24,23.1,0.0,20.0,0.155,29.94,52
-33.804,150.1043,2013-01-25,22.1,0.3,15.1,0.278,24.42,78
-30.2064,149.1279,2013-01-26,27.6,3.2,15.9,0.252,20.17,59
-29.3262,145.0814,2013-01-27,31.0,0.0,24.1,0.114,28.58,36
-33.4526,147.3238,2013-01-28,25.9,0.2,15.3,0.144,23.28,53
-28.8668,149.1878,2013-01-29,25.4,0.0,13.4,0.426,28.95,70
-36.9185,147.1236,2013-01-30,13.6,0.0,12.5,0.31,31.22,63
-31.7528,152.6797,2013-01-31,23.9,0.0,23.8,0.369,29.18,81
-34.641,148.881,2013-02-01,17.0,5.6,25.7,0.253,19.44,61
-28.5286,146.1867,2013-02-02,22.6,0.0,22.2,0.104,31.8,22
-36.9433,147.1309,2013-02-03,11.8,0.0,13.2,0.283,22.87,74
-28.8227,148.9871,2013-02-04,23.2,0.0,19.4,0.109,27.39,51
-28.9094,148.5029,2013-02-05,25.0,0.1,15.8,0.069,22.24,48
-30.924,151.4046,2013-02-06,15.7,0.0,13.4,0.337,28.44,72
-31.7551,145.7528,2013-02-07,29.9,0.0,17.6,0.105,27.42,25
-32.8374,150.8268,2013-02-08,23.8,0.0,12.0,0.334,28.83,65
-28.5209,149.1096,2013-02-09,26.4,0.0,16.2,0.073,28.83,50
-37.0708,147.0545,2013-02-10,14.1,0.0,16.1,0.266,23.12,79
-28.4609,147.9786,2013-02-11,31.0,0.0,22.7,0.199,27.41,36
-37.101,147.1612,2013-02-12,12.9,0.1,12.7,0.24,22.53,71
-28.9189,148.4807,2013-02-13,27.6,0.0,18.1,0.069,26.74,45
-30.0909,145.8018,2013-02-14,28.4,0.0,17.7,0.068,17.72,41
-36.977,146.9642,2013-02-15,18.4,0.6,7.6,0.234,23.18,71
-30.8309,146.451,2013-02-16,27.4,0.0,15.6,0.118,25.06,43
-37.3412,147.2951,2013-02-17,21.2,0.0,10.0,0.257,27.78,63
-28.9258,149.9671,2013-02-18,24.1,0.0,18.0,0.209,20.8,55
-37.0715,146.7368,2013-02-19,19.5,2.9,12.0,0.216,19.4,61
-28.859,148.7354,2013-02-20,27.3,0.0,24.2,0.081,27.21,47
-37.2818,142.2113,2013-02-21,22.3,0.0,18.0,0.123,25.21,63
-28.9172,148.4715,2013-02-22,26.1,0.0,28.0,0.067,24.52,44
-31.8371,145.82,2013-02-23,25.2,0.0,22.3,0.105,22.73,48
-28.9287,141.4426,2013-02-24,30.5,0.0,11.6,0.024,28.23,23
-28.8767,141.5064,2013-02-25,32.5,0.0,16.9,0.07,23.41,24
-33.4013,145.6301,2013-02-26,28.1,1.1,16.3,0.136,15.89,53
-30.6326,148.2002,2013-02-27,25.6,0.4,21.5,0.383,21.82,61
-37.2789,142.2328,2013-03-02,18.8,0.0,17.4,0.131,26.24,56
-33.2866,146.3098,2013-03-04,23.3,0.0,20.0,0.252,24.69,56
-37.1775,148.8492,2013-03-05,17.7,0.0,12.1,0.339,26.33,67
-28.8443,149.7889,2013-03-06,22.2,0.0,20.9,0.396,20.35,66
-37.2272,148.8828,2013-03-07,18.8,0.0,12.0,0.322,21.86,73
-28.5088,149.2706,2013-03-08,22.8,0.0,19.5,0.334,17.38,66
-37.3607,149.9585,2013-03-09,22.0,0.0,23.7,0.275,21.76,80
-28.8196,148.9856,2013-03-10,24.0,0.0,15.9,0.154,22.3,56
-33.8378,142.1473,2013-03-11,29.4,0.0,11.0,0.227,23.4,32
-36.7627,149.0589,2013-03-12,19.8,0.0,12.8,0.263,22.83,74
-33.0631,151.2991,2013-03-13,19.0,0.0,13.5,0.318,23.13,78
-34.0304,142.4989,2013-03-14,20.7,0.0,22.1,0.123,24.66,39
-28.7111,150.6154,2013-03-15,22.8,0.0,10.9,0.165,23.48,68
-35.811,148.7573,2013-03-16,14.7,0.0,17.2,0.317,20.49,67
-28.2436,150.213,2013-03-17,23.8,0.0,22.1,0.137,25.39,43
-28.9032,148.5044,2013-03-18,22.9,0.0,15.7,0.073,24.55,41
-28.3136,152.0954,2013-03-19,17.1,0.0,21.0,0.254,16.65,78
-28.2102,149.9254,2013-03-20,22.4,0.0,20.1,0.048,21.68,53
-34.0359,149.8587,2013-03-21,14.2,1.4,23.5,0.304,19.64,74
-31.7886,152.613,2013-03-22,23.4,0.2,14.6,0.296,20.94,78
-35.4876,150.0553,2013-03-23,18.2,0.0,18.8,0.3,22.28,74
-29.5917,152.6623,2013-03-24,23.4,6.8,7.5,0.334,17.55,88
-32.5455,146.5838,2013-03-25,22.2,0.0,9.9,0.118,22.72,38
-28.9382,148.238,2013-03-26,27.0,0.0,17.4,0.143,19.79,49
-33.4531,148.2089,2013-03-27,24.5,0.0,21.8,0.217,20.73,57
-35.4297,150.0576,2013-03-28,21.4,1.8,17.8,0.284,10.15,70
-34.3283,147.9286,2013-03-29,14.8,0.0,13.9,0.292,21.89,50
-35.7904,147.014,2013-03-30,14.5,0.0,12.7,0.295,17.35,67
-30.6534,147.7233,2013-03-31,19.8,0.1,15.4,0.258,13.2,51
-36.0043,146.2946,2013-04-01,15.7,0.0,12.7,0.248,15.9,66
-28.9845,150.3825,2013-04-02,21.1,0.0,12.0,0.241,17.15,54
-28.8581,149.9241,2013-04-03,21.3,0.0,11.7,0.083,21.15,50
-29.3861,149.4955,2013-04-04,22.1,0.0,18.4,0.223,18.06,56
-29.3146,148.3495,2013-04-05,21.7,0.0,15.5,0.139,20.68,49
-35.9384,146.5533,2013-04-06,18.4,0.0,11.2,0.219,14.48,63
-35.1854,147.2267,2013-04-07,18.5,0.0,11.3,0.186,18.26,60
-35.3087,142.5999,2013-04-08,21.6,0.0,10.4,0.169,14.54,48
-29.8636,149.3851,2013-04-09,20.7,0.0,14.5,0.19,15.52,53
-30.7963,146.9407,2013-04-10,21.3,0.0,13.4,0.118,20.04,48
-28.8726,150.3083,2013-04-11,20.3,0.0,18.1,0.128,16.9,58
-32.0062,149.3318,2013-04-12,18.4,0.0,16.9,0.205,18.75,61
-36.4611,149.8967,2013-04-13,18.1,0.0,11.3,0.294,16.48,77
-34.136,147.2628,2013-04-14,21.5,0.0,16.5,0.144,17.57,39
-33.9147,143.2068,2013-04-15,19.6,0.0,19.3,0.086,16.77,49
-28.843,150.3146,2013-04-16,21.1,0.5,14.9,0.061,17.1,65
-36.8428,141.8553,2013-04-17,13.6,0.0,14.7,0.265,11.53,59
-28.1692,148.6837,2013-04-18,20.6,0.0,15.6,0.113,20.43,32
-33.0211,146.4802,2013-04-19,14.1,0.0,22.1,0.244,17.67,44
-28.6562,153.3311,2013-04-20,17.2,0.0,9.0,0.37,16.67,70
-28.6861,147.9868,2013-04-21,17.8,0.0,9.5,0.141,18.77,53
-37.0993,149.1336,2013-04-22,10.4,0.0,15.8,0.373,12.1,71
-28.8659,148.7247,2013-04-23,19.6,0.0,15.6,0.082,19.22,37
-37.0292,149.3202,2013-04-24,9.0,0.0,11.5,0.349,15.26,76
-29.2825,152.0674,2013-04-25,13.3,0.0,11.2,0.392,18.95,66
-31.8641,148.5925,2013-04-26,15.3,0.0,17.3,0.108,17.27,55
-30.3063,151.7869,2013-04-27,12.1,0.0,7.9,0.316,17.88,68
-28.5364,148.7935,2013-04-28,20.6,0.0,11.9,0.04,18.21,48
-32.9612,150.9914,2013-04-29,18.2,0.0,9.8,0.217,15.74,59
-29.0062,150.0783,2013-04-30,20.6,0.0,12.3,0.093,17.27,56
-37.08,142.555,2013-05-01,11.8,0.0,20.3,0.187,10.68,73
-28.3812,148.4054,2013-05-02,19.9,0.0,19.4,0.052,11.94,44
-30.7783,146.9511,2013-05-03,18.1,0.0,15.6,0.189,16.96,43
-28.5278,149.899,2013-05-04,19.3,0.0,16.0,0.197,17.36,54
-36.023,146.5522,2013-05-05,10.1,0.0,9.5,0.192,14.43,61
-29.9496,148.2698,2013-05-06,18.3,0.0,16.2,0.066,12.88,53
-28.6875,150.3502,2013-05-07,18.3,0.0,17.4,0.197,12.66,58
-37.0722,143.8339,2013-05-08,13.5,0.0,12.9,0.224,11.88,71
-28.3548,149.7032,2013-05-09,18.6,0.0,15.2,0.199,14.94,57
-34.375,146.046,2013-05-10,16.8,0.0,10.5,0.144,13.9,61
-28.9551,149.8779,2013-05-11,19.3,0.0,20.1,0.062,15.7,56
-29.3606,149.0198,2013-05-12,18.8,0.0,14.8,0.196,14.66,57
-35.384,144.2813,2013-05-13,13.0,1.4,23.0,0.319,9.57,73
-34.7138,143.0105,2013-05-14,10.8,0.8,18.4,0.315,7.0,74
-37.0135,149.6497,2013-05-15,10.6,0.1,12.7,0.284,11.21,73
-30.3773,144.7907,2013-05-16,16.0,0.0,23.5,0.125,13.44,58
-35.585,150.2283,2013-05-17,12.9,0.0,29.4,0.234,11.88,62
-30.3103,151.7774,2013-05-18,5.5,0.0,20.8,0.3,15.28,66
-30.3846,144.4606,2013-05-19,13.2,0.0,12.2,0.034,13.98,61
-29.3995,146.5422,2013-05-20,13.9,0.0,9.0,0.167,14.58,52
-37.0003,149.9095,2013-05-21,11.3,0.0,28.2,0.221,8.24,79
-36.7545,149.8602,2013-05-22,9.9,1.7,9.4,0.261,6.88,85
-35.5354,147.6606,2013-05-23,8.6,0.1,11.0,0.331,10.64,77
-35.1097,146.8555,2013-05-24,9.5,0.0,12.1,0.263,12.2,70
-28.7444,148.3717,2013-05-25,13.5,0.0,16.1,0.243,14.71,70
-35.5136,145.9968,2013-05-26,11.1,0.0,15.6,0.224,10.2,76
-30.4224,151.4812,2013-05-27,7.3,0.0,14.2,0.186,14.4,73
-35.4323,147.9989,2013-05-28,8.7,0.0,12.9,0.295,9.64,82
-28.7009,149.1865,2013-05-29,16.8,0.0,19.3,0.295,12.0,68
-28.5273,149.5462,2013-05-30,16.8,0.0,20.0,0.266,11.55,67
-33.9614,148.2617,2013-05-31,14.7,0.1,15.0,0.229,9.31,72
-34.4647,150.8818,2013-06-02,14.5,36.0,44.4,0.423,3.05,81
-34.463,150.8806,2013-06-04,14.1,0.0,18.8,0.383,11.3,72
-31.7816,147.9204,2013-06-05,11.6,0.0,15.5,0.379,10.75,71
-35.8392,150.1056,2013-06-06,13.3,0.0,14.0,0.336,2.61,65
-35.4423,150.3181,2013-06-07,14.1,0.0,16.9,0.353,9.57,72
-36.0249,149.1635,2013-06-08,5.6,0.0,9.5,0.301,9.34,79
-37.0362,145.2936,2013-06-09,5.4,0.0,9.5,0.342,9.24,83
-37.0303,145.2962,2013-06-10,7.6,0.0,10.4,0.333,8.7,85
-37.0924,149.2929,2013-06-11,6.5,0.0,9.7,0.323,9.31,85
-29.3614,149.8274,2013-06-12,16.7,21.6,23.9,0.395,6.87,88
-34.46,150.8775,2013-06-13,13.8,0.0,16.5,0.366,10.38,78
-28.7813,148.3822,2013-06-14,13.4,0.1,20.6,0.182,6.5,68
-34.4645,150.8821,2013-06-15,14.0,0.0,36.2,0.349,8.96,65
-34.459,150.8832,2013-06-16,13.2,0.0,26.0,0.338,9.28,62
-28.4479,149.5564,2013-06-17,9.7,0.0,13.1,0.341,13.14,72
-35.3449,149.3664,2013-06-18,4.2,0.0,9.7,0.345,7.67,86
-35.3358,149.362,2013-06-19,4.9,0.0,19.9,0.341,8.88,76
-35.7704,149.6078,2013-06-20,3.8,0.0,9.2,0.367,9.78,81
-28.9545,148.43,2013-06-21,11.8,0.0,9.7,0.146,12.25,70
-34.6863,142.843,2013-06-22,10.0,1.4,17.0,0.293,9.1,78
-35.4347,145.0568,2013-06-23,8.3,0.0,16.7,0.283,10.17,75
-28.6238,148.7136,2013-06-24,11.7,0.0,21.4,0.076,11.84,58
-36.2794,145.6923,2013-06-25,9.7,0.0,15.1,0.293,9.96,78
-28.7176,148.7852,2013-06-26,11.7,0.0,10.9,0.127,12.72,74
-37.4107,143.2534,2013-06-27,8.4,0.0,13.7,0.302,8.92,82
-28.3776,148.6975,2013-06-28,14.6,0.1,10.1,0.094,9.3,75
-34.3003,144.0875,2013-06-29,11.1,0.6,17.9,0.45,10.27,83
-34.2919,144.066,2013-06-30,10.7,0.0,16.4,0.431,10.37,81
-28.7321,147.0998,2013-07-01,13.1,0.0,22.4,0.128,13.34,67
-36.6946,148.8428,2013-07-02,4.7,0.0,8.4,0.352,9.86,82
-28.5542,148.6904,2013-07-03,12.8,0.0,14.7,0.067,13.72,71
-35.5773,145.4623,2013-07-04,10.9,0.0,29.4,0.247,10.48,70
-30.1577,147.9485,2013-07-05,13.8,0.0,18.5,0.11,12.98,64
-33.1786,148.4188,2013-07-06,5.3,0.0,16.0,0.307,11.43,69
-30.7153,151.4337,2013-07-07,3.2,0.0,9.0,0.328,13.87,68
-28.99,149.2266,2013-07-08,9.6,0.0,12.2,0.239,14.04,62
-34.4636,150.8897,2013-07-09,11.3,3.4,19.1,0.332,9.12,77
-36.5163,141.4663,2013-07-10,6.3,0.0,11.1,0.299,10.54,81
-37.1341,149.8115,2013-07-11,9.4,0.0,9.7,0.325,9.63,86
-28.1959,147.474,2013-07-12,16.2,0.0,15.9,0.101,12.36,56
-34.4625,150.8797,2013-07-13,12.6,0.0,9.0,0.362,10.38,79
-28.7809,151.8214,2013-07-15,11.1,0.0,8.0,0.294,10.63,81
-28.1961,147.4658,2013-07-16,17.4,0.5,16.7,0.114,11.87,57
-30.7201,148.6656,2013-07-17,15.6,0.0,15.1,0.218,12.07,73
-31.6012,152.5849,2013-07-18,14.0,0.0,14.5,0.337,12.6,87
-29.5253,151.0399,2013-07-19,13.4,8.0,21.6,0.423,9.31,85
-34.4659,150.8888,2013-07-20,13.9,0.0,22.4,0.368,11.84,68
-34.4639,150.8812,2013-07-21,10.5,0.0,23.8,0.352,12.81,52
-37.3284,149.7896,2013-07-22,9.2,0.0,15.2,0.315,11.13,57
-29.5974,148.5882,2013-07-23,9.7,0.0,22.0,0.309,11.96,65
-37.325,149.7896,2013-07-24,9.9,0.0,25.2,0.309,8.91,75
-28.9468,148.4128,2013-07-25,11.6,0.0,10.7,0.264,14.99,69
-34.7279,142.9181,2013-07-26,9.1,0.0,10.4,0.277,12.0,77
-37.3182,149.7882,2013-07-27,10.3,0.0,21.0,0.292,11.71,81
-28.7311,148.7688,2013-07-28,14.6,0.0,20.2,0.176,15.22,64
-34.4639,150.8887,2013-07-29,15.0,0.0,15.7,0.308,12.81,74
-29.3122,149.9354,2013-07-30,13.9,0.2,13.1,0.332,11.77,71
-31.4706,150.4484,2013-07-31,11.5,0.0,23.6,0.374,5.97,82
-29.3151,149.9371,2013-08-01,14.4,0.0,12.6,0.316,15.02,69
-30.7249,147.027,2013-08-02,12.5,0.0,18.5,0.297,13.96,64
-36.3761,149.9802,2013-08-03,10.0,0.0,13.8,0.247,12.84,65
-28.272,149.3477,2013-08-04,12.2,0.0,14.4,0.165,16.43,56
-37.0871,149.743,2013-08-05,10.4,0.0,16.5,0.279,10.34,62
-28.3008,148.9138,2013-08-06,14.3,0.0,12.0,0.054,16.8,55
-29.0152,146.6408,2013-08-07,17.4,0.0,22.5,0.119,15.94,33
-28.6711,153.4498,2013-08-08,14.2,0.0,22.9,0.316,17.07,47
-32.2219,151.544,2013-08-09,10.7,0.0,15.5,0.331,15.66,62
-28.2619,152.5979,2013-08-10,10.2,0.0,10.1,0.316,16.96,64
-28.6369,148.2836,2013-08-11,18.1,0.0,11.2,0.074,17.05,36
-34.7708,145.8293,2013-08-12,11.9,9.7,37.5,0.344,12.03,72
-28.2935,153.4038,2013-08-13,17.5,0.0,15.9,0.29,17.41,69
-37.1303,149.8296,2013-08-14,12.5,0.5,24.7,0.316,14.14,60
-28.2678,149.3436,2013-08-15,13.4,0.0,21.7,0.131,18.63,39
-37.1331,149.8389,2013-08-16,11.6,0.0,31.0,0.303,14.61,68
-28.6391,152.414,2013-08-17,12.7,1.8,11.8,0.297,8.5,86
-28.3503,149.9812,2013-08-18,14.0,0.0,10.4,0.197,17.07,72
-37.4641,148.1852,2013-08-19,9.1,0.5,25.2,0.324,13.53,55
-28.2529,149.3526,2013-08-20,11.0,0.0,20.0,0.209,19.24,44
-34.4589,150.8834,2013-08-21,11.0,0.0,29.4,0.224,15.42,57
-28.3889,151.7432,2013-08-22,7.5,0.0,15.0,0.258,19.26,54
-28.7487,147.1513,2013-08-23,13.6,0.0,19.5,0.113,18.58,44
-29.8869,152.549,2013-08-24,13.9,0.0,15.1,0.317,18.87,57
-36.5301,149.2408,2013-08-25,7.1,0.0,9.1,0.338,16.43,76
-28.6522,152.7825,2013-08-26,15.8,0.0,10.0,0.272,18.81,71
-34.2659,146.091,2013-08-27,14.4,0.0,11.7,0.231,16.25,66
-35.1303,143.9922,2013-08-28,16.2,0.3,23.9,0.346,15.92,62
-28.6187,148.2724,2013-08-29,22.0,0.0,23.2,0.072,16.81,33
-31.2235,151.7367,2013-08-30,13.1,1.4,25.2,0.271,18.57,68
-29.3651,152.938,2013-08-31,19.7,0.0,12.9,0.22,15.9,69
-28.7453,147.1703,2013-09-01,23.2,0.0,17.0,0.108,19.04,35
-29.974,151.919,2013-09-02,10.5,0.0,11.2,0.184,20.93,72
-28.6207,148.2784,2013-09-03,20.3,0.0,19.4,0.071,20.68,42
-36.3749,149.4974,2013-09-04,13.2,0.0,14.3,0.308,18.59,72
-28.1703,149.8466,2013-09-05,18.3,0.0,16.3,0.025,21.42,46
-34.4659,150.8805,2013-09-06,17.7,0.0,13.0,0.183,16.61,79
-28.2992,149.0132,2013-09-07,20.8,0.0,13.9,0.091,21.74,34
-34.8671,150.524,2013-09-08,13.6,3.6,15.9,0.247,4.4,93
-28.9756,150.1094,2013-09-09,20.8,0.0,18.9,0.093,21.38,42
-29.0948,149.0074,2013-09-10,22.7,0.0,20.6,0.195,21.73,31
-30.0509,152.5381,2013-09-11,18.0,0.0,11.4,0.29,21.11,51
-30.338,145.4429,2013-09-12,18.5,0.4,11.3,0.145,19.28,37
-34.4552,150.8676,2013-09-13,13.0,1.3,24.3,0.236,13.06,66
-31.6951,147.6107,2013-09-14,17.7,0.0,16.5,0.178,21.74,48
-31.8421,151.7372,2013-09-15,14.5,0.0,13.2,0.215,18.44,72
-34.4177,142.3062,2013-09-17,15.3,0.2,21.7,0.292,9.22,74
-29.3099,153.1195,2013-09-18,19.0,0.0,15.0,0.33,23.07,51
-29.0912,149.0147,2013-09-19,18.4,0.0,15.9,0.275,23.36,46
-34.5445,145.282,2013-09-20,12.4,0.3,30.4,0.258,16.33,60
-28.2987,149.3584,2013-09-21,16.5,0.0,12.3,0.201,24.36,38
-32.2051,151.6083,2013-09-22,14.6,0.0,10.0,0.291,22.87,66
-29.287,152.0732,2013-09-23,14.3,0.0,12.7,0.377,23.33,52
-32.8205,147.0078,2013-09-24,20.1,0.0,21.0,0.204,22.67,38
-29.844,152.4972,2013-09-25,19.2,0.0,10.5,0.356,24.62,41
-34.4677,150.8769,2013-09-26,18.5,0.0,35.9,0.275,23.38,55
-30.2238,147.6924,2013-09-27,20.6,0.0,19.5,0.129,25.47,23
-31.5159,146.2955,2013-09-28,18.1,0.0,16.3,0.195,24.87,29
-33.1627,149.1226,2013-09-29,11.2,0.0,12.9,0.252,24.61,60
-28.485,148.9035,2013-09-30,24.2,0.0,14.8,0.023,25.68,29
-28.5643,150.9699,2013-10-01,23.9,5.8,23.4,0.18,22.37,55
-29.0637,146.5321,2013-10-02,20.2,0.0,13.5,0.116,25.92,44
-29.4196,152.5146,2013-10-03,19.5,0.0,21.4,0.218,24.35,47
-29.3957,152.7295,2013-10-04,15.4,0.0,12.6,0.216,26.33,48
-29.2088,149.9628,2013-10-05,18.8,0.0,10.5,0.158,26.43,40
-36.1359,149.051,2013-10-06,13.9,1.7,27.2,0.309,23.55,50
-28.4709,149.8963,2013-10-07,23.3,0.0,23.7,0.206,26.11,28
-35.6207,145.1605,2013-10-08,15.1,0.0,16.7,0.187,25.0,61
-29.4788,152.5534,2013-10-09,16.3,0.0,12.2,0.342,27.04,60
-32.7055,151.17,2013-10-10,24.8,0.0,27.5,0.193,26.42,27
-28.5194,152.222,2013-10-11,21.9,0.0,21.7,0.204,26.51,46
-35.9417,141.2918,2013-10-12,17.3,0.0,20.7,0.142,26.28,50
-29.7532,152.3267,2013-10-13,21.8,0.0,21.8,0.33,22.62,54
-35.4087,145.4027,2013-10-14,11.3,0.2,23.4,0.148,16.83,51
-36.2501,149.4611,2013-10-15,8.4,0.0,20.2,0.33,27.51,63
-29.2228,152.6796,2013-10-16,20.0,0.0,17.2,0.192,24.64,58
-35.3903,150.0902,2013-10-17,17.9,0.0,31.9,0.275,27.72,30
-28.3231,148.132,2013-10-18,21.9,0.0,21.6,0.13,28.7,22
-36.5112,144.462,2013-10-19,16.8,0.0,16.6,0.159,27.69,39
-28.2042,153.5438,2013-10-20,20.0,1.7,12.2,0.294,21.75,83
-32.5629,151.3401,2013-10-21,24.5,0.0,17.2,0.159,27.81,46
-30.0079,152.5531,2013-10-22,22.8,0.0,13.8,0.249,26.82,67
-32.5541,151.3557,2013-10-23,25.8,0.0,31.7,0.212,26.14,41
-35.5984,149.9665,2013-10-24,14.7,0.0,18.1,0.242,24.52,47
-29.9965,151.2432,2013-10-25,15.2,0.0,13.7,0.187,29.21,41
-29.3457,144.8601,2013-10-26,20.5,0.0,15.3,0.137,29.57,23
-30.02,152.553,2013-10-27,16.5,0.0,14.8,0.342,22.47,67
-29.3644,144.8622,2013-10-28,27.8,0.0,23.6,0.101,29.42,12
-33.2146,150.7741,2013-10-29,16.7,12.3,22.3,0.224,19.65,69
-29.3829,144.8593,2013-10-30,21.3,0.0,16.7,0.101,30.11,23
-33.1069,150.8428,2013-10-31,16.6,0.0,17.3,0.273,27.46,63
-29.3174,152.912,2013-11-01,19.5,0.0,14.9,0.228,27.03,60
-32.6452,150.5398,2013-11-02,21.1,0.0,18.1,0.188,29.31,47
-28.8446,152.4659,2013-11-03,23.9,0.0,15.6,0.226,28.13,46
-28.4188,148.3848,2013-11-04,23.6,0.0,30.6,0.05,31.26,16
-28.8613,152.455,2013-11-05,15.7,0.0,15.4,0.271,28.47,56
-30.869,146.0955,2013-11-06,25.1,0.0,21.6,0.127,24.96,32
-35.3459,150.1168,2013-11-07,20.8,0.0,13.3,0.236,29.03,54
-28.333,150.2211,2013-11-08,27.4,0.0,18.9,0.051,30.59,25
-33.4395,142.8151,2013-11-09,16.1,0.0,23.1,0.105,30.82,37
-30.4844,148.7194,2013-11-10,23.2,0.0,15.0,0.058,30.09,27
-30.7446,150.1775,2013-11-11,21.1,9.2,19.1,0.153,23.87,66
-29.4391,148.7815,2013-11-12,24.0,0.0,19.5,0.232,30.45,33
-32.2846,148.2512,2013-11-13,19.3,0.0,19.5,0.191,29.91,41
-31.2944,152.3092,2013-11-14,20.0,1.2,14.5,0.355,30.42,68
-30.8473,146.126,2013-11-15,22.7,0.0,15.2,0.13,29.44,22
-29.3798,145.8833,2013-11-16,24.0,0.0,16.9,0.13,27.78,20
-29.8568,149.1767,2013-11-17,22.0,0.5,15.9,0.2,27.76,40
-29.7348,150.5603,2013-11-18,17.7,0.8,18.6,0.201,25.95,61
-29.4124,148.8007,2013-11-19,23.6,0.0,13.6,0.215,30.11,43
-33.8196,150.7867,2013-11-20,19.4,0.0,13.3,0.366,31.0,77
-28.2588,150.6707,2013-11-21,26.4,0.0,21.9,0.247,29.16,48
-30.5735,148.0112,2013-11-23,26.3,0.1,22.8,0.206,28.58,30
-28.2772,152.8527,2013-11-24,22.4,16.2,14.3,0.388,24.52,82
-36.845,143.7352,2013-11-25,16.8,0.0,17.3,0.215,30.48,60
-29.1193,153.0442,2013-11-26,20.2,0.1,18.6,0.356,24.45,67
-33.9381,150.8816,2013-11-27,17.6,0.0,15.5,0.232,31.62,69
-28.3877,149.5663,2013-11-28,27.8,0.0,23.3,0.232,30.97,38
-35.2356,147.2187,2013-11-29,18.9,0.0,24.0,0.146,31.3,44
-29.6739,146.9996,2013-11-30,23.1,0.0,18.9,0.22,32.47,38
-29.1151,148.8507,2013-12-01,22.6,0.0,19.1,0.359,31.51,48
-36.9009,145.0538,2013-12-02,26.3,0.0,19.1,0.165,30.18,31
-28.3282,149.6834,2013-12-03,24.5,0.0,17.9,0.172,32.21,44
-28.7248,142.4721,2013-12-04,30.1,1.2,35.9,0.2,22.23,35
-29.2724,149.5576,2013-12-05,23.3,2.9,33.1,0.285,25.0,45
-29.7608,145.0905,2013-12-06,19.6,0.0,19.3,0.115,32.82,28
-28.3833,151.8163,2013-12-07,17.5,0.0,12.9,0.268,32.78,55
-34.4653,150.0513,2013-12-08,19.8,0.0,14.8,0.241,32.99,56
-28.1623,148.3943,2013-12-09,30.6,0.0,26.5,0.166,29.01,29
-34.4618,150.8772,2013-12-10,23.1,2.4,20.1,0.234,32.85,61
-36.5587,145.624,2013-12-11,15.9,0.0,21.7,0.281,17.22,58
-32.6005,150.4494,2013-12-12,22.6,0.0,14.0,0.176,30.48,44
-34.4673,150.8874,2013-12-13,20.9,0.0,19.3,0.221,30.87,81
-32.0124,151.7693,2013-12-14,19.7,1.4,14.4,0.277,26.83,77
-32.7223,148.6464,2013-12-15,24.3,0.0,17.1,0.112,31.96,45
-30.9605,149.4205,2013-12-16,23.8,5.0,21.6,0.159,24.47,57
-34.4633,150.8886,2013-12-17,20.8,0.0,23.3,0.326,30.97,73
-34.4637,150.8812,2013-12-18,20.8,0.0,19.9,0.292,31.13,72
-28.6845,148.8174,2013-12-19,27.6,0.0,21.7,0.088,32.75,32
-29.4518,148.9244,2013-12-20,28.8,0.0,18.8,0.169,32.33,32
-33.0704,150.4787,2013-12-21,23.5,0.8,15.3,0.224,27.82,59
-33.153,150.4743,2013-12-22,26.3,0.0,16.6,0.242,25.94,53
-29.5723,151.498,2013-12-23,22.8,0.0,14.3,0.196,31.0,51
-28.7837,152.7087,2013-12-24,23.3,0.3,16.6,0.245,30.05,67
-30.1,149.3789,2013-12-26,27.6,0.4,16.9,0.23,24.92,50
-36.4562,143.423,2013-12-27,20.8,0.0,17.3,0.146,33.72,45
-34.8321,141.4028,2013-12-28,27.0,0.0,33.9,0.116,30.58,23
-34.7925,141.4426,2013-12-29,20.4,0.0,22.8,0.116,34.28,33
-28.7134,148.8044,2013-12-30,32.6,0.0,19.5,0.088,33.2,20
-33.0538,150.5245,2013-12-31,20.5,0.0,16.9,0.231,32.64,63
-28.6891,148.8144,2014-01-01,31.9,0.0,23.8,0.087,29.98,30
-33.0945,150.5956,2014-01-03,23.3,1.0,13.8,0.22,25.38,73
-29.3936,152.2785,2014-01-04,28.0,0.1,17.2,0.366,32.21,50
-33.0428,150.4406,2014-01-05,22.0,0.1,15.8,0.203,30.84,43
-28.5571,151.8752,2014-01-06,25.8,0.0,16.8,0.272,31.9,54
-31.1973,150.4528,2014-01-07,24.2,0.0,30.2,0.221,31.5,43
-33.5583,149.3833,2014-01-08,15.7,0.0,24.4,0.155,20.78,65
-30.1818,149.9518,2014-01-09,24.2,0.0,15.5,0.183,18.43,48
-34.464,150.8857,2014-01-10,20.9,1.2,23.2,0.242,25.89,75
-29.4054,148.9245,2014-01-11,27.5,0.0,16.8,0.194,24.51,47
-33.1829,150.5424,2014-01-12,22.4,0.2,15.5,0.267,27.69,70
-29.2667,146.4718,2014-01-13,29.9,0.0,19.2,0.195,30.97,40
-36.3105,142.1604,2014-01-14,34.2,0.0,19.5,0.26,28.8,22
-28.7118,149.9654,2014-01-15,28.4,0.0,26.9,0.063,31.76,41
-29.2102,146.3977,2014-01-16,29.8,0.0,19.4,0.124,31.54,33
-28.7571,147.1745,2014-01-17,30.4,0.0,17.1,0.122,27.99,32
-29.1794,146.409,2014-01-18,31.6,0.0,12.4,0.112,30.27,29
-35.3372,141.9072,2014-01-19,24.3,0.0,23.6,0.118,32.16,40
-29.892,149.058,2014-01-20,33.9,0.0,15.8,0.199,29.02,24
-35.5544,142.0426,2014-01-21,22.2,0.0,21.6,0.067,31.47,45
-28.3443,151.7918,2014-01-22,27.1,1.4,28.0,0.127,26.92,49
-37.482,148.9168,2014-01-23,21.2,0.0,17.4,0.335,31.96,61
-30.0854,148.1396,2014-01-25,26.1,2.1,21.1,0.092,30.88,50
-36.203,149.5727,2014-01-26,14.3,0.0,13.1,0.316,31.36,70
-31.8199,145.8394,2014-01-27,27.6,0.0,22.3,0.125,30.84,35
-37.4992,148.8926,2014-01-28,24.8,0.0,11.8,0.39,31.27,55
-30.3064,148.8891,2014-01-29,27.8,0.0,20.9,0.122,31.2,36
-37.489,148.8826,2014-01-30,22.7,0.0,14.5,0.361,28.88,70
-29.3338,149.1337,2014-01-31,26.9,0.0,21.9,0.202,28.08,40
-30.3101,148.8924,2014-02-01,29.4,0.0,17.3,0.117,30.7,32
-32.6254,150.8317,2014-02-02,24.3,0.0,17.1,0.173,30.35,59
-30.2974,148.8861,2014-02-03,29.0,0.0,22.0,0.117,30.3,35
-36.7163,148.1323,2014-02-04,14.6,0.0,14.7,0.25,21.79,63
-37.1575,148.5324,2014-02-05,14.7,0.0,13.0,0.273,30.01,59
-37.2684,148.4189,2014-02-06,20.1,0.0,13.2,0.243,29.83,61
-29.831,149.9387,2014-02-07,25.9,0.0,18.8,0.254,28.46,44
-37.1139,148.4436,2014-02-08,27.5,0.0,14.3,0.256,26.85,49
-29.0466,152.2012,2014-02-09,21.1,0.0,12.2,0.358,29.86,70
-31.0487,146.7262,2014-02-10,33.7,0.0,8.7,0.1,25.37,28
-37.3606,148.4164,2014-02-11,19.5,0.0,14.4,0.223,29.48,68
-32.2946,145.9731,2014-02-12,33.5,0.0,15.8,0.119,27.33,14
-30.8646,149.2518,2014-02-13,30.1,0.0,17.6,0.134,24.82,39
-29.1825,151.9271,2014-02-16,25.0,0.4,17.8,0.274,21.71,59
-37.4637,148.5199,2014-02-17,18.3,0.0,15.3,0.265,27.04,73
-30.2051,149.1284,2014-02-18,28.2,0.6,18.9,0.259,18.64,57
-31.5463,152.7801,2014-02-19,24.9,5.8,20.3,0.34,20.71,87
-37.4675,148.482,2014-02-20,16.2,1.2,21.0,0.252,25.16,55
-29.3316,149.1338,2014-02-21,22.7,0.0,15.2,0.383,21.9,41
-37.4939,148.6326,2014-02-22,14.0,0.0,15.0,0.232,22.91,68
-30.3002,148.8993,2014-02-23,24.5,0.0,16.9,0.188,23.29,50
-37.4612,148.6296,2014-02-24,18.5,0.0,11.2,0.215,26.27,75
-29.3258,149.1451,2014-02-25,25.1,0.0,19.4,0.278,24.33,53
-30.308,149.1515,2014-02-26,25.5,0.0,21.3,0.065,18.45,51
-37.428,148.6856,2014-02-27,14.5,0.0,11.2,0.256,19.47,69
-28.3176,150.4847,2014-03-02,26.7,0.0,23.7,0.158,24.97,46
-37.4464,148.0452,2014-03-03,19.3,0.0,10.0,0.263,23.03,76
-28.1972,150.6927,2014-03-04,24.7,0.0,17.0,0.13,22.46,46
-29.1037,149.6373,2014-03-05,26.1,0.0,20.1,0.153,22.07,43
-29.2065,152.5838,2014-03-06,22.7,0.0,13.1,0.274,22.28,66
-28.5031,149.5663,2014-03-07,27.2,0.0,17.5,0.189,25.7,43
-37.1094,148.2189,2014-03-08,16.8,0.2,9.2,0.377,20.05,74
-28.4448,147.8857,2014-03-09,26.5,0.0,20.8,0.154,23.37,38
-35.139,146.7083,2014-03-10,24.8,0.0,17.5,0.181,20.79,46
-28.2625,148.5049,2014-03-11,26.0,0.0,19.3,0.023,21.9,42
-35.9423,142.4041,2014-03-12,19.2,0.7,19.7,0.207,22.35,56
-28.2702,148.5067,2014-03-13,27.2,0.0,14.5,0.023,24.72,36
-33.6146,148.6276,2014-03-14,22.0,0.6,17.2,0.232,19.85,64
-36.6431,142.3732,2014-03-15,19.4,1.5,29.9,0.335,12.66,52
-28.4514,147.8941,2014-03-16,27.9,0.9,33.5,0.164,19.81,40
-35.1744,149.8117,2014-03-17,14.9,0.0,24.1,0.303,23.31,59
-28.3403,150.1701,2014-03-18,27.0,0.0,17.7,0.053,16.14,52
-28.2522,147.2544,2014-03-19,27.3,0.0,27.6,0.074,24.14,37
-30.2212,148.9526,2014-03-20,25.2,0.5,20.4,0.158,22.02,55
-35.8273,146.9172,2014-03-21,21.2,3.1,21.3,0.189,16.04,59
-28.7661,149.9712,2014-03-22,24.5,0.0,16.2,0.122,19.82,58
-31.6058,146.0143,2014-03-23,22.6,1.7,19.8,0.152,19.48,49
-37.2842,145.95,2014-03-24,13.1,0.0,11.8,0.329,18.76,69
-32.2145,146.1747,2014-03-25,19.2,0.4,16.6,0.29,21.7,66
-36.7326,142.5003,2014-03-26,21.6,0.4,18.8,0.322,19.11,60
-37.1413,149.146,2014-03-27,17.1,6.3,22.8,0.405,11.94,89
-36.6933,144.6871,2014-03-28,18.8,0.9,13.2,0.355,15.55,80
-35.35,145.2745,2014-03-29,21.2,0.0,7.7,0.266,18.25,62
-35.0611,147.8544,2014-03-30,19.0,0.0,11.5,0.293,19.41,77
-37.1173,149.1206,2014-03-31,14.7,0.0,8.4,0.37,18.0,82
-32.2069,147.2583,2014-04-01,21.5,0.0,9.4,0.256,19.15,65
-35.4486,146.5905,2014-04-02,23.0,0.0,12.6,0.213,18.14,57
-29.7895,150.1687,2014-04-03,22.1,0.0,8.7,0.307,18.89,76
-36.0505,141.5241,2014-04-04,16.2,0.0,19.1,0.153,18.56,57
-28.2335,149.9978,2014-04-05,24.1,0.0,15.5,0.252,20.74,70
-36.1917,142.3056,2014-04-06,18.2,0.0,11.0,0.272,18.79,60
-30.1823,149.2239,2014-04-07,20.9,0.0,19.5,0.381,19.83,61
-30.1882,149.2422,2014-04-08,20.0,0.0,14.9,0.355,19.56,62
-31.6276,149.8105,2014-04-09,17.4,0.0,9.4,0.41,16.03,74
-29.0163,150.4276,2014-04-10,21.0,0.0,13.6,0.234,15.2,64
-31.2413,145.8694,2014-04-11,19.8,0.2,21.9,0.319,14.1,81
-28.9607,153.2058,2014-04-12,23.2,0.1,14.2,0.388,18.3,70
-28.4198,149.2615,2014-04-13,21.4,0.0,11.2,0.235,18.63,63
-28.455,150.6419,2014-04-14,20.5,0.0,10.8,0.111,7.07,71
-28.9378,145.5733,2014-04-15,22.0,0.0,13.4,0.178,16.64,49
-35.8786,146.5605,2014-04-16,15.5,0.0,9.1,0.322,15.52,70
-28.445,147.9199,2014-04-17,20.0,0.0,13.4,0.209,17.32,52
-36.4755,145.0966,2014-04-18,14.4,0.2,21.4,0.243,10.99,71
-28.439,147.9204,2014-04-19,20.1,0.0,13.1,0.187,19.75,46
-32.8333,146.5129,2014-04-20,12.6,0.0,9.9,0.218,18.15,64
-28.4401,147.9173,2014-04-21,19.4,0.0,10.0,0.171,19.51,43
-34.2037,147.3853,2014-04-22,14.9,0.0,11.3,0.233,15.08,64
-28.9611,152.2338,2014-04-23,16.8,0.0,7.3,0.369,16.33,69
-28.6119,148.9552,2014-04-24,23.0,0.0,12.9,0.121,16.91,46
-35.6627,146.6,2014-04-25,13.8,0.0,14.8,0.261,15.27,74
-30.5109,147.5464,2014-04-26,23.6,0.3,19.2,0.204,11.52,41
-37.4926,144.9666,2014-04-27,10.1,0.0,15.6,0.405,14.83,67
-28.1965,149.4737,2014-04-28,21.1,0.0,15.8,0.099,14.78,65
-32.6777,147.1845,2014-04-29,19.4,0.9,24.5,0.196,13.34,66
-34.4658,150.8877,2014-04-30,18.3,3.4,22.2,0.351,10.34,71
-28.8871,149.5998,2014-05-01,17.5,0.0,10.5,0.226,12.16,67
-36.1495,150.0033,2014-05-02,12.4,0.0,11.0,0.31,13.13,74
-28.3331,150.1031,2014-05-03,13.2,0.0,29.5,0.21,15.44,51
-34.4663,150.8887,2014-05-04,13.0,4.2,35.0,0.366,13.78,66
-28.194,149.4661,2014-05-05,11.4,0.0,13.6,0.08,15.37,59
-36.3651,145.3141,2014-05-06,11.3,0.0,16.6,0.33,11.27,75
-28.317,148.4549,2014-05-07,14.9,0.0,9.4,0.028,16.77,59
-31.6443,146.6572,2014-05-08,14.1,0.0,13.3,0.163,15.09,67
-28.4126,152.2834,2014-05-09,13.2,0.1,17.4,0.269,10.84,81
-28.1733,149.3705,2014-05-10,18.3,0.0,17.1,0.163,12.42,57
-36.2976,148.7285,2014-05-11,8.7,0.0,8.0,0.377,11.83,80
-31.5566,147.7273,2014-05-12,15.3,0.0,15.2,0.293,14.82,69
-35.3775,149.9337,2014-05-13,9.5,0.0,8.2,0.33,12.3,83
-28.3312,152.0794,2014-05-14,14.2,0.0,23.6,0.181,12.54,80
-35.6603,142.2759,2014-05-15,16.9,0.0,22.6,0.253,11.0,59
-28.2552,149.0157,2014-05-16,18.3,0.0,16.2,0.093,15.71,56
-28.8034,150.0127,2014-05-17,18.4,0.0,17.4,0.088,14.94,56
-35.8765,146.1679,2014-05-18,15.4,0.0,11.1,0.288,6.64,69
-29.7098,149.9324,2014-05-19,17.4,0.0,9.9,0.242,10.52,60
-35.3316,147.0317,2014-05-20,15.0,3.0,11.9,0.272,7.98,75
-28.8586,149.6115,2014-05-21,18.3,0.0,11.9,0.201,14.87,59
-36.9302,149.3887,2014-05-22,11.1,0.0,16.9,0.306,11.33,77
-28.1609,149.9863,2014-05-23,18.8,1.9,16.9,0.119,9.99,78
-30.7473,148.5922,2014-05-24,17.2,0.0,11.3,0.143,12.37,74
-29.1662,150.3844,2014-05-25,17.1,0.0,8.4,0.283,14.35,68
-28.5708,149.4637,2014-05-26,19.0,0.0,10.2,0.285,14.0,60
-31.3869,148.8333,2014-05-27,18.8,1.9,30.2,0.102,10.44,53
-28.5505,149.4717,2014-05-28,20.3,0.0,19.9,0.271,11.75,59
-33.5994,150.8898,2014-05-29,14.6,0.0,11.8,0.23,10.19,76
-28.5755,149.472,2014-05-30,18.7,0.0,16.1,0.261,9.85,65
-31.2664,149.8936,2014-05-31,15.6,1.0,12.6,0.259,9.58,79
-29.2031,149.9114,2014-06-01,17.7,5.0,23.2,0.103,8.02,77
-28.7278,153.522,2014-06-02,18.3,0.4,12.5,0.315,11.78,82
-37.4607,141.056,2014-06-03,12.7,0.0,12.6,0.276,5.02,85
-32.4061,151.3862,2014-06-04,12.8,0.0,14.5,0.293,11.95,72
-31.8239,152.267,2014-06-05,13.0,1.9,10.4,0.296,9.24,86
-29.2204,150.8565,2014-06-06,11.9,0.0,12.1,0.206,13.41,75
-35.1616,149.7361,2014-06-07,7.6,0.0,10.0,0.367,10.6,77
-28.2021,151.9203,2014-06-08,13.6,0.0,16.6,0.158,12.66,65
-32.3926,148.3935,2014-06-09,9.0,0.0,12.1,0.296,12.19,67
-28.4563,149.9047,2014-06-10,14.2,0.0,15.1,0.239,13.76,63
-29.0186,149.3396,2014-06-11,13.8,0.0,12.4,0.226,13.56,62
-35.6027,148.1853,2014-06-12,5.3,0.0,9.1,0.358,8.22,85
-34.3862,142.2752,2014-06-13,11.5,0.0,15.8,0.248,8.11,80
-37.444,141.5522,2014-06-16,10.3,3.5,19.6,0.34,6.45,89
-29.0338,150.3259,2014-06-17,10.5,0.0,18.9,0.228,13.48,74
-28.8971,148.6529,2014-06-18,12.0,0.0,12.3,0.177,13.46,71
-31.2937,150.4053,2014-06-19,10.6,0.0,7.6,0.363,11.81,82
-31.6149,146.0211,2014-06-20,12.8,0.0,14.0,0.234,8.71,70
-34.7592,149.9975,2014-06-21,8.9,0.0,13.0,0.352,10.45,76
-34.3682,142.2784,2014-06-22,11.7,0.0,26.6,0.242,9.44,79
-29.4927,153.2213,2014-06-23,15.4,0.0,15.1,0.295,12.37,70
-28.474,152.0653,2014-06-24,9.2,0.0,27.1,0.268,13.86,57
-29.1877,148.9109,2014-06-25,11.6,0.0,16.6,0.252,12.88,64
-28.2709,151.9619,2014-06-26,10.5,0.0,13.8,0.207,14.26,59
-31.614,148.522,2014-06-27,10.0,0.0,20.0,0.245,12.09,66
-32.759,149.8774,2014-06-28,7.4,4.6,27.2,0.341,9.93,69
-30.3312,152.95,2014-06-29,11.0,0.0,21.3,0.276,13.36,56
-31.7727,145.4029,2014-06-30,8.4,0.0,19.1,0.176,10.03,74
-28.3091,151.3162,2014-07-01,8.1,0.0,15.1,0.204,14.07,67
-31.8889,145.8454,2014-07-02,9.5,0.0,12.6,0.219,10.38,75
-28.5001,149.4974,2014-07-03,10.5,0.0,9.8,0.25,13.97,63
-32.229,150.8842,2014-07-04,10.5,0.0,20.0,0.246,12.31,61
-34.4611,150.8764,2014-07-05,11.7,0.0,28.8,0.281,11.24,66
-28.2369,148.8048,2014-07-06,9.4,0.0,19.9,0.07,13.93,56
-34.4602,150.8769,2014-07-07,12.2,0.0,27.5,0.273,10.95,66
-28.2736,151.9722,2014-07-08,8.7,0.0,9.7,0.194,14.71,58
-34.6063,146.2323,2014-07-09,9.9,0.4,24.4,0.261,9.06,55
-28.6732,152.3527,2014-07-10,9.3,0.0,20.0,0.23,14.27,46
-29.073,148.8972,2014-07-11,9.0,0.0,9.4,0.213,14.07,59
-29.811,152.1972,2014-07-12,5.3,0.0,10.5,0.322,14.29,66
-28.3217,151.9373,2014-07-13,9.0,0.0,13.6,0.159,14.55,53
-30.892,151.6492,2014-07-14,5.1,0.0,13.7,0.295,9.8,84
-28.2167,148.8525,2014-07-15,15.6,0.0,17.8,0.085,10.81,53
-31.5256,152.2297,2014-07-16,9.6,2.1,17.8,0.274,8.99,84
-30.6268,152.8727,2014-07-17,12.0,0.0,14.1,0.225,13.76,68
-29.0703,148.8895,2014-07-18,10.2,0.0,27.1,0.254,14.49,53
-30.0321,152.9437,2014-07-19,10.4,0.0,17.1,0.339,13.93,48
-30.026,152.9365,2014-07-20,12.5,0.0,24.3,0.235,11.71,67
-33.4593,147.0527,2014-07-21,8.1,0.0,8.2,0.287,9.44,80
-28.2526,146.0311,2014-07-22,12.2,0.0,12.4,0.065,14.74,54
-36.1765,147.5653,2014-07-23,3.2,0.0,4.7,0.375,10.77,85
-28.331,149.9962,2014-07-24,16.0,0.0,18.9,0.133,13.53,56
-34.4646,150.8831,2014-07-25,14.7,0.1,19.3,0.284,9.3,76
-32.0695,146.7167,2014-07-26,12.1,0.0,16.2,0.217,13.42,67
-31.3752,149.6848,2014-07-27,9.7,0.0,11.5,0.369,14.36,75
-28.595,148.2607,2014-07-28,12.7,0.0,9.5,0.08,15.63,57
-28.6761,149.9509,2014-07-29,11.7,0.0,7.8,0.11,15.77,62
-34.4664,150.8867,2014-07-30,16.3,0.0,17.5,0.25,13.05,61
-28.9015,149.6147,2014-07-31,14.6,0.0,14.5,0.254,15.9,50
-35.6747,150.0114,2014-08-01,11.1,0.0,23.7,0.243,12.52,46
-28.8805,152.4827,2014-08-02,10.8,0.0,8.8,0.225,16.88,41
-29.3764,148.3844,2014-08-03,10.9,0.0,13.0,0.141,16.07,47
-29.8793,148.0066,2014-08-04,14.3,0.0,20.3,0.04,10.08,58
-33.5169,142.838,2014-08-05,7.9,0.0,10.3,0.092,14.38,58
-35.0598,150.4425,2014-08-06,7.9,0.0,20.8,0.234,14.52,66
-30.7686,146.9083,2014-08-07,10.7,0.0,11.6,0.139,15.91,62
-35.7775,150.1945,2014-08-08,11.6,0.1,11.6,0.16,9.58,81
-28.7213,148.7909,2014-08-09,13.9,0.0,10.6,0.092,16.93,47
-34.3129,145.7832,2014-08-10,10.8,0.1,21.7,0.197,13.5,58
-28.8291,151.8364,2014-08-11,12.2,0.0,13.5,0.192,16.69,43
-32.4593,146.5497,2014-08-12,8.1,0.0,16.8,0.16,12.99,58
-29.5214,152.7711,2014-08-13,12.1,0.1,12.9,0.207,13.36,72
-30.8591,146.5383,2014-08-14,12.9,0.0,14.6,0.152,9.41,56
-36.803,149.7695,2014-08-15,10.2,0.0,11.3,0.255,13.44,82
-29.872,152.0338,2014-08-17,8.8,12.2,21.1,0.437,17.62,74
-34.6446,142.8486,2014-08-18,11.0,0.0,26.6,0.326,9.1,68
-34.1431,142.1874,2014-08-19,11.8,0.0,15.9,0.237,7.42,68
-29.2994,153.2174,2014-08-20,14.9,0.0,26.7,0.297,14.05,67
-28.2502,147.2794,2014-08-21,13.5,0.4,14.8,0.205,14.65,68
-35.9907,145.9503,2014-08-22,9.7,0.0,10.8,0.26,15.17,79
-28.9867,147.2676,2014-08-23,15.1,0.0,12.3,0.302,17.7,68
-34.466,150.8843,2014-08-24,13.9,0.2,11.3,0.392,14.22,87
-28.2868,149.7404,2014-08-25,14.7,0.0,14.5,0.201,18.8,65
-35.4969,145.3719,2014-08-26,11.8,0.0,14.1,0.203,15.2,77
-28.5061,150.704,2014-08-27,12.1,2.6,20.9,0.182,16.31,82
-32.8873,145.6622,2014-08-28,12.6,0.0,14.8,0.187,17.88,63
-28.5564,149.3421,2014-08-29,13.9,0.0,17.3,0.313,20.22,59
-28.3315,149.9632,2014-08-30,14.3,0.0,16.7,0.181,20.37,57
-36.9516,147.9218,2014-08-31,6.7,0.0,9.8,0.36,17.71,76
-28.454,150.4814,2014-09-01,16.0,0.0,11.0,0.095,20.3,61
-31.9634,147.6074,2014-09-02,12.3,1.2,27.1,0.185,16.51,61
-28.4189,148.6352,2014-09-03,13.0,0.0,27.3,0.095,21.36,39
-34.9339,145.9738,2014-09-04,9.8,0.0,10.3,0.209,17.63,63
-29.9473,151.9578,2014-09-05,6.2,0.9,11.1,0.413,18.72,70
-29.8884,148.0116,2014-09-06,14.9,0.0,20.0,0.046,20.38,52
-35.2036,144.0734,2014-09-07,14.0,0.0,18.7,0.304,18.68,57
-28.4196,148.6362,2014-09-08,18.2,0.0,23.9,0.091,15.69,53
-29.5898,149.5169,2014-09-09,18.7,0.0,23.6,0.233,21.09,55
-28.5238,149.9678,2014-09-10,20.0,0.0,25.2,0.177,21.94,42
-34.4672,150.8887,2014-09-11,16.4,0.0,24.8,0.358,20.53,59
-28.7863,151.8997,2014-09-12,13.2,0.0,14.7,0.288,21.0,61
-34.7055,142.9043,2014-09-13,12.8,0.0,9.7,0.162,20.55,57
-28.411,152.2833,2014-09-14,14.2,0.0,10.2,0.31,17.45,74
-29.3921,148.2646,2014-09-15,21.2,0.0,10.9,0.185,22.83,26
-32.41,151.3974,2014-09-16,15.9,0.5,16.3,0.295,18.86,63
-28.6325,150.8038,2014-09-17,16.9,0.0,18.2,0.047,23.48,39
-35.4533,150.3634,2014-09-18,12.0,0.3,17.8,0.279,19.8,67
-28.2758,152.2311,2014-09-19,13.8,0.0,13.7,0.18,23.77,42
-29.139,148.6703,2014-09-20,16.4,0.0,12.8,0.161,23.89,34
-28.8069,152.5222,2014-09-21,13.9,1.0,15.1,0.308,17.85,73
-31.6313,148.1258,2014-09-22,16.9,0.0,15.2,0.269,21.07,49
-37.3088,147.8901,2014-09-23,13.7,0.0,11.3,0.337,21.9,74
-28.3707,149.2282,2014-09-24,19.5,0.1,22.1,0.221,23.01,55
-28.2366,150.2011,2014-09-25,19.5,7.6,27.6,0.129,13.1,64
-28.235,150.1956,2014-09-26,17.7,0.0,18.3,0.142,15.34,61
-34.4632,150.879,2014-09-27,14.9,0.0,14.5,0.308,20.6,69
-28.8735,153.4769,2014-09-28,17.2,1.1,13.3,0.334,20.62,73
-29.3859,146.2736,2014-09-29,23.1,0.0,15.1,0.136,24.94,30
-28.3688,152.5768,2014-09-30,19.5,0.0,11.3,0.255,23.92,64
-28.2296,150.1952,2014-10-01,23.4,0.0,24.0,0.08,25.49,32
-33.4684,148.2324,2014-10-02,12.3,0.0,13.5,0.18,24.79,58
-28.235,150.1919,2014-10-03,21.9,0.0,14.0,0.075,25.65,44
-37.444,143.2592,2014-10-04,16.0,0.0,24.2,0.274,23.9,56
-29.5236,153.1702,2014-10-05,21.3,0.0,19.9,0.233,22.86,65
-30.8447,147.7701,2014-10-06,25.2,0.0,22.3,0.205,25.57,34
-29.1246,151.9838,2014-10-07,17.2,0.0,15.4,0.263,22.22,57
-30.9148,147.7506,2014-10-08,19.2,0.0,21.3,0.2,26.22,35
-35.6714,144.6689,2014-10-09,16.6,0.0,11.5,0.198,25.64,51
-30.427,151.3703,2014-10-10,15.6,0.0,10.4,0.077,25.51,58
-36.0389,143.256,2014-10-11,19.1,0.0,14.8,0.166,25.62,43
-29.0644,149.2228,2014-10-12,25.4,0.4,19.3,0.201,24.43,45
-34.1184,143.3462,2014-10-13,14.9,0.0,37.2,0.052,25.45,42
-28.7723,152.2496,2014-10-14,14.8,0.7,23.8,0.347,26.08,57
-30.3813,148.0573,2014-10-15,16.3,0.0,16.8,0.249,24.35,47
-30.3263,151.8908,2014-10-16,10.6,0.0,12.6,0.28,28.19,55
-30.1311,149.9848,2014-10-17,16.6,0.0,14.3,0.24,28.26,39
-36.4248,144.7994,2014-10-18,16.0,0.0,12.8,0.155,26.27,53
-30.9539,152.8346,2014-10-19,17.4,0.0,13.7,0.237,27.09,69
-36.8189,144.2114,2014-10-20,14.8,0.0,24.3,0.17,27.51,52
-29.454,149.887,2014-10-21,23.2,0.0,19.0,0.146,27.64,50
-36.7064,144.2513,2014-10-22,21.1,0.0,14.9,0.181,25.41,55
-30.4937,151.8836,2014-10-23,15.8,4.3,18.3,0.211,24.26,68
-37.4432,144.0618,2014-10-24,18.7,0.0,16.5,0.255,24.2,67
-37.458,144.3239,2014-10-25,13.8,0.0,13.5,0.267,23.9,79
-31.6672,151.6953,2014-10-26,22.2,0.0,19.2,0.284,26.48,45
-31.9149,151.7298,2014-10-27,23.3,0.0,18.7,0.272,22.62,55
-28.5502,152.2943,2014-10-28,25.7,0.0,13.7,0.212,26.61,39
-36.5975,145.0126,2014-10-29,15.8,0.0,11.3,0.118,28.71,58
-32.8426,150.8856,2014-10-31,24.0,0.0,14.8,0.229,29.49,37
-31.0663,152.6685,2014-11-01,25.1,1.3,19.4,0.18,24.05,54
-32.6985,151.9344,2014-11-02,18.2,0.0,24.9,0.143,30.5,43
-36.8102,146.9649,2014-11-03,13.1,0.0,8.5,0.322,29.14,62
-29.3892,148.1413,2014-11-04,25.2,0.0,22.9,0.127,25.79,40
-28.6736,142.5612,2014-11-05,26.1,0.0,21.7,0.052,30.1,18
-29.265,150.5196,2014-11-06,23.1,0.0,17.6,0.305,28.85,51
-28.8049,142.5035,2014-11-07,27.4,0.0,19.0,0.102,31.19,15
-28.4484,149.8157,2014-11-08,27.2,0.0,21.3,0.113,28.42,44
-32.5157,152.1365,2014-11-09,21.8,0.0,17.6,0.238,29.85,72
-36.3148,146.5206,2014-11-10,18.3,0.0,22.3,0.139,31.11,51
-36.9195,144.9618,2014-11-12,18.2,0.0,18.0,0.141,31.06,48
-29.0488,149.202,2014-11-13,29.0,0.0,23.9,0.198,30.14,40
-37.3788,149.0092,2014-11-14,19.4,0.0,25.5,0.348,23.07,60
-28.455,152.136,2014-11-15,27.3,0.0,17.9,0.17,28.85,46
-32.7155,151.5119,2014-11-16,22.9,0.1,35.5,0.193,21.3,56
-30.113,152.1478,2014-11-17,19.0,0.0,10.1,0.24,31.39,54
-30.1072,152.104,2014-11-18,19.3,0.0,13.7,0.231,29.62,63
-36.4026,147.2319,2014-11-19,18.9,0.0,10.0,0.257,32.09,57
-28.1913,150.6684,2014-11-20,28.2,0.0,24.3,0.118,24.32,52
-30.2057,152.1698,2014-11-21,22.7,0.9,17.6,0.282,24.87,61
-30.1781,152.1343,2014-11-22,24.0,0.0,12.3,0.223,26.92,59
-32.6966,147.6143,2014-11-23,33.0,0.2,25.2,0.129,27.09,22
-28.4006,150.8738,2014-11-24,30.2,0.0,17.9,0.088,25.87,38
-34.3539,142.0258,2014-11-25,18.0,0.0,18.8,0.083,32.29,46
-31.3469,147.6764,2014-11-26,24.5,0.0,14.8,0.227,32.59,23
-29.3685,149.5728,2014-11-27,28.0,0.0,28.1,0.219,32.12,42
-34.4625,150.8777,2014-11-28,18.4,0.0,21.8,0.283,24.03,68
-29.3107,151.8812,2014-11-29,16.0,4.6,10.9,0.276,21.82,78
-32.5587,152.29,2014-11-30,22.8,0.0,22.9,0.117,29.9,69
-29.0277,152.3994,2014-12-01,21.2,4.1,8.7,0.302,23.87,73
-30.4962,148.8252,2014-12-02,28.2,0.0,15.4,0.098,29.08,43
-29.6052,149.5152,2014-12-03,30.4,0.0,22.0,0.206,27.85,34
-35.7664,145.0487,2014-12-04,26.0,0.0,12.9,0.277,31.05,55
-29.4973,151.8736,2014-12-05,18.7,7.0,16.1,0.382,19.05,85
-37.1862,144.097,2014-12-06,16.6,5.3,29.4,0.213,15.44,78
-34.4623,150.8877,2014-12-07,21.7,1.0,19.0,0.382,26.32,85
-29.2208,149.0695,2014-12-08,28.5,0.0,19.6,0.295,25.23,42
-28.2348,150.1985,2014-12-09,27.6,3.1,18.1,0.142,25.26,66
-28.2308,150.1848,2014-12-10,27.9,0.0,24.1,0.133,22.3,65
-36.2898,145.5717,2014-12-11,21.5,0.0,27.2,0.192,32.25,53
-34.6233,146.3739,2014-12-12,22.1,0.0,19.7,0.188,32.32,43
-32.2133,148.6999,2014-12-13,19.1,0.0,23.8,0.287,33.43,53
-28.5696,149.91,2014-12-14,24.1,0.0,12.3,0.28,29.02,42
-29.8867,148.0231,2014-12-15,30.0,0.0,14.5,0.037,32.66,23
-35.1304,146.2503,2014-12-16,30.2,0.0,36.7,0.152,33.26,21
-28.569,149.9176,2014-12-17,32.9,0.9,16.2,0.24,30.65,30
-33.03,142.891,2014-12-18,24.4,0.0,26.5,0.109,33.23,26
-28.3352,149.984,2014-12-19,27.4,0.0,21.4,0.144,31.35,36
-28.6662,148.0804,2014-12-20,27.2,0.0,11.5,0.115,33.17,22
-34.4607,150.8834,2014-12-21,20.5,0.0,23.2,0.274,31.68,74
-28.2395,150.1724,2014-12-22,27.3,0.3,20.7,0.09,30.2,49
-28.2494,150.6808,2014-12-24,28.0,0.0,16.8,0.134,29.62,48
-36.9325,145.5159,2014-12-25,17.9,0.0,14.4,0.163,32.61,55
-32.9412,151.6478,2014-12-26,23.1,2.9,23.7,0.361,28.95,77
-35.5947,143.7288,2014-12-27,20.9,0.0,14.9,0.253,32.65,32
-35.6009,143.728,2014-12-28,24.0,0.0,10.5,0.253,33.65,30
-35.5952,143.7265,2014-12-29,22.4,0.3,39.5,0.254,29.35,32
-34.4642,150.88,2014-12-30,23.0,0.0,24.9,0.286,33.19,53
-37.0976,149.5741,2014-12-31,15.4,0.4,16.3,0.328,22.77,69
-30.6652,148.6477,2015-01-02,28.3,2.4,21.5,0.146,25.64,48
-33.8218,150.7899,2015-01-03,25.2,0.0,17.4,0.228,29.23,77
-32.8259,151.7227,2015-01-04,26.5,0.0,15.5,0.233,28.79,70
-36.6207,141.2423,2015-01-05,23.6,0.0,20.9,0.13,32.9,38
-37.0776,142.0862,2015-01-06,24.4,0.0,18.9,0.103,32.26,41
-30.2495,151.5252,2015-01-07,18.0,0.0,14.4,0.3,29.92,65
-34.4632,150.8784,2015-01-08,22.7,0.0,25.9,0.287,31.67,75
-28.6854,150.8215,2015-01-09,26.2,0.0,19.1,0.145,28.21,52
-34.4632,150.8796,2015-01-12,20.0,4.1,32.7,0.412,18.9,84
-34.4591,150.8859,2015-01-14,25.0,5.4,24.1,0.385,31.37,70
-34.4655,150.8858,2015-01-15,22.1,0.4,23.7,0.356,25.95,70
-29.9299,151.9986,2015-01-16,20.8,0.0,14.4,0.401,32.55,62
-33.2329,146.9422,2015-01-17,23.5,0.0,19.6,0.21,32.38,41
-28.2964,152.7596,2015-01-18,27.8,0.2,12.7,0.294,29.45,66
-28.5788,149.4589,2015-01-19,29.5,0.0,12.4,0.244,31.11,20
-29.1368,149.2116,2015-01-20,27.1,1.4,27.6,0.204,23.5,56
-31.637,146.659,2015-01-21,24.5,0.9,30.1,0.122,15.65,65
-33.3554,146.2738,2015-01-22,28.1,0.0,14.2,0.147,26.2,43
-32.2094,146.1824,2015-01-23,28.8,0.0,12.9,0.138,24.38,43
-34.4649,150.8853,2015-01-24,23.7,0.0,21.9,0.356,26.33,86
-28.402,149.6366,2015-01-25,28.6,0.0,9.4,0.35,28.47,60
-30.3392,147.5014,2015-01-26,27.7,0.0,25.3,0.168,26.39,32
-32.2083,146.1853,2015-01-27,23.4,0.3,15.6,0.139,30.0,39
-28.9707,147.2756,2015-01-28,23.8,1.4,18.7,0.413,22.6,73
-34.4623,150.8865,2015-01-29,17.2,0.8,31.6,0.397,25.38,67
-30.1208,149.9611,2015-01-30,21.5,0.0,18.6,0.307,26.52,49
-33.2036,148.7538,2015-01-31,18.8,0.0,18.5,0.216,28.32,48
-28.2785,151.9658,2015-02-01,22.5,0.0,11.8,0.29,30.55,53
-31.9142,147.8098,2015-02-02,24.4,0.2,21.5,0.105,26.48,47
-30.0101,149.0722,2015-02-03,24.6,0.0,20.5,0.237,25.02,49
-34.6797,148.1702,2015-02-04,20.8,0.4,27.1,0.175,28.11,50
-28.3156,149.9015,2015-02-05,25.6,0.0,24.4,0.124,29.29,44
-29.2978,149.145,2015-02-06,26.7,0.0,21.3,0.201,29.42,41
-32.6543,146.5248,2015-02-07,27.0,0.0,17.6,0.102,30.09,32
-28.5063,149.1499,2015-02-08,27.7,0.0,14.6,0.076,30.01,40
-33.3679,146.3937,2015-02-09,29.8,0.0,19.8,0.134,30.03,30
-28.4258,149.3092,2015-02-10,27.6,0.0,23.2,0.183,28.35,44
-32.8983,147.0942,2015-02-11,28.8,0.0,22.2,0.136,23.53,41
-28.3227,151.8027,2015-02-12,21.1,0.3,18.2,0.148,23.12,72
-28.4878,149.7415,2015-02-13,27.4,0.0,26.6,0.065,28.02,45
-29.3627,148.3366,2015-02-14,28.4,0.0,20.1,0.184,28.57,37
-29.3575,148.3315,2015-02-15,29.5,0.0,18.9,0.184,26.43,33
-34.4628,150.8835,2015-02-16,23.0,0.4,26.0,0.378,25.43,78
-28.5917,148.8699,2015-02-17,27.9,0.0,25.0,0.098,24.92,38
-33.6449,148.8892,2015-02-18,23.4,0.0,21.0,0.154,22.85,52
-28.543,149.7402,2015-02-19,27.9,0.0,24.1,0.065,22.86,48
-31.6205,148.061,2015-02-20,29.0,0.0,19.4,0.261,25.12,41
-33.807,147.9611,2015-02-21,26.5,0.0,18.4,0.139,23.78,51
-35.2308,144.3942,2015-02-22,30.0,0.0,18.3,0.257,25.83,38
-37.1265,148.7657,2015-02-23,20.5,7.6,17.6,0.339,22.59,78
-28.1638,151.1661,2015-02-24,24.4,0.1,17.7,0.306,22.41,67
-34.5721,147.5227,2015-02-25,22.6,0.5,25.0,0.181,19.54,58
-28.159,151.1637,2015-02-26,23.8,0.1,17.1,0.273,20.78,68
-33.2748,146.6454,2015-02-27,26.6,0.0,8.6,0.142,27.13,36
-28.5242,149.5633,2015-02-28,28.2,0.6,20.7,0.2,20.66,57
-28.9672,148.4832,2015-03-01,31.0,0.1,21.6,0.1,22.92,48
-35.6069,146.3934,2015-03-02,22.5,0.0,14.3,0.139,25.78,39
-28.7994,147.1427,2015-03-03,32.9,0.0,23.7,0.126,23.85,38
-28.6024,148.9315,2015-03-05,29.5,0.0,24.7,0.098,26.52,22
-30.9262,147.7972,2015-03-06,22.6,0.0,18.6,0.198,26.97,20
-28.6847,152.0448,2015-03-07,19.5,0.0,11.2,0.323,24.64,61
-36.5778,147.6678,2015-03-08,15.1,0.0,11.5,0.314,24.45,69
-31.393,147.9535,2015-03-09,27.3,0.0,14.1,0.201,25.85,27
-31.2612,145.557,2015-03-10,28.3,0.0,16.9,0.107,25.16,26
-32.8146,142.6958,2015-03-11,26.0,0.0,17.4,0.109,25.34,30
-29.2448,148.3594,2015-03-12,26.1,0.0,9.4,0.161,24.16,56
-37.2327,146.3761,2015-03-13,13.3,0.0,14.7,0.26,22.72,62
-31.3305,148.5084,2015-03-14,23.0,0.0,19.5,0.094,25.0,48
-37.2016,146.39,2015-03-15,14.0,0.0,16.1,0.227,23.68,61
-28.5119,149.1596,2015-03-16,25.4,0.0,22.2,0.221,25.29,40
-29.2483,148.3698,2015-03-17,27.3,0.0,27.2,0.105,21.87,43
-35.5811,146.243,2015-03-18,23.3,0.2,23.6,0.126,21.28,49
-28.4839,148.619,2015-03-19,30.0,0.0,13.2,0.078,24.89,32
-35.4602,145.6658,2015-03-20,20.4,0.0,26.3,0.125,23.29,43
-28.3979,149.6148,2015-03-21,28.5,8.9,23.6,0.214,17.01,49
-37.3837,149.1402,2015-03-22,16.4,0.0,16.4,0.354,20.01,69
-29.1559,149.0485,2015-03-23,24.6,0.0,17.6,0.407,16.62,68
-28.5633,148.9673,2015-03-24,27.2,0.0,20.8,0.25,18.26,57
-30.2625,147.8914,2015-03-25,22.1,0.0,22.0,0.137,24.27,31
-34.0704,142.1364,2015-03-26,15.5,0.0,24.0,0.153,20.55,47
-37.0749,149.3962,2015-03-27,9.2,0.0,31.1,0.264,16.04,59
-29.2545,148.3857,2015-03-28,20.5,0.0,11.4,0.231,23.97,35
-37.2801,149.2355,2015-03-29,13.8,0.0,10.5,0.377,20.58,79
-32.0361,147.7045,2015-03-30,23.6,0.0,15.3,0.099,19.17,28
-35.4588,146.2569,2015-03-31,21.1,0.0,11.2,0.122,20.74,40
-29.2515,148.3955,2015-04-01,23.9,0.0,16.3,0.202,19.09,58
-30.7882,146.9163,2015-04-02,26.0,0.0,14.8,0.115,18.31,45
-36.4477,145.6581,2015-04-03,15.9,0.0,16.9,0.141,20.14,48
-36.1982,141.6797,2015-04-04,14.9,0.0,11.9,0.176,19.46,57
-35.7812,145.718,2015-04-05,19.2,0.0,16.3,0.16,16.74,61
-32.1239,150.1185,2015-04-06,17.0,19.5,12.4,0.341,14.32,82
-33.8498,150.8866,2015-04-07,16.3,6.9,24.5,0.393,15.54,72
-30.9815,148.1145,2015-04-08,15.8,0.0,20.0,0.305,16.97,57
-30.8178,147.5871,2015-04-09,17.4,0.0,11.6,0.248,20.66,50
-28.4106,149.8568,2015-04-10,18.5,0.0,12.3,0.218,18.57,68
-29.5146,149.9605,2015-04-11,19.9,0.0,11.6,0.255,18.28,58
-36.9905,146.7132,2015-04-12,14.2,0.0,10.9,0.274,16.06,72
-32.0334,147.8694,2015-04-13,19.0,0.0,14.0,0.169,18.86,58
-34.9628,142.889,2015-04-14,21.6,0.5,15.5,0.194,16.62,45
-28.3971,149.3652,2015-04-15,22.4,0.0,15.3,0.24,18.58,58
-29.5802,148.1788,2015-04-16,24.6,0.0,12.8,0.151,19.28,50
-30.4585,151.726,2015-04-17,17.3,0.0,13.8,0.176,18.23,66
-28.9372,152.9173,2015-04-18,20.2,0.0,14.4,0.385,14.65,78
-31.9913,141.3866,2015-04-19,12.2,0.0,34.5,0.16,18.12,62
-34.6208,145.9162,2015-04-20,12.3,0.0,22.1,0.302,17.14,51
-37.1402,141.3868,2015-04-21,11.5,0.0,19.1,0.243,14.05,70
-29.7869,146.0806,2015-04-22,15.9,0.0,23.7,0.092,17.51,53
-36.4054,143.8202,2015-04-23,16.2,0.0,18.2,0.209,12.38,73
-29.384,150.8365,2015-04-24,16.3,0.0,14.0,0.366,14.08,67
-28.6761,150.5566,2015-04-25,18.8,0.0,18.7,0.119,18.58,52
-28.8182,149.0048,2015-04-26,14.8,0.0,23.2,0.138,18.22,53
-28.8225,149.0008,2015-04-27,14.1,0.0,17.0,0.13,18.48,58
-37.0083,145.5757,2015-04-28,9.1,0.0,11.7,0.337,11.12,78
-31.7736,148.105,2015-04-29,15.4,0.0,20.4,0.392,13.32,66
-37.3451,143.4723,2015-04-30,10.6,0.0,10.2,0.177,12.14,69
-35.4835,148.0276,2015-05-01,9.5,0.0,15.0,0.336,11.92,80
-36.5691,141.2586,2015-05-02,16.2,0.2,25.1,0.251,10.07,68
-31.5809,146.0132,2015-05-03,18.5,0.0,19.5,0.135,16.19,55
-35.2167,146.6781,2015-05-04,13.7,0.0,9.4,0.261,14.7,68
-36.984,149.3599,2015-05-05,11.9,0.0,32.4,0.344,13.71,56
-34.4072,145.9864,2015-05-06,12.3,0.0,19.7,0.179,12.01,55
-37.3241,141.1628,2015-05-07,10.6,0.2,26.3,0.378,7.39,72
-29.0518,148.7834,2015-05-08,12.9,0.0,15.0,0.305,16.98,56
-31.5459,146.4545,2015-05-09,13.0,0.0,11.3,0.139,13.73,53
-28.4754,149.9478,2015-05-10,13.0,0.0,13.7,0.329,16.8,61
-28.8143,149.0182,2015-05-11,15.4,0.0,18.1,0.146,16.21,55
-28.8294,149.0052,2015-05-12,14.8,0.0,10.3,0.138,16.09,65
-33.4726,147.4172,2015-05-13,10.1,0.2,31.5,0.208,11.53,52
-36.32,145.6543,2015-05-14,10.7,0.0,23.2,0.269,7.01,72
-30.9014,148.6469,2015-05-15,12.2,0.0,14.8,0.303,15.08,64
-35.0332,145.8171,2015-05-16,12.3,0.0,11.4,0.21,12.91,72
-31.2908,148.7081,2015-05-17,15.9,0.0,19.1,0.138,13.58,65
-28.8249,149.0134,2015-05-18,18.6,0.0,15.1,0.114,12.93,66
-28.9843,150.6759,2015-05-19,17.2,0.0,10.9,0.222,12.81,74
-28.9294,147.6026,2015-05-20,19.5,5.1,21.2,0.182,9.5,65
-36.5521,144.5445,2015-05-21,11.4,0.0,19.1,0.255,5.25,71
-33.8339,142.7462,2015-05-22,12.0,0.0,21.3,0.198,11.76,74
-35.5285,147.0971,2015-05-23,8.5,0.0,10.0,0.302,12.34,75
-37.4282,143.2394,2015-05-24,7.3,0.0,11.5,0.257,9.99,83
-34.7957,143.2174,2015-05-25,12.4,0.0,9.2,0.275,11.67,70
-30.2279,149.5027,2015-05-26,14.2,0.0,8.4,0.373,10.58,75
-35.1336,144.0661,2015-05-27,14.3,0.0,12.2,0.3,9.84,77
-28.2829,150.1082,2015-05-28,15.3,0.0,9.4,0.253,14.06,74
-35.0199,145.791,2015-05-29,12.8,0.0,16.3,0.229,10.87,72
-35.507,145.8277,2015-05-30,11.3,0.0,13.8,0.24,7.54,60
-28.5889,149.643,2015-05-31,18.2,0.0,17.7,0.302,10.07,77
-35.9606,146.5787,2015-06-01,6.7,0.2,23.0,0.341,10.23,74
-28.2688,150.2913,2015-06-02,9.4,0.0,15.1,0.094,15.06,57
-28.7159,147.9286,2015-06-03,8.4,0.0,9.2,0.25,11.6,69
-28.268,150.2985,2015-06-04,9.5,0.0,8.7,0.081,14.63,65
-29.0159,148.7338,2015-06-05,10.1,0.0,22.9,0.161,11.07,66
-37.0711,148.5574,2015-06-06,4.6,0.0,10.0,0.364,9.15,85
-29.1928,148.9315,2015-06-07,13.2,0.0,10.7,0.265,13.52,75
-36.3231,145.0854,2015-06-08,11.6,0.0,18.6,0.264,10.02,74
-29.195,148.9333,2015-06-09,16.3,0.0,9.5,0.254,11.11,67
-32.1392,145.0078,2015-06-10,10.9,0.0,16.1,0.173,10.83,60
-28.2724,150.3013,2015-06-11,16.2,0.0,25.6,0.052,12.58,67
-30.7906,149.0691,2015-06-12,13.0,0.0,15.9,0.294,11.33,69
-28.5509,149.9457,2015-06-13,16.7,0.0,19.7,0.257,8.07,65
-31.9027,145.8935,2015-06-14,14.7,0.0,15.2,0.165,7.38,73
-29.6133,150.2339,2015-06-15,16.2,1.1,16.6,0.204,9.72,70
-37.2051,141.1411,2015-06-18,10.4,2.8,17.9,0.229,6.2,89
-29.5953,152.8147,2015-06-19,12.4,0.0,10.8,0.313,11.53,76
-34.4577,150.8847,2015-06-20,11.4,0.7,27.1,0.402,9.06,71
-28.4362,151.9821,2015-06-21,8.1,0.0,14.2,0.315,12.97,71
-34.4613,150.8869,2015-06-22,12.3,0.0,12.2,0.389,10.52,78
-32.8324,146.4726,2015-06-23,12.4,0.0,16.6,0.287,9.9,78
-28.5527,151.8533,2015-06-24,10.6,0.0,8.3,0.334,9.73,75
-34.4609,150.875,2015-06-26,13.7,0.0,22.0,0.381,9.55,70
-28.6888,150.6009,2015-06-27,13.6,0.0,11.5,0.259,13.18,71
-34.4616,150.8764,2015-06-28,12.7,0.0,14.2,0.361,10.3,74
-30.3537,151.4168,2015-06-29,8.9,0.0,9.9,0.198,10.69,79
-31.2265,147.7112,2015-07-01,8.8,0.0,13.3,0.422,12.46,76
-35.2482,143.4796,2015-07-02,10.1,0.0,23.2,0.362,6.63,62
-34.4602,150.8837,2015-07-03,10.1,0.0,25.9,0.333,10.25,61
-34.4649,150.888,2015-07-04,9.3,0.0,17.2,0.329,11.36,66
-34.4688,150.885,2015-07-05,11.4,0.0,14.4,0.325,11.17,72
-30.571,147.5271,2015-07-06,8.4,0.0,12.0,0.38,12.9,74
-36.4544,142.0571,2015-07-07,7.3,0.0,9.5,0.386,4.02,92
-32.0884,147.9151,2015-07-08,9.1,0.0,14.8,0.233,12.33,76
-30.6262,147.787,2015-07-09,11.3,0.0,17.6,0.353,11.66,77
-29.5089,152.9907,2015-07-10,13.5,0.1,9.7,0.3,11.74,81
-30.835,152.5675,2015-07-12,9.5,0.0,27.3,0.299,13.47,61
-28.169,146.1586,2015-07-13,9.5,0.0,28.5,0.151,12.19,62
-34.4674,150.8849,2015-07-14,10.2,0.0,31.5,0.365,12.16,62
-31.1424,152.8903,2015-07-15,10.8,0.0,10.7,0.293,11.86,75
-34.5606,142.3692,2015-07-16,7.3,0.0,24.8,0.359,10.26,78
-28.2196,147.4851,2015-07-17,8.3,0.0,25.7,0.206,13.85,67
-34.7292,142.9248,2015-07-18,7.8,0.0,14.2,0.285,10.74,72
-34.4638,150.8808,2015-07-19,10.9,1.1,22.2,0.403,7.8,83
-28.3057,151.4357,2015-07-20,11.2,0.5,17.9,0.209,12.48,73
-28.1862,147.4879,2015-07-21,13.9,0.2,18.2,0.18,13.0,71
-33.0962,143.4536,2015-07-22,13.9,0.3,25.6,0.198,9.57,68
-34.502,142.3242,2015-07-23,11.0,0.5,19.5,0.313,11.9,74
-34.7302,142.9294,2015-07-24,12.3,0.9,22.3,0.256,8.78,76
-34.7274,142.9236,2015-07-25,11.7,0.0,23.1,0.254,9.84,65
-34.4628,150.8804,2015-07-26,12.5,0.0,30.3,0.353,12.77,65
-34.8986,145.6683,2015-07-27,7.1,0.0,21.4,0.306,10.25,71
-35.4954,149.1348,2015-07-28,3.4,0.0,8.4,0.374,11.77,82
-30.4256,151.3183,2015-07-29,3.8,0.0,10.1,0.217,15.45,77
-28.2621,147.5203,2015-07-30,11.9,0.0,10.4,0.252,15.9,68
-29.4212,151.9355,2015-07-31,7.8,0.0,15.1,0.43,15.62,65
-28.2358,147.5789,2015-08-01,15.4,0.0,13.2,0.228,15.67,56
-34.4607,150.8813,2015-08-02,14.7,0.0,26.1,0.319,11.9,68
-28.7947,147.8356,2015-08-03,12.2,0.0,20.8,0.275,16.05,63
-36.2174,149.0823,2015-08-04,1.4,0.0,11.9,0.348,13.32,69
-28.8766,149.0682,2015-08-05,9.6,0.0,18.4,0.283,14.82,59
-34.4666,150.879,2015-08-06,10.4,0.0,24.0,0.297,13.2,61
-29.2249,148.8544,2015-08-07,9.5,0.0,15.8,0.295,15.21,69
-28.9877,147.9901,2015-08-08,10.8,0.0,13.1,0.253,15.2,64
-36.9614,148.9424,2015-08-09,4.4,0.0,7.8,0.369,12.29,80
-31.1856,149.989,2015-08-10,10.0,0.0,11.2,0.343,16.04,67
-36.7396,149.8565,2015-08-11,9.0,0.0,12.6,0.325,13.55,72
-28.6192,147.8483,2015-08-12,13.6,0.0,29.7,0.116,17.56,43
-34.463,150.8791,2015-08-13,11.6,0.0,31.1,0.278,15.6,62
-29.0779,148.7869,2015-08-14,10.5,0.0,11.7,0.249,17.46,66
-29.0049,148.7246,2015-08-15,11.6,0.0,9.8,0.145,17.69,67
-28.5257,152.1406,2015-08-16,11.1,0.0,10.9,0.246,12.04,78
-28.3192,149.9452,2015-08-17,14.3,0.0,14.3,0.117,18.1,54
-33.7881,150.5602,2015-08-18,7.7,0.0,10.9,0.274,15.93,73
-28.2705,150.3162,2015-08-19,13.3,0.0,11.0,0.039,18.31,50
-35.3849,149.9376,2015-08-20,7.5,0.0,11.1,0.307,15.52,76
-28.7171,150.6042,2015-08-21,16.8,0.0,18.7,0.077,15.83,66
-34.2521,150.814,2015-08-22,15.0,1.5,15.3,0.278,15.35,69
-29.2003,152.9868,2015-08-23,19.2,0.0,13.7,0.266,16.55,75
-29.196,148.8732,2015-08-24,21.9,2.6,24.3,0.228,15.29,61
-31.2144,151.9167,2015-08-25,12.1,0.3,24.3,0.388,17.24,78
-29.0673,148.7746,2015-08-26,14.4,0.6,7.8,0.245,17.46,63
-34.4666,150.8826,2015-08-27,14.7,0.5,20.8,0.399,11.45,75
-29.0581,148.8017,2015-08-28,13.1,0.0,11.1,0.267,19.26,65
-35.4909,142.1605,2015-08-29,9.5,0.0,15.0,0.098,16.32,60
-31.3991,152.4189,2015-08-30,11.0,0.0,12.8,0.303,16.47,69
-28.9732,148.0665,2015-08-31,11.4,0.0,14.6,0.119,19.85,61
-28.2604,150.2692,2015-09-01,12.2,0.0,9.9,0.146,21.05,63
-28.7646,151.0747,2015-09-02,13.8,2.3,15.1,0.223,18.77,55
-33.87,150.7815,2015-09-03,13.3,4.5,18.8,0.349,15.88,69
-28.9886,147.9979,2015-09-04,14.7,0.0,13.6,0.21,20.47,61
-37.3803,143.7122,2015-09-05,7.5,0.0,10.5,0.313,12.43,81
-28.9174,147.672,2015-09-06,17.8,0.0,10.8,0.12,17.89,51
-28.9818,148.0382,2015-09-07,18.3,0.0,18.8,0.2,21.16,48
-28.1701,149.8661,2015-09-08,15.0,0.0,21.3,0.063,21.88,49
-29.0225,149.5195,2015-09-09,13.7,0.0,18.4,0.235,21.41,56
-34.3407,142.248,2015-09-10,12.7,0.0,11.2,0.305,19.27,67
-29.0638,148.8029,2015-09-11,17.4,0.0,15.5,0.213,21.76,55
-36.3616,149.5169,2015-09-12,9.9,0.0,8.3,0.356,18.79,71
-29.0776,151.9263,2015-09-13,11.3,0.0,11.3,0.274,22.68,68
-37.1041,148.4908,2015-09-14,13.7,0.0,16.3,0.34,19.51,68
-28.475,149.8959,2015-09-15,20.5,0.0,19.3,0.212,20.96,50
-30.2419,147.8112,2015-09-16,18.9,0.0,20.2,0.039,16.88,44
-28.9583,147.6382,2015-09-17,19.3,0.0,26.5,0.136,21.25,33
-28.8008,148.8942,2015-09-18,17.4,0.0,19.6,0.11,18.91,43
-36.0785,149.141,2015-09-19,9.7,0.8,9.2,0.309,9.83,83
-28.683,151.3007,2015-09-20,16.0,0.0,15.5,0.202,18.26,61
-35.5188,145.4215,2015-09-21,14.6,0.0,25.0,0.186,20.19,62
-28.6822,151.3168,2015-09-22,16.6,0.0,23.7,0.187,21.75,49
-29.0543,148.6849,2015-09-23,14.7,0.0,24.2,0.16,22.47,34
-29.1381,152.9087,2015-09-24,14.0,0.0,14.8,0.28,22.53,53
-28.2656,149.4691,2015-09-25,15.6,0.0,17.4,0.2,22.69,41
-36.8212,146.1449,2015-09-26,10.3,0.0,9.8,0.315,19.99,75
-28.5309,151.3278,2015-09-27,15.0,0.5,11.9,0.198,21.55,66
-33.8288,142.7367,2015-09-28,18.9,0.0,19.5,0.106,23.64,32
-29.0271,151.6939,2015-09-29,15.4,0.0,15.7,0.209,24.11,55
-32.0939,146.5849,2015-09-30,18.3,1.1,14.8,0.134,23.14,47
-28.2063,150.1931,2015-10-01,21.6,0.3,16.9,0.089,23.33,47
-28.8193,147.5121,2015-10-02,24.3,0.0,14.9,0.052,25.57,29
-29.0536,148.7737,2015-10-03,24.2,0.0,15.3,0.203,25.96,26
-31.9371,145.8833,2015-10-04,25.5,0.0,18.9,0.107,25.49,22
-36.2369,148.6271,2015-10-05,18.6,0.0,15.5,0.318,24.38,41
-28.208,150.2056,2015-10-06,25.6,0.0,17.3,0.072,26.62,22
-37.2071,144.7053,2015-10-07,9.7,0.0,23.2,0.22,24.34,63
-28.6159,152.3837,2015-10-08,16.2,0.2,22.0,0.228,14.8,74
-29.0477,148.7455,2015-10-09,23.5,0.0,18.2,0.121,25.91,45
-29.0838,148.6964,2015-10-10,23.3,0.0,17.4,0.158,26.41,43
-34.2176,142.2194,2015-10-11,23.7,0.0,22.7,0.219,25.11,45
-35.5536,150.0191,2015-10-12,16.7,7.6,20.6,0.312,22.07,81
-28.1875,148.4869,2015-10-13,26.2,0.4,16.1,0.086,23.58,34
-35.5837,145.0691,2015-10-14,21.3,0.0,14.1,0.139,26.06,55
-28.402,150.4464,2015-10-15,22.2,0.0,17.6,0.152,22.54,56
-34.4655,150.878,2015-10-16,22.1,0.0,19.4,0.272,26.19,73
-30.4251,151.2906,2015-10-17,19.4,0.0,12.4,0.058,26.14,55
-30.9824,151.9334,2015-10-18,16.0,0.7,15.5,0.256,22.91,75
-30.0566,152.4768,2015-10-19,17.2,0.0,11.5,0.342,25.66,72
-31.9048,145.8797,2015-10-20,27.3,0.0,20.2,0.108,22.95,32
-30.0363,151.9076,2015-10-21,16.5,0.3,13.8,0.187,26.22,56
-29.0571,148.6989,2015-10-22,23.2,0.5,21.3,0.165,23.45,51
-37.1726,141.0926,2015-10-23,12.8,0.0,13.2,0.077,27.27,58
-29.0689,148.6976,2015-10-24,23.8,0.0,19.7,0.162,24.9,44
-34.462,150.8851,2015-10-25,19.1,0.0,20.2,0.305,25.75,81
-29.7799,153.2055,2015-10-26,22.0,1.5,18.4,0.124,24.11,74
-35.7399,141.3537,2015-10-27,17.9,0.0,16.8,0.107,27.89,49
-28.3543,148.1137,2015-10-28,26.5,0.2,25.1,0.21,25.17,57
-31.3414,147.6817,2015-10-29,22.9,1.8,15.8,0.273,22.41,56
-34.4685,150.8775,2015-10-30,17.9,0.0,21.1,0.277,26.77,70
-28.2362,151.3176,2015-10-31,19.2,0.0,19.5,0.307,18.95,67
-29.8349,153.0932,2015-11-01,22.0,0.0,15.5,0.141,24.02,61
-28.3895,151.7883,2015-11-02,19.2,3.6,17.3,0.294,22.65,73
-28.7818,147.7382,2015-11-06,25.1,0.0,19.9,0.265,29.78,48
-28.554,148.2332,2015-11-07,25.6,0.0,20.9,0.187,27.08,43
-28.8478,149.5691,2015-11-08,24.4,0.0,23.0,0.244,27.09,47
-28.2655,150.0212,2015-11-09,22.7,0.0,19.6,0.196,23.18,58
-28.179,147.5775,2015-11-10,27.8,0.0,19.1,0.135,25.78,36
-28.499,149.6117,2015-11-11,26.6,0.0,21.0,0.193,27.13,43
-31.6898,145.9154,2015-11-12,25.8,3.4,18.9,0.136,23.04,51
-33.0748,141.3843,2015-11-13,20.7,0.0,26.3,0.105,30.93,39
-29.3598,148.6458,2015-11-14,24.6,7.3,16.1,0.196,25.36,62
-29.6928,149.1991,2015-11-15,23.0,1.4,21.7,0.274,23.36,57
-31.4419,149.9052,2015-11-16,17.8,0.0,16.9,0.342,28.36,62
-34.459,150.8816,2015-11-17,19.2,0.0,22.6,0.358,28.9,70
-28.3958,151.7844,2015-11-18,19.3,0.0,12.2,0.297,27.95,64
-31.8582,151.2716,2015-11-19,24.9,0.0,10.5,0.344,30.09,49
-28.2032,153.5425,2015-11-20,24.1,0.0,20.2,0.318,30.6,75
-28.5604,149.6799,2015-11-21,32.2,0.0,21.6,0.234,30.78,24
-31.9182,145.8482,2015-11-22,23.1,0.0,13.8,0.123,31.98,28
-31.2136,151.9535,2015-11-23,20.2,1.5,17.8,0.363,29.67,68
-34.4613,150.8768,2015-11-24,20.2,0.0,30.6,0.29,26.86,74
-28.3127,149.5874,2015-11-25,29.9,0.0,21.4,0.195,30.49,36
-34.5605,145.8745,2015-11-26,20.6,0.5,32.9,0.139,31.75,28
-30.6638,149.7335,2015-11-27,25.0,0.0,15.9,0.256,31.5,32
-28.7185,148.8025,2015-11-28,27.8,0.0,12.5,0.089,31.62,16
-34.4631,150.8805,2015-11-29,20.6,3.0,24.4,0.295,17.51,85
-28.5154,152.9728,2015-11-30,25.1,2.1,15.7,0.359,24.78,77
-29.9928,149.55,2015-12-01,29.4,0.0,21.1,0.089,21.55,32
-31.9329,145.8291,2015-12-02,19.7,0.0,29.4,0.122,33.35,27
-31.4707,146.3356,2015-12-03,22.8,0.0,18.5,0.142,32.23,29
-28.7273,148.8085,2015-12-04,25.8,0.0,23.4,0.09,31.31,42
-31.4797,146.3737,2015-12-05,27.6,0.0,15.4,0.125,31.12,27
-28.515,152.2155,2015-12-06,19.1,0.0,13.0,0.344,32.71,65
-28.8943,149.5726,2015-12-07,28.4,0.0,23.7,0.203,31.72,32
-37.0996,141.8353,2015-12-08,24.2,1.2,31.2,0.185,31.67,46
-29.235,148.8822,2015-12-09,29.8,0.1,17.2,0.203,22.62,43
-34.3736,148.4996,2015-12-10,23.6,0.0,20.2,0.157,31.09,41
-28.3728,152.3056,2015-12-11,23.5,0.9,16.1,0.363,27.83,68
-33.9402,150.8828,2015-12-12,19.0,0.9,20.9,0.093,20.84,64
-29.0522,150.5562,2015-12-13,23.8,0.0,19.8,0.233,26.43,56
-28.7254,148.7823,2015-12-14,29.2,0.0,23.1,0.091,27.05,37
-28.6966,149.8384,2015-12-15,29.7,0.0,21.3,0.206,26.06,34
-28.9625,147.526,2015-12-16,27.8,2.9,33.5,0.067,24.85,48
-35.8048,149.03,2015-12-17,16.7,0.0,8.6,0.293,31.73,63
-28.9219,147.498,2015-12-18,28.7,0.0,22.4,0.082,32.11,37
-34.4661,150.8807,2015-12-19,24.6,0.0,22.7,0.275,32.18,67
-29.3113,149.2224,2015-12-20,27.9,0.0,22.9,0.277,32.28,39
-28.2068,153.5401,2015-12-21,24.1,0.0,20.8,0.28,30.76,70
-28.6018,149.6263,2015-12-22,29.6,0.0,21.0,0.238,25.96,39
-34.4585,150.879,2015-12-23,19.3,0.2,15.6,0.365,25.59,72
-37.1574,149.5876,2015-12-24,17.0,0.0,19.6,0.256,31.81,70
-36.2598,146.7743,2015-12-25,21.6,0.0,10.9,0.223,33.94,43
-35.6708,145.6536,2015-12-26,21.5,9.1,32.8,0.205,20.46,49
-33.2829,149.1056,2015-12-27,15.5,0.0,20.5,0.359,33.69,62
-31.0157,151.9627,2015-12-29,15.6,0.0,13.0,0.369,23.91,70
-28.6697,151.3241,2015-12-30,21.8,0.0,14.6,0.272,32.84,54
-28.9135,151.4258,2015-12-31,22.2,0.0,16.9,0.21,32.57,50
-28.7745,149.581,2016-01-01,26.3,0.0,21.1,0.238,24.31,40
-31.4057,151.6938,2016-01-02,15.9,0.0,13.8,0.339,21.09,73
-34.2367,141.8107,2016-01-05,24.7,0.0,14.8,0.096,31.02,48
-29.4075,146.008,2016-01-06,25.3,0.0,17.6,0.222,28.54,57
-30.1265,149.9339,2016-01-07,20.9,0.0,16.2,0.368,27.27,57
-29.4104,146.0216,2016-01-08,26.3,0.0,14.0,0.155,32.31,44
-37.2231,149.271,2016-01-09,19.0,0.0,11.6,0.357,30.52,78
-31.8777,145.8013,2016-01-10,31.4,0.0,9.4,0.124,32.31,18
-31.2973,152.3082,2016-01-11,24.4,0.0,10.9,0.363,29.82,75
-28.4217,152.4206,2016-01-12,24.6,0.0,6.5,0.316,27.89,70
-33.8202,150.7886,2016-01-13,24.3,0.0,13.3,0.288,29.3,73
-30.0065,152.8158,2016-01-14,26.7,0.0,15.5,0.268,31.15,69
-31.87,145.8112,2016-01-15,20.9,3.0,24.8,0.187,31.55,41
-35.4898,148.2751,2016-01-16,18.9,0.0,22.4,0.111,30.63,52
-30.2708,147.8739,2016-01-17,23.5,0.0,18.2,0.186,23.22,55
-34.4654,150.8871,2016-01-18,20.9,0.0,18.8,0.346,31.47,75
-29.9643,153.0267,2016-01-19,22.7,0.0,12.4,0.298,30.39,76
-34.4664,150.882,2016-01-20,26.0,0.0,22.7,0.308,27.22,65
-28.9039,151.4318,2016-01-21,26.8,0.0,10.4,0.158,31.33,47
-31.881,145.8056,2016-01-23,26.1,0.0,19.2,0.286,27.1,58
-30.5057,148.6952,2016-01-24,27.7,0.0,10.9,0.186,27.75,48
-31.8742,145.8049,2016-01-25,27.7,0.0,14.2,0.198,30.07,38
-28.9282,148.9077,2016-01-26,27.6,0.4,24.0,0.214,20.67,64
-30.7768,146.9195,2016-01-28,27.3,2.3,9.6,0.259,26.79,65
-28.5206,152.9706,2016-01-29,26.1,2.6,10.2,0.368,24.2,80
-30.5073,148.6956,2016-01-30,25.7,0.0,23.5,0.248,28.63,60
-29.9387,153.0353,2016-01-31,28.0,0.0,17.7,0.359,28.51,62
-34.4602,150.8814,2016-02-01,19.8,7.3,16.5,0.4,18.07,83
-30.0099,152.8372,2016-02-02,24.6,0.3,16.1,0.328,28.1,62
-28.3659,150.0168,2016-02-03,26.4,20.1,12.6,0.315,15.84,83
-29.3153,148.3197,2016-02-04,27.7,1.2,19.1,0.24,23.93,59
-30.2384,147.7863,2016-02-05,26.1,0.0,31.4,0.045,26.75,48
-29.3563,149.6785,2016-02-06,23.9,1.9,15.3,0.383,13.63,62
-28.9295,148.9077,2016-02-07,25.7,0.6,9.6,0.305,25.02,67
-30.4228,151.3145,2016-02-08,19.2,0.0,16.5,0.114,29.66,65
-29.3506,149.6741,2016-02-09,26.1,0.0,19.7,0.328,29.99,48
-34.5909,147.7679,2016-02-10,25.6,0.0,16.9,0.193,29.31,45
-28.3495,150.1496,2016-02-11,25.4,0.0,15.5,0.268,28.41,55
-33.2823,146.6046,2016-02-12,28.5,0.0,12.5,0.146,27.99,30
-28.737,150.1063,2016-02-13,26.6,0.0,18.0,0.06,29.72,42
-34.4629,150.8852,2016-02-14,23.5,0.1,25.8,0.292,26.19,80
-28.599,152.0465,2016-02-15,22.6,0.0,15.6,0.296,28.8,54
-28.6593,150.2783,2016-02-16,31.2,0.0,21.2,0.176,25.96,33
-34.0079,147.4195,2016-02-17,19.6,0.0,22.3,0.142,28.93,40
-28.6882,147.0638,2016-02-18,26.7,0.0,12.2,0.104,29.49,26
-34.466,150.8911,2016-02-19,23.3,0.0,21.2,0.28,26.18,78
-30.2222,152.8374,2016-02-20,22.5,17.3,9.6,0.409,22.22,86
-29.9428,153.0323,2016-02-21,23.3,1.7,15.7,0.27,14.72,83
-32.634,147.778,2016-02-22,28.5,0.0,21.3,0.119,27.23,44
-37.2248,149.2708,2016-02-24,26.0,0.0,17.4,0.268,22.02,58
-32.377,152.1887,2016-02-25,26.1,0.0,20.8,0.219,26.9,73
-34.0518,147.8778,2016-02-26,26.9,0.0,16.9,0.123,26.94,31
-29.8287,153.2579,2016-02-27,25.3,0.1,27.4,0.129,23.12,73
-34.2256,142.2635,2016-02-28,24.5,0.0,18.2,0.118,27.14,39
-28.191,148.5029,2016-02-29,30.1,0.0,20.9,0.085,24.41,39
-29.0961,149.6122,2016-03-01,28.7,0.0,24.0,0.142,22.87,44
-30.2961,151.5507,2016-03-02,19.5,0.0,16.0,0.205,23.22,66
-31.2099,152.0252,2016-03-03,20.0,0.0,10.9,0.345,24.0,79
-34.6754,150.4516,2016-03-04,21.5,0.0,14.8,0.3,24.2,79
-31.2593,147.0311,2016-03-05,30.6,0.0,13.1,0.159,23.9,39
-36.6561,148.37,2016-03-06,21.4,0.9,7.1,0.282,20.58,64
-28.5967,147.0937,2016-03-07,29.9,0.0,18.5,0.107,22.35,37
-31.2533,147.043,2016-03-08,29.7,0.0,13.7,0.152,22.8,36
-29.136,150.156,2016-03-09,27.6,0.0,19.5,0.252,22.54,52
-34.2836,150.423,2016-03-10,22.1,3.0,11.7,0.269,18.75,78
-29.9678,153.033,2016-03-11,23.7,1.0,11.0,0.281,17.24,84
-28.7968,149.8163,2016-03-12,29.3,0.0,20.6,0.199,23.88,44
-31.923,152.0014,2016-03-13,23.2,0.0,11.7,0.216,21.77,75
-28.1694,148.6013,2016-03-14,29.7,0.0,19.5,0.071,23.57,46
-36.6342,143.0497,2016-03-15,21.3,0.0,19.6,0.269,23.01,54
-33.3461,146.7012,2016-03-16,25.7,0.0,20.5,0.161,19.45,49
-30.6822,147.518,2016-03-17,26.0,0.2,13.5,0.189,16.21,56
-30.2056,152.8495,2016-03-18,21.7,0.0,16.1,0.36,20.47,76
-31.1213,145.8244,2016-03-19,18.4,0.0,18.4,0.118,21.62,43
-31.4521,148.7622,2016-03-20,19.3,0.0,21.4,0.162,22.03,56
-30.2366,147.7956,2016-03-21,23.1,0.0,21.6,0.044,21.54,48
-34.8155,146.602,2016-03-22,19.5,0.0,12.0,0.164,22.28,51
-28.8384,149.6936,2016-03-23,24.7,0.2,14.8,0.204,18.48,45
-33.3397,147.9559,2016-03-24,21.6,0.0,10.0,0.193,21.85,44
-28.3002,152.14,2016-03-25,21.8,0.0,10.2,0.161,17.41,67
-32.2991,146.8001,2016-03-26,22.6,0.0,13.8,0.117,22.9,36
-31.0924,146.6553,2016-03-27,23.1,0.0,13.3,0.114,22.92,30
-28.7837,149.81,2016-03-28,25.7,0.0,14.8,0.222,18.63,52
-37.3966,146.2397,2016-03-29,13.8,0.0,11.5,0.29,14.35,75
-30.6633,146.9823,2016-03-30,21.2,0.5,15.6,0.231,16.01,56
-31.4825,146.3256,2016-03-31,19.2,0.0,12.3,0.139,21.64,36
-28.8732,150.5948,2016-04-01,22.3,0.0,13.2,0.219,21.82,49
-28.7969,149.3793,2016-04-02,25.5,0.0,12.4,0.222,20.7,49
-28.4865,150.7034,2016-04-03,25.5,0.0,21.1,0.064,21.93,50
-28.6579,150.0921,2016-04-04,26.1,0.0,21.8,0.046,18.94,47
-36.3527,145.7501,2016-04-05,19.8,0.0,14.5,0.141,19.1,50
-28.7366,149.2739,2016-04-06,25.9,0.0,18.1,0.195,21.53,38
-36.258,148.5786,2016-04-07,9.9,0.0,8.7,0.356,17.99,76
-28.7438,149.7467,2016-04-08,27.9,0.0,19.1,0.259,17.95,41
-34.9946,147.0862,2016-04-09,16.2,0.0,12.4,0.136,18.49,55
-33.6639,147.948,2016-04-10,17.7,0.0,15.3,0.155,18.99,48
-30.4875,148.7337,2016-04-11,22.7,0.0,13.3,0.078,20.07,32
-31.673,148.312,2016-04-12,20.1,0.0,13.7,0.202,19.22,49
-31.3411,147.7295,2016-04-13,22.1,0.0,16.9,0.225,18.8,49
-37.2477,147.1475,2016-04-14,14.0,0.0,15.3,0.297,16.32,71
-28.3851,149.3435,2016-04-15,21.7,0.0,17.6,0.197,20.22,46
-37.1245,143.3596,2016-04-16,12.8,0.0,19.9,0.166,11.21,73
-28.9087,149.1495,2016-04-17,23.1,0.0,11.3,0.193,16.92,45
-33.8773,148.6514,2016-04-18,17.8,0.0,11.3,0.16,16.51,63
-28.7407,151.8465,2016-04-19,17.8,0.0,10.0,0.212,16.63,70
-28.3866,149.3368,2016-04-20,22.4,0.0,11.0,0.185,18.59,47
-36.8896,149.36,2016-04-21,15.6,4.8,10.3,0.345,14.78,77
-28.3452,149.8984,2016-04-22,24.4,0.0,12.1,0.1,18.14,40
-35.8022,145.9842,2016-04-23,15.3,0.0,17.1,0.147,16.19,52
-31.542,146.4312,2016-04-24,19.0,0.0,14.8,0.127,17.62,49
-32.1183,145.0276,2016-04-25,19.3,0.0,16.6,0.108,17.31,44
-28.3595,148.3106,2016-04-26,21.7,0.0,17.1,0.092,18.48,49
-28.9807,149.8835,2016-04-27,21.8,0.0,20.3,0.06,17.98,52
-29.5289,149.9215,2016-04-28,21.8,0.0,17.8,0.134,16.88,52
-30.837,149.6535,2016-04-29,20.1,0.0,11.2,0.141,14.2,57
-37.4655,142.95,2016-04-30,17.7,0.0,29.2,0.215,11.15,71
-31.5585,147.0968,2016-05-01,20.4,4.7,17.6,0.317,13.63,71
-37.0033,149.7997,2016-05-02,13.1,0.0,11.9,0.288,14.23,67
-31.0821,151.7195,2016-05-03,12.5,0.0,19.3,0.306,13.79,82
-34.2877,146.8989,2016-05-04,15.2,0.0,16.2,0.248,13.24,60
-29.9589,151.8025,2016-05-05,12.6,0.0,6.6,0.235,17.01,61
-32.8112,146.5567,2016-05-06,18.0,0.0,10.6,0.217,15.12,60
-37.4319,148.2037,2016-05-07,15.7,0.0,12.6,0.284,12.97,72
-29.2001,150.4728,2016-05-08,19.9,0.0,18.7,0.331,14.38,60
-29.9601,151.8037,2016-05-10,12.6,0.1,25.4,0.215,13.3,79
-37.127,141.1003,2016-05-11,13.7,0.6,30.2,0.207,5.61,72
-28.5226,152.9701,2016-05-12,16.7,0.0,11.7,0.264,16.56,54
-29.745,146.0729,2016-05-13,15.5,0.0,8.6,0.154,15.42,73
-28.6761,150.3533,2016-05-14,17.9,0.0,8.9,0.242,16.06,57
-28.9128,152.7924,2016-05-15,16.3,0.0,8.4,0.243,15.72,72
-34.4181,147.358,2016-05-16,13.6,1.4,11.2,0.305,12.47,78
-29.1369,150.3415,2016-05-17,19.2,0.0,11.8,0.294,13.38,43
-37.3085,141.1166,2016-05-18,12.4,1.1,19.4,0.223,7.86,84
-31.4018,146.9421,2016-05-19,14.7,0.0,15.5,0.263,13.36,71
-28.9812,149.6498,2016-05-20,17.2,0.0,14.7,0.128,15.18,51
-28.3344,149.9568,2016-05-21,19.7,0.0,18.8,0.126,15.22,48
-28.7752,150.2517,2016-05-22,20.9,0.3,17.2,0.048,14.09,57
-36.8969,145.186,2016-05-23,12.7,2.0,24.9,0.332,9.39,72
-28.8823,149.0929,2016-05-24,15.1,0.0,18.6,0.193,15.1,43
-36.92,149.3954,2016-05-25,7.0,0.0,12.4,0.295,9.2,76
-28.4639,152.2933,2016-05-26,16.1,0.2,23.5,0.209,12.79,48
-30.5753,152.8372,2016-05-27,13.8,0.0,12.7,0.245,14.04,65
-29.0036,148.7342,2016-05-28,13.1,0.0,28.9,0.175,12.34,58
-29.0098,148.7596,2016-05-29,12.5,0.0,10.4,0.145,13.04,63
-28.5945,153.132,2016-05-30,13.7,0.0,9.8,0.21,12.3,71
-34.285,145.9976,2016-05-31,9.5,0.0,11.4,0.291,11.7,72
-35.8699,147.5782,2016-06-01,7.3,0.3,9.0,0.365,9.13,88
-30.6895,151.981,2016-06-02,9.3,1.6,9.8,0.252,8.5,86
-37.1448,141.5385,2016-06-04,10.2,0.0,11.3,0.31,7.16,88
-30.5839,148.2336,2016-06-07,12.9,0.0,25.8,0.451,8.97,70
-34.4601,150.8779,2016-06-08,14.8,0.0,26.3,0.376,10.75,67
-28.3328,150.2868,2016-06-09,17.2,0.0,17.7,0.307,13.08,67
-34.4593,150.8866,2016-06-10,15.5,0.0,20.2,0.374,11.2,63
-29.6703,150.5256,2016-06-11,11.9,0.0,11.7,0.299,11.52,73
-34.4617,150.8815,2016-06-12,12.5,0.0,20.0,0.349,9.38,62
-30.4752,149.6857,2016-06-13,12.2,0.0,13.3,0.31,12.75,73
-29.3325,150.528,2016-06-14,14.3,0.0,13.4,0.378,12.14,73
-28.838,151.8587,2016-06-15,12.5,0.0,16.0,0.31,11.17,83
-31.2067,147.6849,2016-06-16,12.7,0.0,15.6,0.39,9.55,76
-29.0106,148.7449,2016-06-17,16.5,0.0,19.4,0.24,8.4,74
-29.3816,152.5934,2016-06-21,11.8,0.0,13.0,0.387,11.02,64
-32.9358,150.7634,2016-06-22,11.8,0.8,24.1,0.379,10.08,70
-34.4581,150.877,2016-06-23,12.9,0.0,22.0,0.368,10.32,63
-34.7976,143.2321,2016-06-25,6.6,0.0,10.6,0.388,9.95,73
-34.1125,141.027,2016-06-28,9.2,0.0,11.6,0.214,10.59,79
-30.6123,152.7653,2016-06-29,10.2,0.0,15.6,0.341,12.61,75
-32.4903,150.8271,2016-06-30,8.1,0.0,19.9,0.339,10.49,72
-30.087,151.8604,2016-07-01,3.8,0.0,30.0,0.352,10.82,79
-29.1261,153.0788,2016-07-02,11.1,0.0,9.0,0.331,13.5,69
-37.0736,148.5626,2016-07-03,4.9,0.0,12.0,0.365,9.0,86
-28.7848,149.7621,2016-07-04,12.3,1.7,17.3,0.349,11.63,75
-34.4602,150.8793,2016-07-05,11.5,6.8,17.5,0.381,6.54,81
-28.561,147.0454,2016-07-06,10.7,0.0,21.6,0.276,11.07,69
-30.8449,152.3794,2016-07-07,13.0,0.0,20.9,0.351,9.96,74
-28.5304,152.8328,2016-07-08,13.4,0.0,12.2,0.357,12.41,75
-28.7784,152.098,2016-07-09,8.5,0.0,7.7,0.365,12.45,80
-31.8442,145.9806,2016-07-10,11.1,0.0,17.1,0.326,11.88,79
-30.7098,151.9701,2016-07-11,11.2,0.0,16.4,0.334,10.38,78
-30.7745,148.4921,2016-07-12,13.0,0.0,20.7,0.353,10.38,72
-30.089,151.8737,2016-07-13,3.7,0.0,22.4,0.349,12.6,67
-36.7202,149.6275,2016-07-14,7.5,0.0,15.2,0.365,10.98,61
-29.0399,150.2271,2016-07-15,9.1,0.0,10.9,0.268,11.0,59
-36.9192,149.8432,2016-07-16,9.4,0.0,12.3,0.337,9.53,85
-28.437,151.2465,2016-07-17,15.6,0.0,21.3,0.294,9.23,76
-29.0071,148.7486,2016-07-18,17.1,0.0,16.6,0.216,12.09,79
-35.4874,150.3045,2016-07-19,16.3,3.2,22.9,0.306,8.19,81
-28.3738,149.8041,2016-07-20,18.4,0.2,15.3,0.278,11.24,80
-28.2576,149.361,2016-07-22,19.4,0.0,18.0,0.373,7.7,85
-34.464,150.8846,2016-07-23,13.5,0.5,35.1,0.39,12.6,56
-34.4617,150.8794,2016-07-24,10.5,0.0,24.2,0.374,12.4,52
-29.2147,148.5923,2016-07-25,10.5,0.0,12.3,0.227,14.98,67
-29.1877,148.6195,2016-07-27,11.0,0.0,18.7,0.207,12.42,67
-34.4595,150.881,2016-07-28,12.0,0.0,24.1,0.34,13.27,63
-28.6582,151.9154,2016-07-29,9.7,0.0,11.3,0.311,16.07,63
-35.4984,149.1364,2016-07-30,3.7,0.0,13.4,0.379,11.91,85
-30.3853,152.0183,2016-07-31,6.9,0.0,11.3,0.309,15.83,63
-28.938,147.522,2016-08-01,13.7,0.0,14.4,0.171,15.52,68
-28.7551,153.0482,2016-08-02,15.8,9.8,12.2,0.328,12.76,79
-34.1303,142.1409,2016-08-03,9.3,0.0,23.2,0.286,8.52,75
-37.4435,141.6897,2016-08-04,7.2,0.0,12.1,0.405,10.15,80
-35.7748,150.0373,2016-08-05,10.3,0.0,11.8,0.342,11.76,77
-29.7578,152.5707,2016-08-06,11.4,0.0,9.4,0.404,11.56,80
-29.8958,145.805,2016-08-07,13.1,0.0,10.2,0.163,15.74,66
-28.599,149.0094,2016-08-09,15.1,0.0,11.9,0.16,16.48,59
-28.3938,149.7982,2016-08-10,17.8,0.0,19.3,0.149,16.28,55
-37.1931,149.8504,2016-08-11,11.2,0.1,15.6,0.319,13.53,65
-32.058,146.0572,2016-08-12,10.3,0.0,10.3,0.297,10.86,72
-34.4621,150.8842,2016-08-13,13.5,0.0,23.8,0.337,15.15,57
-28.7066,152.8364,2016-08-14,13.3,0.0,10.9,0.432,17.69,67
-34.0883,141.0215,2016-08-15,12.6,0.0,17.0,0.136,15.29,60
-28.2072,152.5031,2016-08-16,12.3,0.0,11.1,0.324,15.07,71
-28.7693,150.5924,2016-08-17,13.4,0.0,11.1,0.317,18.31,60
-28.198,152.5018,2016-08-18,11.8,0.0,9.2,0.315,15.61,75
-28.7421,150.9123,2016-08-19,14.9,0.0,15.2,0.152,15.17,64
-34.4633,150.8796,2016-08-20,12.1,0.8,25.2,0.304,16.41,61
-29.0087,149.5036,2016-08-21,11.7,0.0,9.4,0.238,19.14,53
-29.3778,152.2344,2016-08-22,12.2,9.9,12.6,0.416,12.42,84
-32.7836,151.2893,2016-08-23,12.1,0.3,10.4,0.352,10.38,79
-37.4841,142.3886,2016-08-25,6.0,0.6,15.5,0.378,13.51,87
-31.8174,152.5555,2016-08-26,11.6,0.0,22.1,0.337,15.77,61
-36.8145,149.7342,2016-08-27,9.0,0.0,10.7,0.323,16.68,74
-28.1604,152.6173,2016-08-28,14.3,0.0,8.0,0.365,20.23,65
-35.4541,150.3649,2016-08-29,13.2,0.0,14.7,0.359,15.27,76
-30.121,148.0155,2016-08-30,16.2,0.0,25.2,0.221,18.0,66
-33.8176,150.7961,2016-09-01,14.5,2.3,11.4,0.363,16.22,75
-29.3897,152.6736,2016-09-02,18.8,1.6,21.0,0.34,16.06,75
-31.2203,152.6892,2016-09-03,16.7,1.1,23.0,0.331,18.6,64
-34.2004,142.0114,2016-09-04,11.2,0.0,11.8,0.22,14.04,72
-34.4645,150.8896,2016-09-05,14.3,0.0,16.6,0.373,19.2,70
-33.2824,149.1039,2016-09-06,9.9,0.0,8.7,0.371,20.17,75
-36.9119,149.3018,2016-09-07,11.0,0.0,15.5,0.361,15.03,86
-28.2533,149.9399,2016-09-08,18.4,0.0,22.7,0.182,18.11,62
-31.8727,152.1994,2016-09-09,15.8,0.0,16.8,0.302,15.93,73
-34.4616,150.8859,2016-09-10,16.5,6.9,25.3,0.378,17.48,72
-34.2067,142.2033,2016-09-11,13.5,0.0,13.6,0.403,12.64,69
-34.8014,150.2144,2016-09-12,11.5,0.0,12.6,0.362,20.42,75
-34.4602,150.8861,2016-09-14,17.4,5.9,16.0,0.398,14.04,82
-34.4587,150.8756,2016-09-16,15.4,0.1,17.2,0.352,18.28,61
-33.8181,150.8018,2016-09-17,13.0,0.0,11.6,0.324,14.85,75
-34.4618,150.872,2016-09-19,14.7,0.0,25.5,0.379,21.79,68
-28.7455,153.562,2016-09-20,18.1,0.0,15.3,0.376,22.81,66
-30.1647,147.3979,2016-09-21,16.2,3.7,34.1,0.461,16.11,78
-34.4632,150.8869,2016-09-22,15.2,0.4,28.0,0.386,14.05,76
-34.4622,150.8813,2016-09-23,15.9,0.0,34.6,0.367,14.44,68
-28.8502,149.9465,2016-09-24,15.1,0.3,9.5,0.381,23.74,72
-28.2076,153.2575,2016-09-25,14.4,0.0,20.9,0.343,17.47,69
-30.4943,152.948,2016-09-26,16.6,0.0,14.7,0.318,24.31,69
-30.2901,146.9902,2016-09-27,15.2,0.0,21.2,0.328,22.17,66
-36.0639,149.0804,2016-09-28,8.3,0.0,18.9,0.377,22.07,70
-31.4348,152.4231,2016-09-29,16.1,2.4,24.6,0.3,14.41,73
-36.4983,149.2428,2016-09-30,5.3,1.8,24.8,0.472,15.68,76
-29.3174,150.1236,2016-10-01,12.7,0.0,20.3,0.398,20.7,67
-32.8438,150.8219,2016-10-02,16.5,0.2,17.1,0.333,24.85,59
-34.4593,150.8764,2016-10-03,17.5,1.5,31.4,0.326,21.78,55
-35.9084,149.9922,2016-10-04,13.4,2.5,30.6,0.326,23.15,61
-31.4791,151.8477,2016-10-05,13.7,0.0,22.0,0.285,26.71,46
-29.7057,152.3191,2016-10-06,15.3,0.0,11.6,0.371,26.9,46
-31.7819,151.8639,2016-10-07,17.9,0.0,13.6,0.245,25.01,53
-28.9154,152.5124,2016-10-08,20.7,0.0,13.5,0.256,24.86,54
-33.118,151.4899,2016-10-09,17.7,0.0,23.2,0.265,20.74,63
-28.2822,153.4176,2016-10-10,19.4,0.0,20.6,0.261,26.26,72
-30.6002,146.8384,2016-10-11,14.9,0.3,19.0,0.199,27.21,50
-28.7426,149.8311,2016-10-12,15.1,0.0,16.3,0.239,27.58,47
-31.8542,145.9961,2016-10-13,13.4,0.0,14.6,0.197,23.17,62
-36.2721,149.4422,2016-10-14,7.8,0.0,10.2,0.354,27.26,71
-28.418,149.8252,2016-10-15,19.2,0.0,14.8,0.122,27.2,43
-34.2699,150.5318,2016-10-16,17.7,0.0,16.7,0.279,26.52,57
-29.6465,146.1486,2016-10-17,18.2,0.2,29.2,0.131,21.06,39
-29.3928,152.7023,2016-10-18,17.6,0.0,8.6,0.265,28.3,58
-28.2573,150.6074,2016-10-19,18.9,0.0,11.8,0.134,26.1,48
-31.1968,147.623,2016-10-20,17.1,0.0,10.8,0.243,28.17,50
-31.7743,151.4522,2016-10-21,14.8,6.2,18.8,0.359,20.41,77
-31.8588,146.475,2016-10-22,12.7,0.9,25.3,0.274,26.46,53
-34.4612,150.8757,2016-10-23,13.1,0.0,34.3,0.304,22.79,60
-28.1697,152.5133,2016-10-24,16.9,0.0,10.1,0.294,26.8,57
-34.8359,143.3106,2016-10-25,18.4,0.0,21.2,0.322,27.77,44
-28.4169,149.8431,2016-10-26,22.4,0.0,15.1,0.128,27.64,42
-32.879,146.0848,2016-10-27,19.0,0.0,16.2,0.17,26.23,56
-29.8484,150.7394,2016-10-28,19.3,9.3,13.7,0.25,27.65,68
-34.2872,147.4469,2016-10-29,19.6,0.3,16.1,0.212,25.64,71
-31.8758,145.9796,2016-10-31,14.8,0.0,29.6,0.119,30.61,36
-34.4615,150.8757,2016-11-01,16.5,0.0,19.5,0.273,29.32,51
-28.4374,152.6395,2016-11-02,18.5,0.0,10.8,0.261,30.83,45
-31.8706,145.9775,2016-11-03,19.1,0.0,9.7,0.115,30.17,42
-29.1456,152.1622,2016-11-04,18.3,0.0,9.7,0.423,29.22,59
-28.2733,149.3917,2016-11-05,24.9,0.0,27.6,0.185,30.43,27
-28.6536,152.7534,2016-11-06,22.0,0.0,19.5,0.257,30.46,48
-29.4275,145.8769,2016-11-07,26.1,0.0,17.0,0.13,30.52,19
-36.1471,143.6276,2016-11-08,15.5,0.0,20.1,0.194,28.39,55
-31.2004,152.8744,2016-11-09,22.1,12.0,17.1,0.256,20.57,78
-34.8573,143.3235,2016-11-10,19.5,0.0,12.0,0.22,29.78,48
-31.2676,147.0697,2016-11-11,26.3,0.0,16.3,0.196,28.36,49
-34.4616,150.8782,2016-11-12,23.1,9.3,21.1,0.322,26.04,68
-33.9328,150.8857,2016-11-13,20.5,0.0,30.3,0.2,31.24,48
-29.3954,152.6464,2016-11-14,19.9,0.0,19.9,0.282,24.98,40
-36.0933,145.3771,2016-11-15,14.2,0.0,20.8,0.283,24.4,66
-31.8874,145.9976,2016-11-16,20.3,0.0,9.6,0.135,31.05,47
-37.3304,143.5014,2016-11-17,18.1,0.0,22.7,0.268,30.58,63
-28.2736,149.8747,2016-11-18,25.8,0.0,20.2,0.099,30.88,41
-37.0645,148.566,2016-11-19,17.3,0.0,13.0,0.311,29.06,75
-28.2818,148.8565,2016-11-20,28.1,0.0,27.2,0.045,30.54,30
-30.0443,152.03,2016-11-21,18.0,0.0,15.4,0.278,31.56,50
-30.2507,152.4546,2016-11-22,17.4,0.0,13.5,0.26,30.91,65
-29.907,149.5919,2016-11-23,26.9,0.0,24.4,0.25,30.86,36
-34.4681,150.8831,2016-11-24,16.6,0.6,24.8,0.311,31.47,62
-28.2496,151.3623,2016-11-25,22.3,0.0,13.1,0.136,30.46,43
-36.1924,149.9747,2016-11-26,16.5,1.2,16.2,0.263,21.2,77
-28.2936,152.1632,2016-11-27,20.9,1.1,12.2,0.149,23.23,70
-36.9373,144.7198,2016-11-28,16.4,0.0,16.0,0.246,31.16,66
-29.4072,153.0448,2016-11-29,24.3,1.9,13.7,0.221,28.08,62
-35.3245,149.1856,2016-11-30,19.2,0.4,18.6,0.206,28.69,65
-36.9346,144.967,2016-12-01,18.7,0.0,18.1,0.191,30.44,63
-28.2773,148.4008,2016-12-02,32.7,0.0,14.8,0.072,31.73,16
-37.4036,141.4819,2016-12-03,16.0,0.0,10.6,0.232,33.42,54
-34.4572,150.8804,2016-12-04,21.4,0.0,21.0,0.2,28.91,80
-29.6384,152.2557,2016-12-05,24.7,2.6,15.5,0.444,26.8,72
-28.1858,151.0575,2016-12-06,30.2,0.3,21.4,0.131,27.99,50
-36.9616,144.9803,2016-12-07,18.5,0.0,14.7,0.182,33.25,51
-34.4625,150.8813,2016-12-08,22.9,0.0,27.3,0.323,28.07,73
-31.0636,151.9465,2016-12-09,15.8,0.5,21.6,0.362,32.76,58
-34.5692,146.4074,2016-12-10,18.1,0.0,11.7,0.184,33.54,45
-28.2603,149.0157,2016-12-11,25.8,0.0,23.3,0.146,29.85,46
-35.2019,149.7191,2016-12-12,20.3,0.4,17.0,0.269,26.42,66
-28.2317,148.8681,2016-12-13,27.6,0.0,19.8,0.098,32.25,37
-29.7405,152.8662,2016-12-14,25.8,0.0,17.1,0.217,31.85,57
-28.6472,149.5207,2016-12-15,30.5,0.0,25.2,0.244,26.62,31
-29.8268,152.2578,2016-12-16,20.0,2.7,7.3,0.419,10.04,92
-35.3779,144.4018,2016-12-17,19.9,0.0,28.8,0.305,33.29,46
-28.2957,149.7831,2016-12-18,29.4,0.0,25.4,0.05,31.21,45
-35.9472,148.8438,2016-12-19,14.9,0.0,16.1,0.297,33.83,60
-28.3589,150.01,2016-12-20,27.9,0.3,24.5,0.136,27.57,54
-33.8165,150.8011,2016-12-21,21.4,0.7,21.8,0.236,32.28,68
-29.2381,153.0042,2016-12-22,23.4,0.2,17.2,0.226,18.18,71
-30.1576,149.1116,2016-12-23,27.7,0.2,23.4,0.209,27.99,53
-34.458,150.8818,2016-12-24,21.2,0.8,19.3,0.323,23.14,87
-36.2315,142.9004,2016-12-25,29.4,0.0,23.7,0.254,32.95,30
-34.0889,148.0257,2016-12-26,26.9,0.0,21.1,0.209,27.37,46
-28.5012,150.7261,2016-12-27,26.7,0.0,20.9,0.054,32.57,46
-29.8643,152.747,2016-12-28,22.8,0.0,13.7,0.247,28.45,71
-29.2305,152.9261,2016-12-29,27.3,0.0,15.6,0.211,31.56,60
-30.819,149.2844,2016-12-30,30.2,0.0,14.3,0.234,29.75,37
-29.8621,152.7545,2016-12-31,29.7,0.0,18.5,0.227,25.45,61
-28.6287,149.7381,2017-01-01,33.8,0.8,21.2,0.252,26.46,37
-28.6221,148.3156,2017-01-02,30.7,0.1,24.5,0.111,25.74,44
-29.2222,148.7918,2017-01-03,29.2,0.8,17.1,0.215,30.09,49
-29.2193,148.8188,2017-01-04,29.3,0.0,21.3,0.204,31.46,38
-28.836,149.3997,2017-01-05,28.2,0.0,26.1,0.207,27.75,42
-31.2071,146.8727,2017-01-06,28.4,0.5,19.9,0.174,23.98,42
-28.3514,149.7794,2017-01-07,27.2,0.0,29.0,0.207,24.33,51
-31.9296,151.6772,2017-01-08,21.6,0.0,14.6,0.31,31.91,66
-28.3178,149.897,2017-01-09,28.4,0.0,18.2,0.096,32.05,37
-28.3109,149.9005,2017-01-10,30.8,0.0,26.2,0.094,25.43,42
-34.4683,150.8851,2017-01-11,26.6,0.5,24.5,0.189,26.36,73
-32.5061,149.2045,2017-01-12,28.3,0.0,23.9,0.151,31.96,46
-34.4605,150.877,2017-01-13,26.9,0.0,24.5,0.184,27.8,67
-30.4801,150.9203,2017-01-14,26.3,4.1,24.8,0.111,23.15,64
-33.8208,150.7909,2017-01-15,23.2,0.9,17.0,0.215,16.15,70
-28.3952,149.8611,2017-01-16,29.7,0.0,24.6,0.046,21.1,53
-28.3736,148.6276,2017-01-17,32.3,0.0,23.7,0.209,30.33,38
-35.1883,149.6134,2017-01-18,24.5,0.1,29.5,0.153,28.83,50
-28.2762,149.8475,2017-01-19,32.1,0.5,21.2,0.107,22.47,44
-30.071,148.2472,2017-01-21,27.8,0.3,20.2,0.102,31.86,47
-34.4597,150.8839,2017-01-22,21.4,0.0,24.1,0.266,29.82,70
-29.1845,149.2149,2017-01-23,29.2,0.0,22.9,0.23,30.41,45
-28.3081,149.8891,2017-01-24,30.5,0.0,23.6,0.107,30.42,44
-30.1767,145.3882,2017-01-25,32.4,0.2,22.5,0.068,23.01,46
-28.5433,149.8674,2017-01-26,30.8,0.3,20.8,0.239,22.69,48
-32.7593,145.9582,2017-01-27,28.5,0.0,16.6,0.137,31.15,31
-28.5393,149.8949,2017-01-28,29.4,0.2,23.3,0.238,23.79,56
-34.465,150.8771,2017-01-29,23.6,0.0,19.9,0.203,27.02,81
-29.6687,153.2995,2017-01-30,25.6,0.1,23.2,0.167,25.8,78
-30.3153,151.0839,2017-01-31,25.1,0.0,10.7,0.266,29.57,61
-29.6841,153.2742,2017-02-01,26.0,0.0,18.1,0.148,29.84,75
-28.4058,149.5317,2017-02-02,34.9,0.0,15.3,0.203,29.47,27
-33.0193,146.5001,2017-02-03,26.2,0.0,11.3,0.286,24.18,25
-31.6748,146.3454,2017-02-04,32.0,0.0,15.7,0.099,21.65,25
-33.6605,142.5682,2017-02-05,29.8,0.0,31.8,0.086,24.67,47
-28.4141,149.5276,2017-02-06,31.6,0.0,18.0,0.203,29.65,35
-31.6403,151.7231,2017-02-07,25.0,2.0,14.8,0.29,21.04,78
-28.2597,151.394,2017-02-08,26.6,0.0,22.8,0.121,22.87,57
-31.5718,148.378,2017-02-09,29.7,0.0,22.1,0.142,29.25,44
-28.5777,149.2413,2017-02-10,31.8,0.0,17.3,0.188,29.36,37
-28.3449,148.6388,2017-02-11,35.4,0.0,12.0,0.201,29.01,27
-32.0546,149.6796,2017-02-12,31.7,0.0,33.8,0.177,26.82,27
-28.242,152.9803,2017-02-13,26.7,0.1,25.4,0.238,21.81,73
-32.4013,149.9142,2017-02-14,20.3,0.8,24.5,0.178,19.98,64
-28.5457,148.9196,2017-02-15,29.6,0.0,24.2,0.107,27.25,39
-28.9234,147.5373,2017-02-16,31.1,0.2,31.8,0.042,21.03,41
-28.9051,147.5496,2017-02-17,31.8,7.0,27.6,0.071,24.67,48
-30.8512,146.5031,2017-02-18,28.2,0.0,22.5,0.132,28.18,28
-34.4642,150.8809,2017-02-19,19.5,0.0,18.5,0.37,25.76,76
-28.8151,149.4076,2017-02-20,22.5,0.0,18.2,0.253,29.34,33
-32.2765,151.3125,2017-02-21,19.6,0.0,20.8,0.303,28.12,59
-28.2145,148.4702,2017-02-22,28.0,0.0,22.4,0.129,27.05,42
-34.4631,150.8856,2017-02-23,23.4,0.0,23.2,0.283,24.91,71
-28.5024,152.027,2017-02-24,19.5,0.0,15.1,0.266,27.86,71
-31.8139,145.7808,2017-02-25,27.0,0.0,20.2,0.111,28.38,24
-30.4942,150.913,2017-02-26,18.3,1.1,22.8,0.115,21.73,68
-31.8235,145.7452,2017-02-27,26.7,0.0,23.0,0.11,26.99,36
-36.0007,145.4697,2017-02-28,24.8,0.0,13.3,0.158,25.9,43
-29.9633,149.5845,2017-03-01,25.2,0.0,14.2,0.047,19.93,53
-33.3537,147.5243,2017-03-02,26.1,0.0,15.5,0.136,24.69,48
-29.6955,148.6569,2017-03-03,29.1,1.7,19.0,0.046,23.54,42
-31.7968,145.7701,2017-03-04,25.9,3.2,27.5,0.125,20.74,56
-34.5408,145.518,2017-03-05,25.5,0.0,18.7,0.164,21.37,48
-31.221,147.6984,2017-03-06,24.4,0.0,14.4,0.284,25.43,56
-34.4614,150.8785,2017-03-07,18.7,2.5,27.1,0.382,13.03,73
-29.7236,148.0618,2017-03-08,24.6,0.0,20.5,0.113,24.2,41
-34.65,148.4563,2017-03-09,18.4,0.0,18.3,0.184,25.3,59
-30.2311,153.1192,2017-03-10,19.5,0.0,20.3,0.336,23.81,68
-28.9437,147.5279,2017-03-11,26.3,0.0,13.9,0.04,26.21,28
-28.3496,150.0206,2017-03-12,26.9,0.1,18.4,0.209,25.86,46
-31.2167,147.6771,2017-03-13,22.3,5.2,33.2,0.226,18.59,65
-31.8387,146.4789,2017-03-14,20.3,1.6,21.3,0.304,18.04,78
-28.3634,149.9067,2017-03-15,23.7,0.3,23.7,0.296,19.63,75
-33.852,142.1928,2017-03-16,25.1,0.0,23.9,0.16,22.48,40
-28.3431,148.6697,2017-03-17,27.2,0.9,27.5,0.251,20.06,61
-37.0157,148.143,2017-03-18,15.4,0.0,13.5,0.301,23.17,75
-28.2898,149.5929,2017-03-19,24.4,0.5,19.8,0.338,21.25,72
-35.5244,143.1973,2017-03-20,27.5,2.5,20.3,0.163,18.37,51
-28.877,149.5364,2017-03-21,25.3,1.5,23.2,0.402,17.31,77
-31.8218,146.4952,2017-03-22,25.7,0.2,15.2,0.334,19.33,75
-31.8403,145.7356,2017-03-23,27.4,0.0,16.6,0.247,19.43,58
-28.9918,148.5359,2017-03-24,26.8,0.0,15.8,0.196,20.09,68
-34.7505,147.6505,2017-03-25,20.3,3.7,21.7,0.285,10.36,72
-28.3656,149.705,2017-03-26,27.3,0.0,13.9,0.25,20.4,58
-33.8436,148.6025,2017-03-27,23.6,0.0,20.1,0.329,21.09,68
-28.4739,150.7132,2017-03-28,25.4,0.0,14.0,0.1,22.29,68
-31.5581,148.216,2017-03-29,26.5,0.0,22.9,0.353,20.98,57
-31.5381,147.7904,2017-03-30,21.0,9.1,29.4,0.31,19.99,48
-28.3454,148.6788,2017-03-31,19.8,0.0,29.2,0.347,22.86,42
-36.1021,147.638,2017-04-01,12.7,0.0,11.9,0.279,20.56,61
-31.7286,145.7648,2017-04-02,19.3,0.0,17.9,0.139,20.37,45
-34.2535,141.6198,2017-04-03,16.4,0.0,18.3,0.16,20.49,50
-28.9715,148.5595,2017-04-04,22.1,0.0,25.3,0.107,21.23,42
-28.3514,148.6614,2017-04-05,21.2,0.0,20.3,0.243,19.17,49
-28.5595,150.4554,2017-04-06,18.1,1.1,16.9,0.175,16.93,72
-30.0999,149.838,2017-04-07,18.3,0.0,19.7,0.378,18.51,62
-34.9951,146.9144,2017-04-08,20.1,0.0,20.1,0.17,14.99,48
-30.3907,147.7203,2017-04-09,22.8,0.0,30.9,0.219,19.11,42
-33.6343,145.2767,2017-04-10,14.1,0.0,26.3,0.181,11.65,52
-28.8101,149.3913,2017-04-11,18.5,0.0,16.3,0.23,20.93,49
-28.2729,147.5591,2017-04-12,21.4,0.0,12.1,0.04,20.88,43
-28.2437,151.369,2017-04-13,19.1,0.0,18.1,0.202,14.18,65
-30.7665,149.9926,2017-04-14,17.4,0.0,13.9,0.283,19.37,62
-31.3977,152.5668,2017-04-15,17.2,0.0,11.0,0.316,18.22,78
-31.6962,149.1547,2017-04-16,16.6,0.0,11.3,0.213,17.04,55
-36.433,141.5972,2017-04-17,14.9,0.0,9.4,0.153,15.64,65
-28.3443,149.9696,2017-04-18,21.1,0.1,13.3,0.237,16.47,57
-35.0277,142.2873,2017-04-19,22.1,0.0,25.2,0.157,15.3,37
-28.3471,149.9573,2017-04-20,20.5,0.0,21.2,0.226,17.68,57
-30.8123,147.0056,2017-04-21,21.7,0.0,19.0,0.215,14.36,46
-28.2687,150.098,2017-04-22,20.4,0.0,15.5,0.181,12.91,63
-34.192,147.9174,2017-04-23,17.8,0.0,10.6,0.207,14.55,68
-34.9888,145.9144,2017-04-24,19.5,1.7,16.2,0.229,11.63,63
-28.46,151.6106,2017-04-25,17.8,0.0,17.8,0.137,16.55,67
-34.4648,150.8815,2017-04-26,16.6,0.0,21.3,0.321,14.34,66
-31.95,147.5383,2017-04-27,11.3,0.0,25.1,0.183,13.85,52
-30.8319,147.8119,2017-04-28,13.1,0.0,17.7,0.25,17.32,54
-29.8161,150.4239,2017-04-29,13.6,0.0,9.7,0.257,17.58,69
-30.8383,147.7882,2017-04-30,15.6,0.0,11.5,0.238,17.04,66
-30.9023,146.8424,2017-05-01,17.7,0.0,11.9,0.134,15.47,52
-30.8924,146.8497,2017-05-02,17.5,0.0,20.2,0.129,14.05,53
-37.3488,143.8304,2017-05-03,7.4,0.0,11.8,0.353,13.85,71
-28.9838,148.5534,2017-05-04,18.9,0.4,15.5,0.146,13.06,65
-36.307,141.1711,2017-05-05,11.0,0.0,13.9,0.271,12.51,66
-28.445,148.5903,2017-05-06,18.3,0.0,16.0,0.054,16.91,58
-30.0821,148.0288,2017-05-07,17.4,0.0,25.4,0.052,16.15,48
-31.4146,150.2684,2017-05-08,12.3,0.0,18.3,0.321,15.66,68
-31.966,147.6488,2017-05-09,13.3,0.0,16.3,0.138,15.19,62
-37.1452,149.806,2017-05-10,13.2,0.0,14.2,0.264,11.9,75
-28.522,147.033,2017-05-11,17.4,0.0,15.9,0.024,16.7,39
-37.2777,149.9052,2017-05-12,12.9,0.0,11.7,0.249,10.65,74
-28.9849,150.3364,2017-05-13,17.7,0.1,16.3,0.204,11.51,64
-36.4211,141.2381,2017-05-14,9.8,0.0,13.7,0.239,8.71,76
-28.1644,150.471,2017-05-15,17.0,0.2,17.9,0.189,15.21,63
-28.2544,150.0535,2017-05-16,14.7,0.0,11.8,0.162,15.95,58
-28.5655,150.4448,2017-05-17,16.0,0.0,22.3,0.042,15.48,59
-28.2242,149.7554,2017-05-18,19.7,0.2,30.5,0.027,11.35,64
-28.9763,148.5616,2017-05-19,19.4,5.4,22.9,0.146,7.45,71
-34.4611,150.8803,2017-05-20,16.3,6.2,12.5,0.411,8.4,87
-28.969,148.564,2017-05-22,18.6,0.0,9.7,0.159,12.01,75
-29.1475,148.6307,2017-05-23,19.7,0.0,12.0,0.294,11.9,66
-29.1356,148.6392,2017-05-24,19.0,0.0,17.3,0.291,13.18,58
-28.525,147.0312,2017-05-25,14.8,0.0,12.2,0.117,14.85,69
-37.1889,146.791,2017-05-26,10.2,0.2,10.9,0.336,7.3,88
-28.7533,147.6971,2017-05-27,16.7,0.1,12.7,0.263,13.09,63
-34.2587,146.8497,2017-05-28,11.7,0.4,23.9,0.292,10.83,71
-28.9574,148.5755,2017-05-29,14.0,0.0,14.7,0.132,14.36,56
-34.4668,150.8882,2017-05-30,11.3,0.0,21.4,0.324,11.59,65
-30.0854,147.7116,2017-05-31,11.1,0.0,24.4,0.061,13.51,61
-30.2428,147.8053,2017-06-01,10.2,0.0,19.9,0.06,13.83,56
-28.2442,149.7727,2017-06-02,11.5,0.0,18.3,0.037,14.59,61
-30.5018,148.7047,2017-06-03,11.5,0.0,12.2,0.104,12.61,67
-37.1442,149.4638,2017-06-04,6.2,0.0,8.4,0.331,9.32,83
-28.4225,148.5807,2017-06-05,13.1,0.0,13.0,0.042,12.45,56
-28.6562,142.4672,2017-06-06,12.0,0.0,15.0,0.12,13.82,53
-28.6287,148.3324,2017-06-07,11.3,0.0,21.5,0.107,13.94,55
-28.7837,146.6483,2017-06-08,12.5,0.0,16.0,0.114,13.57,58
-28.6134,150.2746,2017-06-09,14.5,0.1,12.3,0.137,13.31,72
-30.4201,148.5479,2017-06-10,14.8,1.6,14.8,0.183,10.38,74
-34.4872,144.7537,2017-06-11,11.1,0.0,10.5,0.384,10.26,83
-30.1103,147.6559,2017-06-12,14.3,0.1,25.4,0.073,11.89,73
-36.4874,142.5434,2017-06-13,9.5,0.0,8.0,0.425,6.94,91
-28.3602,149.8532,2017-06-14,16.4,0.0,19.5,0.081,11.23,69
-36.8598,141.5195,2017-06-15,10.6,0.0,10.4,0.313,7.61,84
-37.1664,149.8572,2017-06-16,10.2,0.0,11.6,0.331,8.36,82
-37.1729,149.8442,2017-06-17,10.9,0.4,12.1,0.33,6.09,87
-30.2118,149.8655,2017-06-18,13.9,0.0,21.2,0.231,12.3,75
-28.357,149.3719,2017-06-19,15.2,0.0,16.9,0.189,13.27,67
-37.1549,149.5588,2017-06-20,7.1,0.0,9.4,0.319,9.69,89
-28.5944,152.0925,2017-06-21,10.0,0.0,9.0,0.365,13.88,77
-34.7863,149.8829,2017-06-22,7.4,0.0,10.5,0.338,8.81,83
-29.8544,149.8454,2017-06-23,13.2,0.0,13.2,0.34,12.61,62
-29.3739,149.268,2017-06-24,14.1,0.0,11.9,0.18,12.78,54
-29.0652,148.7051,2017-06-25,14.5,0.0,10.5,0.145,12.82,54
-29.0519,148.7128,2017-06-26,14.4,0.0,12.6,0.143,13.04,55
-37.1313,149.5343,2017-06-27,5.5,0.0,12.1,0.305,8.63,85
-35.5515,145.7128,2017-06-28,7.8,0.0,8.4,0.264,8.2,81
-34.8071,146.0782,2017-06-29,7.9,0.1,19.8,0.225,9.06,78
-33.6839,146.2637,2017-06-30,7.0,0.0,14.2,0.237,11.42,72
-37.011,149.086,2017-07-01,1.6,0.0,9.7,0.315,10.34,84
-30.4595,149.2788,2017-07-02,9.6,0.0,11.0,0.278,12.79,68
-32.3553,147.6619,2017-07-03,12.3,0.9,21.8,0.19,8.99,74
-30.9897,150.2437,2017-07-04,12.8,0.3,21.4,0.393,12.03,68
-29.371,149.2766,2017-07-05,11.8,0.6,11.9,0.303,8.45,63
-37.2352,149.7885,2017-07-06,7.7,0.0,13.8,0.289,9.97,81
-29.0699,148.7095,2017-07-07,13.2,0.0,15.3,0.21,13.37,56
-36.1319,149.6899,2017-07-08,9.4,0.0,11.4,0.304,10.49,64
-29.0702,148.7137,2017-07-09,11.1,0.0,10.2,0.196,12.78,55
-35.4762,150.3029,2017-07-10,9.5,0.0,16.1,0.28,10.86,62
-28.6065,151.7541,2017-07-11,9.8,0.2,18.6,0.316,14.05,62
-28.2868,149.8695,2017-07-12,10.4,0.0,10.7,0.153,14.49,63
-37.4723,143.3353,2017-07-13,6.5,0.9,27.4,0.328,5.63,82
-28.9936,148.5157,2017-07-14,15.1,0.0,19.5,0.15,13.02,58
-28.5303,149.8009,2017-07-16,12.9,0.1,9.0,0.316,12.18,78
-33.1473,147.4812,2017-07-17,10.6,0.2,20.7,0.237,11.98,64
-28.2947,149.384,2017-07-18,16.6,0.0,19.6,0.273,14.69,62
-28.2748,147.5595,2017-07-19,12.4,0.0,34.9,0.049,13.95,48
-29.1042,153.0301,2017-07-20,13.6,0.0,12.6,0.298,14.85,53
-29.4733,148.9274,2017-07-21,9.4,0.0,15.3,0.249,14.71,57
-35.8906,149.9708,2017-07-22,7.2,0.0,13.0,0.258,12.36,63
-28.7296,152.8587,2017-07-23,12.6,0.0,13.2,0.395,15.55,59
-35.4715,150.2847,2017-07-24,12.4,0.0,20.8,0.233,11.88,59
-28.7173,150.5605,2017-07-25,10.6,0.0,12.8,0.194,15.82,58
-30.8439,146.5124,2017-07-26,14.6,0.0,13.3,0.148,13.72,42
-28.9987,148.5639,2017-07-27,13.8,0.0,10.8,0.123,15.5,53
-28.9945,148.5634,2017-07-28,15.9,0.0,29.4,0.12,14.91,46
-36.4007,149.4355,2017-07-29,5.6,0.0,35.8,0.313,13.05,58
-29.322,149.0015,2017-07-30,16.8,0.0,15.7,0.217,15.25,39
-35.1451,144.0678,2017-07-31,11.1,0.0,16.6,0.366,11.86,68
-29.3276,151.9114,2017-08-01,8.3,0.0,21.4,0.16,16.86,63
-37.4725,141.9386,2017-08-02,5.9,0.0,14.2,0.361,10.98,86
-28.1582,150.0056,2017-08-03,17.5,5.7,29.4,0.17,14.92,60
-29.6275,153.1434,2017-08-04,14.9,2.6,14.9,0.249,16.16,67
-29.0875,152.7774,2017-08-05,10.8,0.0,12.2,0.249,16.7,62
-34.4654,150.868,2017-08-06,12.0,0.0,19.7,0.325,13.74,60
-34.4598,150.8819,2017-08-07,10.8,0.2,32.2,0.312,14.43,61
-28.456,153.4239,2017-08-08,14.0,0.0,16.8,0.336,17.74,40
-32.8917,142.593,2017-08-09,11.2,0.0,19.8,0.184,14.38,59
-29.0641,148.7359,2017-08-10,14.3,0.0,14.4,0.201,17.47,49
-29.0644,148.7304,2017-08-11,17.1,0.0,15.2,0.19,16.92,37
-28.5286,149.7999,2017-08-12,15.5,0.0,14.8,0.251,16.89,45
-29.0635,148.7331,2017-08-13,12.5,0.0,10.9,0.177,18.12,51
-37.4756,148.1609,2017-08-14,13.0,0.0,20.9,0.301,10.96,55
-28.2941,149.387,2017-08-15,19.1,0.0,18.0,0.201,17.48,35
-35.6768,150.0526,2017-08-16,12.2,2.4,24.6,0.279,14.54,66
-28.1709,149.5864,2017-08-17,18.4,0.0,19.4,0.125,18.16,39
-29.6571,145.6507,2017-08-18,14.9,0.0,26.0,0.118,18.38,35
-28.157,151.0531,2017-08-19,10.2,0.0,27.8,0.189,19.21,37
-29.0785,148.7279,2017-08-20,10.3,0.0,12.3,0.169,19.11,41
-28.6731,152.5468,2017-08-21,11.5,2.2,10.3,0.217,15.06,65
-29.9909,147.5869,2017-08-22,14.5,0.0,16.9,0.041,18.89,33
-34.4564,150.8739,2017-08-23,12.8,0.0,19.1,0.227,16.34,74
-31.7933,151.5086,2017-08-24,8.6,0.0,15.2,0.272,18.25,59
-33.83,149.252,2017-08-25,5.0,0.0,10.1,0.353,17.79,72
-29.1798,152.8143,2017-08-26,13.0,0.0,14.8,0.235,17.31,63
-29.0445,148.7112,2017-08-27,13.9,0.0,18.6,0.16,18.95,39
-28.6659,152.5397,2017-08-28,10.5,0.0,13.3,0.236,20.48,50
-29.2437,147.8757,2017-08-29,10.5,0.0,12.5,0.124,19.97,39
-35.3156,149.2998,2017-08-30,4.7,0.0,20.8,0.325,17.78,69
-28.5938,150.1551,2017-08-31,12.6,0.0,12.3,0.196,21.08,40
-33.0969,142.9452,2017-09-01,13.7,0.0,12.0,0.118,18.8,37
-28.4726,152.0696,2017-09-02,11.8,0.0,12.2,0.204,21.09,59
-34.5849,146.1296,2017-09-03,14.7,0.0,28.1,0.199,15.61,40
-28.4956,149.931,2017-09-04,17.7,0.0,19.9,0.225,21.34,30
-29.0037,149.403,2017-09-05,14.3,0.0,18.2,0.214,21.59,34
-28.3228,153.393,2017-09-06,15.0,0.0,10.5,0.197,22.23,42
-29.6276,152.1279,2017-09-07,8.1,0.0,19.1,0.225,21.99,51
-34.4621,150.8837,2017-09-08,12.9,0.0,25.8,0.169,15.54,55
-30.2333,151.5385,2017-09-09,5.5,0.0,16.1,0.262,21.99,59
-35.4934,144.401,2017-09-10,11.0,0.0,8.2,0.353,16.97,69
-28.9374,152.0897,2017-09-11,11.9,0.0,15.5,0.216,22.47,38
-28.7431,148.8335,2017-09-12,19.6,0.0,12.7,0.108,21.9,32
-28.2561,152.6735,2017-09-13,18.3,0.0,11.4,0.18,18.99,60
-29.7911,146.0818,2017-09-14,14.0,0.6,29.0,0.031,22.51,38
-35.1487,150.7425,2017-09-15,15.0,0.0,26.0,0.064,20.31,47
-28.5189,152.2612,2017-09-16,14.2,0.0,15.3,0.207,23.53,44
-35.3974,145.5213,2017-09-17,9.0,0.0,10.3,0.207,21.61,65
-28.2342,152.6967,2017-09-18,16.7,0.0,10.3,0.191,19.53,64
-32.1299,147.0947,2017-09-19,14.5,0.0,28.8,0.122,23.07,42
-28.6999,152.3163,2017-09-20,15.4,0.0,13.2,0.202,23.3,55
-29.2862,148.9256,2017-09-21,17.5,0.0,12.9,0.272,24.49,30
-28.7017,152.3518,2017-09-22,18.5,1.8,20.9,0.191,20.29,64
-33.5263,141.0966,2017-09-23,24.9,0.0,41.7,0.082,22.51,24
-36.4188,149.4931,2017-09-24,11.4,0.0,39.8,0.24,21.98,44
-31.9253,151.874,2017-09-25,22.3,0.0,22.8,0.203,22.33,34
-35.2195,144.0726,2017-09-26,13.7,0.0,14.6,0.272,22.99,55
-28.3237,148.7912,2017-09-27,30.1,0.0,26.9,0.024,24.31,22
-34.2228,142.2789,2017-09-28,15.7,0.0,28.0,0.098,11.0,55
-28.5909,152.3705,2017-09-29,21.5,0.0,17.6,0.165,23.37,44
-35.5912,144.7599,2017-09-30,13.6,0.0,27.5,0.142,21.96,53
-37.4675,148.1266,2017-10-01,10.6,0.0,17.5,0.272,20.94,67
-30.2894,144.0377,2017-10-02,20.5,0.0,18.8,0.191,25.38,24
-37.2268,141.1454,2017-10-03,12.9,0.0,13.3,0.211,23.0,78
-28.9288,147.534,2017-10-04,21.2,0.0,11.7,0.157,23.93,67
-34.4636,150.8758,2017-10-05,19.0,0.0,23.1,0.142,19.56,82
-28.2568,148.7554,2017-10-06,24.6,0.0,17.3,0.259,24.33,55
-30.8249,146.5079,2017-10-07,22.8,0.0,16.2,0.121,22.18,29
-37.0908,145.3618,2017-10-08,14.6,14.7,21.7,0.325,15.75,74
-36.8359,143.0548,2017-10-09,12.7,0.1,24.5,0.216,20.21,68
-37.2496,143.4125,2017-10-10,10.4,0.0,11.0,0.23,25.41,73
-28.2642,149.462,2017-10-11,24.3,4.4,19.5,0.321,22.8,70
-34.4625,150.8768,2017-10-12,20.1,1.1,20.4,0.233,25.07,68
-30.3273,152.5574,2017-10-13,15.4,0.7,12.8,0.392,19.41,84
-30.8272,146.5157,2017-10-14,20.8,0.0,22.9,0.219,26.91,47
-30.4219,148.5621,2017-10-15,21.9,0.0,21.6,0.26,24.2,49
-32.9417,145.9376,2017-10-16,22.3,0.0,18.5,0.18,27.27,34
-35.9373,145.6067,2017-10-17,19.9,0.0,15.3,0.247,26.81,51
-28.9275,147.5331,2017-10-18,22.8,3.5,34.3,0.081,16.16,60
-31.2458,141.594,2017-10-19,25.6,0.7,33.4,0.017,20.07,52
-34.4596,150.8858,2017-10-21,14.8,0.1,20.5,0.288,20.0,68
-31.3746,150.0801,2017-10-22,15.3,0.0,16.6,0.339,20.29,61
-28.277,149.9781,2017-10-23,18.7,0.0,16.5,0.288,26.5,51
-30.9014,151.8378,2017-10-24,12.2,0.0,13.8,0.368,25.92,67
-34.2316,142.1866,2017-10-25,22.6,0.4,28.3,0.256,25.92,49
-36.2539,144.3264,2017-10-26,16.0,1.2,21.3,0.216,19.47,65
-28.2438,148.7324,2017-10-27,22.9,0.0,21.6,0.114,29.16,44
-37.3397,143.1224,2017-10-28,13.6,0.2,18.3,0.272,26.58,69
-28.5557,148.295,2017-10-29,27.3,0.3,22.8,0.026,24.96,38
-32.9897,146.015,2017-10-30,17.3,0.0,30.0,0.175,24.59,41
-30.8821,152.5353,2017-10-31,17.2,0.3,15.2,0.305,28.43,49
-28.2191,150.0996,2017-11-01,19.1,0.0,20.6,0.135,30.19,30
-34.4606,150.8779,2017-11-02,16.5,0.0,14.3,0.223,20.52,73
-28.2498,150.0719,2017-11-03,23.0,0.0,12.5,0.138,30.03,31
-35.1945,149.1287,2017-11-04,12.2,0.4,22.7,0.223,22.64,68
-28.7123,148.1372,2017-11-05,27.3,0.1,19.7,0.206,24.8,33
-31.5417,146.4988,2017-11-06,21.4,0.0,31.1,0.154,30.01,39
-30.1984,148.6163,2017-11-07,20.1,0.0,22.3,0.228,30.79,36
-28.575,150.2345,2017-11-08,20.1,0.1,26.1,0.388,25.88,57
-28.7036,148.1483,2017-11-09,21.8,0.0,22.9,0.242,29.91,40
-28.2627,149.3913,2017-11-10,21.3,0.0,20.6,0.21,23.76,47
-28.5633,148.2944,2017-11-11,23.6,0.0,20.4,0.03,28.3,38
-28.5586,148.2988,2017-11-12,23.2,0.0,21.7,0.029,22.65,42
-34.466,150.8817,2017-11-13,17.2,0.0,16.8,0.225,22.42,72
-28.4352,152.2553,2017-11-14,16.0,0.0,15.1,0.283,24.37,73
-34.4632,150.8781,2017-11-15,19.0,0.0,25.5,0.203,28.33,76
-31.5032,152.7868,2017-11-16,18.6,3.2,19.4,0.325,17.66,76
-31.5527,146.5057,2017-11-17,20.5,3.5,14.5,0.232,23.45,66
-31.2936,147.79,2017-11-18,20.0,3.5,23.9,0.446,18.04,71
-31.2916,147.8011,2017-11-19,21.3,0.1,20.8,0.403,24.67,59
-34.465,150.8826,2017-11-20,18.7,1.5,14.6,0.32,18.54,79
-28.7959,148.5195,2017-11-21,22.0,0.0,20.9,0.225,29.11,53
-31.509,152.7876,2017-11-22,17.0,10.4,12.8,0.356,16.76,90
-30.496,152.9562,2017-11-23,18.1,0.5,13.6,0.372,24.94,81
-34.4645,150.8809,2017-11-24,20.7,0.0,18.7,0.238,26.66,81
-30.8819,151.7506,2017-11-25,16.2,0.3,16.9,0.351,29.45,74
-28.5561,151.2888,2017-11-26,23.7,0.0,20.5,0.114,29.36,52
-31.2975,147.8009,2017-11-27,24.9,4.9,20.5,0.246,23.8,60
-29.3213,151.2969,2017-11-28,22.1,0.0,16.3,0.058,22.75,63
-34.4665,150.8829,2017-11-29,21.5,2.6,13.0,0.22,22.38,88
-30.6415,147.7899,2017-11-30,25.5,0.2,21.7,0.302,23.83,65
-33.8202,150.7849,2017-12-01,24.7,0.1,19.5,0.237,24.47,70
-31.0559,151.9199,2017-12-02,17.2,8.2,23.4,0.399,15.36,84
-34.4647,150.8802,2017-12-03,20.7,0.5,14.9,0.296,26.0,66
-29.5764,149.8571,2017-12-04,20.0,0.0,17.4,0.143,31.91,53
-30.2826,148.6597,2017-12-05,19.7,0.0,17.3,0.39,31.6,45
-31.3399,152.9174,2017-12-06,20.8,1.5,18.8,0.196,23.17,74
-29.9761,151.5447,2017-12-07,16.7,0.0,14.9,0.443,29.29,49
-31.362,147.7158,2017-12-08,22.0,0.1,23.2,0.304,29.98,43
-28.9378,152.5873,2017-12-09,20.7,13.8,14.5,0.334,22.58,83
-34.2891,141.7117,2017-12-10,21.9,0.0,18.6,0.22,32.97,45
-31.833,151.4654,2017-12-11,15.2,0.2,13.7,0.358,30.61,66
-28.9989,151.4363,2017-12-12,23.6,0.0,20.0,0.126,30.55,49
-34.4595,150.8757,2017-12-13,22.2,0.0,17.2,0.246,28.99,78
-28.2366,149.3399,2017-12-14,29.3,0.0,20.3,0.109,31.64,32
-28.9943,152.2516,2017-12-15,21.8,0.0,12.6,0.273,32.39,61
-28.3996,152.5735,2017-12-16,23.1,0.2,15.8,0.319,27.26,76
-28.711,142.649,2017-12-17,35.7,0.0,15.5,0.008,32.18,16
-30.3883,151.4284,2017-12-18,21.3,0.1,10.8,0.139,28.2,61
-32.5834,151.5726,2017-12-19,27.9,1.4,13.2,0.307,27.28,58
-30.8712,150.9796,2017-12-20,24.9,2.0,19.8,0.079,26.72,50
-31.4108,147.0318,2017-12-21,26.6,0.0,18.3,0.143,32.67,32
-34.4646,150.8836,2017-12-22,21.7,1.6,16.4,0.295,23.53,82
-33.5039,151.3244,2017-12-23,23.1,0.0,20.6,0.311,28.45,82
-32.8239,150.6984,2017-12-24,25.9,2.2,21.4,0.289,23.93,55
-30.5232,151.0207,2017-12-25,22.5,2.5,23.9,0.193,23.77,62
-30.6976,150.9485,2017-12-26,18.0,11.4,22.0,0.344,24.2,74
-30.5414,150.9937,2017-12-27,20.2,0.3,21.6,0.211,26.64,68
-28.2233,149.3226,2017-12-28,27.8,0.0,23.7,0.197,28.5,50
-30.5589,151.0083,2017-12-29,23.7,0.4,17.1,0.157,23.85,60
-30.1751,152.1223,2017-12-30,20.3,1.2,22.4,0.374,17.67,78
-33.818,150.8033,2018-01-01,23.5,0.0,24.2,0.216,27.72,72
-30.7097,150.9613,2018-01-02,21.2,1.2,18.3,0.312,28.38,63
-28.2272,149.3683,2018-01-03,29.2,0.0,22.1,0.11,32.4,32
-29.5407,148.902,2018-01-04,30.0,0.0,23.2,0.051,29.72,39
-35.5813,142.5584,2018-01-05,27.6,0.0,12.5,0.157,32.3,36
-28.4208,148.7122,2018-01-06,32.5,0.0,21.8,0.041,28.1,37
-28.7146,142.6122,2018-01-07,36.6,0.3,23.9,0.001,25.28,21
-28.7459,142.2966,2018-01-08,35.2,0.0,20.3,0.104,25.68,26
-28.6725,142.6178,2018-01-09,35.5,0.0,30.6,0.002,28.58,27
-30.4707,148.0597,2018-01-10,32.2,1.1,19.4,0.268,27.8,36
-28.6802,142.622,2018-01-11,37.7,0.0,25.5,0.0,30.25,16
-29.0401,142.6252,2018-01-12,37.1,0.0,39.2,0.103,25.07,20
-32.8066,151.7911,2018-01-13,28.6,1.0,29.8,0.167,16.92,59
-32.7742,151.8037,2018-01-14,19.5,5.6,40.9,0.175,22.68,70
-28.3234,149.8424,2018-01-15,25.9,0.0,27.4,0.026,32.73,24
-32.7779,151.8211,2018-01-16,20.1,0.4,33.8,0.173,19.38,59
-28.4651,152.4965,2018-01-17,19.8,0.0,15.1,0.274,32.44,60
-28.7029,148.4664,2018-01-18,29.8,0.0,15.8,0.103,31.87,23
-30.2894,150.9178,2018-01-19,23.5,0.0,13.9,0.166,32.71,38
-30.2774,150.9585,2018-01-20,24.2,0.0,20.3,0.161,32.64,34
-34.4061,149.9255,2018-01-21,24.9,0.0,20.6,0.181,30.94,35
-28.2285,149.3554,2018-01-22,30.0,0.0,19.2,0.109,31.17,37
-32.8807,150.45,2018-01-23,25.2,2.4,16.5,0.249,20.23,55
-28.4133,150.5054,2018-01-24,29.4,0.0,28.0,0.174,30.57,47
-32.0442,151.2044,2018-01-25,21.6,1.5,9.4,0.232,18.18,73
-32.6814,150.3363,2018-01-26,24.1,5.1,9.2,0.337,19.18,82
-32.0555,151.1876,2018-01-27,21.4,4.7,13.3,0.311,22.6,76
-32.2452,145.9878,2018-01-28,29.4,0.4,21.3,0.135,24.54,51
-29.8496,148.9893,2018-01-29,29.3,0.0,19.5,0.227,27.59,42
-32.926,150.3536,2018-01-30,22.2,0.0,18.3,0.321,30.38,64
-28.2075,147.9329,2018-01-31,29.8,0.0,20.3,0.115,24.88,40
-36.0531,149.0073,2018-02-01,10.3,0.0,17.1,0.36,25.1,67
-35.7734,145.0283,2018-02-02,21.9,0.0,17.6,0.178,24.18,48
-32.9022,146.4042,2018-02-03,23.4,0.0,21.9,0.138,25.14,39
-34.4632,150.8777,2018-02-04,19.8,0.0,15.5,0.213,23.4,75
-29.378,149.5492,2018-02-05,24.1,0.0,14.2,0.288,30.45,47
-29.3527,150.1021,2018-02-06,25.2,0.0,26.8,0.238,24.43,49
-28.5282,148.2484,2018-02-07,26.5,0.0,26.4,0.035,27.09,43
-31.5139,151.3717,2018-02-08,17.1,0.0,11.6,0.277,30.37,61
-28.2037,147.3795,2018-02-09,28.9,0.0,13.0,0.026,29.46,35
-34.4604,150.8806,2018-02-10,23.8,0.1,13.8,0.167,25.62,81
-28.9351,152.5793,2018-02-11,25.4,1.5,18.8,0.228,23.59,74
-33.1153,149.3342,2018-02-12,20.3,0.0,13.6,0.208,27.94,47
-28.7619,148.5604,2018-02-13,34.4,0.0,22.8,0.102,27.5,20
-28.7452,148.5764,2018-02-14,32.8,0.0,29.3,0.101,23.63,25
-33.7745,142.2986,2018-02-15,21.4,0.0,16.2,0.173,29.31,37
-28.7621,148.5814,2018-02-16,31.5,0.0,24.8,0.023,29.5,11
-31.7267,146.2346,2018-02-17,27.1,0.0,12.8,0.145,28.88,24
-32.8222,150.4941,2018-02-18,22.2,0.0,11.6,0.238,22.19,67
-31.9975,151.3718,2018-02-19,20.4,0.2,17.5,0.215,17.47,58
-28.642,152.9353,2018-02-20,22.5,2.5,17.6,0.408,14.74,75
-28.5601,148.0438,2018-02-21,26.0,0.1,32.3,0.08,17.74,54
-30.8148,147.0744,2018-02-22,27.7,0.0,18.9,0.202,24.96,38
-36.769,149.774,2018-02-23,21.1,0.0,14.8,0.271,23.61,76
-31.4225,146.8726,2018-02-24,29.1,0.7,20.2,0.101,22.57,53
-28.5818,147.0899,2018-02-25,30.7,1.3,20.8,0.116,20.62,53
-32.6307,145.7711,2018-02-26,22.8,0.0,22.8,0.148,26.59,40
-28.5191,152.0252,2018-02-27,16.9,0.0,27.0,0.403,19.44,84
-28.5857,147.1094,2018-02-28,30.2,0.1,20.4,0.11,18.36,53
-30.6423,151.3466,2018-03-01,22.3,0.0,28.7,0.272,25.16,66
-28.263,149.3643,2018-03-02,30.4,0.0,17.8,0.202,20.92,44
-34.474,149.9282,2018-03-03,21.1,0.0,13.2,0.329,25.12,70
-31.2208,146.9446,2018-03-04,29.2,0.2,19.0,0.127,20.84,35
-34.2632,145.9141,2018-03-05,21.7,0.0,20.2,0.144,21.65,36
-31.2258,146.9576,2018-03-06,24.8,0.9,25.5,0.21,21.44,57
-32.2952,146.03,2018-03-07,23.7,0.0,22.0,0.12,20.83,45
-28.5801,147.0887,2018-03-08,23.7,0.0,22.4,0.257,24.4,54
-28.8857,149.1348,2018-03-09,22.2,0.0,21.9,0.361,19.75,60
-37.3581,146.6856,2018-03-10,17.2,0.0,10.9,0.249,24.88,51
-28.4581,151.6187,2018-03-11,19.0,0.0,23.9,0.226,19.34,65
-37.3616,146.6563,2018-03-12,13.7,0.1,13.1,0.22,24.62,70
-28.7972,149.0561,2018-03-13,24.6,0.0,13.6,0.141,23.0,54
-31.4496,147.3169,2018-03-14,27.7,0.0,24.1,0.133,20.15,39
-28.4438,148.677,2018-03-15,26.8,0.0,20.5,0.039,24.94,41
-31.2194,146.9667,2018-03-16,28.4,0.0,15.7,0.197,20.64,23
-28.2344,151.5468,2018-03-17,24.0,0.0,16.9,0.217,23.52,53
-28.696,142.5661,2018-03-18,33.6,0.0,19.1,0.007,24.41,22
-35.2086,147.1703,2018-03-19,18.9,0.0,15.2,0.158,23.45,31
-28.2543,149.3936,2018-03-20,28.8,0.0,22.3,0.189,23.77,45
-35.1351,142.5302,2018-03-21,20.8,0.0,23.2,0.166,21.35,48
-28.4995,149.3499,2018-03-22,25.5,0.0,24.9,0.201,18.82,49
-31.2076,146.9741,2018-03-23,24.5,0.0,17.9,0.125,20.68,51
-28.3562,148.2185,2018-03-24,26.5,0.0,19.2,0.042,18.17,49
-29.0439,150.5625,2018-03-25,23.6,0.0,15.5,0.277,16.68,60
-32.9581,145.9735,2018-03-26,17.3,0.0,23.0,0.154,21.9,42
-28.5882,147.0602,2018-03-27,23.5,0.0,17.7,0.122,23.64,26
-33.853,142.7935,2018-03-28,24.2,0.0,15.1,0.093,20.97,26
-28.5735,147.4427,2018-03-29,27.8,0.0,9.8,0.114,22.69,31
-32.0216,146.7172,2018-03-30,25.1,0.0,16.2,0.151,21.77,30
-30.8293,146.5193,2018-03-31,26.8,0.0,13.1,0.132,22.13,25
-28.3347,150.6304,2018-04-01,24.8,0.0,21.1,0.277,22.54,55
-28.599,147.0554,2018-04-02,27.4,0.0,15.8,0.114,17.64,39
-28.618,147.0669,2018-04-03,27.6,0.0,20.9,0.115,18.59,38
-37.3368,146.6819,2018-04-04,13.4,0.0,6.9,0.288,19.71,64
-29.8938,148.1253,2018-04-05,25.9,0.0,21.1,0.201,20.75,39
-35.5999,145.6611,2018-04-06,18.8,0.0,14.6,0.142,19.5,54
-28.7852,142.506,2018-04-07,27.9,0.0,17.6,0.069,21.31,26
-28.5975,147.0731,2018-04-08,25.2,0.0,14.4,0.112,21.13,37
-28.5796,149.0942,2018-04-09,24.5,0.0,13.3,0.128,20.85,43
-28.6023,147.056,2018-04-10,27.0,0.0,13.5,0.116,20.87,30
-37.4509,142.9037,2018-04-11,20.7,0.0,17.7,0.148,15.21,64
-28.3249,149.0744,2018-04-12,23.3,0.0,19.2,0.027,20.92,44
-35.8859,142.4753,2018-04-13,18.1,1.0,40.7,0.159,17.62,57
-28.6902,147.0771,2018-04-14,26.0,0.1,21.7,0.124,17.11,46
-34.4598,150.8789,2018-04-15,18.8,0.0,38.9,0.18,16.97,49
-28.2624,150.6674,2018-04-16,21.5,0.0,12.9,0.259,19.99,49
-30.971,146.6543,2018-04-17,20.7,0.0,13.2,0.136,18.62,53
-28.217,151.3865,2018-04-18,19.8,0.8,23.3,0.144,15.75,69
-28.9081,149.0311,2018-04-19,23.3,0.1,23.0,0.189,16.59,58
-35.3206,141.0281,2018-04-20,20.5,0.0,12.1,0.185,16.39,46
-28.4924,151.9046,2018-04-21,15.5,0.5,19.9,0.349,15.95,82
-36.6943,141.32,2018-04-22,17.7,0.0,9.2,0.154,15.28,73
-28.2369,151.3927,2018-04-23,18.5,0.2,12.0,0.149,17.34,65
-29.0805,148.6554,2018-04-24,20.9,0.0,16.2,0.166,18.34,46
-28.2449,151.3811,2018-04-25,20.0,0.1,12.1,0.138,14.76,62
-28.2464,151.4018,2018-04-26,20.5,0.0,18.0,0.132,16.84,60
-35.3188,141.0804,2018-04-27,13.7,0.0,11.2,0.165,15.46,64
-29.3488,145.3089,2018-04-28,19.9,0.0,15.8,0.055,17.5,42
-34.8655,145.8242,2018-04-29,15.4,0.0,18.7,0.14,15.32,57
-29.373,145.337,2018-04-30,18.9,0.0,14.3,0.054,17.54,37
-34.3251,146.1472,2018-05-01,16.7,0.0,11.3,0.142,15.1,45
-28.5363,149.6212,2018-05-02,20.8,0.0,21.5,0.212,16.66,53
-34.3447,146.1716,2018-05-03,22.6,0.0,30.9,0.147,13.41,35
-28.7543,152.5869,2018-05-04,19.0,0.1,10.3,0.275,14.2,74
-31.5421,146.4323,2018-05-05,14.3,0.0,13.9,0.165,16.12,51
-36.4407,146.8603,2018-05-06,10.5,0.0,7.7,0.332,13.5,77
-28.7554,152.5814,2018-05-07,16.1,0.3,9.5,0.264,11.22,78
-37.087,145.3602,2018-05-08,11.2,0.0,10.5,0.275,11.13,70
-30.0852,151.6391,2018-05-09,10.6,0.7,13.2,0.448,16.38,66
-35.0905,145.6574,2018-05-10,10.2,4.6,27.0,0.209,10.03,72
-28.339,150.2271,2018-05-11,14.2,0.0,26.1,0.043,17.1,40
-30.8923,147.7914,2018-05-12,14.1,0.0,24.8,0.228,9.62,56
-35.4343,148.0476,2018-05-13,8.3,0.0,13.8,0.354,12.18,79
-28.3464,148.7409,2018-05-14,16.0,0.0,20.0,0.047,15.99,51
-37.1734,149.1587,2018-05-15,6.0,0.3,17.9,0.379,9.11,85
-28.755,152.0419,2018-05-16,10.0,0.0,13.8,0.277,15.76,75
-37.1996,149.2204,2018-05-17,5.2,1.0,11.8,0.365,10.56,79
-28.8844,150.2289,2018-05-18,15.5,0.0,16.6,0.034,15.72,51
-29.2625,148.4025,2018-05-19,14.9,0.0,16.3,0.201,14.94,57
-29.2589,148.3985,2018-05-20,13.4,0.0,22.6,0.202,15.32,53
-28.3813,148.8189,2018-05-21,14.1,0.0,24.2,0.038,15.38,55
-36.4829,145.0715,2018-05-22,13.2,0.0,19.2,0.277,3.91,78
-28.5706,149.796,2018-05-23,15.8,0.0,13.1,0.228,14.79,60
-34.1977,142.2787,2018-05-24,13.5,0.0,14.0,0.117,9.97,64
-29.2722,150.5807,2018-05-25,16.7,0.0,17.1,0.256,13.33,61
-31.1181,147.0737,2018-05-26,15.8,0.0,15.0,0.204,13.09,61
-28.4389,149.1692,2018-05-27,16.7,0.0,16.2,0.207,14.16,54
-31.8643,146.9335,2018-05-28,15.7,0.0,11.8,0.156,11.37,56
-37.1004,145.4678,2018-05-29,9.1,4.5,20.9,0.354,6.91,78
-28.4937,149.9552,2018-05-30,15.3,0.0,24.8,0.188,13.86,57
-37.1025,141.1084,2018-05-31,8.2,0.0,10.5,0.218,10.59,79
-28.544,149.0299,2018-06-01,12.0,0.0,15.2,0.133,14.65,55
-33.4305,145.6421,2018-06-02,8.6,0.0,14.0,0.195,12.13,69
-29.2942,153.2161,2018-06-03,16.5,0.0,23.2,0.249,10.51,68
-28.5378,148.9966,2018-06-04,14.3,0.0,16.6,0.03,14.06,58
-28.6248,150.0186,2018-06-05,14.4,0.0,14.9,0.11,13.41,55
-28.4517,148.2642,2018-06-06,15.4,0.0,18.7,0.034,12.99,52
-35.7418,145.7004,2018-06-07,13.4,0.0,21.6,0.221,7.66,69
-28.7212,149.5178,2018-06-08,16.2,0.5,17.1,0.191,12.15,66
-36.126,149.9857,2018-06-09,12.3,0.3,10.4,0.328,4.51,79
-32.3917,148.4128,2018-06-10,10.9,0.0,12.5,0.272,10.95,79
-30.5661,146.8111,2018-06-11,12.9,0.0,9.9,0.174,12.64,70
-28.2492,151.3777,2018-06-12,14.5,0.0,13.7,0.134,13.4,58
-28.4613,148.2623,2018-06-13,13.7,0.9,15.8,0.028,10.38,58
-37.1151,149.8748,2018-06-14,10.3,0.0,11.6,0.308,9.57,66
-28.2451,150.3402,2018-06-15,11.9,0.0,18.9,0.049,14.22,53
-37.0503,149.0757,2018-06-16,4.4,0.1,27.9,0.321,9.46,68
-28.9115,149.6885,2018-06-17,10.4,0.0,28.8,0.052,13.65,49
-34.1824,147.4666,2018-06-18,9.0,0.0,22.6,0.325,9.14,77
-28.2554,151.372,2018-06-19,9.0,0.0,26.6,0.134,11.27,64
-35.307,148.8547,2018-06-20,5.2,0.0,11.9,0.328,9.38,80
-28.5906,151.7973,2018-06-21,9.6,0.0,16.0,0.266,12.32,72
-30.1128,149.9456,2018-06-22,11.1,0.0,10.5,0.148,13.22,59
-34.8544,145.9122,2018-06-23,6.4,0.0,10.9,0.238,8.69,81
-28.7476,153.4926,2018-06-24,12.2,0.0,11.9,0.32,13.63,80
-37.1995,149.8486,2018-06-25,9.3,0.0,15.2,0.309,8.27,78
-28.4231,148.2392,2018-06-26,14.0,1.5,19.8,0.199,11.61,56
-35.5537,148.2947,2018-06-27,6.9,0.2,12.9,0.35,10.16,83
-30.9122,150.0163,2018-06-28,10.6,2.1,16.4,0.203,5.59,91
-30.7608,151.4063,2018-06-29,7.0,0.1,12.9,0.329,7.33,87
-36.1313,149.9909,2018-06-30,9.5,0.3,14.9,0.355,9.64,68
-32.385,148.4124,2018-07-01,7.3,0.0,14.3,0.291,12.38,73
-37.0618,148.5519,2018-07-02,2.5,0.0,6.5,0.353,10.3,80
-28.6967,147.0835,2018-07-03,10.6,0.0,11.5,0.18,13.73,76
-35.2742,145.062,2018-07-04,10.7,0.0,20.5,0.283,10.83,73
-28.7104,148.4956,2018-07-05,15.4,0.0,17.2,0.235,13.56,77
-28.703,147.0689,2018-07-06,17.6,0.0,20.0,0.189,13.17,61
-28.7542,149.6559,2018-07-07,13.1,0.0,24.4,0.34,14.01,60
-29.1217,148.6783,2018-07-08,10.1,0.0,18.4,0.326,14.05,58
-35.9741,145.7284,2018-07-09,9.3,0.3,16.6,0.31,7.8,77
-30.6007,146.8172,2018-07-10,9.4,0.0,11.2,0.243,13.42,69
-37.3866,149.6916,2018-07-11,6.7,0.0,13.5,0.295,8.99,83
-28.7012,148.4783,2018-07-12,9.3,0.0,14.1,0.159,14.5,56
-30.5676,148.2657,2018-07-13,7.7,0.0,15.6,0.302,13.56,66
-28.508,151.8926,2018-07-14,5.1,0.0,10.3,0.247,15.47,53
-29.344,149.6026,2018-07-15,7.9,0.0,11.9,0.234,14.8,55
-34.991,148.3693,2018-07-16,2.9,0.2,9.5,0.322,8.22,69
-30.6146,147.8085,2018-07-17,11.8,0.0,25.0,0.243,14.07,35
-37.3851,149.6815,2018-07-18,9.7,0.0,14.6,0.282,10.96,57
-28.5118,151.8437,2018-07-19,12.2,0.0,12.9,0.208,15.69,34
-28.2891,150.6971,2018-07-21,9.0,0.0,13.9,0.267,15.65,47
-30.4926,148.4842,2018-07-22,8.7,0.0,9.2,0.276,14.51,52
-28.4637,150.7373,2018-07-23,11.7,0.0,14.9,0.126,15.16,59
-29.3597,148.1983,2018-07-24,15.5,0.0,11.1,0.103,14.49,32
-34.8804,150.4765,2018-07-25,13.3,0.0,23.2,0.171,11.54,57
-28.8289,151.0407,2018-07-26,14.6,0.0,9.8,0.121,15.25,44
-34.1148,150.8812,2018-07-27,10.3,0.0,12.7,0.185,13.17,60
-28.5349,150.0155,2018-07-28,17.3,0.0,14.1,0.184,14.57,40
-29.2675,148.3207,2018-07-29,18.8,0.9,24.9,0.115,14.4,43
-28.3468,150.0921,2018-07-30,13.3,0.0,18.4,0.207,16.39,43
-28.4955,147.9699,2018-07-31,12.5,0.0,9.4,0.221,16.46,46
-34.4674,150.8887,2018-08-01,11.5,0.0,18.1,0.182,12.14,60
-28.4765,150.7644,2018-08-02,13.0,0.0,21.4,0.05,16.7,46
-34.4595,150.8796,2018-08-03,14.7,1.0,21.4,0.179,13.47,64
-29.3314,149.636,2018-08-04,14.0,0.0,18.6,0.185,16.48,49
-36.8561,148.7358,2018-08-05,7.4,0.2,15.6,0.36,10.35,68
-28.3824,152.4858,2018-08-06,15.3,0.0,18.5,0.222,12.1,70
-28.6987,148.4592,2018-08-07,11.7,0.0,18.4,0.127,17.03,42
-29.1344,152.5388,2018-08-08,10.1,0.0,10.4,0.164,17.1,58
-30.5347,151.2138,2018-08-09,7.0,0.0,10.0,0.263,16.86,65
-37.2401,144.4589,2018-08-10,8.7,0.2,30.0,0.389,13.81,69
-29.829,151.0945,2018-08-11,10.7,0.0,18.4,0.282,16.96,62
-34.4657,150.8807,2018-08-12,11.3,0.1,26.5,0.183,14.89,52
-28.9089,152.0512,2018-08-13,6.3,0.0,15.5,0.24,18.59,47
-28.6905,148.4512,2018-08-14,12.4,0.0,12.7,0.105,18.35,52
-28.4247,152.289,2018-08-15,13.9,0.0,18.1,0.156,18.95,36
-28.8136,149.2387,2018-08-16,14.9,0.0,15.8,0.201,18.35,40
-35.3851,150.3896,2018-08-17,10.2,0.4,16.1,0.218,14.64,65
-30.8796,148.2531,2018-08-18,13.3,0.0,32.2,0.276,16.62,41
-34.4672,150.8825,2018-08-19,10.8,0.0,35.5,0.154,15.8,46
-29.1211,152.8508,2018-08-20,12.4,0.0,15.3,0.178,19.28,36
-30.6117,147.7641,2018-08-21,9.5,0.0,13.9,0.206,18.39,46
-28.3343,150.9989,2018-08-22,10.7,0.0,14.2,0.055,19.72,33
-30.285,148.9651,2018-08-23,11.1,0.0,10.5,0.047,19.04,43
-28.7016,153.5807,2018-08-24,15.6,3.2,11.7,0.301,15.52,77
-33.5367,146.1234,2018-08-25,13.6,0.0,15.1,0.176,16.9,57
-36.6339,149.6298,2018-08-26,10.0,2.2,11.5,0.299,13.75,85
-30.5991,147.7729,2018-08-27,12.7,0.0,15.5,0.406,19.08,65
-33.9209,143.2277,2018-08-28,9.3,0.0,12.3,0.067,17.74,49
-28.2175,151.4104,2018-08-29,11.4,0.0,17.8,0.232,20.96,48
-31.8964,146.4814,2018-08-30,11.6,0.0,18.2,0.21,18.67,42
-28.2196,151.4083,2018-08-31,15.6,2.8,27.4,0.161,18.76,61
-36.5322,149.6764,2018-09-01,11.1,0.2,17.8,0.23,14.99,58
-36.5235,149.6932,2018-09-02,8.1,0.0,12.2,0.227,13.34,60
-29.4559,148.7371,2018-09-03,14.3,0.0,17.6,0.29,17.05,55
-34.6453,144.1878,2018-09-04,12.2,0.0,17.6,0.326,14.98,61
-28.8315,149.6566,2018-09-05,16.7,0.0,21.8,0.231,16.72,55
-28.9831,152.1643,2018-09-06,10.7,2.0,13.8,0.353,12.75,93
-28.6552,148.4866,2018-09-07,21.8,0.1,34.1,0.125,17.76,53
-32.1547,147.181,2018-09-08,13.6,0.0,16.8,0.171,20.37,42
-29.1761,149.6574,2018-09-09,15.8,0.0,24.3,0.314,22.22,39
-30.2691,148.4817,2018-09-10,16.8,0.0,19.9,0.3,21.27,46
-33.906,146.6586,2018-09-11,18.1,0.0,23.9,0.186,20.35,48
-28.5451,151.8727,2018-09-12,13.4,0.0,15.5,0.299,19.86,70
-36.5249,149.6147,2018-09-13,8.1,0.0,14.1,0.251,19.69,75
-29.1268,152.9097,2018-09-14,18.3,0.0,13.6,0.302,20.53,79
-37.1975,149.2287,2018-09-15,9.9,0.5,32.6,0.277,18.46,52
-28.2228,151.4026,2018-09-16,16.8,0.0,19.7,0.122,23.72,27
-29.8275,148.1294,2018-09-17,14.6,0.0,14.5,0.208,23.37,30
-36.5354,149.5632,2018-09-18,12.0,0.0,17.7,0.22,21.42,39
-28.5184,150.0336,2018-09-19,22.1,0.1,24.6,0.189,19.83,37
-30.0092,142.5205,2018-09-20,15.7,0.0,19.0,0.008,23.45,35
-28.5415,150.4913,2018-09-21,16.7,0.0,13.4,0.032,24.41,28
-36.1472,143.625,2018-09-22,14.0,0.0,21.5,0.148,21.05,66
-28.392,148.2596,2018-09-23,20.4,0.0,18.7,0.042,24.48,27
-28.7031,147.0231,2018-09-24,21.3,0.0,14.6,0.124,24.23,27
-28.6566,148.4613,2018-09-25,20.3,0.3,25.6,0.101,17.01,50
-28.6904,147.0523,2018-09-26,21.6,0.0,17.1,0.122,24.52,42
-36.9932,146.8206,2018-09-27,9.9,1.3,15.4,0.338,22.38,63
-31.8332,146.5284,2018-09-28,20.9,0.0,26.6,0.136,22.22,29
-32.3787,146.9304,2018-09-29,14.3,0.0,18.9,0.123,24.95,33
-29.8206,148.2639,2018-09-30,17.7,0.0,20.7,0.206,25.46,27
-34.463,150.8771,2018-10-01,14.2,0.0,21.6,0.242,23.54,78
-29.3463,149.6811,2018-10-02,20.5,0.0,20.1,0.18,25.38,40
-30.3778,150.8884,2018-10-03,15.6,0.0,16.0,0.093,23.44,53
-31.7659,145.2103,2018-10-04,17.3,11.1,22.3,0.283,16.16,82
-37.3031,144.4173,2018-10-05,9.9,0.0,23.5,0.307,23.04,79
-30.4791,151.6727,2018-10-07,11.3,0.2,15.5,0.303,23.19,70
-35.3901,144.1218,2018-10-08,21.3,0.0,11.7,0.274,24.55,33
-28.7678,152.531,2018-10-09,18.6,8.7,13.7,0.351,18.93,84
-28.252,147.5896,2018-10-10,24.4,0.0,25.9,0.263,22.98,44
-31.3309,150.5659,2018-10-11,15.0,5.4,20.6,0.424,16.8,67
-37.338,144.1753,2018-10-12,12.4,0.0,14.5,0.319,25.48,66
-37.3192,144.4079,2018-10-13,12.8,0.0,16.6,0.295,24.39,61
-35.5123,145.4541,2018-10-14,20.7,0.0,25.6,0.138,20.38,47
-33.8803,149.5168,2018-10-15,12.8,0.0,32.3,0.247,22.78,78
-29.076,150.785,2018-10-16,20.2,0.5,18.8,0.315,21.73,67
-34.1675,142.2831,2018-10-17,16.9,0.0,22.4,0.119,13.72,64
-32.0361,147.1307,2018-10-18,20.6,0.1,11.6,0.22,21.18,60
-31.4617,146.3478,2018-10-19,23.1,0.0,14.8,0.256,26.43,49
-33.7571,142.7506,2018-10-20,17.2,1.5,32.1,0.102,26.01,46
-33.3102,142.6892,2018-10-21,17.4,0.0,16.1,0.129,27.98,40
-34.4648,150.8797,2018-10-22,17.4,0.3,27.7,0.368,21.59,85
-28.4698,150.5305,2018-10-23,23.0,0.0,18.3,0.39,25.15,65
-30.9958,143.0014,2018-10-24,22.1,0.0,26.6,0.031,27.99,26
-28.5209,151.8277,2018-10-25,17.8,15.0,20.2,0.358,23.97,84
-37.2328,141.2756,2018-10-26,11.6,0.0,14.5,0.377,17.74,76
-28.2602,151.876,2018-10-27,20.9,0.0,14.0,0.317,28.67,66
-37.407,143.8762,2018-10-28,9.9,0.0,18.5,0.283,28.96,68
-35.7036,144.5478,2018-10-29,17.4,0.0,18.9,0.136,29.69,34
-28.7516,147.1591,2018-10-30,26.6,0.0,19.7,0.073,23.84,50
-33.7865,142.7565,2018-10-31,26.5,0.0,17.7,0.076,29.06,21
-28.3267,151.7948,2018-11-01,20.3,0.0,17.5,0.258,29.93,60
-32.9932,151.5172,2018-11-02,27.4,0.8,22.0,0.32,25.54,42
-28.5602,153.1326,2018-11-03,23.5,0.0,15.8,0.321,27.61,63
-30.3646,150.8785,2018-11-04,22.4,0.0,16.1,0.128,28.08,41
-30.3597,150.8752,2018-11-05,23.8,0.0,19.1,0.127,28.39,39
-28.7289,147.0727,2018-11-06,33.7,0.0,35.7,0.065,21.62,23
-29.2263,152.6656,2018-11-07,28.4,0.1,20.1,0.266,25.29,52
-30.2953,152.2547,2018-11-08,11.6,2.6,21.4,0.321,24.4,73
-31.1771,151.9855,2018-11-09,11.8,0.0,17.3,0.318,28.56,67
-28.4446,150.7977,2018-11-10,21.2,0.0,11.9,0.187,22.2,49
-29.8761,147.9987,2018-11-11,25.0,0.0,20.2,0.037,26.77,31
-28.8242,147.8806,2018-11-12,27.0,0.0,24.2,0.027,27.01,32
-28.6612,148.431,2018-11-13,26.2,0.0,26.2,0.128,29.41,34
-28.4017,148.0065,2018-11-14,25.4,0.2,26.8,0.212,14.64,44
-29.3404,149.594,2018-11-15,25.7,0.1,15.3,0.19,24.62,41
-32.1623,146.8598,2018-11-16,21.7,0.0,12.9,0.259,31.15,38
-29.3344,149.5922,2018-11-17,27.1,0.0,26.3,0.177,29.85,39
-28.7383,147.0348,2018-11-18,27.9,0.0,24.2,0.109,28.47,36
-29.1246,153.0479,2018-11-19,19.4,0.3,12.7,0.303,17.79,67
-36.1814,149.0031,2018-11-20,17.7,2.1,14.9,0.208,24.18,62
-30.4513,148.5428,2018-11-22,19.7,0.2,30.5,0.312,31.69,43
-32.7715,151.8991,2018-11-23,18.8,0.0,46.7,0.199,31.62,38
-30.948,149.5838,2018-11-24,16.8,0.1,25.7,0.282,31.5,44
-34.4664,150.8821,2018-11-25,17.3,0.4,16.6,0.247,26.6,66
-28.1988,153.0298,2018-11-26,21.4,0.0,16.9,0.307,31.77,45
-29.338,153.2059,2018-11-27,22.2,1.0,16.6,0.153,26.32,73
-29.5785,149.8667,2018-11-28,23.0,0.2,47.2,0.036,23.91,50
-29.8542,150.1751,2018-11-29,19.8,0.0,22.5,0.217,25.17,56
-36.9362,144.9717,2018-11-30,17.7,0.0,28.7,0.182,31.01,62
-28.1651,151.4434,2018-12-01,24.0,0.0,17.3,0.163,32.31,43
-34.4661,150.884,2018-12-02,20.9,2.2,27.5,0.343,26.73,70
-28.1778,151.4511,2018-12-03,26.1,0.0,18.9,0.156,32.76,24
-32.4855,147.1276,2018-12-04,22.7,0.0,14.6,0.178,32.44,38
-28.71,149.4985,2018-12-05,27.4,0.0,25.3,0.188,29.06,39
-29.0791,150.5659,2018-12-06,23.1,0.0,28.8,0.267,31.47,46
-32.4948,147.1343,2018-12-07,26.0,0.0,19.2,0.151,32.21,37
-32.494,147.1285,2018-12-08,26.9,0.0,18.8,0.15,31.14,32
-34.4616,150.8798,2018-12-09,20.7,0.0,18.9,0.299,29.24,84
-28.3929,147.3706,2018-12-10,30.0,0.0,19.1,0.112,31.44,33
-31.1243,146.7211,2018-12-11,26.2,0.1,24.0,0.15,17.16,47
-29.8758,148.0113,2018-12-14,22.0,0.0,28.7,0.176,32.32,52
-31.1279,146.7264,2018-12-15,22.0,0.0,21.7,0.213,18.03,44
-31.1295,146.7287,2018-12-16,25.2,0.0,15.5,0.193,32.07,36
-29.9407,148.5208,2018-12-17,29.1,0.1,22.6,0.04,27.03,56
-32.6263,145.7996,2018-12-18,29.7,0.0,15.9,0.119,32.18,32
-28.2697,147.5869,2018-12-19,34.3,0.0,21.7,0.042,31.15,33
-28.2746,147.5366,2018-12-20,35.7,0.0,29.2,0.042,28.42,28
-28.2275,151.444,2018-12-21,28.5,0.3,21.4,0.192,23.64,52
-28.2775,147.5352,2018-12-22,28.7,0.0,26.3,0.039,30.79,17
-34.4635,150.8835,2018-12-23,18.0,0.4,16.6,0.36,26.89,73
-30.0824,151.3689,2018-12-24,17.3,0.0,20.5,0.236,30.75,60
-34.4653,150.8794,2018-12-25,21.7,0.0,16.1,0.321,30.65,78
-33.8456,150.8986,2018-12-26,23.6,0.0,16.7,0.251,30.06,67
-33.4989,150.1426,2018-12-27,23.5,0.0,11.5,0.284,28.84,46
-28.6903,148.4416,2018-12-28,30.1,0.0,22.9,0.098,32.58,28
-33.7959,150.8741,2018-12-29,26.9,0.0,20.8,0.126,30.92,61
-28.2557,151.2816,2018-12-30,26.0,0.0,19.2,0.131,30.16,54
-30.7751,147.0604,2018-12-31,33.0,0.0,26.6,0.204,31.09,27
-32.6166,152.1718,2019-01-01,26.1,0.6,15.4,0.128,29.35,72
-32.6173,152.1737,2019-01-02,26.1,0.0,19.9,0.121,31.03,68
-28.8376,142.3322,2019-01-03,35.8,0.0,20.7,0.076,28.74,25
-28.7591,149.6788,2019-01-04,31.0,0.0,21.4,0.188,29.51,42
-29.3141,146.2948,2019-01-05,34.3,0.0,24.6,0.116,27.53,30
-30.7928,151.0343,2019-01-06,22.6,0.3,23.7,0.127,26.38,53
-28.7501,142.3354,2019-01-07,31.9,0.0,19.3,0.046,27.95,20
-30.8184,151.037,2019-01-08,22.5,0.0,18.5,0.133,30.77,50
-31.702,148.0948,2019-01-09,29.5,0.0,16.9,0.209,27.24,40
-33.0524,148.4793,2019-01-10,23.0,3.6,22.3,0.268,23.16,67
-28.57,150.899,2019-01-11,28.0,0.0,20.1,0.054,29.66,47
-34.4597,150.885,2019-01-12,24.0,0.0,15.5,0.353,29.1,84
-28.6793,152.2037,2019-01-13,22.8,0.0,17.3,0.223,30.8,66
-28.1687,145.0498,2019-01-14,34.9,0.0,19.7,0.11,30.47,20
-28.7311,148.4922,2019-01-15,32.8,0.0,19.5,0.099,28.23,30
-28.2616,147.6023,2019-01-16,36.7,0.0,32.3,0.036,28.54,23
-31.5779,151.985,2019-01-17,25.9,0.0,14.5,0.215,31.2,65
-28.2865,150.6701,2019-01-18,29.6,0.0,21.0,0.198,31.95,39
-32.0371,151.9211,2019-01-19,27.4,0.2,18.8,0.239,27.31,58
-28.4838,147.3831,2019-01-20,35.1,0.0,18.9,0.112,29.89,22
-32.6937,145.8354,2019-01-21,33.1,0.0,21.6,0.12,29.12,31
-28.7001,152.2191,2019-01-22,25.5,0.0,9.3,0.202,26.54,65
-28.8568,147.8396,2019-01-23,34.6,0.0,21.6,0.044,27.08,28
-35.9833,148.2193,2019-01-24,25.8,0.0,12.6,0.202,27.65,58
-28.7359,149.6596,2019-01-25,32.4,0.0,23.9,0.231,27.69,39
-37.3324,148.154,2019-01-26,20.4,0.0,9.5,0.216,20.36,77
-29.1727,152.7578,2019-01-27,26.5,0.0,16.5,0.236,29.91,55
-31.6177,145.9418,2019-01-28,30.3,0.0,17.9,0.104,24.94,41
-29.3125,153.1218,2019-01-29,25.4,0.1,17.4,0.204,22.83,73
-30.3833,151.427,2019-01-30,22.1,0.0,18.1,0.139,28.09,62
-30.9876,146.6654,2019-01-31,30.6,0.0,15.2,0.108,21.45,38
-33.0693,141.2326,2019-02-01,24.7,0.0,20.6,0.085,30.97,24
-37.2462,148.1061,2019-02-02,21.0,0.9,21.0,0.287,23.62,67
-29.5452,147.4329,2019-02-03,30.9,0.0,24.9,0.145,30.02,30
-31.0354,151.587,2019-02-04,20.1,0.0,14.7,0.12,30.67,62
-28.4255,152.7858,2019-02-05,24.1,0.4,17.4,0.186,22.37,71
-34.4649,150.8761,2019-02-06,24.1,1.9,15.1,0.276,22.71,82
-31.3944,152.7512,2019-02-07,24.1,1.3,15.5,0.23,20.92,74
-28.6667,149.431,2019-02-08,29.2,0.0,14.4,0.198,29.17,40
-32.158,146.8693,2019-02-09,23.1,0.0,26.1,0.175,26.99,57
-32.143,146.2819,2019-02-10,20.4,0.0,14.3,0.222,30.4,42
-34.4647,150.8848,2019-02-11,21.1,0.0,24.9,0.238,28.68,76
-28.7513,148.5027,2019-02-12,30.1,0.0,20.1,0.09,30.07,17
-34.4658,150.8837,2019-02-13,20.1,2.2,21.9,0.205,27.76,65
-28.8701,151.9922,2019-02-14,17.2,1.1,27.1,0.234,19.86,83
-29.8776,151.1871,2019-02-15,21.2,0.0,16.9,0.23,29.36,53
-28.8563,152.2204,2019-02-16,18.4,0.1,17.3,0.288,17.13,71
-30.882,146.1046,2019-02-17,30.7,0.0,12.3,0.145,24.64,27
-34.4659,150.8866,2019-02-18,24.6,0.0,24.5,0.17,26.25,70
-28.8713,151.9135,2019-02-19,24.7,0.0,12.9,0.153,28.11,53
-31.4605,151.9121,2019-02-20,21.7,2.8,18.3,0.246,22.27,80
-28.7431,148.1243,2019-02-21,29.6,0.0,24.5,0.195,26.41,28
-32.9791,146.455,2019-02-22,26.6,0.0,17.6,0.225,26.79,37
-37.3006,148.2176,2019-02-23,13.9,0.0,14.1,0.282,24.83,78
-31.8446,145.751,2019-02-24,25.8,0.0,21.4,0.108,27.66,37
-37.3264,148.2279,2019-02-25,19.8,0.0,16.9,0.258,26.52,52
-28.6194,148.106,2019-02-26,27.6,0.0,22.4,0.05,24.96,37
-37.3527,148.2203,2019-02-27,19.3,0.0,12.0,0.256,24.53,70
-28.7659,148.491,2019-02-28,27.0,0.0,27.5,0.095,20.66,37
-31.0091,145.4043,2019-03-01,28.0,0.0,16.4,0.114,24.66,32
-28.8627,153.5611,2019-03-02,23.0,2.8,19.2,0.271,18.34,77
-28.9924,149.9944,2019-03-03,26.7,0.0,22.2,0.0,19.87,47
-28.9956,150.0049,2019-03-04,27.3,0.0,26.7,0.0,25.7,43
-30.4686,147.7247,2019-03-05,29.7,0.0,23.4,0.187,25.8,34
-31.0147,145.3968,2019-03-06,25.4,0.0,28.9,0.121,23.12,34
-28.6113,148.1267,2019-03-07,28.0,0.0,23.6,0.174,26.04,28
-34.4682,150.8824,2019-03-08,21.7,0.1,25.0,0.236,22.15,75
-37.4154,147.1818,2019-03-09,15.0,0.0,12.8,0.299,19.72,65
-31.6725,146.5423,2019-03-10,28.9,0.0,21.4,0.165,23.91,29
-29.2332,151.6599,2019-03-11,24.2,0.0,22.5,0.091,21.12,41
-29.266,151.7524,2019-03-12,22.3,1.5,21.7,0.099,24.53,53
-37.2208,147.2904,2019-03-13,7.4,0.4,12.2,0.299,19.24,78
-28.2234,143.2375,2019-03-14,28.2,0.0,17.9,0.06,24.82,21
-37.4823,146.9259,2019-03-15,8.6,0.0,12.0,0.294,21.2,82
-28.6146,148.1242,2019-03-16,25.3,6.6,16.8,0.058,20.31,51
-34.7613,143.4302,2019-03-17,24.4,0.0,12.4,0.155,22.06,45
-28.9968,147.6959,2019-03-18,23.9,0.0,18.0,0.078,23.94,57
-28.6777,148.9663,2019-03-19,26.4,0.0,20.9,0.158,23.4,44
-29.38,152.0075,2019-03-20,15.9,0.5,15.3,0.308,19.47,78
-30.0084,149.2662,2019-03-21,26.2,0.0,15.1,0.274,21.46,49
-36.8998,142.1712,2019-03-22,23.7,0.1,20.7,0.27,19.97,58
-28.6209,148.1245,2019-03-23,32.1,0.0,21.6,0.052,20.09,30
-29.3653,152.0039,2019-03-24,20.7,0.0,17.5,0.342,20.74,63
-34.7912,143.3257,2019-03-25,18.9,0.0,29.5,0.307,15.43,51
-31.0122,145.3859,2019-03-26,19.8,0.1,21.2,0.196,23.06,49
-30.8573,146.1303,2019-03-27,20.3,0.0,14.5,0.221,23.27,45
-30.2863,149.1949,2019-03-28,23.4,0.0,9.2,0.078,21.32,53
-34.5221,150.567,2019-03-29,17.8,0.0,15.5,0.355,15.46,73
-31.0201,145.413,2019-03-30,16.9,0.7,31.4,0.177,22.64,48
-30.0216,142.5012,2019-03-31,17.7,0.0,16.9,0.018,22.4,39
-28.9931,147.6799,2019-04-01,16.6,0.0,12.7,0.284,22.78,63
-31.0131,145.4059,2019-04-02,20.3,0.0,14.5,0.14,21.68,48
-28.4491,149.1113,2019-04-03,21.8,0.0,17.4,0.313,21.98,60
-30.2844,149.2161,2019-04-04,20.9,0.0,19.4,0.172,20.87,59
-30.3318,152.241,2019-04-05,12.8,2.0,12.7,0.361,15.63,88
-28.731,148.1054,2019-04-06,23.0,0.0,15.3,0.235,21.32,49
-37.0455,142.1888,2019-04-07,14.9,0.0,25.3,0.145,17.54,66
-28.2984,151.9146,2019-04-08,20.5,0.0,9.0,0.277,16.77,72
-35.9885,141.7964,2019-04-09,13.7,0.2,21.9,0.136,10.98,57
-29.6095,150.2119,2019-04-10,20.2,0.0,21.4,0.182,21.1,41
-30.8874,148.5713,2019-04-11,21.0,0.0,24.8,0.276,17.81,48
-28.2662,150.1398,2019-04-12,22.0,0.0,19.6,0.146,19.04,51
-28.7367,148.1182,2019-04-13,23.2,0.0,13.0,0.196,18.72,41
-37.2552,149.673,2019-04-14,14.5,1.3,9.8,0.319,11.19,89
-28.7529,148.1167,2019-04-15,22.7,0.0,13.7,0.094,19.76,42
-37.0345,148.7599,2019-04-16,13.9,0.0,10.8,0.278,16.22,78
-29.2389,150.3862,2019-04-17,20.4,0.0,13.5,0.261,17.59,54
-32.5046,147.1269,2019-04-18,20.7,0.0,11.0,0.149,17.83,51
-28.446,150.8158,2019-04-19,21.9,0.0,15.6,0.054,14.76,64
-28.2685,147.4004,2019-04-20,25.3,0.0,20.3,0.2,17.48,48
-28.5853,150.3698,2019-04-21,23.7,0.0,25.8,0.1,17.76,56
-29.5024,148.5968,2019-04-22,23.6,0.0,18.9,0.124,15.6,51
-36.9248,142.0901,2019-04-23,14.6,0.0,16.9,0.158,15.06,61
-30.2243,151.6365,2019-04-24,12.6,0.0,17.3,0.401,14.01,81
-37.4612,144.311,2019-04-25,11.3,0.0,17.4,0.261,13.6,77
-28.7191,148.1258,2019-04-26,22.1,0.2,20.6,0.382,13.37,63
-30.9166,146.8134,2019-04-27,15.6,0.0,17.9,0.151,17.85,42
-30.2111,151.4404,2019-04-28,12.0,0.0,12.2,0.216,18.41,61
-28.7541,148.1289,2019-04-29,17.5,0.0,13.4,0.17,17.99,45
-37.1876,149.162,2019-04-30,12.5,0.0,17.6,0.295,14.18,69
-28.568,150.9332,2019-05-01,21.1,0.0,18.5,0.052,11.08,64
-30.1532,151.5004,2019-05-02,15.1,0.0,17.2,0.24,13.49,77
-35.2717,141.0547,2019-05-03,13.4,0.3,22.4,0.18,11.56,74
-36.7126,141.6339,2019-05-04,11.0,0.1,21.1,0.326,9.4,79
-29.1266,151.7096,2019-05-05,10.6,0.0,14.9,0.208,15.8,69
-33.4137,145.8123,2019-05-06,12.3,0.0,11.4,0.303,14.7,77
-28.6977,153.5816,2019-05-07,17.9,0.0,15.9,0.359,16.55,77
-28.2087,148.6734,2019-05-08,15.4,0.0,13.5,0.26,17.11,68
-36.9862,149.3602,2019-05-09,8.2,0.0,17.1,0.33,12.82,69
-28.3979,149.1427,2019-05-10,15.3,0.0,27.4,0.185,10.68,53
-35.5226,147.472,2019-05-11,8.2,0.0,20.0,0.308,10.26,83
-28.9043,153.2766,2019-05-12,16.5,0.7,15.2,0.269,13.47,67
-28.6128,148.1382,2019-05-13,16.0,0.0,15.4,0.167,12.73,64
-28.7544,152.5374,2019-05-14,16.4,0.0,6.9,0.279,8.68,83
-31.2586,146.6181,2019-05-15,15.4,0.0,13.5,0.182,14.93,50
-37.3263,145.7272,2019-05-16,8.2,0.0,6.2,0.371,10.63,88
-28.2534,147.4911,2019-05-17,20.0,0.0,16.6,0.142,12.34,56
-37.4939,142.3941,2019-05-18,8.6,0.0,7.7,0.318,11.14,77
-29.1613,151.2873,2019-05-19,17.0,0.0,12.8,0.162,15.22,61
-35.5799,148.1464,2019-05-20,8.8,0.1,10.3,0.344,9.03,85
-28.3027,149.6319,2019-05-21,19.6,0.0,12.5,0.211,12.41,65
-28.5195,148.2309,2019-05-22,19.7,0.0,10.5,0.037,11.57,60
-28.2833,151.921,2019-05-23,15.6,0.0,15.3,0.185,13.5,77
-28.4044,149.8837,2019-05-24,18.7,0.0,12.5,0.045,14.09,58
-37.4031,145.3567,2019-05-25,12.3,11.8,19.5,0.376,8.88,88
-28.5605,150.9133,2019-05-26,17.8,0.0,15.1,0.081,12.75,51
-37.1807,149.8663,2019-05-27,10.7,1.7,26.8,0.28,8.18,57
-28.2516,149.3935,2019-05-28,12.0,0.0,14.8,0.205,15.04,57
-28.239,147.518,2019-05-29,12.8,0.0,21.5,0.138,14.9,53
-29.2047,148.375,2019-05-30,11.6,0.0,21.8,0.126,13.61,52
-28.7409,148.0881,2019-05-31,9.7,0.0,14.1,0.085,14.72,57
-37.1778,149.8925,2019-06-01,12.1,0.0,19.9,0.262,8.5,78
-31.2439,145.8068,2019-06-02,11.6,0.0,17.4,0.158,12.92,72
-35.5474,150.1534,2019-06-03,9.1,11.0,14.3,0.237,8.37,86
-28.5549,147.4592,2019-06-04,11.4,0.0,23.2,0.134,14.25,51
-31.6455,147.2514,2019-06-05,9.8,0.0,19.2,0.158,12.84,59
-28.738,148.1075,2019-06-06,12.1,0.0,16.9,0.229,14.17,55
-30.4939,148.7176,2019-06-07,13.3,0.0,15.5,0.105,13.0,62
-35.919,145.6241,2019-06-08,9.9,0.0,12.4,0.274,8.83,86
-32.2391,147.4531,2019-06-09,13.2,0.0,13.7,0.188,8.11,80
-37.4567,141.7555,2019-06-10,11.2,2.5,32.4,0.467,7.47,88
-28.2876,151.9242,2019-06-11,15.3,0.0,13.6,0.241,14.02,65
-34.462,150.8852,2019-06-12,15.7,0.1,13.2,0.293,8.94,75
-28.4713,152.8683,2019-06-13,17.1,0.0,14.3,0.374,10.72,76
-34.4247,142.3099,2019-06-14,12.1,0.0,15.8,0.358,9.72,81
-28.2978,150.3176,2019-06-15,14.5,2.4,13.5,0.167,8.07,70
-37.1817,149.9223,2019-06-16,9.3,2.2,11.9,0.266,7.19,87
-37.1756,149.9207,2019-06-17,10.3,0.4,11.8,0.27,7.23,86
-28.4673,148.9877,2019-06-18,12.1,0.0,17.8,0.029,13.83,60
-37.187,149.9149,2019-06-19,8.9,0.0,25.5,0.271,9.24,64
-28.7276,150.6921,2019-06-20,9.7,0.0,12.5,0.116,11.94,68
-35.7859,150.1575,2019-06-21,6.8,0.0,22.3,0.255,9.55,67
-28.9813,150.689,2019-06-22,8.9,0.0,11.6,0.193,14.05,51
-31.2541,146.6237,2019-06-23,8.6,0.0,15.3,0.187,12.23,61
-30.8753,148.227,2019-06-24,11.8,0.0,23.1,0.301,12.25,65
-31.5881,150.0011,2019-06-25,11.7,0.0,23.8,0.394,10.25,83
-37.4158,141.3844,2019-06-26,9.2,0.0,21.1,0.444,9.37,86
-28.4168,150.4252,2019-06-27,15.9,0.0,21.7,0.037,13.37,65
-34.3049,143.7988,2019-06-28,14.7,0.3,21.7,0.315,9.09,68
-28.484,150.7189,2019-06-29,14.8,0.0,15.6,0.043,10.13,74
-33.94,149.6412,2019-06-30,2.5,4.9,27.6,0.39,8.34,90
-30.4458,149.1359,2019-07-01,12.9,0.0,11.0,0.102,11.82,56
-29.8396,147.4317,2019-07-02,12.5,0.0,9.8,0.128,13.37,51
-36.2349,150.0821,2019-07-03,9.8,0.0,11.8,0.141,9.76,77
-28.8343,147.619,2019-07-04,17.1,0.7,22.8,0.177,11.44,52
-35.6962,145.1686,2019-07-05,11.2,0.0,17.0,0.313,9.71,81
-31.6768,149.6507,2019-07-06,12.0,0.0,18.0,0.334,11.24,75
-34.4675,150.8833,2019-07-07,13.1,1.2,12.3,0.372,9.61,86
-34.0797,141.9438,2019-07-09,11.2,0.0,10.2,0.165,9.34,77
-29.9704,151.8711,2019-07-10,4.4,0.0,21.6,0.227,13.89,76
-31.1684,151.9868,2019-07-11,8.1,0.0,32.3,0.352,13.57,72
-33.4127,145.8316,2019-07-12,11.8,0.3,28.4,0.327,7.75,71
-28.4162,148.4078,2019-07-13,13.0,0.0,37.0,0.056,12.58,57
-34.4624,150.8798,2019-07-14,10.2,0.0,21.6,0.315,11.96,57
-28.8193,151.0766,2019-07-15,8.6,0.0,21.6,0.224,14.25,63
-34.4664,150.8851,2019-07-16,13.8,0.0,26.7,0.301,11.81,57
-29.6706,150.4014,2019-07-17,8.7,0.0,13.1,0.192,14.45,74
-29.6745,150.3897,2019-07-18,10.0,0.0,14.8,0.174,14.39,66
-36.0651,149.9539,2019-07-19,10.2,0.0,14.3,0.198,11.4,64
-29.3562,148.2114,2019-07-20,11.3,0.0,12.7,0.119,14.78,59
-36.1196,149.8572,2019-07-21,10.6,0.0,17.9,0.21,11.74,59
-28.344,148.7189,2019-07-22,17.0,0.0,16.3,0.043,15.03,47
-32.691,142.8074,2019-07-23,14.1,0.0,25.2,0.14,13.15,46
-28.4052,153.494,2019-07-24,15.8,0.0,13.4,0.129,15.67,64
-29.1235,153.3555,2019-07-25,14.6,1.7,13.0,0.269,8.37,85
-31.8532,151.2919,2019-07-26,10.4,0.0,11.9,0.263,12.12,67
-28.2694,149.6647,2019-07-27,14.1,0.0,15.3,0.127,15.66,46
-36.0585,149.9709,2019-07-28,9.9,0.0,13.6,0.187,10.82,78
-28.3854,148.3748,2019-07-29,13.5,0.0,13.1,0.237,15.93,46
-34.4629,150.876,2019-07-30,12.4,2.6,18.9,0.327,11.93,77
-28.8037,148.1722,2019-07-31,14.9,0.1,12.3,0.11,13.41,55
-32.2088,146.7257,2019-08-01,11.1,0.0,14.4,0.213,12.7,64
-29.112,150.066,2019-08-02,14.0,0.0,10.1,0.264,14.89,61
-31.7404,148.4954,2019-08-03,9.1,0.0,16.5,0.137,15.39,69
-34.4646,150.8823,2019-08-04,10.8,0.0,15.8,0.293,10.54,79
-29.1512,149.6783,2019-08-05,13.5,0.0,12.3,0.038,16.89,37
-34.5658,150.2917,2019-08-06,7.0,0.0,16.3,0.283,14.85,62
-32.7705,146.6662,2019-08-07,12.5,0.0,21.4,0.185,13.5,36
-34.196,142.2563,2019-08-08,11.2,3.4,36.4,0.334,8.82,69
-28.627,152.5264,2019-08-09,13.9,0.0,24.0,0.233,17.69,36
-29.1528,152.888,2019-08-10,14.6,0.0,28.6,0.199,16.78,37
-29.1528,152.8293,2019-08-11,11.6,0.0,28.0,0.207,17.45,39
-29.1625,153.017,2019-08-12,12.9,0.0,14.9,0.17,17.11,51
-36.3684,149.4414,2019-08-13,3.9,0.0,16.6,0.281,13.94,76
-28.5314,148.2264,2019-08-14,13.6,0.0,12.9,0.023,18.12,36
-33.9134,142.6993,2019-08-15,12.4,0.0,20.3,0.145,15.94,46
-28.5483,149.8307,2019-08-16,17.4,0.0,13.8,0.233,16.76,37
-32.4433,148.533,2019-08-17,12.2,0.0,14.2,0.215,15.88,53
-30.3524,150.3281,2019-08-18,15.4,0.0,16.4,0.252,17.78,32
-28.781,148.1705,2019-08-19,15.3,0.0,22.2,0.1,18.8,33
-37.1895,149.8981,2019-08-20,12.2,0.0,20.3,0.202,14.53,49
-28.7405,150.6409,2019-08-21,13.5,0.0,26.2,0.054,19.07,43
-36.1265,149.8652,2019-08-22,11.4,0.0,30.8,0.148,12.21,43
-29.7935,152.5535,2019-08-23,11.7,0.0,13.4,0.301,18.78,63
-28.4553,147.4121,2019-08-24,16.6,0.0,18.4,0.111,19.29,42
-28.7991,153.3117,2019-08-25,17.1,0.0,15.7,0.195,18.98,59
-28.4342,150.4183,2019-08-26,19.9,0.0,14.9,0.038,17.2,32
-31.0401,151.6449,2019-08-27,8.9,0.0,20.2,0.178,18.72,69
-28.7782,148.1711,2019-08-28,16.0,0.0,13.5,0.098,19.61,28
-34.1912,142.2729,2019-08-29,8.8,0.0,16.3,0.308,16.29,70
-28.7602,150.5595,2019-08-30,13.0,0.0,12.0,0.322,20.62,37
-36.0907,149.1942,2019-08-31,6.4,0.0,13.8,0.256,17.5,75
-34.7745,147.9364,2019-09-01,9.6,0.1,12.9,0.213,16.07,69
-29.2651,148.3379,2019-09-02,17.4,0.0,20.4,0.199,20.92,32
-28.2609,151.4416,2019-09-03,14.8,0.0,15.9,0.216,21.5,34
-29.2587,148.334,2019-09-04,22.0,0.0,19.9,0.198,20.95,21
-37.3833,142.1023,2019-09-05,10.6,5.3,18.5,0.373,13.88,91
-30.1049,152.2284,2019-09-06,16.7,0.2,29.6,0.162,21.68,27
-36.4024,149.8983,2019-09-07,12.7,0.0,32.2,0.174,17.5,44
-28.1951,153.1933,2019-09-08,13.0,0.0,13.9,0.267,22.75,38
-35.4026,149.1367,2019-09-09,5.8,0.0,28.9,0.235,15.61,63
-28.1721,153.2072,2019-09-10,14.5,0.0,23.9,0.317,20.66,46
-31.1049,146.6927,2019-09-11,15.0,0.0,12.0,0.054,21.71,34
-30.0796,152.401,2019-09-12,11.5,0.0,14.4,0.289,22.18,55
-28.7754,148.1641,2019-09-13,18.8,0.0,17.1,0.094,23.12,20
-28.8982,152.309,2019-09-15,15.5,0.0,11.4,0.297,23.17,56
-31.6884,147.9864,2019-09-16,19.8,0.0,31.6,0.207,20.86,17
-29.763,152.155,2019-09-17,12.8,4.9,11.4,0.315,17.3,61
-28.9375,148.8011,2019-09-18,16.9,0.0,17.0,0.11,18.05,48
-28.553,149.843,2019-09-19,19.4,0.0,15.6,0.224,23.17,42
-29.4881,148.5449,2019-09-20,22.8,0.0,24.6,0.123,20.24,44
-29.9805,152.2583,2019-09-21,15.3,0.9,16.8,0.425,18.06,82
-28.5389,149.84,2019-09-22,24.2,0.0,23.2,0.198,22.46,39
-33.3799,146.8521,2019-09-23,12.2,0.0,28.2,0.145,22.49,41
-28.2586,151.4451,2019-09-24,16.8,0.0,15.9,0.138,22.62,39
-34.2122,142.3052,2019-09-25,13.6,0.0,16.9,0.094,19.38,57
-28.8839,147.5937,2019-09-26,19.9,0.0,11.5,0.202,23.02,26
-29.7948,152.4362,2019-09-27,15.1,0.0,16.8,0.366,22.88,59
-30.0163,152.2569,2019-09-28,15.5,0.0,16.8,0.248,24.64,42
-29.0015,151.985,2019-09-29,16.5,0.0,20.6,0.168,24.63,49
-34.2195,142.3037,2019-09-30,14.3,0.0,14.5,0.086,22.74,52
-28.774,148.1646,2019-10-01,21.5,0.0,23.2,0.101,23.94,31
-37.3423,141.4754,2019-10-02,15.5,0.0,23.8,0.334,22.14,54
-28.1711,152.3656,2019-10-03,14.9,0.1,16.5,0.198,24.88,62
-33.6693,150.7161,2019-10-04,21.1,0.3,22.4,0.212,24.36,55
-28.1794,152.3446,2019-10-05,17.9,0.0,17.0,0.184,21.05,57
-33.0597,141.0315,2019-10-06,26.8,0.0,29.5,0.078,24.69,27
-29.8005,152.3415,2019-10-07,22.2,0.0,16.2,0.351,23.44,39
-28.2011,152.441,2019-10-08,23.5,0.0,30.8,0.248,24.52,26
-34.2161,142.3258,2019-10-09,12.9,0.0,20.1,0.104,25.52,50
-28.2354,148.7797,2019-10-10,19.6,0.0,12.8,0.025,27.55,21
-34.2205,142.2857,2019-10-11,15.0,0.0,15.9,0.1,25.82,48
-31.115,146.6643,2019-10-12,16.5,0.0,16.6,0.093,23.55,51
-32.2221,146.7051,2019-10-13,17.1,0.0,15.3,0.137,26.19,44
-31.8288,151.4471,2019-10-14,11.7,0.1,12.2,0.333,25.32,63
-31.1017,146.6813,2019-10-15,25.4,0.0,16.5,0.101,27.15,22
-29.1342,152.6172,2019-10-16,23.6,0.0,13.4,0.254,25.3,63
-31.3544,145.6733,2019-10-17,19.0,0.0,26.6,0.109,26.86,33
-32.4512,146.1421,2019-10-18,16.6,0.0,13.3,0.102,28.43,25
-28.2499,152.6126,2019-10-19,18.4,0.4,10.8,0.303,23.38,69
-31.1166,145.7283,2019-10-20,18.1,0.0,17.3,0.109,28.31,28
-28.2316,152.6341,2019-10-21,15.0,0.0,16.4,0.254,26.72,60
-30.2712,150.1376,2019-10-22,17.4,0.0,11.2,0.255,28.3,45
-37.2322,143.252,2019-10-23,18.4,0.0,11.4,0.308,27.96,45
-29.2961,148.2221,2019-10-24,26.5,0.0,20.2,0.096,26.24,26
-30.6657,152.6706,2019-10-25,20.7,0.0,16.5,0.26,25.17,52
-30.9409,152.1849,2019-10-26,23.2,0.0,23.7,0.223,26.2,47
-30.6672,147.5173,2019-10-27,21.0,0.0,17.7,0.179,29.48,19
-31.8258,152.666,2019-10-28,18.6,0.7,16.7,0.185,22.45,69
-36.7042,144.2518,2019-10-29,18.2,0.0,14.8,0.183,29.01,35
-31.1635,152.2431,2019-10-30,17.1,0.2,9.7,0.264,19.43,66
-29.9088,153.2135,2019-10-31,20.3,0.0,20.3,0.123,25.82,70
-36.1083,148.0276,2019-11-01,20.6,0.0,13.0,0.275,26.42,49
-31.1641,152.2599,2019-11-02,15.8,0.1,16.3,0.257,26.3,75
-32.1322,152.4429,2019-11-03,22.8,3.2,27.8,0.16,24.52,68
-28.7836,148.1433,2019-11-04,22.1,0.0,15.9,0.164,27.65,60
-33.9377,150.9317,2019-11-05,15.5,0.5,23.6,0.153,21.65,62
-28.6134,152.2021,2019-11-06,16.9,0.0,10.8,0.285,31.09,37
-29.2155,151.5105,2019-11-07,21.4,0.0,21.3,0.107,31.35,23
-36.7134,143.8824,2019-11-08,11.2,3.4,27.0,0.262,21.03,65
-29.3101,151.836,2019-11-09,15.1,0.0,24.2,0.101,32.28,31
-36.4878,144.5951,2019-11-10,14.0,0.0,18.9,0.229,16.42,66
-29.3224,151.7138,2019-11-11,15.6,0.0,14.1,0.067,31.82,52
-33.8206,150.7975,2019-11-12,23.7,0.0,27.3,0.163,30.29,36
-28.2266,152.4296,2019-11-13,21.0,0.0,23.5,0.241,30.78,41
-30.9926,145.3891,2019-11-14,21.3,0.0,14.3,0.106,30.79,30
-31.5756,151.808,2019-11-15,17.1,0.0,17.5,0.226,32.01,33
-29.9923,151.3231,2019-11-16,20.6,0.0,16.8,0.215,32.16,29
-36.2687,145.6454,2019-11-17,14.9,0.0,21.5,0.152,30.18,49
-28.3931,151.8549,2019-11-18,20.4,0.0,24.1,0.143,30.99,53
-35.8477,144.4683,2019-11-19,23.8,0.0,22.0,0.12,31.35,32
-28.2957,152.7233,2019-11-20,25.1,0.1,13.7,0.186,28.28,67
-33.3476,150.8154,2019-11-21,24.5,0.0,14.3,0.201,30.48,56
-29.2641,153.1981,2019-11-22,23.2,0.0,20.1,0.2,30.86,60
-33.3823,150.2783,2019-11-23,19.0,12.3,13.4,0.324,23.54,74
-37.3183,148.3296,2019-11-24,13.6,0.0,15.3,0.264,29.7,74
-29.2645,152.8369,2019-11-25,23.5,0.0,15.1,0.204,27.27,63
-35.646,150.138,2019-11-26,21.3,0.0,30.7,0.242,29.07,56
-29.2126,152.3087,2019-11-27,21.6,0.0,17.0,0.201,30.5,64
-37.4665,147.6283,2019-11-28,14.2,0.0,20.3,0.22,31.78,60
-28.8291,150.8584,2019-11-29,28.2,0.0,24.5,0.138,26.0,48
-32.3416,150.1198,2019-11-30,27.4,0.0,24.5,0.185,28.13,31
-33.3245,150.5134,2019-12-01,17.7,0.9,21.3,0.255,29.0,55
-29.9979,152.1062,2019-12-02,18.0,0.0,36.0,0.276,32.88,46
-35.6126,150.2407,2019-12-03,18.7,0.0,28.1,0.084,32.13,40
-30.0751,152.1606,2019-12-04,19.4,0.0,17.4,0.21,34.05,28
-35.5969,150.1413,2019-12-05,21.1,0.0,25.1,0.217,31.72,51
-28.1629,152.2292,2019-12-06,26.3,0.0,15.8,0.189,33.2,22
-33.2903,150.2713,2019-12-07,19.1,0.0,17.5,0.188,33.23,31
-28.7784,152.2929,2019-12-08,21.4,0.1,15.8,0.207,31.46,63
-28.6577,148.1669,2019-12-09,33.5,0.0,22.5,0.096,31.92,18
-35.3154,149.6546,2019-12-10,22.6,0.0,25.0,0.215,28.08,45
-30.1169,150.8858,2019-12-11,26.1,0.9,18.6,0.158,24.04,39
-37.3979,147.9866,2019-12-12,12.7,0.0,16.6,0.237,23.18,71
-30.6006,151.05,2019-12-13,19.8,0.7,19.1,0.211,25.54,67
-37.4969,147.5352,2019-12-14,13.5,0.0,18.0,0.278,22.31,70
-28.6041,152.3736,2019-12-15,26.4,0.1,14.5,0.193,29.25,53
-29.8107,151.1811,2019-12-16,27.0,0.0,23.1,0.098,32.37,25
-32.7271,150.2538,2019-12-17,17.3,0.0,16.0,0.205,31.89,64
-28.5916,152.3041,2019-12-18,21.6,0.0,14.1,0.208,30.94,58
-35.3187,150.0776,2019-12-19,23.7,0.0,21.6,0.261,28.13,45
-29.279,152.1745,2019-12-20,22.9,0.0,15.5,0.368,30.89,50
-35.1443,150.4003,2019-12-21,24.9,0.2,28.9,0.25,29.2,60
-28.2556,152.4994,2019-12-22,23.7,1.5,12.4,0.25,28.58,69
-37.3336,142.4989,2019-12-23,14.7,0.0,15.9,0.231,31.05,62
-32.6517,150.2348,2019-12-24,20.0,0.1,19.3,0.15,24.5,67
-37.3313,148.4881,2019-12-25,16.7,0.0,13.7,0.203,30.26,71
-35.5831,149.9731,2019-12-26,22.0,0.3,12.7,0.234,29.18,74
-34.244,150.4153,2019-12-27,21.3,0.0,15.7,0.253,32.28,66
-35.3378,147.8462,2019-12-28,30.3,0.0,19.8,0.14,26.95,27
-31.6052,151.2392,2019-12-29,23.6,0.0,13.0,0.233,32.86,37
-33.9793,142.2076,2019-12-30,36.8,0.0,33.5,0.135,26.45,17
-32.5686,150.4762,2019-12-31,30.3,0.0,23.4,0.151,31.71,25
-34.2643,149.9612,2020-01-01,20.9,0.0,22.5,0.154,29.56,61
-30.6112,151.9689,2020-01-02,23.1,1.2,10.7,0.235,27.68,68
-29.4216,152.1276,2020-01-03,21.4,0.0,11.3,0.405,31.91,68
-36.0222,147.887,2020-01-04,28.9,0.0,18.3,0.201,29.17,32
-30.4535,151.3596,2020-01-05,28.4,0.0,29.3,0.041,29.46,41
-30.4354,151.0311,2020-01-06,25.1,0.0,28.5,0.031,31.85,52
-29.1003,150.7932,2020-01-07,28.8,0.0,23.6,0.141,27.83,47
-35.8038,147.626,2020-01-08,24.7,0.0,12.7,0.172,29.97,53
-29.2519,152.1479,2020-01-09,21.2,2.1,14.1,0.425,22.54,76
-28.5585,149.8516,2020-01-10,33.0,0.0,23.0,0.221,28.7,31
-36.296,147.6791,2020-01-11,18.0,1.6,17.6,0.248,31.86,55
-31.154,149.2246,2020-01-12,23.8,0.0,25.1,0.153,28.75,53
-37.3276,149.9385,2020-01-13,18.1,0.0,29.0,0.234,30.16,74
-28.3092,147.9108,2020-01-14,31.6,0.0,23.5,0.106,28.63,34
-35.9028,149.76,2020-01-15,21.3,1.1,12.5,0.279,24.31,77
-28.7149,148.0786,2020-01-16,29.4,4.4,14.5,0.062,21.1,46
-36.7009,146.7166,2020-01-17,17.3,0.0,13.1,0.268,27.1,64
-34.7618,145.9388,2020-01-18,26.4,0.0,22.0,0.164,24.41,42
-30.3656,146.9492,2020-01-19,29.7,0.0,20.6,0.206,24.71,41
-28.7086,148.091,2020-01-20,32.8,0.0,28.8,0.064,31.51,25
-28.2342,149.8592,2020-01-21,28.6,0.0,13.8,0.065,31.69,41
-37.4162,149.3037,2020-01-22,21.0,0.0,14.9,0.462,30.94,62
-29.3575,150.7591,2020-01-23,26.7,6.6,24.8,0.327,24.78,71
-37.4045,149.7303,2020-01-24,18.0,0.3,15.9,0.29,17.9,72
-30.9871,151.9286,2020-01-25,21.0,7.2,13.6,0.382,21.3,87
-30.9965,146.614,2020-01-26,30.2,1.5,15.0,0.111,24.55,51
-37.3954,149.3515,2020-01-27,19.6,0.4,17.1,0.391,23.88,77
-31.8147,145.6903,2020-01-28,33.5,0.0,21.3,0.104,30.26,20
-37.0279,149.3966,2020-01-29,18.7,0.0,14.6,0.198,29.91,71
-28.2884,150.6736,2020-01-30,31.1,0.1,21.1,0.262,26.29,50
-35.6574,148.9804,2020-01-31,28.5,0.0,13.7,0.153,30.03,35
-28.7165,148.0839,2020-02-01,34.8,0.2,20.5,0.054,26.22,31
-28.3695,148.301,2020-02-02,34.7,0.0,22.3,0.199,29.69,29
-28.3243,150.4353,2020-02-03,31.4,1.1,29.0,0.192,22.31,38
-28.2797,147.877,2020-02-04,30.5,0.0,22.3,0.105,24.36,27
-37.4794,149.9144,2020-02-05,18.7,0.0,15.8,0.21,28.91,73
-34.7672,143.3195,2020-02-06,26.7,0.9,19.5,0.274,26.65,47
-36.9449,149.4364,2020-02-07,17.6,1.2,14.7,0.267,15.9,87
-37.4217,149.9433,2020-02-08,20.2,4.9,23.1,0.242,20.32,83
-28.3251,147.994,2020-02-09,24.4,0.2,8.4,0.328,24.71,75
-30.5133,151.6669,2020-02-10,18.7,1.9,16.6,0.404,23.82,82
-33.7345,142.3156,2020-02-11,26.7,0.0,29.6,0.173,22.33,46
-33.8482,142.692,2020-02-12,26.1,0.0,23.0,0.193,20.7,52
-34.0308,145.6334,2020-02-13,27.9,0.0,19.2,0.254,26.75,56
-31.324,149.6592,2020-02-14,22.0,0.0,15.6,0.378,23.88,70
-31.1827,146.8732,2020-02-15,27.9,0.2,9.8,0.271,23.63,55
-31.8791,146.4716,2020-02-16,27.9,0.3,12.6,0.22,22.69,59
-29.0052,150.5749,2020-02-17,26.4,0.0,15.5,0.261,27.14,69
-32.7984,151.8386,2020-02-18,26.0,0.1,15.5,0.243,23.12,78
-28.773,151.0869,2020-02-19,25.8,5.2,18.7,0.297,19.65,65
-34.7364,143.447,2020-02-20,19.0,0.0,16.7,0.149,25.86,46
-30.1244,147.7608,2020-02-21,23.6,0.0,16.3,0.27,27.78,47
-33.8425,150.8924,2020-02-24,21.7,0.2,14.7,0.35,21.6,76
-34.4611,150.8802,2020-02-25,22.1,0.0,19.8,0.344,23.37,80
-34.4641,150.8865,2020-02-26,24.1,0.5,26.1,0.331,18.3,70
-30.9998,146.849,2020-02-27,24.5,0.0,17.1,0.168,27.47,34
-37.4965,149.9433,2020-02-28,17.2,0.0,33.3,0.285,19.82,69
-30.4999,148.7521,2020-02-29,24.8,0.0,15.9,0.163,25.27,55
-37.4476,149.9535,2020-03-01,21.7,0.0,19.5,0.271,20.97,82
-28.1632,153.0384,2020-03-02,25.3,0.0,13.4,0.337,22.85,72
-29.1475,151.2505,2020-03-03,25.0,0.0,20.6,0.172,21.27,59
-30.0875,150.9982,2020-03-04,21.7,0.6,12.7,0.294,15.8,72
-34.7478,145.9277,2020-03-07,19.1,0.0,14.1,0.297,23.39,64
-36.9097,141.6729,2020-03-08,16.0,0.0,19.8,0.279,23.36,69
-33.8938,142.6442,2020-03-09,21.0,0.0,17.9,0.143,23.71,55
-34.3214,146.0653,2020-03-10,21.4,0.0,14.4,0.277,20.92,56
-28.2498,147.4751,2020-03-11,23.0,0.2,19.5,0.29,21.84,67
-28.2475,147.4767,2020-03-12,22.7,0.0,21.7,0.249,25.4,57
-28.3884,151.429,2020-03-13,19.3,0.1,15.3,0.234,21.83,64
-28.2298,150.0377,2020-03-14,22.2,0.0,17.7,0.234,22.23,60
-35.771,144.956,2020-03-15,16.4,0.0,20.5,0.133,22.2,50
-28.1652,150.0923,2020-03-16,21.8,0.0,17.2,0.071,23.22,55
-28.1593,150.1,2020-03-18,21.8,0.0,15.1,0.043,23.74,55
-37.2696,149.6697,2020-03-19,24.2,0.0,14.9,0.246,18.41,50
-28.2736,151.972,2020-03-20,20.5,0.0,10.1,0.258,24.6,70
-33.8501,142.0994,2020-03-21,20.6,0.0,14.2,0.149,22.55,46
-28.4111,151.4225,2020-03-22,24.3,0.0,16.0,0.208,23.67,61
-32.214,147.3231,2020-03-23,20.5,0.0,14.4,0.135,22.43,49
-34.4541,150.869,2020-03-24,18.5,2.5,15.9,0.381,15.23,84
-36.4438,146.747,2020-03-25,12.9,0.0,9.2,0.303,20.46,71
-36.4241,142.3281,2020-03-26,16.6,0.0,18.5,0.277,21.3,57
-28.488,152.0431,2020-03-27,14.6,0.5,28.3,0.331,15.08,86
-31.4972,145.0056,2020-03-28,22.2,0.2,19.9,0.202,14.64,59
-28.4115,151.4427,2020-03-29,21.1,0.3,17.6,0.191,19.24,70
-28.5821,149.0454,2020-03-30,24.4,0.7,20.5,0.2,16.46,65
-35.324,142.3348,2020-03-31,17.4,0.0,11.3,0.132,20.32,58
-28.246,149.4678,2020-04-01,23.5,0.0,16.9,0.286,19.95,58
-36.1771,147.594,2020-04-02,14.1,21.3,15.5,0.388,5.92,91
-29.0868,151.9866,2020-04-03,17.7,5.2,14.3,0.339,15.61,83
-35.8359,150.1314,2020-04-04,18.1,2.9,31.1,0.317,18.64,69
-32.0566,149.187,2020-04-05,13.3,0.0,20.3,0.395,16.77,67
-34.7987,142.7936,2020-04-06,14.6,0.0,15.6,0.302,13.28,69
-29.0302,152.8951,2020-04-07,19.0,1.0,17.5,0.387,14.95,77
-35.0544,145.9444,2020-04-08,15.4,0.0,18.7,0.332,16.72,69
-36.9728,141.4554,2020-04-09,14.9,0.0,17.8,0.261,15.71,72
-37.3911,143.206,2020-04-10,14.0,0.0,21.7,0.29,11.55,78
-34.3568,150.4348,2020-04-11,13.4,0.0,36.9,0.396,16.09,63
-28.2113,151.9691,2020-04-12,17.1,0.0,13.5,0.299,21.67,54
-35.0968,143.3378,2020-04-13,13.8,0.0,10.0,0.398,17.93,66
-28.5069,153.4471,2020-04-14,19.5,0.0,9.9,0.36,19.82,72
-28.2448,151.8769,2020-04-15,18.2,0.0,12.6,0.21,20.24,71
-35.4986,143.989,2020-04-16,20.1,0.0,23.1,0.376,15.85,51
-34.1319,148.7968,2020-04-17,13.4,0.0,18.9,0.297,17.81,66
-37.0511,149.8356,2020-04-18,12.9,0.0,20.6,0.253,13.08,70
-28.7529,152.1537,2020-04-19,14.7,0.0,13.7,0.295,20.02,54
-36.364,149.4172,2020-04-20,9.5,1.5,30.7,0.282,9.91,72
-28.2838,151.8821,2020-04-21,19.9,0.2,13.0,0.179,18.31,50
-31.9882,141.4095,2020-04-22,19.6,0.0,16.4,0.11,17.86,35
-28.8124,152.7578,2020-04-23,17.9,0.0,11.7,0.244,16.28,73
-28.5809,149.0571,2020-04-24,19.1,0.0,14.2,0.123,18.94,46
-36.6165,142.3137,2020-04-25,15.2,11.0,19.7,0.361,11.55,77
-29.4479,151.5525,2020-04-26,14.1,0.0,15.5,0.336,18.13,70
-36.7603,146.9813,2020-04-27,9.4,0.0,5.1,0.397,15.29,79
-30.3128,148.9848,2020-04-28,19.8,0.0,14.6,0.127,15.56,66
-31.689,151.0662,2020-04-29,18.3,0.0,22.0,0.338,14.44,69
-29.4136,151.2682,2020-04-30,14.8,19.0,25.9,0.234,8.42,83
-30.9358,152.8793,2020-05-01,14.0,0.5,18.3,0.312,17.01,56
-34.4616,150.8714,2020-05-02,12.2,0.0,19.5,0.339,14.67,59
-28.3182,149.3396,2020-05-03,13.2,0.0,21.1,0.308,17.49,64
-36.499,148.5701,2020-05-04,4.0,0.0,12.6,0.38,9.8,83
-28.3913,151.2158,2020-05-05,15.1,0.0,15.8,0.196,17.02,58
-35.7239,147.7101,2020-05-06,10.6,0.0,10.2,0.376,11.76,78
-29.5382,151.9261,2020-05-07,10.1,0.0,10.7,0.326,15.04,78
-31.8029,148.844,2020-05-08,17.5,0.0,19.2,0.309,14.66,56
-31.9723,148.7585,2020-05-09,16.2,3.3,20.9,0.342,12.13,69
-29.5243,146.5039,2020-05-10,14.0,0.0,20.3,0.13,16.34,44
-35.5237,150.3647,2020-05-11,10.7,0.0,12.6,0.22,13.32,60
-28.586,148.2895,2020-05-12,13.7,0.0,14.8,0.045,13.44,55
-37.1578,149.3055,2020-05-13,9.0,0.0,14.8,0.218,8.85,72
-28.3486,148.2218,2020-05-14,16.7,0.0,15.8,0.065,15.09,62
-31.6592,147.2602,2020-05-15,12.3,0.0,15.9,0.24,14.45,72
-28.3655,152.1355,2020-05-16,14.2,0.0,31.3,0.228,13.06,74
-30.7159,148.9586,2020-05-17,15.3,0.0,13.3,0.196,14.39,66
-37.1002,148.6212,2020-05-18,7.8,0.0,7.6,0.32,11.75,81
-29.01,151.4125,2020-05-19,15.0,0.0,19.3,0.133,14.26,70
-34.7883,145.9695,2020-05-20,12.6,2.5,27.7,0.361,11.92,76
-33.1024,147.2204,2020-05-21,9.3,2.2,24.4,0.322,8.78,84
-32.2666,146.7826,2020-05-22,8.7,0.0,20.7,0.331,11.21,74
-32.6096,148.4212,2020-05-23,7.0,0.0,16.6,0.386,8.88,82
-32.1,146.0583,2020-05-24,9.4,0.0,16.9,0.265,9.29,81
-30.5832,153.0009,2020-05-25,16.0,0.5,17.9,0.307,12.79,66
-29.5308,151.8976,2020-05-26,10.1,0.0,12.3,0.379,11.84,80
-37.3019,141.1128,2020-05-27,11.6,1.6,18.1,0.226,7.43,79
-29.5358,151.9098,2020-05-28,10.0,0.0,12.2,0.364,13.19,79
-35.3738,148.9346,2020-05-29,6.8,0.0,6.9,0.343,11.3,81
-28.6588,148.6208,2020-05-30,15.0,0.0,15.2,0.153,14.57,61
-32.6483,146.9775,2020-05-31,13.5,0.2,17.1,0.272,8.91,67
-28.4203,150.44,2020-06-01,16.5,0.0,24.5,0.136,11.28,60
-29.5856,151.9119,2020-06-02,4.3,0.0,29.3,0.374,13.72,76
-35.3379,145.0471,2020-06-03,10.6,0.4,22.8,0.34,8.32,74
-31.2404,145.8105,2020-06-04,10.4,0.0,10.2,0.189,12.93,71
-34.9715,150.5228,2020-06-05,8.9,0.0,10.2,0.325,11.28,75
-28.5646,150.927,2020-06-06,11.0,0.0,9.6,0.131,14.16,67
-32.8929,149.7406,2020-06-07,5.7,0.0,11.0,0.356,10.71,78
-28.4666,151.9741,2020-06-08,10.4,1.0,13.3,0.27,12.85,74
-32.0979,146.0575,2020-06-09,11.4,0.0,16.2,0.236,12.32,75
-28.9005,150.4725,2020-06-10,14.9,1.9,11.7,0.332,8.88,80
-29.0079,151.4117,2020-06-11,13.6,0.0,10.2,0.173,12.37,81
-37.4545,143.2688,2020-06-12,7.8,0.0,24.2,0.335,9.33,83
-28.4811,150.4414,2020-06-13,17.4,0.8,16.6,0.099,13.26,72
-34.4608,150.8799,2020-06-14,14.3,5.6,16.8,0.403,9.42,74
-34.4616,150.8859,2020-06-15,13.4,0.0,11.4,0.387,10.85,72
-33.1239,146.121,2020-06-16,11.5,0.0,10.9,0.327,11.46,79
-31.7276,150.2281,2020-06-17,10.3,0.0,18.1,0.471,12.21,82
-31.2701,145.5721,2020-06-18,12.7,0.0,17.1,0.202,12.34,76
-35.9251,150.1305,2020-06-19,11.8,0.0,13.3,0.227,10.21,75
-29.5849,150.7854,2020-06-20,12.4,0.0,14.6,0.394,10.74,70
-34.4675,150.8867,2020-06-21,12.4,1.8,12.6,0.386,7.72,82
-28.4155,150.0712,2020-06-22,11.5,0.0,23.5,0.085,12.58,58
-29.0021,151.3901,2020-06-23,8.2,0.8,21.5,0.294,8.24,74
-28.2517,147.4609,2020-06-24,11.7,0.0,12.0,0.167,12.35,67
-31.0611,151.9126,2020-06-25,5.2,0.0,15.0,0.363,12.12,90
-31.0629,151.9146,2020-06-26,5.0,0.0,12.4,0.36,13.23,82
-29.0073,145.5264,2020-06-27,9.9,0.0,13.9,0.263,13.73,59
-31.1913,146.9387,2020-06-28,8.6,0.0,10.3,0.256,12.18,83
-28.5553,149.828,2020-06-29,12.9,0.0,11.2,0.293,12.04,65
-31.0686,151.9108,2020-06-30,5.4,0.0,9.2,0.357,12.14,80
-29.5718,145.5196,2020-07-01,16.6,0.0,15.3,0.142,12.69,54
-32.0281,144.9948,2020-07-02,14.1,0.0,20.3,0.2,12.11,57
-28.8349,152.5816,2020-07-03,14.5,0.0,16.6,0.179,11.21,70
-34.463,150.8781,2020-07-04,10.6,3.0,23.4,0.347,10.48,66
-34.4606,150.8826,2020-07-05,12.3,0.0,22.1,0.337,10.94,65
-28.3182,147.8485,2020-07-06,10.2,0.0,13.3,0.121,14.08,67
-34.8637,145.6083,2020-07-07,7.0,0.0,9.2,0.323,8.97,93
-28.3679,151.1122,2020-07-08,12.4,0.0,13.3,0.174,14.52,65
-35.5182,143.7086,2020-07-09,8.6,0.0,12.7,0.418,8.96,89
-31.4305,146.7714,2020-07-10,12.0,2.4,15.0,0.244,7.95,85
-30.4088,149.8554,2020-07-12,11.6,2.2,15.7,0.3,8.83,88
-28.5455,151.8632,2020-07-13,6.2,0.0,22.5,0.358,12.36,79
-32.3885,148.7174,2020-07-14,8.0,0.0,24.0,0.488,10.99,83
-28.5445,151.8615,2020-07-15,6.9,0.0,22.8,0.342,14.9,80
-31.4819,149.2171,2020-07-16,6.7,0.0,19.2,0.371,13.47,79
-28.5361,152.4763,2020-07-17,11.2,0.0,12.7,0.294,14.52,72
-31.3594,151.1865,2020-07-18,9.7,0.0,11.8,0.364,12.87,84
-28.779,151.1788,2020-07-19,11.2,0.0,10.9,0.215,14.95,71
-32.591,148.4156,2020-07-20,6.8,0.0,18.3,0.362,13.43,76
-34.4647,150.8742,2020-07-21,10.6,0.0,19.8,0.343,12.43,67
-28.2439,147.4657,2020-07-22,13.4,0.0,11.6,0.149,11.55,59
-35.4033,150.3734,2020-07-23,10.5,0.8,10.7,0.319,6.17,86
-28.4407,149.7373,2020-07-24,15.1,0.0,19.9,0.222,12.78,66
-34.4641,150.8854,2020-07-25,12.8,3.5,12.8,0.339,10.19,88
-35.8162,144.0169,2020-07-26,9.5,0.0,14.5,0.424,11.93,80
-31.8163,145.8342,2020-07-27,11.1,0.0,25.2,0.288,14.0,72
-34.9469,145.5242,2020-07-28,11.9,0.1,21.1,0.356,12.03,79
-31.812,145.8287,2020-07-29,10.6,0.0,16.0,0.253,14.16,80
-37.3198,143.9215,2020-07-30,7.9,0.0,12.4,0.347,7.99,83
-29.0154,151.4136,2020-07-31,11.2,0.0,12.8,0.237,16.51,65
-37.4416,143.2736,2020-08-01,9.8,0.0,20.2,0.359,12.22,74
-28.4325,151.6029,2020-08-02,11.1,0.0,15.0,0.218,16.75,70
-34.9007,144.1744,2020-08-03,10.8,0.0,14.3,0.414,10.27,74
-30.7623,151.5338,2020-08-04,7.6,0.0,25.2,0.345,14.77,66
-28.5377,151.8652,2020-08-05,9.8,0.0,18.7,0.29,17.14,60
-34.4687,150.875,2020-08-06,9.8,0.0,20.2,0.325,14.76,58
-28.4175,152.5476,2020-08-10,9.7,0.0,24.8,0.323,10.93,70
-29.0165,151.4034,2020-08-11,10.1,0.0,10.1,0.295,16.3,77
-30.5813,151.1942,2020-08-12,10.9,0.4,23.0,0.37,13.65,77
-30.9334,152.5579,2020-08-13,14.6,0.0,11.5,0.334,15.44,77
-28.2239,151.5885,2020-08-14,16.9,2.5,16.8,0.264,15.1,59
-34.4565,150.8834,2020-08-15,14.0,1.1,14.2,0.397,11.71,74
-34.1385,142.1786,2020-08-16,10.4,0.4,18.3,0.302,11.31,80
-35.8165,150.1464,2020-08-17,12.4,0.1,17.0,0.403,14.32,77
-28.4786,151.9973,2020-08-18,11.4,0.0,23.1,0.365,14.03,63
-34.4662,150.8814,2020-08-19,12.5,0.2,28.7,0.366,13.96,66
-28.2735,152.7544,2020-08-20,13.6,0.0,23.0,0.296,19.4,45
-29.7512,149.6423,2020-08-21,12.3,0.0,29.7,0.149,13.4,60
-28.8575,150.1989,2020-08-23,10.4,0.0,24.5,0.062,19.45,49
-34.4638,150.8782,2020-08-24,11.2,0.0,22.7,0.318,17.31,54
-29.0012,151.4179,2020-08-25,6.8,0.0,12.9,0.204,20.02,60
-31.1231,147.0006,2020-08-26,8.2,0.0,14.0,0.227,19.16,70
-28.2248,146.4056,2020-08-27,13.7,0.0,11.7,0.021,20.59,40
-30.7667,150.4568,2020-08-28,11.0,0.0,17.3,0.19,19.62,56
-29.1296,151.7079,2020-08-29,11.1,0.0,10.7,0.162,20.42,66
-28.5732,149.8474,2020-08-30,16.5,0.0,16.5,0.256,20.26,58
-34.3968,150.3648,2020-08-31,9.6,0.1,17.9,0.314,18.31,71
-28.8188,149.0195,2020-09-01,15.0,0.0,14.1,0.122,21.33,48
-36.0759,148.8128,2020-09-02,6.5,0.0,29.9,0.362,16.51,61
-28.7622,152.5568,2020-09-03,18.6,0.0,15.9,0.194,19.82,65
-31.5413,151.0877,2020-09-04,15.0,0.1,19.7,0.307,18.64,66
-28.3871,152.6354,2020-09-05,17.2,0.4,15.8,0.229,17.32,74
-31.7514,145.5581,2020-09-06,15.3,0.0,12.1,0.142,20.29,57
-37.0654,148.6131,2020-09-07,9.8,0.0,12.3,0.316,19.4,69
-31.4238,146.8603,2020-09-08,20.2,0.0,20.1,0.155,19.8,54
-34.8768,143.7066,2020-09-09,13.2,0.2,18.5,0.272,16.13,69
-31.4217,146.8512,2020-09-10,14.8,0.0,18.2,0.283,14.66,75
-32.4733,146.0969,2020-09-11,14.3,0.0,20.2,0.147,21.33,57
-28.8635,148.9093,2020-09-12,17.1,0.0,19.8,0.135,22.71,50
-28.28,150.4149,2020-09-13,17.4,0.0,17.6,0.226,22.72,53
-29.0113,151.4189,2020-09-14,16.2,0.0,10.8,0.134,20.28,62
-28.5584,149.8489,2020-09-15,21.2,0.0,19.6,0.236,18.97,47
-37.0786,146.2508,2020-09-16,12.0,0.0,16.3,0.326,20.17,63
-28.1659,150.4794,2020-09-17,21.0,0.0,18.1,0.138,22.04,51
-32.6216,146.6848,2020-09-18,20.6,0.1,20.3,0.162,18.29,54
-28.2644,152.7573,2020-09-19,17.2,1.2,14.3,0.228,16.79,76
-28.2283,152.911,2020-09-20,18.7,1.2,12.8,0.194,17.37,80
-28.2893,153.4129,2020-09-21,22.3,0.1,15.5,0.276,20.65,80
-34.624,145.9132,2020-09-22,13.7,0.0,28.0,0.281,19.3,56
-37.4462,143.2764,2020-09-23,7.8,2.8,21.8,0.38,8.62,84
-29.544,147.9944,2020-09-24,16.7,0.0,14.7,0.256,24.63,39
-34.4634,150.8813,2020-09-25,13.5,0.4,31.9,0.303,18.5,62
-28.8487,152.4293,2020-09-26,12.7,0.0,29.0,0.214,25.96,32
-35.1703,150.589,2020-09-27,13.2,0.0,34.6,0.032,19.83,53
-31.5873,151.1575,2020-09-28,6.1,0.0,11.0,0.37,19.17,74
-35.387,149.702,2020-09-29,10.4,0.0,13.8,0.333,21.89,73
-32.6273,146.6781,2020-09-30,15.8,5.0,26.5,0.262,16.45,73
-31.7653,145.5728,2020-10-01,17.5,0.0,15.0,0.163,24.33,55
-37.1397,148.674,2020-10-02,13.6,0.0,15.2,0.344,24.03,58
-28.5752,152.7678,2020-10-03,19.1,0.1,15.1,0.3,18.01,72
-34.4653,150.8774,2020-10-04,18.6,0.0,22.7,0.245,24.46,74
-28.8418,152.3646,2020-10-05,17.5,0.0,8.9,0.202,23.31,64
-31.9865,151.6477,2020-10-06,15.9,0.2,13.0,0.28,20.3,77
-29.0204,151.4465,2020-10-07,20.2,0.0,13.6,0.122,25.93,51
-32.6071,146.6825,2020-10-08,17.4,2.2,26.3,0.177,23.93,59
-32.311,152.121,2020-10-09,16.9,0.0,22.3,0.233,26.18,44
-32.0481,145.5247,2020-10-10,17.0,0.0,10.2,0.13,26.47,46
-35.09,150.6052,2020-10-11,16.4,0.2,14.4,0.126,21.02,72
-31.2385,152.1052,2020-10-12,12.8,2.6,13.1,0.307,19.52,78
-34.4618,150.8843,2020-10-13,18.7,0.0,18.0,0.276,24.25,74
-28.3688,149.9274,2020-10-14,21.4,0.0,19.2,0.219,27.31,46
-28.2335,147.5953,2020-10-15,23.6,0.0,21.8,0.196,27.64,33
-29.6794,150.9386,2020-10-16,18.6,0.1,19.7,0.312,25.32,53
-31.0886,150.2238,2020-10-17,22.9,0.0,25.0,0.229,26.07,47
-36.0905,145.444,2020-10-18,12.3,0.0,23.1,0.334,22.77,66
-32.1708,145.5839,2020-10-19,17.1,0.0,14.3,0.131,28.22,41
-31.1374,145.4143,2020-10-20,20.1,0.0,16.0,0.173,27.51,33
-30.5326,152.9907,2020-10-21,17.8,0.0,12.3,0.31,23.12,77
-32.1711,145.5791,2020-10-22,24.6,0.0,21.9,0.109,27.31,38
-28.2033,153.5428,2020-10-23,21.3,0.2,17.1,0.274,23.75,77
-32.1757,145.5731,2020-10-24,20.1,11.2,28.6,0.218,19.34,67
-32.1806,145.5748,2020-10-25,13.9,0.0,23.0,0.248,28.55,53
-28.5997,148.9986,2020-10-26,18.6,0.0,11.7,0.275,27.45,59
-30.2817,151.2057,2020-10-27,15.3,0.0,16.6,0.21,21.9,68
-31.1317,145.4192,2020-10-28,17.8,0.1,24.5,0.143,26.88,53
-28.264,150.5074,2020-10-29,20.3,0.0,18.8,0.281,28.51,54
-28.5058,152.0115,2020-10-30,18.0,0.0,16.5,0.386,29.66,53
-29.4251,149.958,2020-10-31,20.3,0.0,31.0,0.211,26.93,40
-34.747,145.9557,2020-11-01,17.8,0.0,11.4,0.322,28.46,73
-28.4526,150.3591,2020-11-02,23.4,0.0,19.2,0.041,29.5,44
-35.5213,150.3727,2020-11-03,15.4,0.0,15.1,0.375,28.75,81
-28.5645,152.4227,2020-11-04,18.9,0.0,11.3,0.3,28.54,67
-32.1679,145.5643,2020-11-05,17.2,1.4,33.2,0.132,26.26,45
-28.5999,150.8386,2020-11-06,20.0,0.0,15.0,0.094,30.34,40
-32.1631,145.5733,2020-11-07,19.1,0.0,16.6,0.123,30.54,38
-32.1626,145.5738,2020-11-08,22.2,0.0,24.2,0.116,29.76,39
-36.8651,144.294,2020-11-09,18.9,0.0,16.8,0.186,29.38,55
-34.4627,150.8845,2020-11-10,16.5,0.0,20.0,0.352,30.14,76
-28.4817,150.6742,2020-11-11,23.8,0.0,19.6,0.042,26.94,45
-28.2411,147.5927,2020-11-13,29.2,0.0,32.9,0.197,30.3,26
-32.4723,147.2309,2020-11-14,21.1,0.0,14.3,0.166,30.86,42
-28.2647,150.6423,2020-11-15,27.4,0.0,22.2,0.121,31.25,31
-31.3204,148.2202,2020-11-16,28.2,0.0,31.1,0.28,26.33,34
-31.3075,151.3818,2020-11-17,18.4,0.1,16.9,0.337,26.27,64
-29.1317,147.105,2020-11-18,29.3,0.0,16.1,0.198,31.93,16
-29.0004,151.4314,2020-11-19,23.3,0.0,19.2,0.128,28.33,50
-30.1676,151.4127,2020-11-20,19.7,0.0,11.9,0.218,27.89,62
-32.0454,152.2777,2020-11-21,22.6,0.0,14.0,0.268,27.63,78
-28.2989,147.8428,2020-11-22,32.6,0.0,20.1,0.104,30.56,22
-29.4224,152.7241,2020-11-23,28.1,0.7,19.4,0.21,28.17,46
-29.8555,153.0555,2020-11-24,22.0,3.2,20.9,0.138,21.74,74
-28.2443,147.6039,2020-11-25,31.0,0.0,18.4,0.18,30.84,28
-37.4136,143.5701,2020-11-26,15.3,0.0,18.4,0.289,28.81,74
-28.22,152.6067,2020-11-27,22.5,0.0,16.0,0.264,29.25,68
-36.1331,142.3582,2020-11-28,28.0,0.2,21.2,0.262,20.71,36
-31.18,147.7556,2020-11-29,34.8,0.0,33.2,0.199,29.11,20
-32.3387,149.0252,2020-11-30,22.4,0.0,34.3,0.28,31.96,55
-28.3259,147.9047,2020-12-01,38.3,0.0,29.1,0.104,27.53,17
-28.593,148.2854,2020-12-02,36.0,0.0,25.6,0.016,29.92,20
-34.7677,145.9251,2020-12-03,21.6,0.0,12.0,0.126,29.52,28
-31.0992,145.8066,2020-12-04,30.5,0.0,12.7,0.099,31.86,20
-34.4512,150.8794,2020-12-05,20.3,14.4,21.1,0.276,15.47,83
-34.4649,150.8877,2020-12-06,21.0,0.0,20.8,0.361,32.63,61
-34.4628,150.8778,2020-12-07,20.2,0.0,17.4,0.316,32.81,55
-30.4179,151.455,2020-12-08,15.6,0.0,22.6,0.178,34.06,45
-29.7871,149.2775,2020-12-09,23.8,0.0,13.7,0.207,33.01,28
-28.7923,152.3528,2020-12-10,22.5,0.0,12.3,0.284,22.54,66
-31.7569,149.0915,2020-12-11,19.1,0.0,26.8,0.175,28.49,60
-34.9525,147.2454,2020-12-12,18.9,0.0,29.2,0.187,32.91,47
-28.5524,149.0388,2020-12-17,28.5,0.2,20.6,0.298,28.76,63
-30.1232,151.4103,2020-12-18,20.4,14.3,16.2,0.385,22.86,88
-34.6529,146.104,2020-12-19,19.8,0.0,14.8,0.216,29.34,32
-29.1761,149.8759,2020-12-20,27.9,7.5,25.4,0.113,23.11,62
-34.4582,150.8789,2020-12-22,20.5,4.1,17.7,0.396,16.61,68
-36.424,145.0224,2020-12-23,17.4,0.0,17.1,0.283,32.77,58
-33.7201,150.8306,2020-12-24,21.3,0.0,14.8,0.337,26.03,70
-34.7698,145.9236,2020-12-26,24.5,0.0,17.3,0.15,32.65,36
-35.9822,145.3048,2020-12-29,19.2,0.0,19.7,0.148,32.84,40
-33.2538,148.7652,2020-12-31,21.3,0.4,31.8,0.303,25.33,65
-28.3081,148.7532,2021-01-02,28.8,0.3,24.7,0.027,26.5,49
-33.7964,150.8808,2021-01-03,21.1,3.6,15.3,0.413,14.59,86
-28.5911,148.0924,2021-01-04,27.1,19.9,22.3,0.321,21.9,69
-32.1024,146.0394,2021-01-07,23.5,0.0,21.3,0.244,26.65,57
-32.0992,146.0244,2021-01-08,23.4,0.0,19.4,0.159,32.4,43
-32.0975,146.0266,2021-01-09,23.7,0.0,18.3,0.139,30.02,43
-34.0439,150.7567,2021-01-10,20.2,0.0,16.2,0.324,31.97,72
-32.1366,146.088,2021-01-11,27.1,0.0,16.0,0.105,32.25,37
-28.543,149.0267,2021-01-12,25.7,0.0,18.1,0.188,31.06,51
-37.073,149.2424,2021-01-13,22.2,0.0,15.0,0.33,27.29,61
-28.5879,149.2074,2021-01-14,28.8,0.0,19.3,0.217,31.05,40
-35.3648,146.8527,2021-01-15,19.7,0.0,41.3,0.145,30.37,37
-28.2771,152.0314,2021-01-16,24.6,2.2,18.8,0.308,29.25,64
-33.9432,150.8667,2021-01-17,19.9,0.0,17.0,0.23,29.54,59
-31.813,145.8916,2021-01-18,25.0,0.0,17.7,0.109,24.49,26
-31.8069,145.894,2021-01-19,26.1,0.0,16.9,0.109,32.19,22
-31.8295,147.7144,2021-01-20,25.5,0.0,24.5,0.127,30.97,48
-32.2698,146.1894,2021-01-21,27.3,0.4,30.5,0.119,26.89,42
-36.9507,144.9892,2021-01-22,24.1,0.0,24.1,0.132,29.6,45
-28.1737,150.9225,2021-01-23,24.4,0.0,15.2,0.291,28.39,57
-32.2834,146.1987,2021-01-24,32.5,0.0,18.6,0.119,24.95,25
-29.22,149.6322,2021-01-25,28.1,0.0,21.3,0.289,30.51,42
-31.9482,152.119,2021-01-26,25.7,0.0,15.0,0.284,30.38,65
-28.776,152.9067,2021-01-27,25.3,0.4,11.9,0.4,27.29,75
-28.3348,149.9602,2021-01-28,29.6,0.1,28.3,0.206,27.21,47
-29.0197,151.4347,2021-01-29,23.4,0.0,20.7,0.113,27.94,55
-37.2767,149.3777,2021-01-30,18.2,5.8,15.7,0.48,15.8,89
-31.635,149.6438,2021-01-31,23.4,1.0,18.8,0.272,21.14,68
-28.2078,153.5345,2021-02-01,23.6,2.9,17.8,0.336,23.76,74
-36.733,141.0897,2021-02-02,16.4,0.0,21.5,0.33,29.17,59
-28.3749,151.8278,2021-02-03,19.9,0.3,22.0,0.251,25.41,72
-30.0228,153.1423,2021-02-04,22.4,0.2,12.6,0.335,27.08,77
-34.4621,150.8778,2021-02-05,22.9,0.0,26.0,0.354,23.43,81
-34.0921,145.7749,2021-02-06,22.0,0.1,24.7,0.365,24.23,55
-34.9913,148.2001,2021-02-07,20.4,0.0,21.0,0.38,27.39,62
-28.4024,149.5891,2021-02-08,28.5,0.0,27.8,0.221,26.44,44
-34.5964,146.1271,2021-02-09,23.7,0.0,16.4,0.28,24.75,54
-29.4436,150.0449,2021-02-10,24.9,0.0,18.7,0.165,23.97,46
-33.3723,147.9336,2021-02-11,24.2,0.0,20.5,0.242,29.16,48
-30.5347,152.2191,2021-02-12,18.2,0.1,17.7,0.365,23.67,71
-31.8163,147.709,2021-02-13,23.3,14.4,19.8,0.493,22.68,68
-34.4592,150.8812,2021-02-14,19.5,0.8,22.1,0.383,20.1,76
-28.9954,151.4163,2021-02-15,22.3,0.0,15.8,0.258,28.3,55
-34.6331,148.2138,2021-02-16,19.3,0.0,28.5,0.291,26.84,65
-31.1013,147.0183,2021-02-17,23.7,0.0,22.2,0.195,26.32,55
-37.4651,145.2754,2021-02-18,20.5,0.0,19.4,0.324,27.52,60
-33.0963,146.3359,2021-02-19,25.5,0.0,19.1,0.252,25.56,51
-34.4681,150.8867,2021-02-20,22.0,0.0,16.0,0.384,25.96,88
-34.4626,150.8838,2021-02-21,21.9,0.1,11.8,0.369,25.09,88
-28.4012,151.8202,2021-02-22,23.4,0.0,25.9,0.151,25.93,56
-36.6644,147.0444,2021-02-23,12.9,0.0,11.5,0.274,28.11,56
-28.3488,147.4183,2021-02-24,27.8,0.0,22.0,0.109,23.81,23
-35.8679,141.7519,2021-02-25,17.4,0.0,27.1,0.145,26.51,56
-30.9346,145.9238,2021-02-26,26.9,0.0,14.6,0.105,24.55,26
-33.8998,142.8054,2021-02-27,23.4,0.0,11.8,0.137,26.11,30
-32.0701,146.0661,2021-02-28,26.2,0.0,15.4,0.145,20.74,45
-32.9206,146.9689,2021-03-01,25.9,0.0,28.7,0.158,26.52,39
-35.8853,146.0234,2021-03-02,16.7,0.0,27.8,0.135,26.58,44
-28.2669,150.4632,2021-03-03,26.2,0.1,20.0,0.162,24.01,48
-36.1965,148.0773,2021-03-04,16.6,0.0,11.0,0.263,25.35,60
-28.5318,150.1403,2021-03-05,25.8,0.0,17.8,0.216,26.11,45
-35.1376,149.65,2021-03-06,13.4,0.0,20.3,0.181,24.45,73
-30.4615,148.6226,2021-03-07,26.2,0.0,28.5,0.151,22.93,47
-32.811,146.997,2021-03-08,26.1,0.0,24.5,0.14,20.07,27
-32.6093,146.2166,2021-03-09,24.9,0.0,20.0,0.108,22.85,37
-31.865,147.0479,2021-03-10,25.5,0.6,20.2,0.101,19.62,42
-37.4405,143.4975,2021-03-11,17.0,0.1,17.2,0.228,16.65,73
-31.5386,146.6724,2021-03-12,25.1,0.0,15.3,0.164,19.97,67
-36.212,148.0457,2021-03-13,21.9,1.8,12.5,0.322,16.89,69
-36.2524,144.6401,2021-03-14,14.8,0.0,21.3,0.246,23.97,52
-32.7539,147.6494,2021-03-15,17.9,0.0,14.1,0.262,24.64,59
-31.0229,151.5063,2021-03-16,12.5,0.0,21.2,0.388,21.85,82
-35.5397,142.6842,2021-03-17,22.5,0.0,19.5,0.182,18.74,49
-37.4877,143.0014,2021-03-18,20.4,0.0,15.3,0.212,22.11,55
-33.7507,141.9946,2021-03-19,24.0,2.2,24.7,0.292,18.37,57
-36.927,143.3375,2021-03-20,20.4,0.1,20.8,0.148,17.48,61
-36.4003,141.0741,2021-03-23,19.4,2.7,20.1,0.291,11.92,81
-34.4621,150.8734,2021-03-24,21.2,0.0,20.4,0.396,19.22,69
-33.8124,141.6558,2021-03-25,19.2,0.4,24.0,0.167,14.62,56
-28.3345,148.7431,2021-03-26,20.6,0.0,15.7,0.334,23.62,63
-35.335,147.4591,2021-03-27,16.5,0.1,23.1,0.357,14.11,66
-30.5201,151.6531,2021-03-28,13.7,0.0,11.8,0.358,16.23,72
-33.8909,141.9242,2021-03-29,19.8,0.0,18.1,0.026,21.35,49
-29.5304,148.5403,2021-03-30,20.3,0.0,12.8,0.293,21.61,63
-33.3353,147.9518,2021-03-31,17.2,0.0,10.0,0.286,21.13,67
-28.5043,152.0065,2021-04-01,15.2,0.0,26.6,0.322,19.18,80
-33.1149,147.0998,2021-04-02,19.1,0.0,10.5,0.256,20.49,73
-36.8731,143.6475,2021-04-03,22.2,0.0,14.7,0.151,19.03,48
-31.114,145.8539,2021-04-04,21.1,0.0,10.8,0.155,20.38,58
-36.0511,146.5934,2021-04-05,19.9,0.0,11.0,0.225,18.73,69
-30.4524,148.6649,2021-04-06,23.1,0.9,14.2,0.116,16.66,65
-35.1096,145.77,2021-04-07,20.6,1.7,16.1,0.215,16.71,72
-28.2533,150.1353,2021-04-08,21.7,0.1,12.5,0.205,18.19,70
-35.1555,148.6315,2021-04-09,12.9,0.3,27.1,0.31,14.19,73
-31.3831,147.398,2021-04-11,14.1,0.0,24.8,0.215,20.31,49
-35.9163,146.7326,2021-04-12,11.2,0.0,14.9,0.22,11.97,68
-31.2154,149.5236,2021-04-13,12.5,0.0,10.3,0.353,20.33,55
-33.8599,142.0002,2021-04-14,21.2,0.0,22.9,0.045,15.67,36
-28.7728,147.3013,2021-04-15,21.7,0.0,14.0,0.212,16.21,40
-34.1541,147.5224,2021-04-16,13.4,0.0,12.4,0.261,17.67,59
-32.2379,145.5706,2021-04-17,14.8,0.0,17.7,0.127,18.96,42
-33.6098,145.5072,2021-04-18,13.0,0.0,13.6,0.197,17.71,56
-36.5114,145.4565,2021-04-19,13.6,0.0,13.7,0.138,9.93,66
-28.891,151.443,2021-04-20,14.3,0.0,12.7,0.321,19.85,67
-35.5683,145.8406,2021-04-21,10.0,0.0,19.8,0.201,16.57,63
-28.8857,151.4448,2021-04-22,13.2,0.0,15.5,0.29,16.16,57
-36.9972,149.917,2021-04-23,14.0,0.0,18.8,0.291,11.56,64
-29.115,151.6986,2021-04-24,11.9,0.0,11.8,0.265,19.22,66
-31.982,141.4039,2021-04-25,15.6,0.0,15.1,0.025,17.2,55
-34.6264,148.16,2021-04-26,10.6,0.0,11.8,0.226,16.27,68
-30.8475,146.1241,2021-04-27,16.5,0.0,11.4,0.175,17.25,52
-35.5221,141.5512,2021-04-28,13.5,0.0,8.8,0.084,14.27,70
-28.2967,149.1243,2021-04-29,19.7,0.1,16.3,0.035,13.62,57
-33.3486,141.2027,2021-04-30,18.7,0.0,15.1,0.107,15.88,39
-28.541,150.147,2021-05-01,19.7,0.0,18.4,0.224,14.95,64
-30.9782,146.8602,2021-05-02,19.2,0.0,15.3,0.133,14.37,60
-28.4313,151.3156,2021-05-03,17.5,0.0,11.6,0.135,16.81,71
-37.4037,141.8765,2021-05-04,8.9,1.2,30.0,0.417,8.3,79
-36.1432,147.6443,2021-05-05,12.4,0.2,21.3,0.385,12.66,82
-30.8596,146.1099,2021-05-06,17.6,0.0,18.9,0.202,13.38,67
-36.2983,143.2594,2021-05-07,14.1,0.0,10.4,0.225,10.87,60
-30.8555,146.1192,2021-05-08,18.3,0.1,16.5,0.214,11.7,65
-35.0504,146.5594,2021-05-09,15.6,0.0,12.4,0.242,11.96,71
-34.4647,150.8857,2021-05-10,16.9,0.0,13.9,0.369,12.82,73
-30.577,146.8348,2021-05-11,14.9,0.0,15.6,0.193,14.59,63
-35.1466,145.9539,2021-05-12,13.5,0.0,15.6,0.303,12.82,73
-30.9968,146.867,2021-05-13,12.8,0.0,14.3,0.209,14.78,70
-36.3975,144.5819,2021-05-14,10.1,0.1,22.2,0.203,8.53,73
-29.0448,150.1694,2021-05-15,12.4,0.0,23.7,0.356,15.83,57
-35.1529,146.8265,2021-05-16,7.7,0.0,15.5,0.267,9.22,70
-28.6997,153.5764,2021-05-17,14.9,0.1,17.9,0.375,16.03,69
-31.6527,148.7454,2021-05-18,9.7,0.0,10.7,0.249,14.37,74
-28.8936,151.4227,2021-05-19,13.3,0.0,9.7,0.308,13.59,76
-35.7625,145.9278,2021-05-20,11.1,0.1,11.5,0.251,8.62,71
-37.0957,142.0234,2021-05-21,9.8,0.0,9.6,0.211,11.34,82
-31.1921,146.6391,2021-05-22,14.1,0.0,13.6,0.251,13.29,74
-35.3846,147.3816,2021-05-23,9.7,0.0,10.6,0.285,12.25,70
-28.893,151.424,2021-05-24,14.4,0.0,13.0,0.275,13.8,74
-30.8831,145.9489,2021-05-25,18.4,0.0,25.5,0.106,13.63,46
-28.4316,151.2623,2021-05-26,15.7,0.0,11.0,0.194,14.4,74
-28.7589,150.9238,2021-05-27,12.6,0.0,13.5,0.264,15.09,61
-36.586,146.5751,2021-05-28,7.0,0.0,12.6,0.383,10.94,76
-31.1022,149.5914,2021-05-29,8.8,0.0,13.9,0.34,13.55,62
-37.4348,143.6171,2021-05-30,5.8,0.0,11.9,0.332,10.84,83
-30.5429,147.464,2021-05-31,11.1,0.0,11.2,0.226,13.62,73
-35.2787,143.9107,2021-06-01,11.3,0.0,11.3,0.349,8.22,64
-30.5628,146.833,2021-06-02,15.7,4.4,14.6,0.16,10.16,65
-28.2853,153.3399,2021-06-04,15.0,0.0,12.1,0.329,13.7,81
-29.1148,153.0267,2021-06-05,14.1,0.0,12.0,0.3,13.8,64
-32.5549,148.6908,2021-06-06,8.0,0.0,12.3,0.367,12.21,81
-30.8862,145.9279,2021-06-07,10.0,0.0,16.9,0.245,13.18,72
-34.4562,150.8777,2021-06-08,12.9,0.4,19.1,0.303,7.79,72
-32.0703,149.2889,2021-06-11,5.5,0.0,15.7,0.403,5.34,90
-34.4595,150.872,2021-06-12,12.2,0.0,20.1,0.358,10.08,65
-28.7994,152.1138,2021-06-14,8.8,0.0,14.7,0.335,13.98,57
-34.6161,147.1658,2021-06-15,8.1,0.0,13.0,0.327,7.22,84
-30.1447,152.0968,2021-06-16,10.3,1.9,16.7,0.357,12.94,64
-34.462,150.8805,2021-06-17,12.3,4.2,25.6,0.374,9.68,65
-28.4037,153.4697,2021-06-20,15.1,0.3,22.3,0.116,11.78,63
-28.7609,147.3,2021-06-21,12.6,0.0,11.3,0.237,13.59,71
-36.3332,145.7174,2021-06-22,8.1,0.0,17.9,0.325,8.52,81
-34.4632,150.8814,2021-06-25,11.7,0.0,15.6,0.352,11.05,76
-28.7226,148.0308,2021-06-26,11.8,0.0,13.8,0.224,13.57,70
-34.4591,150.8777,2021-06-27,12.1,0.0,13.0,0.336,11.13,66
-31.6747,149.194,2021-06-28,8.5,0.0,14.2,0.343,11.3,82
-36.4203,144.7949,2021-06-29,8.2,0.0,12.2,0.357,9.54,88
-28.7174,148.0435,2021-06-30,15.2,0.0,22.7,0.175,10.58,74
-37.4935,141.9912,2021-07-01,9.8,0.3,16.2,0.351,7.95,90
-34.4603,150.8758,2021-07-02,12.9,0.5,8.2,0.384,10.07,84
-32.4817,146.0796,2021-07-03,7.1,0.0,13.9,0.308,9.26,81
-34.4643,150.8819,2021-07-04,9.6,0.0,13.4,0.36,11.52,66
-31.7026,149.6821,2021-07-05,5.8,0.0,18.2,0.466,11.19,80
-34.4579,150.883,2021-07-06,9.5,0.0,12.3,0.342,10.84,71
-29.0484,148.7778,2021-07-07,8.0,0.0,8.3,0.372,13.99,82
-36.5821,141.7184,2021-07-08,5.9,0.0,13.5,0.444,8.22,80
-35.9539,145.8192,2021-07-09,7.8,0.0,8.4,0.322,9.99,85
-31.3474,149.6581,2021-07-10,8.1,0.0,23.6,0.393,12.17,81
-34.4582,150.881,2021-07-11,11.3,1.1,18.1,0.384,9.88,87
-34.4594,150.8842,2021-07-12,10.1,0.0,11.4,0.369,9.6,85
-28.3099,153.212,2021-07-13,14.2,0.4,7.4,0.466,12.19,78
-34.4594,150.8791,2021-07-14,10.5,0.9,15.9,0.355,3.91,78
-35.2712,144.3492,2021-07-15,12.1,1.1,23.5,0.47,10.47,78
-35.9876,149.16,2021-07-16,6.1,0.9,23.5,0.339,9.71,81
-34.4643,150.8788,2021-07-17,10.8,0.2,43.7,0.344,11.74,61
-28.7168,148.081,2021-07-18,9.9,0.0,13.3,0.298,14.11,65
-30.9483,152.8647,2021-07-19,11.2,0.0,12.3,0.295,12.42,67
-30.1556,153.1581,2021-07-20,12.0,0.0,14.4,0.349,12.04,66
-34.463,150.8795,2021-07-21,10.4,0.0,28.2,0.317,11.55,56
-34.4594,150.8786,2021-07-22,9.4,0.0,12.2,0.312,12.74,64
-30.1841,152.7529,2021-07-23,8.1,3.6,20.1,0.34,4.99,88
-34.4605,150.8781,2021-07-24,10.4,0.7,18.4,0.336,11.24,76
-28.6078,148.1371,2021-07-25,11.7,0.0,22.7,0.351,15.57,54
-31.5051,152.4477,2021-07-26,13.3,0.0,21.0,0.287,14.31,58
-28.6073,148.1362,2021-07-27,12.8,0.0,15.9,0.328,15.93,61
-32.3037,151.6871,2021-07-28,15.2,1.1,19.9,0.268,13.84,54
-29.0205,153.3283,2021-07-29,17.0,0.0,16.8,0.27,13.23,60
-31.1715,150.1558,2021-07-30,7.8,0.0,11.4,0.419,15.55,67
-36.7847,145.2185,2021-07-31,11.2,5.1,29.1,0.382,10.65,78
-31.8638,152.3876,2021-08-01,18.7,0.0,16.1,0.221,14.1,57
-34.5848,145.8941,2021-08-02,8.8,0.2,15.5,0.303,13.95,77
-29.3594,145.8062,2021-08-03,14.6,0.0,26.1,0.219,16.25,48
-34.4664,150.884,2021-08-04,11.7,0.0,34.2,0.315,14.25,55
-28.4171,151.1761,2021-08-05,9.1,0.0,22.7,0.315,15.48,76
-33.5831,151.2208,2021-08-06,12.2,0.0,11.7,0.161,14.68,69
-29.0272,153.0826,2021-08-07,13.0,0.0,11.5,0.381,16.56,77
-28.7618,147.8633,2021-08-08,10.6,0.0,13.3,0.258,17.11,65
-37.0329,141.605,2021-08-09,10.4,0.0,18.8,0.344,11.0,76
-29.3594,148.4705,2021-08-10,16.5,0.0,16.3,0.229,14.41,60
-35.6006,145.6761,2021-08-11,13.8,2.0,35.9,0.346,13.83,64
-29.3516,148.4817,2021-08-12,18.5,0.0,15.8,0.215,16.72,55
-32.2091,146.9234,2021-08-13,9.6,0.0,14.8,0.29,15.4,70
-29.3521,148.484,2021-08-14,13.5,0.0,9.1,0.203,15.84,55
-34.4663,150.8866,2021-08-15,12.1,0.0,10.6,0.258,15.95,63
-33.5128,151.0604,2021-08-16,12.4,0.0,20.7,0.11,16.43,52
-28.6664,152.5488,2021-08-17,12.1,0.0,11.8,0.278,18.67,72
-37.1803,147.8354,2021-08-18,6.9,0.0,15.9,0.329,14.83,81
-30.1986,153.14,2021-08-19,14.6,0.2,16.7,0.316,15.11,83
-34.4726,150.5523,2021-08-20,11.1,0.0,17.3,0.261,16.2,63
-28.6488,153.4473,2021-08-21,17.9,0.0,13.8,0.252,17.01,70
-37.4431,141.8376,2021-08-22,11.7,3.7,26.5,0.447,14.92,80
-28.6491,153.4468,2021-08-23,18.5,0.2,17.1,0.234,17.73,73
-34.9777,145.4745,2021-08-24,8.8,0.1,36.7,0.33,14.22,66
-35.6966,145.0296,2021-08-25,9.3,0.0,25.2,0.328,11.65,72
-32.0741,145.0041,2021-08-26,10.3,0.1,12.5,0.176,11.47,64
-37.4448,141.8353,2021-08-27,5.8,0.0,12.4,0.463,14.34,82
-29.1199,148.091,2021-08-28,12.5,0.0,12.0,0.168,20.13,50
-30.608,152.5498,2021-08-29,10.5,0.0,11.4,0.251,19.43,70
-28.8693,153.4454,2021-08-30,14.9,0.0,14.5,0.249,20.44,64
-32.1923,146.9172,2021-08-31,12.3,0.0,12.7,0.213,19.29,62
-33.5064,146.254,2021-09-01,15.1,0.0,11.4,0.244,18.77,59
-28.8187,147.3224,2021-09-02,22.7,0.0,24.2,0.227,18.04,49
-35.5171,145.6645,2021-09-03,20.0,5.1,28.6,0.271,12.37,64
-31.5198,150.6123,2021-09-04,15.3,8.3,20.6,0.327,12.34,75
-34.4647,150.8835,2021-09-05,13.8,6.2,27.2,0.404,17.74,72
-29.011,152.6571,2021-09-06,12.4,0.0,13.3,0.291,21.56,59
-28.604,151.7781,2021-09-08,11.4,0.0,16.9,0.317,22.29,56
-28.3749,150.1288,2021-09-09,15.6,0.0,10.9,0.272,22.18,62
-35.4643,146.2174,2021-09-10,13.8,0.0,16.4,0.296,18.47,68
-28.2772,150.9967,2021-09-11,17.6,0.0,11.5,0.276,22.61,56
-34.8799,150.5808,2021-09-12,18.0,0.0,22.5,0.273,20.38,46
-28.8541,151.4616,2021-09-13,18.0,0.0,22.0,0.188,21.59,49
-32.0567,147.0749,2021-09-14,11.1,0.0,16.8,0.158,21.45,64
-28.2238,151.4319,2021-09-15,12.4,0.0,16.8,0.184,23.61,58
-32.4527,147.3573,2021-09-16,11.4,0.0,10.5,0.211,21.85,67
-34.4591,150.8818,2021-09-17,13.3,0.0,24.2,0.334,21.25,78
-29.256,150.4118,2021-09-18,17.8,0.1,26.3,0.318,17.3,67
-37.082,148.5458,2021-09-19,8.8,0.0,17.3,0.344,19.19,64
-31.4151,150.9755,2021-09-20,13.2,0.0,19.7,0.24,23.64,59
-34.4644,150.8813,2021-09-21,11.5,0.3,34.5,0.293,17.85,59
-29.1984,148.0847,2021-09-22,13.1,0.0,19.0,0.225,24.39,43
-31.9911,146.8932,2021-09-23,13.7,0.0,9.4,0.222,23.13,66
-28.224,151.2705,2021-09-24,17.0,0.0,12.9,0.147,24.7,42
-32.1727,149.4126,2021-09-25,12.4,0.0,18.5,0.227,24.12,54
-36.6497,148.9541,2021-09-26,5.4,0.0,13.4,0.296,20.48,74
-28.8653,151.4582,2021-09-27,14.9,0.0,21.0,0.162,19.55,65
-36.139,146.2764,2021-09-28,14.0,2.1,16.6,0.252,19.96,75
-34.4593,150.8785,2021-09-30,17.3,2.9,16.3,0.327,17.36,82
-34.4587,150.8801,2021-10-01,16.3,12.6,14.6,0.347,16.53,88
-28.8824,152.8178,2021-10-02,17.5,0.1,18.7,0.353,20.47,64
-30.4211,148.5354,2021-10-03,17.2,0.0,19.6,0.339,22.98,69
-35.7456,141.0737,2021-10-04,11.8,2.8,39.9,0.206,18.97,75
-34.4611,150.8846,2021-10-05,15.4,0.0,30.1,0.316,24.94,50
-31.4982,150.9559,2021-10-06,11.1,0.0,8.5,0.327,26.96,59
-35.7908,147.6644,2021-10-07,11.6,0.0,18.8,0.383,23.27,63
-28.2718,151.8532,2021-10-08,18.4,0.0,12.2,0.277,23.54,64
-30.9998,146.6715,2021-10-09,24.0,0.0,15.0,0.125,24.22,40
-37.112,145.4887,2021-10-11,6.9,0.0,19.5,0.366,22.98,75
-33.1156,143.4629,2021-10-12,15.4,0.0,21.5,0.103,25.42,47
-28.6117,151.7017,2021-10-13,16.4,1.7,25.8,0.356,22.51,76
-31.8835,146.6462,2021-10-14,16.4,0.8,24.7,0.329,24.87,57
-28.8848,150.4099,2021-10-15,18.8,0.0,28.1,0.202,26.93,50
-34.4646,150.8785,2021-10-16,15.9,0.0,28.1,0.393,23.46,58
-29.7815,151.5811,2021-10-17,11.2,0.0,11.7,0.343,29.08,66
-31.0607,145.7328,2021-10-18,20.0,0.0,13.1,0.153,27.18,35
-29.1283,148.1523,2021-10-20,21.6,0.0,17.7,0.126,28.56,35
-34.4665,150.8851,2021-10-21,17.1,0.5,11.9,0.373,23.84,83
-32.9409,146.383,2021-10-22,20.5,0.0,17.2,0.153,27.54,58
-31.4734,150.094,2021-10-23,20.0,3.7,14.1,0.364,22.43,77
-34.4566,150.8815,2021-10-24,16.5,0.9,17.8,0.386,22.66,80
-36.1219,146.8631,2021-10-25,11.5,0.0,15.3,0.335,26.4,65
-31.244,152.1145,2021-10-26,13.4,0.8,18.8,0.374,26.26,75
-31.2147,149.5128,2021-10-27,17.4,0.0,14.0,0.385,29.48,53
-34.0982,141.1491,2021-10-28,25.4,2.4,51.2,0.097,23.0,37
-31.8711,146.6278,2021-10-29,22.5,0.0,26.4,0.228,29.09,39
-34.4555,149.7059,2021-10-30,8.4,0.0,17.7,0.292,28.41,61
-33.4359,147.7547,2021-10-31,13.1,0.0,9.4,0.211,29.81,55
-37.1719,147.8438,2021-11-01,13.0,0.0,16.2,0.273,27.68,67
-33.7222,148.9735,2021-11-02,17.2,0.0,30.0,0.222,25.99,62
-34.4595,150.8799,2021-11-03,19.0,0.0,30.0,0.268,25.81,70
-36.412,145.4626,2021-11-04,18.5,0.4,23.7,0.381,28.31,72
-33.8475,150.8893,2021-11-06,19.6,0.0,17.0,0.323,25.35,75
-33.2852,149.0978,2021-11-08,14.8,4.7,24.0,0.412,22.66,77
-28.6989,142.4865,2021-11-11,25.8,3.6,39.6,0.219,21.02,49
-34.4581,150.8856,2021-11-12,16.1,11.3,17.8,0.422,14.8,84
-34.4616,150.881,2021-11-14,15.8,0.4,25.6,0.378,26.24,53
-31.1339,152.1755,2021-11-15,12.2,0.0,24.7,0.369,32.52,49
-29.4442,151.641,2021-11-16,13.8,0.0,20.2,0.337,30.82,52
-33.9403,150.8693,2021-11-17,15.2,0.1,17.3,0.296,24.65,69
-30.4526,150.8969,2021-11-18,16.0,1.5,18.3,0.171,27.14,72
-28.5369,153.0488,2021-11-19,22.0,0.3,16.6,0.347,26.04,73
-36.3841,145.423,2021-11-21,15.8,0.0,19.6,0.296,29.51,57
-36.1812,144.711,2021-11-22,18.5,0.0,17.3,0.21,29.8,61
-35.7345,143.7814,2021-11-27,18.0,0.0,21.9,0.396,28.18,51
-34.4594,150.8807,2021-11-28,15.5,1.4,20.2,0.41,14.94,78
-34.4687,150.8835,2021-11-29,16.3,0.0,14.3,0.389,26.1,79
-34.4588,150.8805,2021-12-01,20.2,4.8,16.3,0.4,20.91,87
-36.7169,143.7981,2021-12-02,22.5,2.6,22.9,0.192,26.07,59
-33.8191,150.799,2021-12-03,21.1,0.0,16.3,0.341,25.56,79
-28.8648,153.0441,2021-12-04,23.8,6.3,13.5,0.38,25.03,79
-34.3245,146.1349,2021-12-05,20.3,0.0,27.8,0.237,29.1,50
-28.654,149.4769,2021-12-07,25.1,4.8,16.6,0.334,26.78,62
-28.5774,149.2274,2021-12-09,23.3,0.1,21.4,0.404,29.5,63
-28.3634,149.0549,2021-12-10,21.1,0.0,20.4,0.045,33.06,40
-30.8708,148.6947,2021-12-11,19.8,0.0,20.7,0.307,26.15,60
-33.8203,150.7978,2021-12-12,17.4,0.2,14.7,0.376,25.15,68
-28.4991,152.0313,2021-12-13,17.6,0.5,16.2,0.373,21.5,76
-28.533,152.5048,2021-12-15,21.1,0.0,11.2,0.318,31.8,65
-36.3837,145.4249,2021-12-16,18.2,0.0,19.0,0.245,32.61,53
-29.5782,149.089,2021-12-17,28.6,0.0,16.1,0.201,24.51,45
-28.9728,152.9267,2021-12-18,23.5,0.2,15.7,0.454,26.4,77
-35.343,141.8799,2021-12-19,21.7,1.0,35.7,0.133,24.79,37
-28.8878,150.7651,2021-12-20,26.4,0.0,11.2,0.288,27.77,56
-28.5913,149.3188,2021-12-21,28.6,2.4,15.2,0.209,26.46,51
-33.6051,142.7318,2021-12-22,27.0,0.0,20.3,0.087,31.0,34
-33.5932,142.697,2021-12-23,27.8,0.0,19.5,0.085,32.73,22
-33.6436,142.7073,2021-12-24,29.2,0.0,18.0,0.083,32.8,20
-32.7894,146.075,2021-12-25,29.6,0.0,14.1,0.09,30.05,31
-33.5732,142.8523,2021-12-26,24.5,0.0,28.6,0.145,33.25,31
-35.6645,145.5016,2021-12-27,20.8,0.0,25.3,0.131,29.69,42
-33.6296,142.8431,2021-12-28,26.2,0.0,24.5,0.082,29.79,33
-34.7696,145.9319,2021-12-29,23.2,0.0,16.6,0.128,31.82,42
-33.8492,150.8885,2021-12-30,19.9,0.0,19.7,0.267,27.35,72
-37.1993,141.0387,2021-12-31,27.2,0.0,22.3,0.073,31.09,37
-37.1701,141.1347,2022-01-01,25.4,0.0,15.3,0.062,15.29,42
-34.4661,150.8822,2022-01-02,23.2,0.0,24.4,0.254,30.12,80
-31.3483,147.9029,2022-01-03,28.3,0.0,22.2,0.236,30.6,44
-32.6699,146.129,2022-01-04,30.8,0.0,20.2,0.116,27.53,31
-28.428,151.2645,2022-01-05,24.8,0.9,15.8,0.241,25.14,69
-30.119,151.6342,2022-01-06,18.0,1.3,26.2,0.444,23.61,84
-29.481,148.4064,2022-01-07,31.2,1.7,30.8,0.105,28.53,47
-28.6984,149.9817,2022-01-08,29.2,0.0,30.8,0.043,26.07,57
-30.1532,151.2369,2022-01-09,23.2,2.1,12.8,0.19,26.69,78
-28.2263,152.2537,2022-01-10,23.6,0.0,13.7,0.244,24.95,70
-30.154,151.2345,2022-01-11,22.8,0.1,14.7,0.171,28.31,67
-28.3011,149.7077,2022-01-12,29.0,0.0,26.3,0.102,29.54,44
-29.2057,149.6721,2022-01-13,28.5,0.0,28.4,0.278,29.21,43
-34.7996,143.504,2022-01-14,28.1,0.0,25.3,0.193,26.61,48
-31.2144,146.4663,2022-01-15,29.2,0.0,18.5,0.297,29.3,47
-36.8171,142.3336,2022-01-16,24.3,0.0,21.0,0.248,28.45,55
-29.4776,148.3364,2022-01-20,24.9,0.0,24.8,0.256,16.6,57
-29.4648,148.317,2022-01-21,25.1,0.0,26.4,0.318,31.04,48
-34.4626,150.8736,2022-01-22,20.3,0.9,16.2,0.382,25.65,79
-31.5761,148.3901,2022-01-23,23.3,0.0,19.2,0.207,26.05,51
-28.8306,149.3328,2022-01-24,26.8,0.0,20.0,0.062,25.23,52
-37.1793,149.4645,2022-01-25,19.2,0.0,14.5,0.324,25.56,83
-28.3118,149.7056,2022-01-28,26.8,0.0,22.0,0.239,22.8,59
-29.9972,150.5816,2022-01-29,23.9,0.0,10.4,0.31,25.11,67
-33.8457,150.8877,2022-01-30,24.4,0.9,14.8,0.242,20.93,75
-33.5163,151.3102,2022-01-31,23.8,1.3,14.8,0.276,20.35,85
-36.3839,145.4191,2022-02-02,17.3,0.0,27.7,0.215,29.66,53
-34.7364,146.2332,2022-02-03,18.0,0.0,28.7,0.278,30.12,49
-31.428,148.1575,2022-02-04,21.9,0.0,27.5,0.318,28.22,46
-33.9369,150.886,2022-02-05,19.9,1.4,27.2,0.141,23.25,63
-37.4984,142.7757,2022-02-06,20.6,0.0,21.0,0.237,25.33,57
-29.3476,148.2215,2022-02-07,23.5,0.0,20.9,0.178,26.61,47
-33.9492,147.88,2022-02-08,20.2,0.0,18.0,0.232,29.26,54
-30.3309,150.6845,2022-02-09,19.3,0.0,16.4,0.214,29.79,51
-31.0285,151.6611,2022-02-10,17.8,0.0,11.6,0.253,22.63,60
-30.925,146.868,2022-02-11,30.2,0.0,23.8,0.106,27.15,31
-28.8178,147.3163,2022-02-13,27.8,0.0,24.3,0.204,29.16,37
-31.4422,147.959,2022-02-14,25.3,0.0,17.6,0.203,27.47,44
-34.4622,150.8846,2022-02-15,22.0,0.0,21.9,0.352,27.19,77
-32.2578,145.5726,2022-02-16,29.6,0.0,16.1,0.111,28.25,28
-35.4488,146.5362,2022-02-17,26.1,0.0,19.8,0.154,26.49,39
-30.9328,146.8884,2022-02-18,27.8,0.0,16.9,0.117,28.83,28
-33.0928,146.3414,2022-02-19,25.2,0.0,18.6,0.233,27.61,42
-32.5514,147.0773,2022-02-20,26.4,0.0,22.3,0.156,26.38,45
-36.593,148.6201,2022-02-21,14.4,7.3,17.6,0.322,27.23,72
-28.1628,150.1107,2022-02-22,26.4,13.0,24.2,0.038,22.43,61
-33.5138,145.3331,2022-02-23,25.9,1.4,18.5,0.187,23.45,59
-35.337,147.5104,2022-02-24,23.9,4.6,18.2,0.182,21.89,68
-34.4643,142.3703,2022-02-25,27.4,0.0,21.3,0.205,24.96,46
-32.9529,146.2346,2022-02-26,24.4,0.5,20.9,0.195,20.26,67
-31.6388,147.6793,2022-02-27,25.1,0.0,17.7,0.37,25.78,61
-35.3653,149.4136,2022-02-28,17.4,21.9,15.5,0.41,11.19,91
-28.8605,153.0494,2022-03-01,22.3,11.0,12.3,0.421,13.58,91
-31.0711,146.1562,2022-03-02,23.4,11.4,18.1,0.26,20.6,69
-33.1863,146.5807,2022-03-03,25.0,0.0,22.1,0.265,24.74,56
-33.1437,146.5081,2022-03-04,26.1,0.0,18.2,0.23,23.49,57
-32.9081,146.3112,2022-03-05,23.6,0.0,26.7,0.136,21.32,55
-31.1436,145.8361,2022-03-06,23.3,0.0,26.2,0.146,16.34,51
-34.2877,146.6506,2022-03-07,24.4,0.9,18.4,0.258,23.49,62
-29.3524,148.3438,2022-03-08,25.2,0.2,19.7,0.238,22.47,65
-35.529,146.6085,2022-03-09,20.5,0.0,27.4,0.243,21.28,51
-28.5749,150.0418,2022-03-10,25.6,0.4,16.4,0.285,23.24,63
-29.709,149.7868,2022-03-11,23.6,1.0,20.7,0.202,21.83,65
-37.2891,146.148,2022-03-12,16.6,0.0,13.0,0.338,22.76,72
-30.3045,147.9852,2022-03-13,25.5,0.0,21.9,0.047,23.54,48
-37.1452,149.4632,2022-03-14,16.5,0.5,17.0,0.369,20.57,82
-28.8739,151.4251,2022-03-15,20.1,0.0,17.4,0.259,23.75,66
-34.8678,149.4175,2022-03-16,15.6,2.0,22.1,0.351,13.24,88
-28.209,151.5922,2022-03-17,21.4,0.6,18.4,0.283,22.73,74
-34.2658,147.8539,2022-03-18,22.7,0.0,22.0,0.258,21.61,65
-33.4663,146.9266,2022-03-19,23.8,0.0,16.0,0.221,22.14,58
-30.5464,147.9198,2022-03-20,25.2,0.0,13.0,0.207,23.37,48
-37.156,149.1374,2022-03-21,14.6,0.0,11.9,0.34,21.05,84
-28.6848,150.5393,2022-03-22,24.2,0.0,13.9,0.168,24.02,52
-35.3897,147.1246,2022-03-23,19.3,0.0,19.6,0.182,22.16,57
-28.5235,148.3432,2022-03-24,26.2,2.6,17.1,0.038,19.82,51
-37.1658,149.142,2022-03-25,11.5,0.1,13.0,0.371,13.79,86
-31.0165,145.3867,2022-03-26,22.8,0.3,28.8,0.113,20.78,56
-36.3717,143.3725,2022-03-27,21.0,0.0,14.6,0.198,20.58,50
-36.6343,145.3288,2022-03-28,20.7,0.0,14.3,0.187,16.31,60
-32.2589,145.5667,2022-03-29,23.7,0.0,20.5,0.119,19.75,50
-33.8658,141.9646,2022-03-30,19.1,0.0,27.0,0.05,21.3,49
-29.8383,149.1755,2022-03-31,22.0,0.1,28.0,0.388,19.18,65
-32.1593,147.2899,2022-04-01,18.5,0.0,20.3,0.16,20.52,45
-30.606,146.7707,2022-04-02,18.5,0.0,14.6,0.215,19.64,50
-30.5929,146.8052,2022-04-03,19.0,0.0,16.8,0.214,18.81,56
-34.6806,147.7512,2022-04-04,16.2,0.0,14.5,0.258,15.52,66
-30.5964,146.7934,2022-04-05,21.4,0.0,10.2,0.192,21.18,47
-31.0959,147.0547,2022-04-06,21.5,0.1,13.0,0.255,19.41,47
-36.893,141.2496,2022-04-08,17.9,0.0,18.3,0.17,14.89,68
-36.2004,141.2821,2022-04-10,21.4,0.0,20.9,0.195,17.56,54
-28.7638,151.9572,2022-04-11,16.7,0.0,13.8,0.343,19.06,79
-30.3214,148.1514,2022-04-12,21.6,0.0,18.4,0.292,19.48,68
-32.2434,146.1652,2022-04-14,18.3,0.0,19.4,0.163,19.04,60
-37.3152,143.3655,2022-04-15,15.7,0.0,10.0,0.287,12.58,65
-28.3271,150.0249,2022-04-16,19.7,0.0,12.9,0.17,18.69,61
-34.8131,145.9624,2022-04-17,19.6,0.0,18.0,0.197,17.1,52
-29.7655,151.5482,2022-04-18,14.4,0.0,12.6,0.359,19.09,82
-29.179,149.4911,2022-04-19,21.9,0.0,24.0,0.301,19.03,57
-37.331,141.5195,2022-04-20,12.9,1.5,17.1,0.314,9.86,83
-28.6489,148.9753,2022-04-21,18.0,0.0,12.1,0.142,19.32,59
-34.0817,148.2034,2022-04-22,15.8,0.9,22.0,0.315,14.9,68
-32.1825,147.3487,2022-04-23,17.4,0.1,19.1,0.385,14.01,70
-36.2251,145.6994,2022-04-24,14.7,0.0,9.4,0.299,15.17,77
-31.131,151.2164,2022-04-25,13.2,0.1,22.3,0.273,11.7,78
-37.274,143.3916,2022-04-26,14.5,1.6,18.2,0.362,10.69,77
-35.3708,147.1345,2022-04-27,15.3,3.8,23.9,0.313,3.87,81
-34.1423,142.1969,2022-04-28,17.9,0.0,14.6,0.337,10.05,81
-37.1885,149.2162,2022-04-29,14.8,0.0,14.3,0.36,13.81,78
-34.1432,142.1906,2022-04-30,15.6,0.4,19.2,0.363,14.47,74
-34.7351,147.3364,2022-05-01,11.8,0.0,13.8,0.36,14.28,72
-28.3753,149.6152,2022-05-02,19.2,0.0,15.9,0.226,17.5,60
-35.5925,147.9541,2022-05-03,11.5,0.0,12.1,0.355,14.26,79
-29.1357,151.6721,2022-05-04,15.1,0.0,11.4,0.258,16.59,76
-35.632,147.8074,2022-05-05,8.9,0.2,11.3,0.369,13.98,80
-36.993,143.4152,2022-05-06,6.4,0.2,17.0,0.347,10.07,83
-34.5114,145.9596,2022-05-07,10.0,0.1,19.9,0.281,12.81,70
-34.6866,147.2663,2022-05-08,10.2,0.1,10.9,0.328,11.04,74
-29.682,148.3611,2022-05-09,14.5,0.0,13.0,0.344,15.05,73
-37.3334,141.4207,2022-05-10,10.9,0.0,11.6,0.411,12.69,75
-34.4655,150.8741,2022-05-13,18.8,5.1,15.0,0.417,6.07,89
-37.3961,141.2442,2022-05-14,15.7,3.6,26.7,0.462,6.22,83
-36.628,143.1293,2022-05-15,14.4,0.3,31.3,0.466,11.28,80
-34.4634,150.8789,2022-05-16,16.5,0.0,11.3,0.379,12.98,76
-34.5831,147.5406,2022-05-17,11.0,0.0,16.2,0.373,10.43,76
-33.5261,142.1022,2022-05-18,11.7,0.0,15.3,0.302,12.48,76
-34.7402,148.3068,2022-05-19,6.8,0.0,15.6,0.354,12.62,79
-35.5772,147.9349,2022-05-20,8.0,0.0,10.5,0.36,11.85,75
-36.5837,144.781,2022-05-21,11.2,0.0,14.5,0.296,11.34,75
-35.5797,146.5424,2022-05-22,11.1,0.0,10.7,0.293,11.73,76
-35.0456,143.2747,2022-05-23,13.1,0.0,12.6,0.284,11.91,76
-37.4873,142.714,2022-05-24,11.2,0.0,20.3,0.262,11.13,77
-36.4329,144.7929,2022-05-25,12.1,0.0,15.2,0.265,8.9,78
-37.1599,149.1091,2022-05-26,8.4,0.5,12.0,0.352,10.29,85
-30.5141,150.8428,2022-05-27,11.2,0.0,12.1,0.226,13.2,81
-28.7899,150.5323,2022-05-28,14.3,0.2,15.6,0.412,11.23,85
-34.463,150.8868,2022-05-29,12.8,0.0,18.0,0.379,11.88,64
-34.4639,150.8852,2022-05-30,11.6,9.9,21.0,0.386,6.98,71
-28.4464,150.6922,2022-05-31,13.1,0.1,28.1,0.411,10.49,59
-29.3255,150.7343,2022-06-01,9.2,0.2,30.3,0.434,12.32,65
-34.4601,150.8829,2022-06-02,10.8,0.0,20.5,0.352,9.59,67
-36.1736,143.5365,2022-06-03,9.0,0.2,15.0,0.321,4.81,75
-34.4613,150.8754,2022-06-04,12.0,0.5,22.5,0.346,11.26,65
-34.8078,146.739,2022-06-05,11.8,7.2,32.9,0.276,8.25,79
-32.2427,150.4657,2022-06-06,10.0,2.3,28.9,0.383,10.88,67
-28.3591,147.4905,2022-06-07,9.2,0.0,14.2,0.407,13.78,78
-34.4637,150.8822,2022-06-08,10.5,0.0,23.1,0.325,11.53,57
-34.462,150.8843,2022-06-09,11.4,0.0,27.0,0.318,11.14,58
-34.4598,150.8844,2022-06-10,12.6,0.0,27.2,0.312,11.25,58
-32.0619,147.7714,2022-06-11,9.2,0.1,20.9,0.33,8.63,75
-28.7074,150.7949,2022-06-12,7.7,0.0,15.7,0.318,12.2,77
-30.1938,146.8134,2022-06-13,9.7,0.0,9.0,0.34,12.93,71
-28.4209,151.3242,2022-06-14,10.3,0.0,9.1,0.258,13.31,81
-34.1055,142.0683,2022-06-15,12.3,1.8,26.4,0.414,8.52,75
-32.6693,152.0838,2022-06-16,13.4,0.0,19.3,0.169,11.63,67
-29.2071,148.3923,2022-06-17,11.9,0.0,14.4,0.239,12.45,74
-34.4637,150.8854,2022-06-18,13.9,0.2,19.7,0.289,9.56,70
-29.853,149.1797,2022-06-19,13.1,0.0,14.3,0.318,12.54,74
-33.3787,147.6333,2022-06-20,11.2,0.0,11.6,0.349,11.21,79
-28.8719,151.403,2022-06-21,11.7,0.0,10.5,0.219,12.57,75
-30.4368,149.2407,2022-06-22,11.4,0.0,13.2,0.143,12.85,73
-31.6108,150.0305,2022-06-23,8.8,0.0,12.1,0.278,12.41,79
-31.7086,152.1637,2022-06-24,7.9,0.0,12.6,0.295,12.35,72
-36.7524,149.8018,2022-06-25,8.0,0.0,10.1,0.317,10.06,84
-29.8436,149.1829,2022-06-26,9.7,0.0,9.7,0.275,12.39,75
-34.4626,150.8751,2022-06-27,12.1,0.0,23.4,0.275,10.26,58
-30.4469,149.2232,2022-06-28,11.0,0.0,16.0,0.213,12.96,62
-28.876,151.4105,2022-06-30,11.8,0.0,9.5,0.196,7.26,77
-35.5151,145.8334,2022-07-02,6.7,0.0,12.4,0.352,10.75,84
-29.8284,148.4035,2022-07-03,8.9,0.3,11.3,0.276,7.95,83
-34.9865,145.8612,2022-07-04,7.9,0.0,16.2,0.319,11.2,81
-34.9444,148.3947,2022-07-05,9.1,0.0,26.0,0.377,10.38,64
-36.9621,149.7861,2022-07-06,11.6,1.0,11.5,0.205,6.08,88
-35.063,145.939,2022-07-07,7.6,0.0,24.0,0.304,9.48,80
-35.0607,145.9585,2022-07-08,8.3,0.2,25.6,0.304,6.67,80
-31.1308,148.9719,2022-07-09,7.8,0.0,17.3,0.303,12.03,76
-29.6849,149.2271,2022-07-10,8.5,0.0,12.6,0.295,13.94,75
-34.4624,150.8802,2022-07-11,11.6,1.4,15.1,0.403,7.96,81
-29.6775,149.2288,2022-07-12,10.3,0.0,14.6,0.286,12.67,76
-28.8786,151.4061,2022-07-13,7.4,1.0,23.3,0.285,10.09,72
-28.818,148.9488,2022-07-14,9.6,0.0,19.9,0.225,14.67,65
-33.8403,146.7458,2022-07-15,5.4,0.0,12.2,0.343,12.29,81
-34.4209,146.2095,2022-07-16,8.1,0.0,21.7,0.305,10.44,74
-33.1902,146.825,2022-07-17,11.3,1.4,22.7,0.32,11.65,60
-34.4654,150.8823,2022-07-18,10.4,0.2,17.3,0.348,12.51,59
-33.9461,146.7255,2022-07-19,7.1,0.0,21.7,0.334,12.51,73
-30.5192,150.6135,2022-07-20,10.1,0.0,19.1,0.299,13.91,74
-28.3103,151.1402,2022-07-21,13.8,0.0,27.9,0.231,10.92,66
-34.7979,145.9468,2022-07-22,12.4,0.0,21.4,0.282,12.09,72
-28.3035,151.1528,2022-07-23,13.4,0.0,10.5,0.219,14.55,71
-32.5111,147.0939,2022-07-24,10.6,0.0,11.1,0.278,13.63,82
-34.2731,145.7869,2022-07-25,13.1,0.3,20.3,0.272,8.88,78
-28.2614,149.8527,2022-07-26,15.1,0.0,27.6,0.183,15.16,66
-35.4986,149.1396,2022-07-27,5.2,0.0,9.9,0.336,13.01,78
-28.649,149.7177,2022-07-28,11.3,0.0,15.1,0.341,15.79,70
-32.5098,147.0813,2022-07-29,8.8,0.0,13.6,0.264,14.16,77
-28.182,151.0773,2022-07-30,10.7,0.0,13.8,0.211,16.42,58
-36.6342,149.6137,2022-08-01,9.6,0.0,12.6,0.306,12.59,66
-30.741,146.8981,2022-08-02,11.6,0.0,13.1,0.286,14.74,66
-34.3717,145.7982,2022-08-03,16.9,4.1,36.2,0.285,13.27,64
-28.1988,151.0277,2022-08-04,17.1,0.0,20.5,0.121,15.98,71
-34.4628,150.8788,2022-08-05,15.6,0.1,25.5,0.355,13.56,67
-29.3997,152.5064,2022-08-06,13.8,0.8,11.4,0.348,14.17,67
-29.0183,153.118,2022-08-07,13.8,0.0,17.7,0.377,16.65,51
-30.2904,152.6314,2022-08-08,8.3,0.0,19.2,0.355,14.94,73
-33.0442,151.2754,2022-08-09,8.0,1.4,15.1,0.343,10.89,85
-33.0428,151.3134,2022-08-10,9.3,0.7,13.2,0.337,12.33,83
-36.6333,149.6246,2022-08-15,11.7,0.0,12.8,0.346,14.4,55
-28.2192,151.6249,2022-08-16,9.5,0.7,19.1,0.265,16.3,68
-34.4577,150.8766,2022-08-17,12.0,0.0,14.6,0.316,15.29,73
-28.8188,152.5926,2022-08-18,12.7,0.0,13.0,0.284,18.23,65
-33.0543,151.3098,2022-08-19,12.3,6.0,18.7,0.347,12.06,67
-28.8556,151.8263,2022-08-20,8.1,0.0,14.5,0.163,19.38,72
-34.4591,150.8801,2022-08-21,11.7,0.0,15.4,0.332,15.71,67
-28.8656,151.3934,2022-08-22,12.2,0.0,15.5,0.196,17.81,65
-30.2756,152.6025,2022-08-23,11.1,0.0,25.7,0.317,14.83,69
-29.766,151.561,2022-08-24,4.3,0.8,23.3,0.391,19.44,76
-31.3177,152.2104,2022-08-25,9.1,0.0,10.0,0.332,18.32,65
-36.6732,149.2667,2022-08-26,6.3,0.1,12.7,0.465,11.9,87
-31.4887,145.6711,2022-08-27,12.8,0.1,15.8,0.24,14.76,68
-36.7721,149.7866,2022-08-28,12.2,0.3,15.1,0.325,15.31,85
-28.8211,150.6484,2022-08-31,16.0,0.6,11.7,0.267,15.08,79
-31.199,149.4874,2022-09-01,13.0,0.0,13.3,0.423,18.68,70
-34.878,144.2584,2022-09-02,9.7,0.0,23.4,0.444,16.46,72
-30.0645,145.7618,2022-09-03,13.4,0.3,20.9,0.142,17.73,61
-34.4066,146.2894,2022-09-04,9.2,0.0,10.5,0.315,19.03,75
-31.1138,147.0399,2022-09-05,12.5,0.0,12.1,0.326,17.94,65
-34.9892,145.8477,2022-09-06,11.5,0.0,17.3,0.292,15.02,68
-30.0892,149.9838,2022-09-07,13.5,0.4,16.6,0.382,17.72,64
-29.1945,145.6453,2022-09-09,15.6,0.0,27.2,0.444,18.5,65
-30.2593,151.6969,2022-09-10,7.7,1.4,28.9,0.489,15.85,81
-31.3657,152.621,2022-09-11,15.0,0.0,15.9,0.368,21.16,67
-36.0402,141.4608,2022-09-12,9.8,0.1,14.1,0.346,11.42,76
-35.9691,149.1691,2022-09-13,6.5,0.0,14.5,0.371,17.49,73
-32.0351,144.9028,2022-09-14,14.7,3.2,25.7,0.247,18.57,63
-34.4659,150.8888,2022-09-16,16.0,0.2,23.7,0.372,20.15,66
-29.0487,153.3043,2022-09-17,20.2,5.6,19.4,0.356,18.7,63
-34.4652,150.8837,2022-09-18,14.8,0.0,22.3,0.323,19.91,58
-34.4476,146.0399,2022-09-19,10.8,0.0,15.9,0.365,18.32,72
-33.8398,149.6515,2022-09-20,7.7,0.0,20.2,0.366,23.41,69
-30.2535,150.374,2022-09-23,14.7,0.0,9.0,0.386,21.08,76
-36.0383,146.9664,2022-09-24,12.7,1.0,20.9,0.397,18.94,81
-28.609,150.2493,2022-09-25,15.8,0.0,10.9,0.414,24.38,69
-28.284,149.7661,2022-09-26,16.9,0.0,12.3,0.152,23.63,60
-29.961,150.2025,2022-09-27,16.1,0.0,10.0,0.326,23.0,61
-29.9094,149.2179,2022-09-28,14.6,0.0,26.3,0.353,22.86,63
-29.0913,151.3464,2022-09-29,13.2,0.0,16.3,0.29,20.06,67
-28.98,150.5147,2022-09-30,16.7,0.0,20.9,0.27,23.48,62
-31.1949,149.5034,2022-10-01,12.9,0.2,21.8,0.44,22.26,71
-30.2274,149.4343,2022-10-02,15.1,1.6,11.3,0.381,19.4,69
-35.3487,144.3115,2022-10-03,14.7,0.0,10.2,0.414,20.49,67
-30.0789,149.9701,2022-10-04,16.1,0.0,16.9,0.327,20.47,61
-35.9175,145.6454,2022-10-09,10.2,0.0,18.3,0.369,22.06,63
-28.5954,152.8636,2022-10-13,16.8,0.4,9.5,0.436,14.12,79
-29.0649,152.3677,2022-10-15,15.8,0.0,11.7,0.343,25.28,69
-34.4627,150.8788,2022-10-16,15.8,0.0,17.9,0.348,19.17,74
-29.6653,152.0787,2022-10-17,14.1,3.7,14.8,0.383,23.73,82
-30.5284,151.5323,2022-10-18,13.1,0.6,16.9,0.321,19.15,79
-28.3449,147.4059,2022-10-26,22.2,0.0,17.5,0.28,24.58,58
-30.1801,152.5216,2022-10-27,19.1,0.7,19.9,0.383,22.52,64
-28.9735,150.4219,2022-10-28,19.6,0.0,19.9,0.294,29.14,58
-34.4659,150.885,2022-10-29,17.7,0.0,19.2,0.341,28.86,51
-29.712,150.9378,2022-10-30,16.6,0.0,13.8,0.363,26.86,63
-33.8445,150.8904,2022-10-31,20.2,7.6,25.6,0.296,14.13,72
-29.5701,149.8764,2022-11-02,12.8,0.0,31.4,0.351,23.58,57
-30.4833,152.952,2022-11-03,15.1,0.0,16.6,0.31,25.5,53
-34.4668,150.8829,2022-11-05,16.4,0.1,16.0,0.335,24.14,78
-29.382,150.5863,2022-11-06,17.8,0.0,17.2,0.416,26.61,62
-30.2977,152.2167,2022-11-07,10.9,3.9,15.1,0.349,18.92,87
-35.9371,146.5166,2022-11-08,18.7,0.1,11.3,0.342,27.95,75
-34.46,150.8775,2022-11-09,17.2,0.1,19.9,0.294,27.66,78
-34.4637,150.8823,2022-11-10,17.5,0.0,22.1,0.285,26.04,75
-30.5167,152.9611,2022-11-11,17.9,0.0,19.5,0.312,26.37,81
-34.4655,150.8842,2022-11-12,18.6,0.3,15.0,0.273,24.42,87
-28.3822,149.2332,2022-11-14,24.3,4.1,26.3,0.214,23.69,50
-31.134,152.1656,2022-11-15,14.6,0.0,17.7,0.371,25.92,64
-28.7298,149.7637,2022-11-16,17.3,0.0,24.3,0.294,31.08,49
-35.9235,145.6381,2022-11-17,12.3,0.0,15.9,0.388,25.32,66
-28.6912,150.8073,2022-11-18,16.9,0.0,12.1,0.245,31.82,49
-33.942,150.9283,2022-11-19,17.7,0.0,22.5,0.086,27.76,73
-34.4612,150.8741,2022-11-20,19.8,0.1,28.3,0.326,30.8,55
-29.3257,148.5491,2022-11-21,21.2,0.0,25.5,0.156,31.67,37
-29.3208,148.5336,2022-11-22,17.1,0.0,24.7,0.15,28.62,40
-31.7678,151.4942,2022-11-23,13.5,0.0,16.8,0.326,31.81,60
-34.9755,145.9732,2022-11-24,16.8,0.0,14.7,0.336,29.6,66
-28.3848,150.5832,2022-11-25,24.0,0.0,16.5,0.129,31.75,36
-29.327,148.5626,2022-11-26,23.5,0.0,10.3,0.143,31.81,41
-28.3407,147.9814,2022-11-28,26.9,0.0,19.3,0.112,30.57,46
-37.1915,144.9459,2022-11-29,12.9,0.0,24.1,0.346,26.18,73
-35.4473,145.1319,2022-12-01,19.0,0.0,22.0,0.266,29.85,61
-35.0226,142.3018,2022-12-02,19.9,0.0,17.6,0.228,32.17,56
-34.4675,150.8842,2022-12-03,17.3,0.0,14.9,0.3,30.21,78
-35.9825,146.3581,2022-12-04,23.2,0.0,12.6,0.226,29.25,60
-28.4823,149.1181,2022-12-05,25.6,0.0,14.5,0.028,31.77,41
-36.138,146.2704,2022-12-06,17.9,0.0,19.1,0.204,30.48,58
-28.559,152.4311,2022-12-07,23.8,0.3,18.4,0.334,31.47,58
-36.3848,144.1867,2022-12-08,12.7,0.0,27.7,0.183,19.49,50
-31.4748,151.1792,2022-12-09,13.3,0.0,18.4,0.331,30.64,70
-36.214,144.9688,2022-12-10,17.4,0.0,12.7,0.268,32.83,54
-33.9335,142.1229,2022-12-11,25.0,2.5,28.8,0.18,26.3,41
-33.7255,150.8366,2022-12-12,22.8,1.4,28.4,0.237,23.44,45
-33.4136,147.6404,2022-12-13,15.8,0.0,28.1,0.307,30.19,48
-28.8725,151.3786,2022-12-14,18.6,0.0,22.7,0.273,32.95,46
-33.4724,148.2532,2022-12-15,14.3,0.0,14.8,0.285,29.55,51
-34.7704,143.4938,2022-12-16,16.5,0.0,20.0,0.191,32.93,51
-36.7221,145.426,2022-12-17,17.0,0.0,24.0,0.268,32.63,56
-37.2754,142.9057,2022-12-18,15.5,0.0,21.4,0.25,33.35,66
-28.8726,151.3797,2022-12-19,19.5,0.6,22.7,0.166,29.48,55
-34.0468,147.907,2022-12-20,18.3,0.0,21.6,0.177,33.4,46
-31.1204,152.1507,2022-12-21,13.4,0.0,14.2,0.308,31.88,73
-34.6514,146.0597,2022-12-22,21.7,9.9,19.4,0.215,17.72,56
-33.4394,142.1154,2022-12-23,24.4,0.0,18.9,0.031,31.29,44
-32.7746,152.0632,2022-12-24,23.2,0.3,18.9,0.15,29.12,80
-34.4598,150.8769,2022-12-25,20.7,0.0,14.9,0.196,29.54,84
-32.8083,151.6384,2022-12-26,24.1,0.0,20.2,0.277,32.3,66
-30.4943,146.5337,2022-12-27,26.5,0.0,17.3,0.248,32.04,45
-34.4615,150.8783,2022-12-28,22.7,0.0,27.0,0.168,32.1,72
-30.4756,146.5078,2022-12-29,29.1,0.0,21.4,0.149,24.02,35
-31.1106,147.0097,2022-12-31,27.9,1.1,19.1,0.125,28.36,47
-31.4157,151.6654,2023-01-01,16.5,2.7,13.0,0.356,23.5,89
-34.4679,150.8804,2023-01-02,22.0,0.0,23.7,0.286,28.61,77
-35.9843,146.3575,2023-01-03,24.2,0.3,24.0,0.191,27.63,65
-30.4807,150.6225,2023-01-04,23.8,2.0,18.9,0.17,26.68,65
-31.1027,147.0567,2023-01-05,23.5,0.0,25.8,0.259,32.46,43
-28.324,147.9937,2023-01-06,27.8,0.0,17.8,0.107,32.09,34
-29.3933,149.8128,2023-01-07,26.2,0.0,19.9,0.14,29.95,42
-28.354,149.954,2023-01-08,27.7,0.0,19.6,0.258,28.95,45
-34.4653,150.8847,2023-01-09,18.5,0.0,12.8,0.296,32.06,81
-28.8704,151.4076,2023-01-10,25.3,0.0,20.8,0.173,30.78,49
-29.049,151.5026,2023-01-11,23.3,0.0,19.8,0.148,28.88,55
-30.8446,150.2222,2023-01-12,27.8,0.0,12.6,0.096,28.23,46
-29.0225,151.5081,2023-01-13,23.8,0.0,21.7,0.119,31.32,54
-28.8827,148.941,2023-01-14,28.6,0.0,20.9,0.1,30.01,35
-32.8929,145.8873,2023-01-15,30.0,0.0,18.1,0.119,26.65,36
-34.4612,150.8792,2023-01-16,22.1,4.2,16.4,0.289,24.97,83
-28.3256,151.8892,2023-01-17,21.6,0.0,23.0,0.16,24.91,67
-34.0571,146.755,2023-01-18,25.7,8.3,31.3,0.19,22.87,56
-28.8012,149.4964,2023-01-19,28.0,0.0,17.9,0.199,20.97,40
-28.3611,149.9132,2023-01-20,26.9,1.0,26.5,0.046,26.83,51
-34.4603,150.8782,2023-01-21,19.3,5.2,16.2,0.345,25.66,79
-29.5107,148.3202,2023-01-22,23.4,7.0,20.9,0.238,21.53,70
-33.8458,150.8969,2023-01-24,21.8,0.0,16.6,0.338,26.85,77
-33.7944,150.8799,2023-01-25,21.8,6.3,16.0,0.314,25.91,80
-34.9157,148.475,2023-01-26,22.7,0.3,24.9,0.212,26.7,55
-34.1992,149.6435,2023-01-27,20.7,0.2,22.5,0.203,28.97,79
-34.4617,150.8713,2023-01-28,24.2,0.2,22.5,0.352,27.0,87
-29.9289,150.6155,2023-01-29,25.5,0.2,12.3,0.207,27.56,59
-34.7734,145.9283,2023-01-31,23.6,0.0,16.7,0.28,30.22,55
-34.4669,150.883,2023-02-01,21.8,0.4,16.7,0.357,26.64,75
-36.7327,145.6169,2023-02-02,14.8,8.1,30.5,0.184,19.85,66
-30.7257,146.8967,2023-02-03,21.3,0.0,20.0,0.275,30.24,42
-33.4767,146.6198,2023-02-04,16.3,0.0,22.7,0.226,29.76,51
-28.3205,148.0032,2023-02-05,23.5,0.0,15.3,0.145,31.21,36
-33.9806,147.7561,2023-02-06,22.2,0.0,11.0,0.172,30.07,46
-33.2152,148.0846,2023-02-07,25.1,0.0,11.9,0.163,29.89,42
-33.4402,146.5673,2023-02-08,25.8,0.0,14.5,0.17,29.37,45
-32.4788,146.1352,2023-02-09,26.5,0.0,17.4,0.107,28.71,36
-28.6172,147.0173,2023-02-10,26.6,0.0,13.1,0.241,28.84,51
-35.0163,148.729,2023-02-11,21.8,0.0,23.7,0.226,27.6,57
-28.533,151.3067,2023-02-12,27.6,0.0,25.2,0.157,28.83,40
-35.1591,146.7929,2023-02-13,20.2,0.0,19.9,0.191,28.61,50
-36.57,149.0181,2023-02-14,12.9,0.0,16.8,0.423,17.87,76
-37.4783,145.0336,2023-02-15,20.5,0.0,24.9,0.278,25.34,59
-34.9211,146.6032,2023-02-16,27.0,0.0,14.2,0.158,25.92,39
-34.074,145.7535,2023-02-17,31.8,0.0,19.8,0.148,25.26,28
-37.2991,146.0781,2023-02-18,19.7,0.0,16.6,0.275,27.43,57
-28.2306,148.2926,2023-02-19,30.8,0.1,25.6,0.112,24.2,42
-30.729,146.9038,2023-02-20,31.1,0.0,20.3,0.178,27.05,38
-37.3044,145.3384,2023-02-21,17.3,0.0,27.7,0.128,23.39,62
-31.0992,143.9956,2023-02-22,30.4,0.1,47.0,0.025,25.96,39
-37.3983,143.1138,2023-02-23,22.5,0.0,21.7,0.106,26.53,44
-28.231,148.3131,2023-02-24,26.7,0.0,23.5,0.115,27.32,38
-34.5578,147.5703,2023-02-25,22.9,0.0,18.8,0.147,26.77,46
-29.7008,150.1513,2023-02-26,24.4,0.0,17.5,0.164,23.38,49
-30.7287,146.8931,2023-02-27,29.2,0.0,16.3,0.19,24.06,36
-30.4889,150.2915,2023-02-28,23.7,0.0,18.3,0.243,22.83,48
-28.6788,148.5411,2023-03-01,32.0,0.0,19.8,0.101,23.25,24
-34.1784,146.4651,2023-03-02,22.9,0.0,13.8,0.138,26.36,41
-30.7423,148.0677,2023-03-03,28.5,0.0,19.6,0.144,23.88,40
-36.4111,146.9147,2023-03-04,19.9,14.7,16.6,0.307,22.21,68
-31.2431,146.7639,2023-03-05,29.3,0.0,20.9,0.142,23.31,34
-28.623,147.0213,2023-03-06,33.3,0.0,22.6,0.112,25.05,26
-32.6732,149.0682,2023-03-07,21.8,0.4,14.8,0.278,24.22,51
-32.9458,149.5434,2023-03-08,16.9,0.0,20.3,0.148,26.87,41
-32.0569,145.5738,2023-03-09,19.7,0.0,17.6,0.11,25.88,40
-36.996,141.8917,2023-03-10,16.5,0.1,15.5,0.237,12.99,75
-33.1113,144.6564,2023-03-11,23.7,0.0,13.7,0.145,25.0,30
-36.7186,141.6246,2023-03-12,15.3,0.5,21.1,0.355,15.75,71
-36.4764,144.3961,2023-03-13,20.2,0.0,18.2,0.186,21.76,54
-37.163,149.1558,2023-03-14,15.9,0.7,14.3,0.297,20.67,80
-34.4654,150.8834,2023-03-15,20.7,0.2,10.5,0.384,21.37,88
-32.059,145.5734,2023-03-16,28.7,0.0,24.6,0.11,24.33,22
-35.191,147.1108,2023-03-17,23.1,0.0,14.3,0.167,23.51,48
-36.3988,148.8691,2023-03-18,19.4,0.0,17.7,0.153,23.18,46
-32.9617,146.104,2023-03-19,32.2,0.0,17.1,0.128,23.13,19
-37.0207,149.3761,2023-03-20,11.6,0.1,16.9,0.28,12.87,80
-37.0109,149.3616,2023-03-21,11.8,5.6,17.1,0.285,11.95,84
-36.0759,149.3479,2023-03-22,15.5,2.3,16.6,0.306,17.5,79
-31.6766,146.2381,2023-03-23,25.5,1.2,22.7,0.092,17.34,56
-36.6747,141.6101,2023-03-24,18.7,1.6,23.3,0.314,17.53,70
-30.1447,147.5697,2023-03-25,28.8,0.0,26.4,0.042,21.03,46
-32.7286,147.8064,2023-03-26,22.3,0.8,18.1,0.265,16.67,68
-34.4211,147.2877,2023-03-27,20.0,1.0,13.4,0.269,8.05,70
-37.2279,148.8081,2023-03-28,15.3,1.7,9.4,0.346,16.62,84
-35.428,142.4958,2023-03-29,17.1,7.8,24.9,0.331,15.57,70
-30.8617,146.1614,2023-03-30,19.9,0.0,16.8,0.17,22.25,46
-32.8056,148.641,2023-03-31,14.0,0.0,18.6,0.315,19.98,65
-30.7155,148.9536,2023-04-01,17.4,0.0,17.1,0.166,21.27,53
-36.4068,143.3217,2023-04-02,13.2,0.0,16.3,0.26,19.84,66
-30.2487,148.5804,2023-04-03,21.9,0.0,16.6,0.287,19.55,49
-28.4514,149.1202,2023-04-04,22.2,0.0,19.3,0.229,20.58,54
-36.7488,141.4553,2023-04-05,15.9,0.0,9.8,0.338,18.67,71
-34.8533,146.8867,2023-04-06,19.9,0.0,22.9,0.271,14.61,58
-34.4614,150.8854,2023-04-07,18.3,9.8,19.4,0.372,10.59,83
-30.937,146.9021,2023-04-08,19.4,0.0,24.8,0.129,16.43,47
-31.6842,149.139,2023-04-09,13.0,0.0,23.8,0.304,16.37,62
-35.1933,147.6799,2023-04-10,11.1,0.3,22.6,0.375,10.68,72
-30.1356,147.5636,2023-04-11,16.7,0.0,15.9,0.039,20.79,46
-33.7529,146.4335,2023-04-12,15.3,2.6,23.1,0.27,12.55,71
-29.6102,148.2362,2023-04-13,19.5,0.0,23.1,0.099,14.44,48
-37.2938,141.4558,2023-04-14,15.8,0.0,24.1,0.457,14.89,75
-31.7252,149.6482,2023-04-15,16.2,0.0,13.9,0.41,16.78,64
-32.1761,146.0155,2023-04-16,15.4,0.5,24.6,0.162,17.81,69
-36.2122,147.6015,2023-04-17,9.3,0.0,8.7,0.398,16.47,81
-29.609,148.2278,2023-04-18,21.4,0.0,18.2,0.103,19.11,51
-36.4881,144.036,2023-04-19,13.7,0.1,20.5,0.35,13.88,70
-28.9371,151.399,2023-04-20,16.9,0.0,13.3,0.214,16.85,67
-35.9707,145.4019,2023-04-21,13.9,0.0,9.7,0.326,16.07,76
-36.8183,149.8977,2023-04-22,14.1,0.0,10.7,0.307,15.12,85
-35.4805,142.5996,2023-04-23,15.3,0.0,11.8,0.265,16.08,77
-37.464,142.6319,2023-04-24,14.5,0.0,13.3,0.314,15.25,79
-28.9438,151.3837,2023-04-25,17.1,0.0,18.9,0.2,18.58,67
-35.0349,141.988,2023-04-26,20.3,0.0,24.1,0.202,13.24,51
-29.0341,150.3845,2023-04-27,19.3,0.0,16.5,0.296,16.06,61
-36.481,144.2546,2023-04-28,16.7,0.8,18.4,0.282,12.93,68
-37.0161,141.8455,2023-04-29,9.7,0.0,10.1,0.316,12.37,78
-34.9242,143.3761,2023-04-30,11.5,0.0,18.0,0.335,14.23,65
-36.9825,145.1814,2023-05-01,11.9,0.0,8.7,0.292,9.67,71
-29.0017,153.1114,2023-05-02,16.6,0.0,11.6,0.398,15.92,56
-34.4584,150.8798,2023-05-03,16.4,0.0,28.0,0.363,12.87,60
-33.7585,146.6198,2023-05-04,10.5,0.0,10.2,0.292,14.6,70
-28.2925,150.4725,2023-05-05,14.8,0.0,10.0,0.248,17.0,64
-33.0438,147.9408,2023-05-06,11.4,0.0,13.6,0.316,14.82,68
-28.4222,148.2599,2023-05-07,15.1,0.0,29.7,0.035,17.15,42
-33.4362,147.7407,2023-05-08,8.8,0.0,26.9,0.303,12.63,66
-29.3438,148.508,2023-05-09,12.3,0.0,17.8,0.139,16.56,58
-33.4186,145.6808,2023-05-10,10.9,0.0,10.9,0.236,14.47,78
-28.6732,150.8502,2023-05-11,15.6,0.0,13.6,0.141,16.1,66
-28.9061,149.8545,2023-05-12,17.7,0.0,18.0,0.076,14.09,63
-37.025,143.9284,2023-05-13,10.8,0.0,10.5,0.426,12.41,82
-28.952,150.3232,2023-05-14,17.2,0.1,16.3,0.155,15.08,66
-32.9988,146.3455,2023-05-15,13.6,0.0,9.4,0.159,12.21,73
-33.7666,148.2295,2023-05-16,12.5,0.0,16.8,0.296,13.53,71
-31.7033,145.9825,2023-05-17,12.2,0.0,13.6,0.144,14.59,57
-37.1855,149.2271,2023-05-18,4.4,0.1,13.7,0.351,7.06,86
-28.1647,148.7154,2023-05-19,13.3,0.0,16.3,0.19,15.9,52
-36.5767,142.61,2023-05-20,10.6,0.3,25.2,0.354,8.65,78
-30.9051,151.1959,2023-05-21,7.0,0.7,28.9,0.184,8.3,75
-34.1251,142.0135,2023-05-22,10.7,0.0,10.5,0.277,12.78,74
-31.1791,150.0994,2023-05-23,10.8,0.0,11.0,0.301,14.44,63
-29.1031,148.9314,2023-05-24,14.4,0.0,11.0,0.209,15.29,40
-34.4983,146.1367,2023-05-25,12.3,0.0,23.2,0.235,8.38,52
-28.659,147.9936,2023-05-26,14.4,0.0,28.9,0.207,14.42,45
-30.9362,146.4996,2023-05-27,9.8,0.0,15.6,0.148,11.73,60
-31.1051,146.7084,2023-05-28,11.3,0.0,15.4,0.171,9.93,56
-28.5847,148.0887,2023-05-29,11.7,0.0,14.3,0.202,14.79,57
-37.1315,149.3164,2023-05-30,11.8,0.0,18.7,0.29,8.95,71
-29.5119,148.9709,2023-05-31,14.2,0.0,9.7,0.232,12.4,61
-31.4606,142.2748,2023-06-01,16.9,0.0,11.2,0.07,12.74,54
-29.7879,148.4799,2023-06-02,15.8,0.0,12.8,0.2,12.56,58
-28.616,147.0335,2023-06-03,18.8,0.0,15.4,0.129,13.83,52
-36.2561,145.3408,2023-06-04,13.7,0.0,18.2,0.279,10.19,79
-37.1892,149.2456,2023-06-05,7.8,0.0,20.0,0.325,8.63,86
-29.1454,149.391,2023-06-07,17.3,0.0,15.2,0.212,12.51,66
-34.4638,150.8806,2023-06-08,14.1,1.8,15.5,0.319,5.01,84
-34.4615,150.8783,2023-06-09,12.5,0.0,20.3,0.319,9.5,71
-35.1836,150.0389,2023-06-10,6.7,0.0,15.3,0.268,11.24,81
-34.4489,146.2686,2023-06-11,9.2,0.0,8.4,0.367,10.96,77
-36.1438,141.3649,2023-06-12,12.3,0.1,22.6,0.348,9.92,71
-33.749,150.0058,2023-06-13,6.0,0.6,24.5,0.355,8.47,90
-34.4562,150.8774,2023-06-14,11.8,0.0,24.3,0.291,10.89,62
-33.4138,147.7704,2023-06-15,8.6,0.0,10.9,0.333,8.74,78
-34.5433,147.0949,2023-06-16,9.9,0.0,13.4,0.322,10.67,77
-32.9457,146.69,2023-06-17,10.2,0.0,15.0,0.259,11.88,68
-31.0625,152.8071,2023-06-18,11.4,0.0,14.0,0.211,12.68,68
-30.0121,151.4161,2023-06-19,4.8,0.0,14.1,0.42,14.18,62
-28.7065,150.5255,2023-06-20,9.3,0.0,18.2,0.221,12.9,56
-34.4612,150.8858,2023-06-21,10.1,0.0,9.9,0.265,10.92,67
-32.5718,146.9612,2023-06-22,7.7,11.2,20.7,0.235,2.07,79
-37.1355,149.0965,2023-06-23,5.2,0.7,22.9,0.322,8.21,79
-30.3165,147.8133,2023-06-24,10.0,0.0,16.5,0.184,13.16,69
-29.629,148.2146,2023-06-25,11.8,0.0,15.6,0.192,13.51,53
-34.4586,150.886,2023-06-26,14.0,0.0,36.8,0.304,11.04,48
-29.5153,152.4308,2023-06-27,10.4,0.0,12.8,0.362,13.35,53
-29.4913,152.4819,2023-06-28,12.9,0.8,5.6,0.237,9.29,64
-31.8978,151.844,2023-06-29,8.5,0.0,12.6,0.244,11.7,76
-31.2734,149.4762,2023-06-30,5.9,0.0,20.9,0.401,9.72,75
-30.4424,149.2077,2023-07-01,9.6,0.0,16.1,0.201,8.81,79
-34.4606,150.8722,2023-07-02,11.5,0.0,15.5,0.274,11.08,68
-34.4623,150.8761,2023-07-05,14.1,0.0,12.6,0.348,7.41,77
-34.4633,150.888,2023-07-06,11.7,0.0,10.0,0.32,11.29,67
-30.4096,148.9469,2023-07-07,10.5,0.2,18.0,0.186,12.48,73
-36.9543,149.8482,2023-07-08,11.7,0.0,30.2,0.074,9.06,54
-29.6294,150.0253,2023-07-09,10.2,0.0,17.4,0.292,13.79,71
-37.137,149.0984,2023-07-10,6.8,0.0,19.5,0.297,9.63,80
-28.9542,150.5662,2023-07-11,8.3,0.0,11.0,0.385,14.51,75
-36.1619,148.8012,2023-07-12,3.5,0.0,17.1,0.386,11.58,80
-28.4488,150.7131,2023-07-13,12.5,0.0,11.7,0.216,14.33,73
-34.4634,150.8696,2023-07-14,12.9,0.0,11.5,0.247,11.71,63
-34.7843,146.0276,2023-07-15,11.3,0.0,13.8,0.335,10.38,76
-28.5459,152.4763,2023-07-16,11.3,0.0,7.2,0.297,13.27,76
-37.1106,147.8067,2023-07-17,5.8,0.0,16.2,0.337,11.42,80
-28.5227,148.0595,2023-07-18,16.2,0.0,11.6,0.237,14.0,57
-34.0741,142.0766,2023-07-19,7.2,0.0,14.1,0.235,12.7,74
-34.4443,146.6854,2023-07-20,7.0,0.4,15.2,0.326,12.07,78
-32.9611,146.155,2023-07-21,10.1,0.8,15.8,0.324,12.27,77
-35.2799,149.3054,2023-07-22,3.6,0.0,12.3,0.306,12.47,78
-28.9209,148.1489,2023-07-23,10.5,0.3,13.5,0.127,15.11,64
-37.2567,147.7638,2023-07-24,7.7,0.8,7.6,0.329,11.3,85
-28.9068,147.7317,2023-07-25,14.3,0.0,16.3,0.047,15.26,58
-34.9062,145.4247,2023-07-26,7.0,0.0,9.4,0.432,10.47,91
-36.2617,149.034,2023-07-27,6.4,0.0,15.5,0.296,13.06,51
-34.7903,142.5048,2023-07-28,14.5,3.4,18.4,0.407,12.59,71
-31.1366,152.8069,2023-07-29,13.5,0.0,10.9,0.383,13.34,76
-28.6834,151.0677,2023-07-30,12.9,0.0,10.8,0.256,15.47,75
-37.0616,148.6996,2023-07-31,9.1,0.0,15.0,0.29,12.66,68
-29.4629,152.4946,2023-08-01,16.3,0.0,7.2,0.229,15.67,77
-32.5828,146.0268,2023-08-02,11.1,0.0,11.3,0.183,14.82,73
-37.3163,147.5852,2023-08-03,9.1,0.0,23.4,0.328,13.15,63
-31.6887,146.5702,2023-08-04,14.8,0.0,13.9,0.283,15.19,53
-34.407,145.8804,2023-08-05,10.9,2.8,16.1,0.311,12.14,80
-29.3231,149.4156,2023-08-06,16.1,0.0,12.5,0.242,15.69,56
-37.2616,149.8489,2023-08-07,9.9,0.0,14.4,0.277,12.39,78
-31.705,146.5486,2023-08-08,11.3,0.0,12.0,0.214,15.11,70
-31.7066,146.5756,2023-08-09,11.4,0.0,11.9,0.187,15.85,65
-33.2248,147.1268,2023-08-10,11.4,0.3,18.5,0.252,14.53,65
-30.0932,148.944,2023-08-11,14.6,0.0,14.9,0.2,16.78,46
-31.451,152.3212,2023-08-12,11.5,0.0,20.7,0.209,15.56,49
-30.9353,152.1117,2023-08-13,10.0,0.5,15.6,0.283,15.04,65
-29.6153,148.2469,2023-08-14,20.4,0.0,28.0,0.217,15.71,33
-34.8969,145.4503,2023-08-15,7.3,0.0,11.6,0.429,15.26,79
-31.2854,149.9215,2023-08-16,11.5,0.0,12.0,0.329,17.44,63
-34.7175,149.9433,2023-08-17,7.7,2.1,16.1,0.316,16.08,67
-28.3842,146.5621,2023-08-18,16.9,0.4,27.4,0.135,18.27,48
-34.4599,150.8795,2023-08-19,12.7,0.0,28.1,0.32,14.63,56
-31.1765,152.8232,2023-08-20,12.6,0.0,14.9,0.263,16.2,73
-28.5981,148.077,2023-08-21,17.1,0.0,9.9,0.213,18.58,50
-37.2088,141.0684,2023-08-22,9.5,2.8,18.2,0.264,10.92,80
-28.5687,148.0933,2023-08-23,17.0,0.0,17.7,0.204,19.15,37
-34.8122,142.5085,2023-08-24,10.3,0.0,13.3,0.374,16.71,74
-32.1716,145.9582,2023-08-25,13.4,0.0,11.2,0.153,18.09,62
-32.1571,145.9649,2023-08-26,14.4,0.0,15.5,0.139,18.15,55
-29.9217,152.8832,2023-08-27,14.3,0.9,11.2,0.224,16.09,78
-30.7661,152.3585,2023-08-28,13.9,0.6,9.5,0.198,16.47,79
-32.9016,149.3047,2023-08-29,10.9,0.0,10.6,0.296,17.11,75
-29.127,148.8829,2023-08-30,19.8,0.0,18.6,0.21,19.14,44
-32.6188,146.7751,2023-08-31,11.6,0.0,18.8,0.184,17.24,69
-30.2633,146.5221,2023-09-01,15.7,0.0,15.5,0.103,19.82,49
-29.0651,150.7627,2023-09-02,14.0,0.0,11.0,0.239,20.59,65
-29.0648,150.7507,2023-09-03,16.1,0.6,13.0,0.227,18.67,65
-34.4801,149.3835,2023-09-04,11.4,0.0,17.3,0.312,18.72,66
-36.4525,143.9909,2023-09-05,8.4,0.1,24.6,0.31,17.12,74
-35.3656,145.3771,2023-09-06,11.9,0.0,21.0,0.301,18.45,66
-33.6506,151.2283,2023-09-07,17.2,0.0,23.8,0.266,18.54,67
-30.026,153.0676,2023-09-08,17.9,1.3,20.5,0.239,15.39,73
-28.7751,147.6017,2023-09-09,13.7,0.0,19.2,0.047,22.25,32
-28.8838,149.9846,2023-09-10,13.8,0.0,14.5,0.124,22.33,38
-28.7244,148.9618,2023-09-11,16.5,0.0,13.8,0.095,21.69,39
-31.9642,145.7108,2023-09-12,15.6,0.0,13.7,0.165,21.15,46
-36.1748,148.5675,2023-09-13,8.4,0.0,9.7,0.383,20.77,67
-31.9516,145.6934,2023-09-14,19.0,0.0,11.3,0.152,21.4,41
-34.0638,150.9537,2023-09-15,18.1,0.0,10.7,0.254,20.17,56
-30.6076,146.8073,2023-09-16,23.5,0.0,12.1,0.136,22.22,27
-32.0204,151.9847,2023-09-17,19.6,0.0,9.5,0.212,22.07,52
-37.1884,149.2419,2023-09-18,18.1,0.0,28.5,0.184,20.45,36
-30.6046,146.8002,2023-09-19,26.0,0.0,19.8,0.123,22.77,18
-34.4667,150.8848,2023-09-20,25.7,0.0,21.4,0.141,21.55,29
-29.3733,148.4836,2023-09-21,23.1,0.0,22.9,0.199,23.37,24
-34.4192,146.3381,2023-09-22,13.0,0.0,15.4,0.16,22.48,57
-30.6001,146.8057,2023-09-23,19.9,0.0,18.9,0.118,23.27,35
-35.3831,144.9038,2023-09-24,16.7,0.0,18.8,0.187,22.31,55
-31.4888,152.3949,2023-09-25,15.4,0.0,15.6,0.202,23.52,71
-29.2319,146.305,2023-09-26,24.6,0.0,11.5,0.104,23.46,26
-34.4641,150.8795,2023-09-27,16.4,3.1,10.5,0.252,16.94,88
-28.4785,148.9736,2023-09-28,24.3,0.5,26.3,0.028,24.43,32
-28.6359,152.6032,2023-09-29,19.6,0.0,11.6,0.278,22.01,74
-37.0765,148.552,2023-09-30,13.4,0.0,11.8,0.25,23.79,53
-32.4785,145.0337,2023-10-01,27.3,0.0,29.9,0.109,23.28,16
-36.0218,149.0294,2023-10-02,14.5,0.3,19.8,0.221,22.24,58
-29.1373,153.4235,2023-10-03,20.5,0.0,26.3,0.141,24.96,68
-28.5211,150.4177,2023-10-04,23.3,6.3,33.4,0.036,22.72,52
-31.1661,152.8198,2023-10-05,17.6,0.1,16.2,0.268,24.29,51
-28.3185,150.9377,2023-10-06,16.6,0.0,14.1,0.119,26.47,42
-35.2249,146.7184,2023-10-07,12.5,0.0,13.7,0.273,23.52,65
-28.3227,150.9277,2023-10-08,18.7,0.0,19.3,0.114,26.07,52
-36.5316,149.981,2023-10-09,13.4,0.0,16.2,0.181,22.92,78
-28.5912,152.9273,2023-10-10,18.8,0.0,14.3,0.209,22.77,63
-32.1129,152.4961,2023-10-11,18.5,1.8,21.0,0.145,22.35,81
-34.4646,150.8815,2023-10-12,20.5,7.2,30.3,0.215,25.22,57
-31.2036,149.7229,2023-10-13,15.3,0.0,31.0,0.268,27.46,46
-30.9648,152.4931,2023-10-14,17.5,0.0,18.0,0.218,24.98,64
-29.321,151.0124,2023-10-15,20.6,0.0,13.2,0.152,27.61,36
-32.2973,149.6666,2023-10-16,15.0,0.3,34.6,0.227,24.19,51
-37.2443,141.8296,2023-10-17,10.7,0.0,14.0,0.361,26.53,70
-31.0509,152.642,2023-10-18,15.3,0.0,15.5,0.205,16.67,66
-34.4681,150.88,2023-10-19,16.1,0.0,20.4,0.196,25.05,71
-33.1703,147.7166,2023-10-20,22.1,0.0,13.2,0.141,27.02,40
-31.4913,152.3451,2023-10-21,18.3,0.0,20.1,0.204,25.46,75
-31.7668,151.8796,2023-10-22,24.6,0.0,19.6,0.193,26.11,49
-32.0434,150.8826,2023-10-23,20.0,0.0,12.1,0.179,28.76,36
-34.4632,150.8769,2023-10-24,18.9,0.0,23.0,0.153,27.63,60
-32.5451,150.4323,2023-10-25,20.8,0.0,22.8,0.175,28.22,29
-34.4604,150.8807,2023-10-26,14.5,0.8,27.7,0.155,19.47,61
-28.9958,146.7469,2023-10-27,19.3,0.0,23.4,0.109,28.75,32
-32.5199,150.503,2023-10-28,13.3,0.0,18.0,0.236,18.06,61
-37.4526,145.0923,2023-10-29,14.9,0.0,30.2,0.388,27.7,66
-29.0088,146.6818,2023-10-30,27.9,0.0,17.5,0.105,28.15,17
-36.221,144.977,2023-10-31,13.7,0.0,22.0,0.227,28.9,50
-28.9853,151.8571,2023-11-01,15.2,3.5,21.7,0.148,23.92,75
-34.4615,150.8792,2023-11-02,17.1,0.3,17.8,0.175,24.35,66
-31.1505,146.9932,2023-11-03,25.8,0.0,22.0,0.205,26.72,27
-34.3321,146.5171,2023-11-04,21.9,0.0,25.6,0.127,29.44,44
-36.725,142.9503,2023-11-05,18.2,0.0,18.6,0.272,29.32,56
-31.1317,147.0069,2023-11-06,23.8,0.0,19.5,0.157,27.48,44
-28.7645,149.5063,2023-11-07,22.3,0.0,20.5,0.357,26.54,55
-29.1192,147.1156,2023-11-08,24.5,16.0,23.1,0.369,27.09,58
-29.0988,147.0871,2023-11-09,25.3,0.6,18.5,0.325,25.98,56
-33.038,143.1915,2023-11-10,30.3,0.0,18.5,0.089,29.51,27
-29.0881,147.1125,2023-11-11,30.6,0.0,19.5,0.27,28.74,33
-36.3779,145.2892,2023-11-12,16.6,0.0,23.4,0.183,31.4,53
-29.6785,147.384,2023-11-13,29.5,0.0,19.7,0.106,30.7,14
-31.378,151.6922,2023-11-14,17.7,0.0,13.4,0.362,31.48,64
-36.794,148.7261,2023-11-15,16.3,1.0,20.5,0.269,20.16,76
-36.8725,149.2918,2023-11-16,11.8,1.3,18.9,0.321,20.82,78
-32.2763,148.6604,2023-11-17,20.0,0.0,21.8,0.295,31.71,47
-29.1587,150.9282,2023-11-18,21.7,0.0,19.3,0.087,31.53,50
-33.1919,148.3597,2023-11-19,23.8,0.1,23.0,0.159,28.82,40
-30.7028,152.8905,2023-11-20,19.8,8.1,19.6,0.337,6.99,89
-28.6714,142.4915,2023-11-21,30.2,0.0,29.8,0.203,27.29,41
-36.1664,145.3973,2023-11-22,21.4,0.0,19.1,0.138,30.37,56
-28.5011,151.8897,2023-11-23,17.5,2.7,19.2,0.37,20.44,84
-32.4384,145.4214,2023-11-25,22.9,1.0,20.5,0.341,25.57,67
-33.8999,148.4818,2023-11-26,20.4,0.2,25.5,0.321,26.72,65
-32.4221,145.4719,2023-11-27,23.9,0.1,11.3,0.229,30.06,52
-32.8115,151.6328,2023-11-28,21.3,16.7,15.7,0.36,14.66,89
-35.0418,147.4286,2023-11-29,18.4,61.2,29.9,0.407,15.95,84
-28.5463,152.822,2023-11-30,23.2,0.0,17.7,0.468,31.7,56
-31.3589,152.8618,2023-12-02,21.9,7.4,16.3,0.304,21.97,83
-28.6218,142.5493,2023-12-03,27.7,0.0,15.5,0.262,31.63,30
-29.9036,151.3477,2023-12-04,19.7,0.0,16.6,0.327,32.89,58
-28.6197,142.5784,2023-12-05,33.0,0.0,23.2,0.217,31.81,17
-36.4816,146.1842,2023-12-06,21.6,0.0,19.9,0.188,31.04,49
-28.5154,148.0866,2023-12-07,33.3,0.0,22.9,0.214,28.35,32
-30.6978,149.4718,2023-12-08,29.0,0.0,11.6,0.288,23.73,49
-30.7471,149.5389,2023-12-09,30.3,0.0,15.9,0.334,30.31,46
-34.473,150.8937,2023-12-10,22.4,3.0,20.9,0.239,19.12,86
-31.1289,152.2007,2023-12-11,19.7,0.0,12.6,0.29,32.23,76
-28.8361,150.8035,2023-12-12,25.8,0.0,13.9,0.213,29.4,51
-33.2552,145.3898,2023-12-13,32.5,1.5,33.9,0.15,27.58,28
-33.8461,150.8913,2023-12-14,28.4,0.0,30.1,0.22,28.63,52
-34.5043,142.9428,2023-12-15,21.2,0.0,20.7,0.156,33.37,49
-32.7663,141.5411,2023-12-16,22.6,0.0,19.3,0.081,32.84,37
-30.5902,149.6555,2023-12-17,27.8,0.0,13.0,0.281,32.1,28
-30.4997,149.6917,2023-12-18,30.6,0.0,22.2,0.138,31.19,33
-30.7832,149.7764,2023-12-19,28.1,3.4,27.2,0.109,21.16,48
-34.3371,143.7798,2023-12-20,20.1,0.0,22.0,0.233,33.9,33
-34.3025,145.7681,2023-12-21,24.0,0.0,18.9,0.15,30.46,43
-34.3405,143.7728,2023-12-22,25.8,0.1,24.4,0.227,26.32,38
-32.5317,142.8073,2023-12-24,26.5,0.1,34.2,0.144,31.11,34
-32.5252,146.3914,2023-12-25,21.4,0.0,26.3,0.189,31.7,48
-30.925,149.5165,2023-12-26,23.3,0.0,18.3,0.357,33.07,43
-30.8384,149.5555,2023-12-27,23.2,0.0,20.0,0.353,29.93,43
-28.6113,151.0082,2023-12-28,25.2,0.0,18.7,0.288,32.04,50
-30.9783,149.5455,2023-12-29,25.1,0.9,21.6,0.291,26.44,49
-36.1637,145.4651,2023-12-30,17.0,0.0,24.5,0.207,27.02,54
-28.211,150.9053,2023-12-31,24.1,4.3,17.9,0.264,26.83,72
-28.6276,150.9298,2024-01-01,23.7,2.7,19.6,0.271,22.19,67
-30.5431,151.4438,2024-01-02,18.6,0.6,23.4,0.333,29.8,75
-32.2243,145.5513,2024-01-03,30.0,0.2,23.3,0.131,25.01,45
-28.6551,150.9307,2024-01-04,26.4,0.4,13.7,0.26,28.57,62
-36.3855,145.4249,2024-01-05,25.1,0.6,11.7,0.294,26.47,62
-34.2593,144.075,2024-01-06,28.6,1.1,19.8,0.336,27.36,45
-28.7993,149.7956,2024-01-09,28.0,7.6,17.4,0.23,23.48,62
-28.8371,147.9648,2024-01-10,28.1,1.4,24.1,0.385,23.81,69
-34.7971,145.869,2024-01-11,26.8,0.0,11.0,0.279,31.01,52
-34.4642,150.8841,2024-01-12,23.3,1.7,16.6,0.326,26.56,84
-33.8171,147.3187,2024-01-13,28.0,0.0,22.5,0.214,28.16,55
-31.8012,151.6752,2024-01-14,20.3,3.0,17.1,0.349,23.84,82
-32.1904,146.7038,2024-01-15,26.1,0.1,24.0,0.207,24.63,54
-28.4099,152.2175,2024-01-17,22.5,5.6,13.8,0.385,21.06,87
-34.6581,146.0581,2024-01-18,18.7,0.0,19.7,0.339,30.95,55
-33.8207,150.7947,2024-01-19,22.2,0.3,18.5,0.362,31.77,57
-31.8364,147.7036,2024-01-20,26.0,0.0,11.0,0.273,32.04,41
-29.7376,153.2726,2024-01-21,27.1,1.0,17.8,0.227,27.55,79
-28.4983,148.0216,2024-01-22,34.0,0.0,19.0,0.288,30.49,40
-34.387,144.7057,2024-01-23,23.8,0.0,16.1,0.208,30.91,52
-29.7267,153.2485,2024-01-24,23.4,0.0,17.9,0.193,29.1,71
-29.5724,153.2982,2024-01-25,24.9,0.0,25.9,0.135,29.44,76
-29.7317,153.278,2024-01-26,28.4,0.0,21.9,0.136,29.88,69
-34.4642,150.8794,2024-01-27,20.8,3.2,18.3,0.313,10.48,82
-31.8019,145.8915,2024-01-29,29.7,0.0,17.2,0.114,31.3,30
-35.663,145.5122,2024-01-30,26.2,0.0,20.1,0.161,29.7,47
-33.5596,146.9915,2024-01-31,28.0,0.0,19.0,0.156,31.09,27
-33.4755,148.1847,2024-02-01,26.5,0.0,15.9,0.175,29.92,51
-34.4421,148.7321,2024-02-02,21.7,0.0,21.4,0.165,31.03,42
-32.0597,146.1388,2024-02-03,28.5,0.0,12.9,0.139,30.79,22
-29.7388,151.9958,2024-02-05,23.3,0.5,13.2,0.364,25.55,82
-36.4803,146.183,2024-02-06,21.1,0.1,29.4,0.12,29.2,52
-29.209,152.9747,2024-02-07,25.2,1.1,20.8,0.289,21.1,76
-34.6743,147.2317,2024-02-08,21.6,0.0,27.4,0.259,29.02,52
-33.4007,146.6688,2024-02-09,23.6,0.0,13.6,0.308,29.37,54
-34.9435,147.2579,2024-02-10,23.2,0.0,24.9,0.211,28.43,52
-35.754,146.9816,2024-02-11,23.8,0.0,22.1,0.149,28.24,51
-34.4617,150.8805,2024-02-12,21.9,0.0,21.3,0.301,27.54,76
-36.9192,142.4671,2024-02-13,25.5,0.0,38.2,0.152,26.36,42
-34.6799,148.3743,2024-02-14,21.0,3.3,20.8,0.376,28.31,67
-31.4497,151.2106,2024-02-15,17.0,13.3,12.3,0.398,19.93,88
-33.8544,142.1567,2024-02-16,24.6,0.0,12.9,0.155,29.15,26
-34.1202,146.8209,2024-02-17,27.8,0.0,12.8,0.233,24.69,53
-33.0952,143.0557,2024-02-18,30.7,0.0,19.8,0.111,27.88,18
-34.5,148.3333,2024-02-19,21.1,1.9,18.4,0.363,25.01,73
-29.6295,148.2259,2024-02-20,27.2,0.0,12.8,0.109,26.03,54
-34.4975,147.5735,2024-02-21,24.1,0.0,18.9,0.166,25.89,57
-34.643,147.6256,2024-02-22,26.0,0.0,18.8,0.167,26.05,51
-34.5878,144.6881,2024-02-23,24.2,0.0,29.7,0.147,25.16,38
-37.2634,143.1892,2024-02-24,15.5,0.0,19.6,0.248,25.55,64
-33.8379,147.2067,2024-02-25,23.7,0.0,16.8,0.159,27.39,52
-37.2904,143.3404,2024-02-26,14.7,0.0,18.1,0.236,23.83,68
-37.2483,143.1849,2024-02-27,17.9,0.0,13.0,0.179,26.9,58
-30.4001,152.8979,2024-02-28,23.2,0.0,15.3,0.356,23.08,80
-29.5286,151.9056,2024-02-29,20.5,1.7,14.2,0.376,22.72,82
-28.4278,148.8921,2024-03-01,33.1,2.0,20.6,0.029,24.29,38
-35.0838,147.3039,2024-03-02,25.0,0.0,19.1,0.157,21.39,38
-30.7322,146.88,2024-03-03,27.8,0.3,16.6,0.235,20.81,50
-33.4776,148.1583,2024-03-04,21.2,0.0,16.9,0.236,26.43,45
-36.972,149.8416,2024-03-05,17.3,0.0,22.2,0.056,24.43,69
-30.5586,151.295,2024-03-06,20.0,0.1,14.9,0.252,24.38,73
-36.9699,149.8296,2024-03-07,19.7,0.0,21.2,0.053,22.51,66
-31.5638,148.8689,2024-03-08,26.2,0.0,23.5,0.107,25.23,46
-36.9793,149.8437,2024-03-09,23.2,0.1,22.4,0.235,22.82,81
-36.9756,149.8133,2024-03-10,22.9,0.0,11.3,0.24,23.47,73
-33.5971,147.7458,2024-03-11,25.3,0.0,15.2,0.13,24.09,49
-34.1724,148.4344,2024-03-12,24.1,0.0,14.4,0.15,24.24,49
-32.8795,147.0904,2024-03-13,28.5,0.0,15.9,0.141,23.7,30
-31.5421,149.4554,2024-03-14,24.9,0.0,13.8,0.183,24.15,49
-30.5832,146.8619,2024-03-15,30.5,0.0,26.9,0.12,22.11,34
-29.7632,153.0175,2024-03-16,20.6,1.4,16.4,0.291,12.55,77
-35.0422,147.9219,2024-03-17,20.7,0.6,18.7,0.145,19.47,63
-35.5176,145.7069,2024-03-18,24.1,0.0,20.0,0.141,21.06,50
-37.105,149.6751,2024-03-19,20.4,1.0,22.5,0.365,18.65,88
-36.0711,143.2979,2024-03-20,16.1,0.0,26.6,0.169,22.49,46
-37.0172,149.3567,2024-03-21,9.5,0.0,12.3,0.339,21.87,75
-37.0183,149.3532,2024-03-22,12.2,0.0,13.1,0.321,21.85,76
-36.6022,146.9271,2024-03-23,14.5,0.0,13.2,0.289,21.8,65
-32.2371,148.4759,2024-03-25,18.8,0.0,9.7,0.253,22.87,47
-36.6715,146.53,2024-03-26,16.5,0.0,13.2,0.278,21.03,60
-36.8626,142.3219,2024-03-27,16.4,0.0,15.5,0.154,19.38,65
-36.5566,147.3857,2024-03-28,16.9,0.0,16.0,0.245,20.96,66
-37.0291,141.4812,2024-03-29,16.8,0.0,12.5,0.158,19.99,61
-34.4286,147.989,2024-03-30,22.1,0.0,14.4,0.163,20.71,49
-37.0665,143.6939,2024-03-31,20.4,0.0,13.7,0.142,19.77,49
-29.3825,148.4735,2024-04-01,26.4,0.2,13.6,0.237,18.02,52
-33.4796,147.9883,2024-04-02,20.5,5.5,24.8,0.213,15.05,55
-35.8367,146.7817,2024-04-03,15.4,0.0,13.7,0.196,19.15,63
-32.4762,145.1127,2024-04-04,19.1,0.0,15.7,0.162,18.26,49
-37.0893,141.9116,2024-04-05,15.6,0.0,18.4,0.24,17.99,67
-36.4182,141.4205,2024-04-06,16.8,0.0,17.8,0.245,12.74,70
-36.7774,143.4818,2024-04-07,17.1,0.3,13.0,0.277,15.82,76
-36.4224,144.3304,2024-04-08,16.0,4.0,20.4,0.274,14.91,72
-35.5616,147.0839,2024-04-09,14.2,0.6,22.7,0.3,16.39,60
-36.7792,143.5458,2024-04-10,11.6,0.1,18.5,0.318,9.66,77
-30.5926,146.8438,2024-04-11,16.5,0.0,12.0,0.187,20.25,58
-36.0837,145.9427,2024-04-12,13.0,0.0,9.1,0.234,17.85,76
-36.5913,144.7258,2024-04-13,13.1,0.0,9.7,0.256,17.25,72
-34.8017,146.9752,2024-04-14,14.6,0.0,10.0,0.262,18.17,61
-37.4674,143.1551,2024-04-15,12.4,0.0,10.7,0.276,15.23,79
-30.9797,148.0057,2024-04-16,21.0,0.0,15.3,0.187,17.88,63
-33.733,148.645,2024-04-17,14.1,0.0,11.6,0.294,17.76,74
-30.1664,148.757,2024-04-18,18.7,9.9,13.4,0.318,15.5,72
-34.6023,148.2747,2024-04-19,11.8,0.0,13.8,0.288,14.9,73
-37.0831,143.3713,2024-04-20,11.3,0.0,17.2,0.275,16.04,79
-31.3615,145.663,2024-04-21,18.3,0.0,17.9,0.161,17.93,50
-36.9455,142.8091,2024-04-22,11.6,0.0,11.6,0.204,16.13,68
-29.7732,147.9471,2024-04-23,19.5,0.0,15.7,0.095,18.14,65
-35.4549,145.3661,2024-04-24,14.7,0.0,27.9,0.153,14.42,53
-34.0197,148.7476,2024-04-25,9.2,0.0,11.8,0.252,16.75,69
-36.0104,146.2243,2024-04-26,12.4,0.0,16.4,0.164,15.22,68
-36.8047,141.3078,2024-04-27,11.9,0.0,12.7,0.205,11.99,65
-30.9951,146.6803,2024-04-28,18.9,0.0,15.5,0.139,15.65,53
-37.0702,141.6273,2024-04-29,13.7,0.1,17.6,0.178,11.47,60
-35.4475,145.1728,2024-04-30,13.3,0.0,20.9,0.178,14.93,58
-35.1343,143.3402,2024-05-01,14.0,0.0,16.1,0.277,14.06,63
-35.4363,144.384,2024-05-02,13.7,0.0,14.4,0.285,14.5,60
-29.0403,148.8056,2024-05-03,19.7,3.4,18.9,0.227,15.55,58
-35.0967,141.4101,2024-05-04,14.8,0.0,18.0,0.208,12.49,69
-34.6315,142.8003,2024-05-05,15.0,0.0,13.7,0.404,13.78,71
-35.9942,147.3936,2024-05-06,12.9,0.0,13.5,0.215,13.93,72
-35.7398,146.7577,2024-05-07,13.2,0.0,10.3,0.164,13.6,64
-30.7246,146.9073,2024-05-08,17.5,0.0,13.2,0.371,13.74,66
-33.963,148.6736,2024-05-09,14.7,0.0,14.1,0.319,13.38,77
-34.3402,142.1956,2024-05-10,15.3,0.0,12.4,0.166,12.8,78
-36.5507,143.3402,2024-05-12,13.7,0.0,12.2,0.299,12.28,77
-34.8198,147.0129,2024-05-13,14.4,0.0,16.6,0.251,12.93,71
-35.7719,147.7636,2024-05-14,10.9,0.0,9.1,0.29,12.96,74
-32.4316,148.4025,2024-05-15,13.4,0.0,16.2,0.352,14.08,73
-37.2668,143.9227,2024-05-16,11.1,0.0,12.1,0.264,11.95,80
-35.4979,148.112,2024-05-17,9.4,0.0,16.6,0.27,12.55,75
-36.8919,142.1302,2024-05-18,8.6,0.0,14.1,0.335,12.0,71
-34.6296,147.1823,2024-05-19,7.2,0.1,21.4,0.218,12.34,72
-32.4239,148.3902,2024-05-20,9.6,0.1,13.8,0.312,11.44,72
-37.2414,147.739,2024-05-21,8.7,0.2,7.9,0.322,8.5,87
-30.7002,151.1759,2024-05-22,8.7,0.0,10.2,0.221,14.58,79
-35.0979,143.3105,2024-05-23,9.6,0.0,8.8,0.319,11.86,75
-36.4616,144.576,2024-05-24,9.5,0.0,9.7,0.212,9.73,82
-34.4636,150.879,2024-05-25,13.4,0.0,9.4,0.324,9.36,82
-35.5703,145.8918,2024-05-26,9.3,0.0,10.1,0.259,11.49,82
-32.4225,148.382,2024-05-27,10.9,0.0,11.4,0.276,13.15,72
-36.8678,142.2989,2024-05-28,10.0,0.0,13.2,0.202,10.92,66
-34.7239,150.1777,2024-05-29,9.7,0.0,17.9,0.318,12.03,71
-33.8042,149.0038,2024-05-30,13.3,0.2,27.2,0.251,10.8,66
-36.6432,146.6854,2024-05-31,12.4,34.9,28.2,0.423,6.43,87
-36.6228,146.6302,2024-06-01,8.1,0.0,10.1,0.372,10.05,79
-36.2587,141.2849,2024-06-02,7.3,0.0,19.3,0.269,10.94,77
-33.0146,150.1185,2024-06-03,7.2,0.0,18.7,0.376,9.31,77
-36.0999,147.5935,2024-06-04,5.0,0.0,8.2,0.361,4.43,88
-36.426,141.0405,2024-06-05,9.5,0.0,18.3,0.256,9.24,77
-34.0686,141.0052,2024-06-06,11.3,0.0,20.1,0.126,11.01,78
-36.6724,146.6795,2024-06-07,12.1,0.0,14.0,0.35,9.69,80
-35.8576,147.3613,2024-06-08,9.8,0.0,15.7,0.294,10.57,80
-36.9471,145.6629,2024-06-09,7.2,0.5,9.3,0.339,2.34,95
-29.2712,150.33,2024-06-10,10.2,0.0,12.8,0.441,13.28,81
-31.7465,151.1595,2024-06-11,8.7,0.0,18.7,0.375,12.47,71
-36.3524,141.4935,2024-06-12,10.9,0.1,22.4,0.258,5.4,74
-29.0073,150.7468,2024-06-13,9.2,0.0,9.2,0.28,13.98,71
-31.0612,147.0499,2024-06-14,9.1,2.7,10.1,0.325,6.71,80
-34.4603,150.8839,2024-06-15,11.3,11.8,19.9,0.422,5.56,84
-35.2053,147.2332,2024-06-16,6.5,0.0,17.5,0.316,11.01,76
-34.3016,142.174,2024-06-17,6.9,0.0,9.8,0.388,11.29,82
-28.2242,149.8787,2024-06-18,8.7,0.0,14.4,0.147,13.8,77
-36.1409,149.1728,2024-06-19,0.7,0.0,9.4,0.338,10.34,82
-35.6731,147.5922,2024-06-21,6.2,0.1,10.0,0.348,9.26,86
-31.9078,146.6901,2024-06-22,8.0,0.0,12.5,0.293,12.17,81
-34.4652,150.8848,2024-06-23,11.8,0.4,17.7,0.371,8.55,78
-37.1976,142.198,2024-06-24,8.3,0.2,23.8,0.306,9.71,76
-32.0194,146.7163,2024-06-25,10.6,0.0,13.7,0.287,12.02,74
-32.6972,147.4388,2024-06-26,9.8,0.0,15.1,0.287,11.53,71
-31.5706,150.3315,2024-06-27,8.3,0.0,8.7,0.397,12.27,78
-35.9138,146.3589,2024-06-28,10.3,0.0,16.3,0.276,10.16,74
-29.3258,148.468,2024-06-29,15.7,0.2,22.5,0.32,11.08,78
-29.022,153.2717,2024-06-30,19.2,3.8,21.4,0.33,11.51,80
-33.5235,147.7095,2024-07-01,6.6,0.0,12.9,0.353,11.9,78
-28.3854,146.53,2024-07-02,9.3,0.0,14.8,0.125,13.62,75
-35.8723,146.274,2024-07-03,6.5,0.0,14.0,0.287,10.72,77
-36.1577,147.434,2024-07-04,6.7,0.0,8.9,0.35,10.57,82
-37.4359,144.0616,2024-07-05,5.8,0.0,18.9,0.363,8.14,95
-37.3572,141.6209,2024-07-06,6.7,0.0,16.0,0.312,10.38,85
-29.0439,150.7793,2024-07-07,12.5,0.0,16.5,0.284,13.44,72
-37.2304,141.0867,2024-07-09,10.6,0.1,13.4,0.188,8.32,88
-34.0793,142.0985,2024-07-10,9.9,0.0,17.3,0.267,10.81,82
-28.3338,146.5427,2024-07-11,11.1,0.0,10.9,0.283,14.54,82
-30.704,151.1456,2024-07-12,7.8,0.0,12.1,0.258,12.33,83
-34.4656,150.8853,2024-07-13,13.1,0.0,23.6,0.359,9.56,61
-29.5044,153.1292,2024-07-14,12.6,0.0,13.7,0.335,14.07,70
-34.4638,150.8825,2024-07-15,10.0,0.0,26.7,0.343,11.27,57
-28.3766,146.53,2024-07-16,9.1,0.0,28.2,0.221,11.47,75
-29.8953,152.9595,2024-07-17,11.9,0.0,17.5,0.264,13.91,62
-36.0442,149.0755,2024-07-18,3.0,0.1,13.6,0.352,8.85,79
-31.5578,152.5032,2024-07-19,9.8,0.0,15.0,0.312,13.65,61
-29.0505,148.832,2024-07-20,11.2,0.0,23.3,0.384,14.21,64
-28.5354,152.6325,2024-07-21,11.7,0.0,24.4,0.294,15.76,53
-35.0859,143.3035,2024-07-22,11.6,0.0,18.2,0.409,11.46,65
-37.189,142.3224,2024-07-23,10.1,0.0,19.9,0.377,10.94,73
-29.1403,151.9219,2024-07-24,7.8,0.0,8.4,0.329,15.16,76
-28.9535,148.5886,2024-07-25,15.7,0.0,28.5,0.233,14.25,69
-36.5352,148.7244,2024-07-26,5.7,0.0,7.8,0.369,12.56,78
-36.3886,149.4464,2024-07-27,4.0,0.5,16.5,0.351,12.78,67
-37.2089,142.2199,2024-07-28,4.9,0.0,17.7,0.374,7.24,84
-35.3288,144.1015,2024-07-29,6.9,0.0,11.5,0.413,12.27,81
-33.8075,145.036,2024-07-30,8.0,0.0,15.1,0.245,12.24,81
-29.4988,151.3526,2024-07-31,7.2,0.0,15.8,0.246,16.08,71
-29.3815,148.3074,2024-08-01,9.9,0.0,12.4,0.339,16.1,70
-34.4684,146.1961,2024-08-02,7.6,0.0,12.5,0.288,13.82,75
-34.4624,150.8723,2024-08-03,9.8,0.0,12.7,0.293,13.83,79
-35.62,144.5802,2024-08-06,7.8,0.0,16.4,0.271,11.84,81
-35.0709,145.9012,2024-08-07,9.0,0.0,11.2,0.251,12.48,77
-29.0231,150.7731,2024-08-08,13.1,0.0,11.5,0.309,14.84,71
-35.8167,145.5463,2024-08-09,11.4,0.1,10.7,0.27,11.61,79
-30.8796,152.5535,2024-08-10,12.9,0.2,10.0,0.272,14.22,77
-34.1762,142.2056,2024-08-11,12.7,0.0,12.3,0.364,15.03,65
-37.2835,143.3115,2024-08-12,8.9,0.0,15.4,0.328,13.6,82
-33.6791,142.4809,2024-08-13,14.7,0.0,15.4,0.151,14.87,64
-37.3739,141.8679,2024-08-14,13.1,0.1,15.7,0.262,12.78,69
-35.4097,145.569,2024-08-15,12.7,0.0,11.2,0.219,12.72,88
-32.2126,150.4788,2024-08-16,15.7,0.0,12.4,0.396,11.17,81
-29.4503,152.5054,2024-08-17,15.6,0.0,15.6,0.375,17.41,69
-31.7094,145.9616,2024-08-18,11.4,0.0,11.3,0.302,10.24,76
-34.4243,143.6871,2024-08-19,12.3,0.0,15.5,0.167,14.8,73
-34.4631,150.8815,2024-08-20,14.6,0.0,16.7,0.323,15.47,80
-29.387,149.7562,2024-08-21,18.0,0.0,23.2,0.407,17.57,73
-34.4625,150.8763,2024-08-22,15.8,0.0,14.1,0.308,11.88,62
-34.4686,150.8806,2024-08-23,14.5,0.0,12.2,0.303,16.65,67
-29.0236,150.767,2024-08-24,17.0,0.0,11.0,0.273,18.37,72
-29.3504,148.4783,2024-08-25,22.4,0.0,17.8,0.336,14.31,59
-35.0518,142.9309,2024-08-26,13.5,0.4,19.5,0.243,9.34,70
-31.7462,149.909,2024-08-27,12.0,0.0,12.7,0.453,19.87,59
-30.6794,147.6047,2024-08-28,18.9,0.0,18.6,0.377,19.35,50
-32.3935,151.8232,2024-08-29,16.5,0.0,16.0,0.324,18.98,49
-29.0176,150.7611,2024-08-30,18.5,0.0,13.5,0.231,20.43,51
-33.8554,147.9455,2024-08-31,12.4,0.0,23.7,0.308,16.35,62
-37.3809,149.1928,2024-09-01,14.7,0.0,25.0,0.389,16.52,53
-34.4595,150.8758,2024-09-02,16.6,0.0,32.8,0.249,18.42,36
-36.1316,150.0444,2024-09-03,12.1,0.0,15.9,0.175,18.17,53
-31.6248,147.2144,2024-09-04,13.3,0.0,16.9,0.181,20.63,62
-28.2599,153.1284,2024-09-05,11.6,0.0,9.8,0.247,20.82,67
-36.1293,150.0173,2024-09-06,22.3,0.0,21.8,0.169,18.97,42
-36.0559,149.0789,2024-09-07,12.6,1.5,14.3,0.235,19.0,57
-29.5753,150.6025,2024-09-08,20.1,0.0,14.4,0.167,20.83,56
-33.7632,141.9489,2024-09-09,15.1,0.0,20.6,0.295,14.61,64
-31.5686,152.6171,2024-09-10,15.6,0.0,12.8,0.235,20.31,62
-32.2789,151.5256,2024-09-11,15.8,0.1,15.6,0.252,19.77,69
-35.1977,142.5495,2024-09-12,12.0,0.0,25.4,0.187,20.57,59
-34.4641,150.8772,2024-09-13,12.9,0.0,18.1,0.243,19.13,65
-37.3537,143.4134,2024-09-14,6.3,1.8,30.7,0.366,15.62,80
-37.361,145.0693,2024-09-15,5.4,0.4,24.5,0.399,14.23,78
-35.4609,145.3495,2024-09-16,9.7,0.0,25.6,0.234,19.35,65
-35.9348,144.6223,2024-09-17,10.5,0.0,15.9,0.152,21.05,70
-34.9234,145.7695,2024-09-18,13.3,0.0,26.4,0.219,22.13,48
-34.6236,142.4659,2024-09-19,13.5,0.0,30.4,0.189,19.71,46
-30.0036,151.9618,2024-09-20,12.6,0.0,19.4,0.312,24.49,34
-28.3166,151.8822,2024-09-21,17.1,0.0,17.6,0.238,24.67,33
-33.6833,150.7434,2024-09-22,15.9,0.0,17.2,0.192,20.83,52
-36.1108,144.861,2024-09-23,14.3,0.0,21.1,0.193,20.91,67
-35.2041,148.2727,2024-09-24,14.7,0.0,15.7,0.232,18.48,54
-31.8198,152.4882,2024-09-25,19.8,0.0,14.3,0.2,11.9,67
-34.4969,142.3122,2024-09-26,12.5,0.0,23.0,0.234,23.85,50
-35.6748,144.6321,2024-09-27,12.2,0.0,17.8,0.175,23.28,53
-35.4215,144.9581,2024-09-28,14.3,0.0,20.0,0.222,23.34,57
-28.6554,150.4444,2024-09-29,18.4,0.0,14.2,0.267,19.67,66
-30.4475,151.9106,2024-09-30,12.9,0.9,21.5,0.394,19.3,79
-34.043,143.1355,2024-10-01,15.6,0.0,19.1,0.158,22.17,60
-35.2131,144.3098,2024-10-02,15.3,0.0,13.4,0.327,24.19,59
-31.1924,151.4562,2024-10-03,10.2,0.0,20.4,0.32,24.89,74
-28.1949,152.4982,2024-10-04,14.2,0.0,12.5,0.341,26.16,67
-28.1878,152.5025,2024-10-05,18.1,1.0,21.9,0.335,22.92,62
-28.571,148.9332,2024-10-06,23.5,0.0,13.9,0.121,26.06,36
-29.7576,151.9474,2024-10-07,15.1,0.0,19.0,0.211,27.28,51
-32.191,145.597,2024-10-08,18.4,0.0,20.3,0.119,24.47,44
-35.7408,145.9131,2024-10-10,16.6,0.0,18.7,0.205,25.14,59
-35.1976,147.3889,2024-10-11,16.3,0.0,20.4,0.189,25.35,63
-30.9426,151.6554,2024-10-12,12.2,1.7,24.0,0.283,22.2,79
-37.4978,149.4566,2024-10-13,13.6,0.0,19.2,0.302,25.87,69
-37.0066,145.1691,2024-10-14,17.0,0.1,19.4,0.223,24.38,67
-28.358,147.5988,2024-10-15,23.3,0.0,22.4,0.057,22.17,54
-28.3968,147.6043,2024-10-16,24.6,2.5,24.6,0.084,23.85,53
-34.1514,146.3464,2024-10-18,20.1,31.0,31.2,0.359,16.02,76
-35.5085,143.9614,2024-10-19,17.0,0.0,23.6,0.421,22.64,64
-33.9417,150.8678,2024-10-20,17.9,0.1,22.8,0.297,21.82,74
-36.202,145.6319,2024-10-21,18.4,0.0,13.2,0.256,27.12,62
-30.453,150.9681,2024-10-22,14.2,0.0,12.4,0.179,29.53,60
-36.1593,145.6019,2024-10-23,17.6,2.3,20.9,0.236,15.94,60
-37.1506,141.2511,2024-10-24,10.9,0.3,27.2,0.162,19.8,70
-33.9423,150.8695,2024-10-25,15.3,0.1,26.7,0.227,25.51,59
-35.9662,145.5564,2024-10-26,13.7,0.0,11.4,0.273,28.66,47
-34.4611,150.8766,2024-10-27,16.2,0.0,20.5,0.268,23.95,73
-28.3496,150.8588,2024-10-28,19.4,4.7,15.5,0.211,19.28,80
-35.7961,145.0282,2024-10-29,17.1,0.0,14.1,0.198,28.49,51
-34.4607,150.8804,2024-10-30,18.3,0.0,23.5,0.235,27.79,76
-28.2335,148.5459,2024-10-31,27.6,0.0,35.8,0.115,28.58,21
-28.2678,151.8226,2024-11-01,20.5,0.0,20.7,0.252,28.83,61
-36.1862,149.0167,2024-11-02,13.5,0.1,16.5,0.272,29.02,61
-28.2898,151.7701,2024-11-03,20.0,0.1,16.9,0.245,27.22,70
-29.6133,152.6775,2024-11-04,23.4,5.5,13.4,0.293,23.27,78
-31.79,145.6377,2024-11-05,26.1,0.0,16.0,0.115,29.76,26
-34.4617,150.8804,2024-11-06,21.4,0.0,17.6,0.287,25.22,80
-30.0322,152.0522,2024-11-07,23.1,0.6,22.5,0.372,25.03,61
-29.1326,151.8896,2024-11-08,22.7,0.1,28.6,0.308,27.85,53
-36.0647,146.5637,2024-11-09,16.7,0.0,10.2,0.159,22.13,48
-37.0185,144.2102,2024-11-10,14.3,0.0,17.3,0.201,29.35,63
-36.9353,148.9165,2024-11-11,15.3,0.0,20.9,0.181,28.91,63
-31.5747,145.9537,2024-11-12,22.3,0.0,9.9,0.146,21.18,56
-28.338,147.5061,2024-11-13,29.7,0.0,25.2,0.256,27.23,36
-29.3891,148.0632,2024-11-14,26.8,0.0,22.1,0.072,28.67,46
-32.7017,145.9412,2024-11-15,23.2,0.0,11.5,0.081,31.92,21
-31.109,148.686,2024-11-16,26.5,0.2,21.5,0.212,28.61,48
-34.4625,143.793,2024-11-17,23.9,7.0,30.8,0.3,25.88,40
-35.7849,145.0734,2024-11-18,17.6,0.0,18.0,0.299,29.83,47
-29.2346,148.7994,2024-11-19,22.3,0.6,20.6,0.43,25.42,63
-34.5971,146.3582,2024-11-20,21.9,0.0,11.7,0.218,31.51,43
-33.9134,151.1911,2024-11-21,20.1,0.1,19.7,0.077,27.97,70
-36.0517,144.9408,2024-11-22,27.8,0.0,16.5,0.081,23.2,32
-36.793,148.8017,2024-11-23,23.7,0.0,13.9,0.188,23.89,51
-34.4636,150.88,2024-11-24,22.2,0.0,15.2,0.103,28.29,69
-30.373,146.8015,2024-11-25,30.9,0.0,22.5,0.167,30.27,30
-29.0823,152.7961,2024-11-26,22.8,0.0,16.5,0.361,27.23,70
-34.0481,143.1428,2024-11-27,23.5,4.7,27.2,0.342,28.26,66
-35.5076,143.721,2024-11-28,21.2,0.0,11.6,0.462,28.78,58
-29.3248,152.2462,2024-12-01,21.9,4.1,9.7,0.49,25.23,85
-31.1122,152.0856,2024-12-03,20.3,0.6,17.0,0.379,21.56,73
-28.576,149.2206,2024-12-04,26.7,6.6,22.3,0.482,23.73,72
-36.8146,143.4557,2024-12-05,23.8,0.0,14.8,0.275,32.78,44
-32.7923,151.7318,2024-12-06,26.2,0.2,12.7,0.291,25.68,78
-34.3064,145.6074,2024-12-07,28.3,3.5,26.7,0.289,26.57,64
-28.8149,153.2756,2024-12-08,27.3,10.9,16.9,0.303,25.38,77
-31.2684,150.4486,2024-12-09,24.8,0.0,17.3,0.277,16.77,68
-33.9491,143.1832,2024-12-10,23.9,0.0,18.4,0.088,30.87,42
-33.9451,150.8662,2024-12-11,21.7,0.6,18.6,0.108,26.53,69
-34.5791,144.707,2024-12-12,23.5,0.0,12.8,0.389,32.25,44
-31.2278,151.6983,2024-12-13,19.1,0.1,14.8,0.218,30.15,68
-34.4641,150.8803,2024-12-14,23.0,0.2,12.8,0.096,29.61,75
-28.3644,149.1874,2024-12-15,28.4,0.0,20.3,0.209,30.3,56
-33.8604,150.9633,2024-12-16,27.0,0.6,17.6,0.075,30.42,67
-37.4658,142.4859,2024-12-17,16.9,0.8,23.7,0.258,31.74,60
-37.4254,142.4466,2024-12-18,16.0,0.0,18.3,0.231,31.97,58
-37.4538,142.4634,2024-12-19,19.9,0.0,11.8,0.212,33.54,51
-34.4131,146.3226,2024-12-20,25.7,0.0,17.2,0.142,32.32,37
-37.2884,142.4594,2024-12-21,16.4,0.0,21.3,0.232,31.01,59
-37.1697,142.4361,2024-12-22,14.1,0.7,30.8,0.155,28.94,63
-33.0452,149.4881,2024-12-23,16.3,0.0,25.4,0.127,34.31,38
-37.2036,142.4157,2024-12-24,16.8,0.0,10.7,0.236,25.56,66
-37.2214,142.4326,2024-12-25,23.3,0.0,13.8,0.229,32.22,50
-37.2434,142.6128,2024-12-26,23.0,5.4,29.5,0.179,14.28,43
-36.0651,148.3084,2024-12-27,15.2,3.8,27.6,0.27,33.27,54
-34.4601,150.8747,2024-12-28,20.7,1.6,17.4,0.099,28.14,70
-36.3888,148.2051,2024-12-29,18.7,0.0,11.5,0.244,31.39,50
-34.4618,150.8743,2024-12-30,21.9,0.1,24.3,0.093,29.64,71
-28.4656,147.9243,2024-12-31,28.1,0.0,25.3,0.231,28.35,52
-37.1779,141.3855,2025-01-01,16.6,0.0,22.3,0.29,30.52,65
-31.593,151.7635,2025-01-02,17.2,3.8,16.2,0.219,25.17,77
-34.4666,150.882,2025-01-03,20.5,1.0,18.7,0.122,21.19,71
-30.4351,151.0671,2025-01-04,20.1,0.1,10.3,0.242,28.86,67
-32.1154,148.8804,2025-01-05,25.0,7.2,18.9,0.29,28.72,55
-29.8706,151.34,2025-01-06,21.4,0.3,12.1,0.192,30.14,63
-32.0721,146.1926,2025-01-07,23.6,2.1,22.2,0.118,24.66,64
-34.6289,144.3557,2025-01-08,25.4,0.0,20.9,0.308,31.81,42
-28.6621,150.0177,2025-01-09,25.7,0.3,20.3,0.289,29.39,62
-33.3156,146.3331,2025-01-10,26.9,0.0,22.6,0.098,28.86,47
-32.1917,145.6032,2025-01-11,28.1,0.0,25.3,0.079,27.42,46
-34.4574,150.8785,2025-01-12,21.6,4.3,19.9,0.328,24.94,86
-34.5156,145.4444,2025-01-13,29.2,0.1,21.5,0.129,26.11,43
-34.8918,145.9187,2025-01-14,30.6,0.0,17.3,0.07,29.64,38
-30.9626,151.7778,2025-01-15,20.1,12.0,23.7,0.318,25.71,80
-33.9855,143.1756,2025-01-16,21.0,0.0,26.0,0.087,31.79,36
-34.4099,146.3497,2025-01-17,23.1,0.0,25.6,0.138,31.36,36
-36.5958,144.1972,2025-01-18,23.1,0.0,23.1,0.177,31.96,40
-32.2812,146.2729,2025-01-19,26.0,0.0,19.5,0.067,31.83,40
-32.5435,148.5792,2025-01-20,21.9,0.0,13.5,0.254,31.51,54
-32.1405,147.9733,2025-01-21,27.7,0.0,16.8,0.113,28.62,37
-30.3516,152.5069,2025-01-22,19.9,2.0,14.7,0.353,26.96,68
-32.0773,146.1039,2025-01-23,28.2,0.0,26.5,0.127,25.1,27
-34.5594,146.2229,2025-01-24,22.0,0.0,18.6,0.126,30.37,44
-33.5814,146.0926,2025-01-25,26.3,0.0,15.1,0.111,30.36,28
-33.0366,147.1414,2025-01-26,29.5,0.0,15.4,0.111,30.66,27
-34.3504,142.0174,2025-01-27,34.1,0.0,26.4,0.1,29.3,23
-37.3601,142.26,2025-01-28,14.5,0.2,18.7,0.209,27.95,58
-36.4835,141.6669,2025-01-29,18.7,0.0,20.5,0.113,31.41,46
-37.3172,142.1552,2025-01-30,16.8,0.0,20.2,0.054,29.29,55
-34.4445,146.1701,2025-01-31,27.2,0.0,21.0,0.13,29.54,38
